hour,Area_1,Area_2,Area_3
0,985.0198,1102.6759,1249.6362
1,985.7249,1082.9372,1192.3837
2,1001.5896,1079.7969,1165.7861
3,1036.1393,1078.4511,1150.0079
4,1139.7885,1099.087,1163.9829
5,1286.8011,1156.0601,1229.3499
6,1347.0868,1233.2205,1368.1984
7,1305.4861,1220.6595,1460.6137
8,1232.5087,1204.0611,1566.1025
9,1184.2096,1209.4444,1638.6824
10,1153.1853,1181.1821,1688.7219
11,1129.212,1174.0044,1710.8115
12,1107.7066,1174.9016,1698.1889
13,1093.9572,1161.892,1702.6969
14,1087.6113,1157.4059,1684.2139
15,1091.4894,1161.892,1659.4195
16,1170.4602,1193.7431,1693.23
17,1280.1027,1409.0745,1888.8801
18,1266.0007,1428.3646,1860.0285
19,1245.2004,1406.8314,1797.3663
20,1204.6573,1371.3915,1715.7703
21,1117.5779,1296.9227,1601.7162
22,1031.2036,1210.7902,1465.1218
23,991.0131,1138.5645,1324.0193
24,970.9179,1097.2926,1236.112
25,968.45,1082.4886,1187.8757
26,977.9688,1074.8623,1153.6144
27,1011.4609,1077.1053,1137.3853
28,1097.8352,1097.2926,1145.049
29,1221.2271,1155.1629,1213.1208
30,1274.1094,1236.3608,1346.1088
31,1224.7526,1215.2762,1426.8032
32,1174.6907,1204.0611,1535.4476
33,1150.3649,1192.8459,1617.4945
34,1128.5069,1185.2196,1686.4679
35,1120.7509,1177.5933,1733.8026
36,1112.6423,1164.1351,1754.0889
37,1101.7133,1163.6864,1784.2929
38,1099.2454,1152.9199,1782.9405
39,1101.3607,1147.088,1745.5236
40,1163.0567,1215.7249,1735.155
41,1265.2956,1386.6441,1889.3309
42,1256.1294,1402.3453,1860.9301
43,1222.9899,1397.4107,1775.7276
44,1176.1009,1358.8305,1695.484
45,1094.6623,1283.9131,1583.2332
46,1009.3456,1206.7527,1438.5242
47,963.8669,1135.8728,1309.1427
48,948.7073,1099.5357,1219.8829
49,932.8427,1086.5261,1172.0974
50,940.9513,1076.6567,1148.2047
51,970.9179,1080.6942,1131.9756
52,1049.5361,1102.2273,1131.5248
53,1176.1009,1164.5837,1191.4821
54,1231.8036,1249.819,1318.6096
55,1203.5997,1222.454,1405.6153
56,1164.8194,1214.8276,1545.3654
57,1149.3073,1204.0611,1624.7074
58,1139.0834,1192.8459,1708.1066
59,1126.3916,1178.4905,1771.2196
60,1116.8728,1169.5183,1789.2518
61,1110.1744,1154.7143,1816.751
62,1102.7709,1149.7796,1816.751
63,1099.9505,1142.1533,1784.2929
64,1141.5512,1085.1802,1749.5808
65,1234.2714,1354.3444,1863.1841
66,1206.4201,1360.6249,1803.2268
67,1166.5821,1341.3348,1718.926
68,1139.7885,1308.5865,1622.9041
69,1085.496,1264.623,1529.5872
70,1014.6338,1211.6874,1413.7298
71,967.3924,1150.6768,1306.8886
72,947.6497,1109.8536,1214.9241
73,934.2528,1093.2552,1168.0402
74,941.6564,1086.9747,1130.1724
75,953.9955,1082.9372,1106.7305
76,998.7692,1095.0496,1102.6732
77,1062.5804,1120.1716,1127.4676
78,1118.9881,1148.8824,1165.3353
79,1142.9614,1126.9007,1187.4249
80,1136.9681,1138.1159,1271.7257
81,1122.5136,1143.0505,1357.379
82,1105.9438,1131.3867,1411.025
83,1083.3808,1106.2648,1434.0161
84,1061.1702,1117.9285,1432.6637
85,1038.6071,1105.8162,1408.771
86,1034.7291,1099.9843,1384.4274
87,1045.3055,1082.9372,1362.3379
88,1113.3474,1149.7796,1379.4685
89,1206.7726,1322.0447,1543.1114
90,1181.7417,1323.8391,1587.7412
91,1153.1853,1304.1004,1551.2259
92,1112.2897,1274.4924,1506.596
93,1055.5294,1237.258,1442.5815
94,996.3013,1191.0515,1354.2233
95,963.1618,1141.7047,1275.3322
96,947.6497,1106.7134,1200.9491
97,941.6564,1088.3205,1156.3192
98,946.592,1072.6192,1134.2297
99,964.9245,1071.722,1118.9022
100,999.8268,1079.3483,1114.845
101,1063.638,1097.7412,1115.2958
102,1124.9814,1117.0313,1134.6805
103,1145.4292,1095.0496,1130.6232
104,1128.1544,1109.405,1179.7612
105,1108.0591,1121.5174,1230.2515
106,1074.9196,1121.5174,1270.3733
107,1053.7667,1114.3397,1292.9136
108,1031.5562,1108.9564,1302.3806
109,1015.3389,1101.7787,1308.6919
110,1015.6915,1093.2552,1309.1427
111,1024.1526,1092.8065,1296.0693
112,1105.2387,1155.1629,1323.5685
113,1219.8169,1313.5212,1502.0879
114,1216.644,1332.3627,1563.3977
115,1191.9656,1318.0072,1547.1686
116,1140.141,1274.0438,1499.3831
117,1060.4651,1223.3512,1424.0984
118,987.4876,1160.0976,1322.2161
119,960.694,1110.3022,1231.1531
120,951.5277,1083.3858,1158.5732
121,952.9379,1073.5164,1129.2708
122,970.2128,1064.0957,1104.4764
123,1011.8135,1069.9276,1101.3208
124,1129.5646,1090.5635,1120.2547
125,1300.5505,1153.8171,1187.4249
126,1371.0601,1245.3329,1334.3879
127,1298.7877,1218.8651,1435.3686
128,1220.8746,1216.6221,1525.9807
129,1182.4468,1205.8555,1608.0275
130,1153.1853,1206.3041,1671.5913
131,1130.2697,1197.7806,1710.3606
132,1107.7066,1167.7239,1713.5163
133,1090.0792,1136.77,1724.7865
134,1086.9062,1146.6394,1717.1227
135,1093.2521,1141.2561,1687.8203
136,1169.7551,1202.2666,1677.0009
137,1293.4995,1407.7286,1837.0373
138,1293.8521,1450.3463,1823.5131
139,1267.7635,1436.8881,1748.6792
140,1222.6373,1406.8314,1667.534
141,1126.0391,1341.3348,1562.496
142,1044.953,1236.8094,1412.8282
143,1004.7625,1171.3128,1296.9709
144,1004.0574,1094.1524,1200.9491
145,1000.8845,1084.7316,1156.3192
146,1017.4542,1082.4886,1128.3692
147,1059.76,1089.2177,1125.2135
148,1179.6264,1118.3771,1137.3853
149,1349.2021,1193.7431,1200.0475
150,1408.0777,1294.2311,1357.379
151,1336.5104,1262.8286,1451.1468
152,1240.9698,1224.2484,1542.2097
153,1185.6197,1195.9861,1608.4783
154,1142.9614,1084.7316,1672.0421
155,1118.9881,1186.1168,1701.7953
156,1112.2897,1169.0697,1713.0655
157,1086.2011,1152.4713,1719.8276
158,1078.7976,1137.6672,1726.1389
159,1088.3164,1139.0131,1697.2873
160,1163.7618,1212.5846,1684.6647
161,1280.1027,1419.841,1823.5131
162,1276.5772,1460.6643,1815.8494
163,1264.5905,1446.3088,1745.5236
164,1211.7083,1420.7382,1677.0009
165,1129.212,1350.3069,1557.988
166,1043.1903,1245.3329,1416.8855
167,1016.7491,1177.5933,1287.504
168,1000.5319,1140.8075,1202.7523
169,1009.6982,1130.4895,1153.6144
170,1027.3256,1126.9007,1131.9756
171,1086.2011,1134.527,1127.0168
172,1197.9589,1171.3128,1143.6966
173,1384.457,1263.7258,1210.8668
174,1463.4278,1379.0178,1375.8621
175,1388.6875,1341.3348,1463.7694
176,1274.1094,1303.2032,1546.7178
177,1207.8303,1268.6605,1623.8058
178,1161.999,1240.3982,1675.1977
179,1126.0391,1216.1735,1704.951
180,1106.6489,1188.3598,1694.5824
181,1089.0215,1175.7988,1693.6808
182,1081.2655,1157.4059,1680.1566
183,1098.1878,1175.7988,1659.8703
184,1170.8127,1286.1561,1655.813
185,1293.8521,1457.524,1825.3164
186,1291.3842,1483.5432,1827.1196
187,1271.6415,1470.5336,1761.7526
188,1236.3867,1424.3271,1695.9348
189,1144.0191,1350.3069,1573.7662
190,1060.8177,1252.062,1436.721
191,1024.1526,1178.4905,1309.1427
192,1014.2813,1141.7047,1216.7273
193,1016.7491,1121.5174,1166.2369
194,1037.5495,1118.8258,1150.4587
195,1086.9062,1128.6951,1144.5982
196,1208.8879,1158.3032,1153.6144
197,1395.3859,1244.4357,1221.6862
198,1456.0242,1344.4751,1370.9032
199,1385.162,1301.4088,1473.2363
200,1279.3976,1272.2493,1588.192
201,1210.6507,1241.2955,1663.0259
202,1162.7041,1185.6682,1692.7792
203,1133.0901,1151.5741,1705.8526
204,1109.4693,1137.6672,1707.6558
205,1090.7843,1122.8632,1723.434
206,1081.618,1114.3397,1708.1066
207,1087.6113,1123.7604,1699.5413
208,1157.4159,1177.1447,1683.3122
209,1284.3333,1381.7094,1853.2664
210,1286.8011,1419.841,1852.3648
211,1268.116,1406.3828,1763.5558
212,1227.9255,1366.0082,1678.8042
213,1144.0191,1296.9227,1559.7912
214,1057.2922,1213.0332,1419.5903
215,1011.4609,1148.8824,1292.012
216,1002.6472,1112.9939,1204.1047
217,1003.3523,1096.3954,1161.7289
218,1020.2746,1090.5635,1144.1474
219,1066.1059,1097.2926,1135.1313
220,1182.7994,1125.5549,1141.8934
221,1365.7719,1194.1917,1211.3176
222,1425.7051,1264.1744,1360.5346
223,1354.4904,1240.8468,1465.5726
224,1255.0717,1222.9026,1558.4388
225,1191.6131,1213.9304,1643.1904
226,1154.2429,1206.3041,1694.5824
227,1121.1034,1187.4626,1721.6308
228,1094.6623,1170.8642,1718.926
229,1087.6113,1158.3032,1712.6147
230,1071.3941,1142.6019,1689.1727
231,1075.9772,1134.527,1644.5429
232,1126.3916,1175.7988,1643.1904
233,1221.2271,1345.8209,1767.1623
234,1201.837,1364.2138,1764.4574
235,1181.7417,1345.8209,1688.2711
236,1151.07,1318.4558,1621.1009
237,1087.9639,1276.7354,1525.9807
238,1015.6915,1215.2762,1414.6314
239,971.2704,1152.0227,1305.0854
240,950.4701,1115.2369,1217.6289
241,944.8293,1097.7412,1166.2369
242,945.8869,1085.6288,1141.4426
243,962.4567,1083.8344,1121.1563
244,998.4166,1088.3205,1121.1563
245,1065.0482,1106.7134,1140.9918
246,1133.7952,1132.7326,1180.212
247,1171.1653,1117.9285,1212.67
248,1169.4025,1134.527,1317.708
249,1141.1987,1143.0505,1429.9589
250,1121.456,1132.7326,1508.3992
251,1087.9639,1121.966,1507.4976
252,1066.811,1111.1994,1482.7033
253,1038.6071,1105.3675,1443.9339
254,1031.2036,1099.9843,1409.2218
255,1037.902,1109.8536,1385.7798
256,1097.1301,1164.5837,1407.4185
257,1194.4334,1320.6989,1576.9219
258,1178.9213,1326.5308,1635.0759
259,1152.8328,1309.9323,1591.3477
260,1112.2897,1279.8756,1544.9146
261,1052.3565,1234.5663,1474.5887
262,984.6672,1184.3224,1377.6653
263,946.2395,1133.6298,1289.758
264,920.5035,1098.6384,1221.2354
265,909.2219,1083.3858,1172.5482
266,899.3506,1069.0304,1147.3031
267,902.171,1065.4415,1126.566
268,933.5477,1071.722,1126.566
269,991.7182,1090.5635,1138.7377
270,1047.7734,1111.648,1157.2208
271,1081.9706,1092.8065,1169.3926
272,1089.3741,1109.405,1222.137
273,1086.2011,1125.1062,1272.6273
274,1071.7467,1121.5174,1305.987
275,1057.9973,1132.7326,1301.479
276,1035.4342,1120.6202,1316.8064
277,1013.5762,1121.0688,1305.0854
278,1014.6338,1117.0313,1288.4056
279,1031.2036,1122.8632,1285.7007
280,1105.5913,1180.7335,1324.4701
281,1235.329,1386.1955,1535.8984
282,1235.6816,1423.8785,1640.9364
283,1206.4201,1404.5884,1632.3711
284,1171.1653,1370.0456,1574.6678
285,1114.0524,1327.428,1499.8339
286,1036.8444,1274.0438,1407.4185
287,999.8268,1208.0985,1304.6346
288,993.481,1167.7239,1224.8418
289,997.0064,1148.4338,1170.745
290,1012.5186,1139.0131,1152.7127
291,1062.2279,1146.1908,1142.3442
292,1151.4226,1171.3128,1157.2208
293,1282.218,1228.7345,1218.0797
294,1354.8429,1291.0908,1332.5846
295,1351.67,1257.4453,1395.2468
296,1309.7167,1269.5577,1494.875
297,1279.045,1287.502,1584.1348
298,1240.2647,1265.9688,1629.2154
299,1188.4401,1240.3982,1631.9203
300,1153.5379,1217.9679,1607.1259
301,1118.9881,1195.0889,1602.6178
302,1106.2964,1178.0419,1572.8646
303,1118.9881,1171.3128,1548.0702
304,1232.1561,1240.8468,1569.2581
305,1360.4837,1473.6739,1761.7526
306,1369.2974,1510.011,1804.5792
307,1346.7343,1517.6373,1761.7526
308,1313.5948,1475.9169,1677.9026
309,1218.7593,1412.2147,1571.5122
310,1126.3916,1326.0822,1441.6798
311,1107.0015,1239.501,1312.7491
312,1098.1878,1191.9487,1221.6862
313,1104.8862,1175.7988,1169.8434
314,1131.3273,1165.9295,1150.0079
315,1188.0876,1177.1447,1141.4426
316,1320.9983,1211.6874,1154.516
317,1526.8864,1310.8295,1233.858
318,1603.0369,1419.841,1408.3202
319,1500.4453,1375.8775,1525.5299
320,1370.7076,1327.8766,1618.8469
321,1286.096,1287.9506,1660.7719
322,1218.0542,1253.8564,1713.5163
323,1175.0433,1218.4165,1710.8115
324,1135.2053,1191.0515,1717.1227
325,1110.8795,1166.3781,1695.9348
326,1093.9572,1153.8171,1688.2711
327,1108.0591,1152.4713,1654.9114
328,1191.2605,1226.0428,1645.8953
329,1346.0292,1436.8881,1883.0196
330,1360.8362,1477.7113,1919.535
331,1353.4327,1464.7017,1820.8083
332,1325.5814,1421.6354,1730.1961
333,1221.9322,1343.1292,1621.1009
334,1138.7308,1252.062,1461.0645
335,1094.3097,1164.5837,1320.4128
336,1084.0858,1130.9381,1228.8991
337,1083.3808,1116.1341,1172.5482
338,1099.2454,1108.0592,1147.3031
339,1153.5379,1113.4425,1137.8361
340,1293.147,1146.1908,1158.5732
341,1481.0552,1226.0428,1227.0959
342,1547.3342,1331.0168,1417.7871
343,1469.4211,1289.745,1527.7839
344,1351.67,1252.5106,1605.7735
345,1264.9431,1222.9026,1666.1816
346,1199.3691,1213.4818,1722.0816
347,1161.6465,1196.8834,1740.1139
348,1131.3273,1187.4626,1729.7453
349,1107.354,1177.1447,1721.18
350,1094.6623,1160.5462,1695.9348
351,1104.8862,1152.9199,1684.6647
352,1182.7994,1217.9679,1732.4502
353,1330.1645,1409.0745,1905.5599
354,1338.9782,1440.0283,1919.535
355,1328.0492,1414.4577,1869.0446
356,1289.6215,1363.7652,1765.8099
357,1181.0366,1287.502,1640.4856
358,1082.3231,1192.8459,1466.925
359,1036.4918,1121.5174,1325.8225
360,1021.3323,1084.283,1227.5467
361,1017.4542,1071.722,1188.3265
362,1018.1593,1071.2734,1158.1224
363,1064.3431,1077.5539,1147.7539
364,1167.6398,1094.1524,1162.6305
365,1336.5104,1152.0227,1232.9563
366,1412.6608,1243.5385,1394.796
367,1341.0935,1238.6038,1508.3992
368,1266.0007,1235.015,1590.8969
369,1221.2271,1221.1081,1648.6001
370,1194.0809,1189.7057,1693.6808
371,1170.1076,1179.3877,1704.5002
372,1151.4226,1168.1725,1692.7792
373,1136.263,1155.1629,1686.9187
374,1123.2187,1147.9852,1662.5751
375,1140.141,1147.5366,1633.2727
376,1211.7083,1201.3694,1642.7396
377,1351.67,1405.4856,1828.0212
378,1355.548,1457.524,1884.372
379,1334.7476,1458.8698,1830.2752
380,1303.3709,1418.4952,1762.6542
381,1200.4268,1344.4751,1647.6985
382,1114.405,1246.6787,1494.4242
383,1078.4451,1169.5183,1351.0677
384,1073.8619,1143.4991,1254.5951
385,1077.3874,1128.2465,1200.4983
386,1097.4827,1125.5549,1171.6466
387,1145.0767,1137.6672,1166.2369
388,1270.9364,1170.4156,1179.3103
389,1458.1395,1256.0995,1253.6935
390,1543.1037,1363.7652,1417.3363
391,1442.98,1331.4654,1540.8573
392,1324.1712,1300.9602,1608.9291
393,1241.3224,1272.2493,1670.2388
394,1178.2162,1240.8468,1690.0743
395,1136.263,1205.4069,1706.7542
396,1104.5336,1182.9765,1686.9187
397,1080.2078,1172.21,1671.5913
398,1061.8753,1147.9852,1649.9525
399,1072.0992,1139.0131,1613.888
400,1133.0901,1187.4626,1604.8719
401,1258.2447,1379.4664,1774.826
402,1276.5772,1431.5048,1788.801
403,1264.5905,1429.7104,1735.6058
404,1260.36,1409.0745,1659.4195
405,1202.8946,1370.0456,1580.5283
406,1135.9104,1296.4741,1473.2363
407,1105.2387,1231.4261,1352.8709
408,1093.6047,1197.7806,1264.9636
409,1098.1878,1177.1447,1201.8507
410,1110.527,1167.2753,1169.3926
411,1141.5512,1172.6586,1154.9668
412,1201.4844,1191.9487,1156.77
413,1300.1979,1233.6691,1184.2692
414,1388.335,1277.184,1235.6612
415,1406.3149,1252.5106,1272.6273
416,1345.3241,1248.9218,1361.4363
417,1276.5772,1245.3329,1420.9427
418,1201.4844,1215.7249,1455.204
419,1136.9681,1169.0697,1451.1468
420,1087.6113,1145.2936,1430.4097
421,1057.9973,1121.966,1392.5419
422,1034.7291,1110.3022,1364.5919
423,1043.1903,1106.7134,1339.3467
424,1108.0591,1159.2004,1354.2233
425,1233.5663,1349.4097,1506.1452
426,1241.3224,1392.9246,1596.3065
427,1226.1628,1383.9525,1554.8323
428,1206.4201,1365.111,1507.0468
429,1162.7041,1332.3627,1448.4419
430,1111.9372,1287.502,1374.5096
431,1084.7909,1225.1456,1327.6258
432,1076.3298,1189.7057,1221.2354
433,1080.9129,1163.2378,1169.8434
434,1096.0725,1153.3685,1141.8934
435,1124.2763,1146.1908,1126.566
436,1177.5111,1151.5741,1125.2135
437,1255.0717,1159.2004,1141.4426
438,1331.9273,1181.1821,1166.2369
439,1354.8429,1168.6211,1174.8023
440,1301.9607,1191.9487,1228.8991
441,1229.3357,1195.5375,1274.8814
442,1167.2872,1175.3502,1309.1427
443,1124.9814,1160.9948,1317.2572
444,1083.0282,1139.9103,1316.8064
445,1047.0683,1121.5174,1315.9048
446,1028.3832,1104.0217,1304.6346
447,1046.0106,1110.3022,1298.3233
448,1113.3474,1156.9573,1327.1749
449,1260.0074,1345.3723,1492.1702
450,1285.7434,1393.3732,1593.1509
451,1268.8211,1390.6816,1580.9791
452,1222.6373,1358.8305,1541.3081
453,1136.6155,1298.2685,1470.0807
454,1060.8177,1232.3233,1357.379
455,1021.3323,1169.0697,1257.2999
456,1013.5762,1130.0409,1179.3103
457,1016.7491,1114.7883,1149.1063
458,1028.0307,1112.9939,1133.7789
459,1080.2078,1124.6576,1123.8611
460,1196.5487,1158.7518,1137.3853
461,1387.9824,1242.6413,1205.9079
462,1459.5497,1344.0264,1356.9282
463,1374.2331,1315.3156,1453.8516
464,1283.9807,1289.745,1546.7178
465,1225.8102,1268.6605,1616.5928
466,1181.0366,1238.6038,1663.4767
467,1154.5955,1206.3041,1683.3122
468,1127.0967,1191.5001,1686.9187
469,1101.7133,1170.8642,1688.2711
470,1090.7843,1156.9573,1674.2961
471,1097.8352,1147.5366,1655.813
472,1158.4735,1195.0889,1643.6413
473,1292.4419,1400.1023,1784.7438
474,1299.8454,1454.3838,1826.218
475,1271.289,1445.4116,1759.4986
476,1214.5287,1409.0745,1690.0743
477,1118.6356,1325.185,1569.709
478,1032.2613,1237.7066,1418.2379
479,982.1994,1158.3032,1299.6757
480,970.9179,1119.723,1207.2604
481,963.5143,1105.3675,1162.1797
482,978.3214,1106.7134,1133.7789
483,1015.3389,1119.723,1123.8611
484,1127.0967,1156.0601,1137.3853
485,1288.5638,1235.4636,1202.3015
486,1350.6123,1334.1571,1362.7887
487,1285.7434,1292.8853,1454.7532
488,1227.9255,1275.8382,1547.6194
489,1186.3248,1259.6883,1619.2977
490,1151.7751,1217.5193,1683.3122
491,1134.8528,1197.7806,1727.9421
492,1117.5779,1176.696,1740.1139
493,1122.8662,1161.892,1744.1711
494,1099.2454,1160.0976,1740.5647
495,1099.2454,1156.0601,1703.5985
496,1144.3716,1188.8084,1670.2388
497,1275.167,1383.0552,1812.6938
498,1267.0584,1444.0658,1862.7333
499,1237.0918,1431.5048,1790.1534
500,1191.9656,1396.5135,1654.9114
501,1087.9639,1328.7738,1541.3081
502,995.9488,1233.6691,1404.2629
503,950.4701,1165.0323,1270.3733
504,934.9579,1125.1062,1193.2854
505,933.1952,1105.8162,1154.9668
506,940.5987,1100.4329,1136.9345
507,979.379,1106.7134,1122.0579
508,1080.9129,1137.2186,1130.1724
509,1259.3023,1214.8276,1198.695
510,1366.8295,1313.9698,1348.8137
511,1305.8387,1278.5298,1474.1379
512,1218.4067,1248.4732,1533.6444
513,1172.928,1228.7345,1602.6178
514,1142.9614,1194.1917,1649.9525
515,1135.5579,1174.453,1677.0009
516,1121.456,1159.649,1670.6897
517,1110.8795,1147.088,1664.8292
518,1101.7133,1134.9756,1649.0509
519,1110.527,1132.7326,1619.7485
520,1163.0567,1181.1821,1613.4372
521,1295.6148,1341.7834,1766.2607
522,1305.4861,1388.8871,1820.8083
523,1281.8654,1374.5317,1772.1212
524,1240.9698,1341.7834,1677.9026
525,1134.8528,1279.8756,1560.6928
526,1051.6514,1187.9112,1421.8444
527,1011.8135,1130.9381,1299.2249
528,1000.5319,1101.3301,1214.9241
529,1007.9354,1092.3579,1175.2531
530,1027.6781,1088.7691,1158.1224
531,1084.0858,1093.7038,1140.541
532,1212.766,1122.8632,1150.0079
533,1403.8471,1194.1917,1208.6128
534,1478.2348,1293.7825,1363.6903
535,1398.5589,1250.2676,1468.2774
536,1291.7368,1244.4357,1561.5944
537,1220.522,1228.7345,1631.9203
538,1162.7041,1195.9861,1669.788
539,1130.2697,1180.2849,1692.3284
540,1107.7066,1163.6864,1714.8687
541,1083.0282,1147.5366,1681.509
542,1081.9706,1134.527,1659.8703
543,1095.0148,1132.284,1629.2154
544,1156.7108,1165.9295,1618.8469
545,1293.4995,1351.6528,1746.4252
546,1307.6014,1405.4856,1814.497
547,1286.8011,1396.5135,1773.0228
548,1248.3733,1367.8026,1690.0743
549,1149.6598,1293.7825,1574.217
550,1058.3498,1215.7249,1442.5815
551,1029.4409,1139.4617,1305.0854
552,1018.1593,1099.087,1226.1942
553,1025.5628,1082.4886,1177.9579
554,1047.0683,1070.3762,1163.9829
555,1103.8286,1073.0678,1150.9095
556,1223.695,1088.3205,1155.8684
557,1405.2573,1146.1908,1221.6862
558,1478.5873,1236.3608,1382.1734
559,1401.0267,1209.4444,1470.0807
560,1294.9097,1194.6403,1561.1436
561,1239.9122,1194.6403,1624.2566
562,1182.4468,1182.5279,1663.4767
563,1142.6089,1165.9295,1675.6485
564,1112.2897,1160.9948,1665.28
565,1090.7843,1139.9103,1656.2638
566,1082.3231,1133.1812,1631.9203
567,1085.1435,1121.5174,1605.7735
568,1134.5002,1151.5741,1599.4622
569,1246.9631,1314.867,1731.0978
570,1256.4819,1357.036,1770.3179
571,1237.4443,1344.4751,1704.0494
572,1216.2914,1312.624,1642.2888
573,1148.2496,1277.6326,1550.7751
574,1082.3231,1226.0428,1434.9177
575,1048.1259,1160.0976,1313.1999
576,1034.7291,1123.7604,1231.6039
577,1039.6648,1108.0592,1179.3103
578,1048.4785,1099.087,1148.2047
579,1076.3298,1098.1898,1141.4426
580,1139.0834,1104.4703,1142.795
581,1225.4577,1133.6298,1166.6878
582,1307.954,1159.649,1215.3749
583,1319.9406,1139.4617,1246.9314
584,1286.096,1157.4059,1336.1911
585,1227.573,1173.5558,1402.4597
586,1173.2806,1158.3032,1443.4831
587,1119.6932,1149.331,1447.0895
588,1081.2655,1134.527,1427.7048
589,1049.1836,1117.0313,1394.796
590,1030.8511,1106.7134,1367.7475
591,1043.8953,1108.9564,1340.2483
592,1100.6556,1152.0227,1342.9532
593,1214.8812,1326.0822,1475.4904
594,1223.695,1360.6249,1577.8235
595,1205.715,1344.0264,1554.8323
596,1181.0366,1318.0072,1509.3009
597,1127.0967,1277.6326,1448.4419
598,1065.7533,1241.2955,1365.9443
599,1034.3765,1182.9765,1280.7419
600,1017.8068,1144.845,1207.2604
601,1016.3966,1122.8632,1154.0652
602,1019.5695,1113.8911,1130.6232
603,1045.6581,1113.4425,1118.9022
604,1085.8486,1119.723,1113.9434
605,1156.3582,1145.7422,1131.9756
606,1223.3424,1166.3781,1150.9095
607,1240.6173,1144.3963,1157.2208
608,1203.9523,1151.1255,1214.4733
609,1156.3582,1156.0601,1260.9064
610,1109.4693,1134.527,1290.6596
611,1075.6247,1120.1716,1299.2249
612,1039.3122,1106.7134,1299.6757
613,1023.095,1092.8065,1292.9136
614,1013.2237,1083.3858,1290.6596
615,1019.9221,1085.1802,1292.012
616,1079.1502,1114.7883,1333.0354
617,1262.8278,1269.5577,1459.2613
618,1248.0208,1332.3627,1564.7501
619,1222.6373,1326.5308,1553.9307
620,1181.3892,1298.2685,1526.4315
621,1101.3607,1252.062,1463.3186
622,1013.9287,1186.1168,1357.379
623,983.9621,1137.2186,1248.7346
624,977.6163,1102.6759,1182.0152
625,980.7892,1088.7691,1146.4015
626,1001.9421,1085.6288,1133.3281
627,1055.5294,1090.1149,1128.3692
628,1179.979,1118.3771,1137.3853
629,1373.8805,1197.332,1208.6128
630,1442.98,1298.7171,1374.5096
631,1358.7209,1261.9314,1473.6871
632,1265.6482,1243.5385,1567.4549
633,1206.4201,1224.2484,1633.2727
634,1159.1786,1198.6778,1681.509
635,1139.7885,1174.9016,1704.5002
636,1109.8219,1165.4809,1714.4179
637,1093.2521,1159.2004,1700.4429
638,1092.8996,1151.1255,1685.5663
639,1087.6113,1144.3963,1650.4034
640,1133.4426,1169.9669,1650.4034
641,1258.9498,1341.7834,1759.9494
642,1273.0517,1401.8967,1827.1196
643,1241.3224,1385.2983,1783.3913
644,1194.0809,1343.1292,1709.9098
645,1094.6623,1274.0438,1587.2904
646,1004.0574,1187.9112,1443.4831
647,965.6296,1110.3022,1319.5112
648,955.0532,1078.4511,1204.5555
649,950.4701,1064.0957,1157.6716
650,971.623,1056.0208,1137.8361
651,1020.6272,1060.0582,1123.4103
652,1140.4936,1082.04,1132.4264
653,1318.883,1139.4617,1195.5394
654,1383.3993,1211.2388,1344.3056
655,1293.147,1186.1168,1431.3113
656,1212.766,1178.4905,1509.7517
657,1167.6398,1187.4626,1574.6678
658,1142.6089,1175.3502,1628.3138
659,1116.8728,1165.9295,1648.1493
660,1101.0082,1165.4809,1642.2888
661,1083.0282,1147.9852,1645.4445
662,1081.618,1101.7787,1632.8219
663,1087.9639,1095.0496,1609.8308
664,1128.8595,1120.1716,1598.5606
665,1255.4243,1261.0342,1719.8276
666,1271.9941,1319.3531,1770.3179
667,1250.1361,1303.2032,1720.7292
668,1197.6064,1272.2493,1650.8542
669,1106.2964,1210.3416,1533.6444
670,1019.5695,1135.8728,1399.304
671,986.0774,1078.0025,1279.3894
672,978.6739,1047.9459,1221.6862
673,979.7316,1036.2821,1180.6628
674,994.8911,1030.8988,1151.3603
675,1040.7224,1032.6932,1145.9506
676,1161.999,1047.9459,1151.8111
677,1330.8696,1095.9468,1215.8257
678,1384.1044,1140.8075,1379.9193
679,1324.8763,1158.7518,1479.0968
680,1247.6682,1147.5366,1571.0614
681,1199.0166,1165.9295,1623.8058
682,1156.0057,1167.7239,1676.5501
683,1123.5713,1165.9295,1688.7219
684,1109.1168,1158.3032,1690.976
685,1093.2521,1150.2282,1701.7953
686,1087.9639,1153.3685,1681.509
687,1092.547,1146.1908,1654.9114
688,1123.9238,1166.3781,1632.8219
689,1244.4953,1311.2781,1737.409
690,1259.6549,1367.8026,1814.0462
691,1244.8478,1357.9333,1758.1462
692,1201.1319,1313.5212,1691.4268
693,1108.4117,1255.2023,1571.0614
694,1020.6272,1178.9391,1425.0
695,989.9555,1108.0592,1306.8886
696,977.9688,1071.2734,1215.3749
697,982.1994,1059.161,1168.9418
698,995.9488,1056.4694,1144.5982
699,1048.1259,1059.6096,1136.4837
700,1162.7041,1081.1428,1141.8934
701,1341.7986,1139.4617,1209.5144
702,1390.0977,1218.4165,1360.9854
703,1313.2422,1195.9861,1479.0968
704,1221.5797,1194.6403,1559.3404
705,1171.8704,1181.6307,1625.1582
706,1133.7952,1173.5558,1672.9437
707,1111.2321,1160.9948,1695.484
708,1101.7133,1159.2004,1697.7381
709,1090.4317,1158.3032,1702.6969
710,1084.0858,1152.4713,1696.8364
711,1089.3741,1147.9852,1663.0259
712,1124.6289,1168.1725,1642.2888
713,1242.38,1315.7642,1771.6704
714,1259.3023,1365.111,1854.168
715,1232.8612,1347.6153,1806.8333
716,1188.4401,1312.624,1681.509
717,1096.425,1240.3982,1564.7501
718,1001.9421,1163.6864,1429.0573
719,962.8093,1105.3675,1291.5612
720,946.2395,1068.5818,1207.7112
721,942.0089,1052.4319,1163.5321
722,949.765,1045.7028,1145.9506
723,1005.4676,1046.6,1133.7789
724,1101.3607,1063.6471,1136.4837
725,1268.8211,1114.7883,1199.1458
726,1340.3884,1182.5279,1348.8137
727,1274.8144,1163.6864,1440.3274
728,1202.1895,1167.2753,1547.1686
729,1165.1719,1173.1072,1621.5517
730,1132.0324,1169.9669,1699.9921
731,1111.2321,1169.5183,1725.2373
732,1107.0015,1157.4059,1737.409
733,1092.8996,1153.8171,1755.8921
734,1088.669,1146.6394,1749.5808
735,1087.6113,1141.2561,1718.4752
736,1108.7642,1147.088,1683.3122
737,1199.3691,1274.0438,1756.3429
738,1207.8303,1329.671,1796.0139
739,1182.4468,1305.4462,1727.4913
740,1144.0191,1274.0438,1617.0437
741,1078.0925,1233.2205,1516.5138
742,997.7115,1181.6307,1396.1484
743,959.9889,1126.0035,1288.8564
744,951.1752,1036.2821,1206.3587
745,945.1818,1020.1322,1146.8523
746,950.4701,1011.1601,1111.2385
747,965.2771,1010.7115,1090.5014
748,1010.4033,1020.5808,1081.0345
749,1080.9129,1044.8056,1112.591
750,1145.4292,1060.9555,1170.2942
751,1173.2806,1047.0486,1211.7684
752,1155.6531,1067.6846,1313.1999
753,1130.6222,1084.7316,1392.5419
754,1097.8352,1074.4137,1442.5815
755,1072.4518,1068.5818,1459.7121
756,1053.7667,1057.8152,1452.0484
757,1042.4852,1050.6375,1428.1556
758,1035.0816,1042.5626,1401.5581
759,1043.8953,1041.6654,1379.9193
760,1072.0992,1066.7873,1383.5258
761,1167.6398,1220.6595,1497.1291
762,1170.4602,1263.2772,1584.5856
763,1135.9104,1245.7815,1557.0864
764,1093.6047,1213.0332,1502.9896
765,1035.0816,1168.6211,1444.8355
766,977.6163,1126.0035,1356.0266
767,943.0666,1071.722,1265.8652
768,922.2662,1027.7585,1189.2281
769,911.3372,1004.431,1140.0902
770,914.1576,994.5616,1107.6321
771,918.3882,991.87,1089.5998
772,937.0732,993.2158,1087.3458
773,980.0841,1010.7115,1100.4192
774,1022.7425,1021.0294,1113.4926
775,1067.5161,1005.7768,1122.9595
776,1103.8286,1027.3099,1191.0313
777,1108.0591,1050.1889,1253.6935
778,1090.4317,1051.0861,1312.7491
779,1074.2145,1053.3291,1344.3056
780,1054.4718,1050.6375,1372.2556
781,1040.7224,1044.8056,1381.7226
782,1023.8001,1034.4876,1385.329
783,1013.9287,1027.3099,1372.7064
784,1028.7358,1032.6932,1362.7887
785,1126.0391,1149.7796,1460.6137
786,1151.07,1203.1639,1566.5533
787,1156.7108,1220.2109,1556.6356
788,1127.8018,1220.6595,1507.9484
789,1045.3055,1166.8267,1434.0161
790,971.2704,1111.1994,1322.6669
791,942.0089,1053.7777,1218.5305
792,936.7207,1025.0669,1142.795
793,935.3105,1012.5059,1102.2224
794,943.7716,1012.5059,1076.5264
795,979.379,1020.1322,1072.92
796,1075.9772,1049.2917,1083.2885
797,1269.1737,1126.0035,1165.7861
798,1344.9715,1221.5567,1332.1338
799,1265.2956,1193.2945,1440.3274
800,1197.2538,1178.4905,1537.2509
801,1163.7618,1158.3032,1620.1993
802,1132.385,1146.1908,1677.9026
803,1112.6423,1128.6951,1708.5574
804,1094.6623,1115.2369,1723.8848
805,1088.669,1104.9189,1745.9744
806,1079.8553,1092.3579,1755.8921
807,1087.2588,1079.7969,1726.5897
808,1122.1611,1108.0592,1703.1477
809,1245.5529,1289.745,1777.5308
810,1269.1737,1372.7373,1819.9067
811,1238.1494,1368.2512,1752.2857
812,1189.8503,1335.5029,1667.534
813,1091.8419,1255.6509,1556.1848
814,1003.7048,1165.4809,1419.1395
815,965.9822,1093.2552,1286.1515
816,954.7006,1058.7124,1193.2854
817,951.1752,1040.3195,1138.7377
818,961.7516,1038.0765,1111.2385
819,997.7115,1048.8431,1095.0095
820,1102.4184,1082.4886,1112.591
821,1290.6791,1166.3781,1192.3837
822,1361.1888,1265.5202,1357.379
823,1270.9364,1230.5289,1452.4992
824,1185.2672,1204.9583,1548.0702
825,1147.8971,1181.6307,1630.1171
826,1124.2763,1150.2282,1688.7219
827,1115.1101,1126.4521,1749.13
828,1106.2964,1110.7508,1761.3018
829,1101.7133,1107.162,1777.5308
830,1098.5403,1099.5357,1784.7438
831,1106.2964,964.9536,1768.9655
832,1135.2053,956.43,1733.3518
833,1256.4819,1257.8939,1786.0962
834,1270.5839,1316.6614,1883.4704
835,1239.2071,1338.1946,1800.9728
836,1172.5755,1295.5769,1690.0743
837,1070.3365,1252.5106,1560.6928
838,983.2571,1162.7892,1430.4097
839,949.0599,1076.2081,1295.6185
840,935.663,1044.8056,1190.5805
841,933.9003,1032.2446,1141.4426
842,943.4191,1024.1697,1113.0418
843,972.6806,1032.6932,1103.5748
844,1071.0416,1060.5068,1111.2385
845,1245.5529,1139.0131,1199.5966
846,1309.7167,1219.7623,1359.1822
847,1242.0275,1188.3598,1456.1057
848,1172.928,1163.6864,1566.1025
849,1142.6089,1155.1629,1648.1493
850,1129.212,1131.3867,1728.3929
851,1117.9305,1131.3867,1774.3752
852,1122.8662,1117.4799,1797.8171
853,1122.5136,1108.5078,1819.0051
854,1126.3916,1108.9564,1822.1607
855,1135.5579,1103.5731,1795.5631
856,1155.3006,1120.6202,1765.3591
857,1261.4176,1246.2301,1852.8156
858,1271.9941,1320.2503,1886.1753
859,1235.329,1318.9045,1828.0212
860,1177.8637,1270.4549,1707.6558
861,1074.2145,1207.6499,1576.9219
862,982.9045,1129.1437,1427.254
863,943.7716,1053.3291,1302.3806
864,928.9646,1022.3753,1200.0475
865,921.5611,1006.2254,1148.6555
866,923.6764,1000.8421,1117.099
867,949.4124,1005.3282,1104.9272
868,1026.973,1030.4502,1120.2547
869,1173.6331,1097.2926,1194.6378
870,1237.7969,1175.7988,1351.5185
871,1199.3691,1140.8075,1442.5815
872,1166.9347,1130.0409,1547.1686
873,1140.4936,1126.4521,1663.4767
874,1130.6222,1130.0409,1752.7365
875,1120.3983,1120.6202,1812.6938
876,1114.405,1123.3118,1839.2914
877,1107.7066,1122.8632,1853.2664
878,1101.7133,1117.0313,1859.5777
879,1108.7642,1102.6759,1826.6688
880,1142.2563,1124.6576,1779.7849
881,1253.6616,1247.1273,1823.5131
882,1273.0517,1326.9794,1873.1019
883,1238.502,1309.4837,1818.5543
884,1182.0943,1260.5855,1695.9348
885,1077.74,1194.1917,1562.496
886,990.308,1117.4799,1423.1968
887,953.643,1048.3945,1289.758
888,942.0089,1013.8517,1195.0886
889,938.4834,999.0477,1144.1474
890,945.1818,996.3561,1111.2385
891,975.1484,1000.8421,1097.7143
892,1066.1059,1021.0294,1099.9684
893,1235.6816,1082.4886,1180.6628
894,1312.8897,1146.1908,1337.0927
895,1244.1428,1131.3867,1434.9177
896,1181.3892,1124.209,1530.4888
897,1143.314,1136.3214,1613.888
898,1126.7442,1129.5923,1677.0009
899,1110.1744,1118.3771,1711.2623
900,1107.0015,1114.3397,1724.7865
901,1095.3674,1109.405,1741.4663
902,1083.7333,1101.7787,1762.6542
903,1085.8486,1095.0496,1721.6308
904,1098.5403,1104.0217,1672.4929
905,1185.6197,1215.7249,1718.926
906,1204.3048,1286.1561,1793.7599
907,1170.4602,1265.5202,1715.7703
908,1136.263,1222.9026,1624.2566
909,1075.9772,1185.6682,1521.0218
910,1005.8201,1126.0035,1403.3613
911,968.45,1063.1985,1288.8564
912,950.4701,1023.7211,1198.695
913,942.3615,1005.3282,1138.2869
914,947.2971,998.1505,1103.5748
915,958.2261,997.2533,1085.0917
916,996.3013,1010.7115,1086.895
917,1069.9839,1035.8335,1108.5337
918,1121.8085,1055.5722,1154.516
919,1156.0057,1048.3945,1193.7362
920,1151.4226,1073.5164,1292.4628
921,1143.314,1089.6663,1379.4685
922,1115.4626,1079.7969,1442.5815
923,1086.2011,1061.8527,1477.7444
924,1055.882,1051.0861,1475.4904
925,1041.4275,1036.2821,1458.8105
926,1035.0816,1030.0016,1438.975
927,1040.0173,1026.8613,1420.0411
928,1063.638,1044.357,1405.1645
929,1158.4735,1165.4809,1481.8016
930,1187.735,1251.6134,1605.3227
931,1159.1786,1239.0524,1559.3404
932,1124.2763,1212.5846,1504.7928
933,1063.2855,1188.8084,1447.0895
934,1001.5896,1145.7422,1353.7725
935,968.0975,1094.1524,1264.062
936,952.5854,1050.1889,1179.3103
937,948.3548,1032.6932,1125.2135
938,951.8803,1025.0669,1091.8538
939,965.6296,1022.8239,1068.4119
940,995.2437,1037.1793,1068.4119
941,1048.1259,1060.0582,1076.5264
942,1098.8929,1072.1706,1093.6571
943,1117.2254,1052.8805,1107.1813
944,1111.9372,1065.8901,1176.6055
945,1091.8419,1069.0304,1247.3822
946,1069.9839,1050.6375,1309.1427
947,1052.7091,1042.114,1343.8548
948,1034.3765,1034.039,1371.8048
949,1028.3832,1024.6183,1378.5669
950,1023.8001,1020.1322,1394.3451
951,1034.3765,1021.9266,1389.8371
952,1068.2212,1041.6654,1384.4274
953,1169.4025,1169.9669,1461.0645
954,1216.9965,1251.1648,1601.2654
955,1189.4978,1243.0899,1582.7823
956,1135.9104,1208.5471,1532.7428
957,1055.1769,1165.0323,1444.3847
958,978.6739,1099.087,1333.4862
959,949.0599,1047.9459,1230.2515
960,939.8936,1012.5059,1140.541
961,940.9513,1001.2907,1102.6732
962,951.1752,997.7019,1078.7804
963,986.43,1008.0198,1063.9038
964,1087.2588,1034.4876,1085.9934
965,1279.3976,1105.3675,1168.9418
966,1349.2021,1176.2474,1315.0032
967,1274.1094,1154.7143,1419.5903
968,1204.3048,1146.6394,1530.4888
969,1163.0567,950.5981,1645.8953
970,1142.6089,943.4204,1748.2284
971,1130.6222,1118.8258,1800.9728
972,1124.6289,1117.9285,1830.726
973,1117.5779,1116.5827,1853.2664
974,1111.2321,980.2062,1864.5365
975,1119.3407,1095.9468,1841.5454
976,1141.9038,1104.4703,1797.3663
977,1247.6682,1229.1831,1816.751
978,1282.218,1320.2503,1901.9535
979,1245.5529,1304.9976,1783.3913
980,1184.5621,1265.9688,1697.7381
981,1091.8419,1198.2292,1570.6106
982,998.7692,1124.6576,1414.1806
983,963.5143,1053.3291,1278.4878
984,948.3548,1016.992,1178.8595
985,947.2971,1004.431,1133.7789
986,959.6363,996.8047,1097.2635
987,994.8911,1003.5338,1086.4442
988,1094.3097,1022.3753,1095.4603
989,1276.5772,1092.8065,1170.745
990,1342.1512,1166.8267,1336.1911
991,1262.4753,1148.8824,1423.1968
992,1198.3115,1154.7143,1528.2347
993,1160.2363,1155.1629,1617.9453
994,1133.7952,1133.6298,1676.5501
995,1120.0458,1120.6202,1706.7542
996,1108.7642,1107.162,1717.1227
997,1110.527,1090.1149,1718.0244
998,1099.9505,1082.4886,1717.1227
999,1105.2387,1074.4137,1679.255
1000,1126.3916,1091.4607,1640.0348
1001,1223.3424,1211.6874,1694.1316
1002,1256.4819,1322.0447,1769.4163
1003,1227.573,1298.7171,1707.6558
1004,1176.1009,1262.8286,1635.9775
1005,1082.6757,1198.6778,1533.6444
1006,992.0708,1116.5827,1401.1072
1007,958.2261,1051.0861,1282.5451
1008,940.9513,1007.5712,1188.7773
1009,938.836,992.3186,1138.7377
1010,949.0599,984.2437,1104.9272
1011,978.6739,978.8604,1094.5587
1012,1071.0416,994.113,1107.1813
1013,1244.8478,1042.5626,1180.6628
1014,1292.7944,1095.0496,1322.6669
1015,1225.1051,1078.8997,1428.1556
1016,1165.5245,1093.2552,1532.292
1017,1138.7308,1104.9189,1589.0936
1018,1127.8018,1104.0217,1635.0759
1019,1114.7575,1104.0217,1665.28
1020,1111.2321,1095.0496,1661.6735
1021,1101.3607,1096.844,1674.2961
1022,1097.8352,1083.3858,1659.8703
1023,1100.3031,1072.6192,1629.6662
1024,1129.212,1046.6,1612.5356
1025,1233.9189,1241.2955,1686.9187
1026,1277.6348,1377.672,1783.8421
1027,1248.0208,1380.8122,1755.4413
1028,1187.0299,1345.8209,1673.3945
1029,1077.3874,1277.184,1577.8235
1030,988.5453,1188.8084,1434.0161
1031,954.7006,1112.5453,1310.9459
1032,934.9579,1067.236,1228.8991
1033,932.4901,1051.0861,1177.9579
1034,935.663,1050.1889,1147.3031
1035,971.2704,1059.6096,1131.9756
1036,1074.2145,1095.4982,1150.9095
1037,1256.1294,1188.8084,1236.5628
1038,1321.7034,1266.866,1401.5581
1039,1265.6482,1239.0524,1477.7444
1040,1201.1319,1213.9304,1568.3565
1041,1169.7551,1206.3041,1634.1743
1042,1136.9681,1173.1072,1665.28
1043,1120.7509,1151.1255,1690.976
1044,1104.5336,1129.1437,1680.6074
1045,1077.0349,1110.3022,1690.976
1046,1066.811,1095.4982,1663.9276
1047,1089.3741,1095.4982,1636.8792
1048,1118.6356,1137.6672,1631.0187
1049,1245.5529,1326.5308,1690.976
1050,1288.5638,1439.5797,1819.9067
1051,1260.0074,1436.4395,1779.7849
1052,1210.2981,1398.3079,1725.2373
1053,1102.4184,1327.8766,1608.4783
1054,1016.044,1231.4261,1475.0395
1055,971.9755,1145.2936,1360.5346
1056,957.1685,1099.087,1227.0959
1057,948.7073,1079.3483,1177.0563
1058,952.9379,1079.7969,1141.4426
1059,978.6739,1077.1053,1130.1724
1060,1062.2279,1112.0966,1151.3603
1061,1214.8812,1201.818,1226.645
1062,1279.045,1290.6422,1394.3451
1063,1259.6549,1260.5855,1493.5226
1064,1227.2204,1238.6038,1579.6267
1065,1210.2981,1209.893,1641.3872
1066,1178.5688,1173.1072,1669.788
1067,1149.6598,1142.1533,1672.9437
1068,1129.5646,1120.6202,1662.5751
1069,1107.354,1104.9189,1655.813
1070,1103.476,1087.4233,1631.4695
1071,1118.6356,1071.2734,1618.8469
1072,1155.3006,1087.4233,1649.9525
1073,1232.1561,1230.0803,1730.6469
1074,1255.4243,1341.3348,1799.6204
1075,1233.5663,1325.6336,1755.8921
1076,1209.593,1291.988,1687.8203
1077,1139.7885,1251.1648,1608.4783
1078,1065.7533,1183.4252,1483.6049
1079,1031.2036,1113.4425,1370.4524
1080,1013.5762,1061.8527,1260.9064
1081,1008.6405,1038.5251,1205.9079
1082,1013.9287,1029.1044,1169.8434
1083,1036.4918,1026.8613,1154.516
1084,1090.0792,1035.3849,1151.3603
1085,1173.6331,1065.4415,1183.8184
1086,1242.38,1072.6192,1217.6289
1087,1253.6616,1065.8901,1264.5128
1088,1211.3558,1084.7316,1375.4113
1089,1164.1143,1104.9189,1463.3186
1090,1120.7509,1098.6384,1493.9734
1091,1080.5604,1087.4233,1488.5637
1092,1051.6514,1073.9651,1452.95
1093,1030.8511,1054.675,1420.9427
1094,1022.7425,1043.9084,1384.4274
1095,1030.8511,1042.114,1357.379
1096,1061.1702,1083.8344,1356.0266
1097,1164.4668,1227.8372,1486.7605
1098,1203.2472,1324.2877,1624.7074
1099,1180.6841,1308.5865,1603.9703
1100,1143.314,1279.427,1557.988
1101,1086.5537,1244.8843,1502.0879
1102,1024.1526,1187.014,1419.1395
1103,997.7115,1136.3214,1325.8225
1104,981.1418,1090.5635,1243.3249
1105,977.6163,1064.9929,1184.72
1106,983.9621,1051.5347,1148.6555
1107,995.9488,1043.4598,1129.2708
1108,1035.0816,1043.4598,1126.1152
1109,1102.7709,1058.7124,1138.7377
1110,1157.0633,1063.6471,1165.7861
1111,1163.0567,1059.6096,1181.1136
1112,1139.7885,1103.5731,1233.858
1113,1101.7133,1141.7047,1278.4878
1114,1074.9196,1147.5366,1313.6507
1115,1049.5361,1137.6672,1325.3717
1116,1032.2613,1099.087,1317.708
1117,1012.5186,1076.6567,1312.7491
1118,1008.288,1062.3013,1293.3644
1119,1011.1084,1057.3666,1283.4467
1120,1050.5938,1089.2177,1291.1104
1121,1157.4159,1222.0054,1397.9516
1122,1211.7083,1321.1475,1565.6517
1123,1188.4401,1312.1754,1579.1759
1124,1151.4226,1290.6422,1558.4388
1125,1089.3741,1247.5759,1495.3258
1126,1019.217,1201.3694,1411.4758
1127,988.8978,1143.9477,1309.5935
1128,983.6096,1100.4329,1220.3338
1129,985.0198,1080.6942,1171.1958
1130,999.4743,1074.4137,1144.5982
1131,1039.6648,1068.5818,1135.5821
1132,1136.9681,1096.844,1151.8111
1133,1272.3466,1157.4059,1206.8096
1134,1334.3951,1188.3598,1288.4056
1135,1324.1712,1166.3781,1367.2967
1136,1262.1227,1172.6586,1471.8839
1137,1215.2338,1172.6586,1536.3493
1138,1158.4735,1159.2004,1577.3727
1139,1121.456,1134.527,1583.2332
1140,1094.3097,1114.7883,1568.8073
1141,1072.4518,1099.087,1555.2831
1142,1066.4584,1087.4233,1539.0541
1143,1068.5737,1080.6942,1516.9646
1144,1109.1168,1103.1245,1512.0057
1145,1227.573,1240.3982,1595.8557
1146,1295.6148,1392.9246,1769.4163
1147,1275.5195,1392.9246,1748.6792
1148,1227.9255,1362.8679,1709.459
1149,1127.0967,1291.988,1614.7896
1150,1038.9597,1206.3041,1475.0395
1151,1005.8201,1129.5923,1340.2483
1152,997.0064,1079.7969,1247.833
1153,1002.6472,1062.7499,1194.6378
1154,1021.6848,1064.5443,1167.1386
1155,1071.7467,1077.5539,1149.5571
1156,1203.2472,1115.6855,1172.0974
1157,1430.9933,1216.1735,1255.9475
1158,1501.8555,1299.1657,1425.9016
1159,1382.3417,1267.3147,1538.6033
1160,1261.4176,1247.1273,1616.142
1161,1202.5421,1238.6038,1659.4195
1162,1159.5312,1191.5001,1700.4429
1163,1133.7952,1166.3781,1700.8937
1164,1107.354,1143.4991,1693.6808
1165,1090.4317,1126.9007,1684.2139
1166,1083.7333,1103.5731,1665.28
1167,1088.3164,1093.2552,1640.9364
1168,1122.5136,1117.0313,1620.6501
1169,1254.7192,1256.5481,1698.6397
1170,1322.761,1424.7757,1873.1019
1171,1306.1912,1431.0562,1844.701
1172,1262.1227,1391.1302,1779.3341
1173,1154.948,1308.5865,1640.0348
1174,1060.8177,1226.4914,1493.9734
1175,1029.0883,1139.9103,1351.5185
1176,1018.8644,1090.5635,1249.1854
1177,1027.3256,1067.6846,1194.6378
1178,1046.7157,1059.161,1155.8684
1179,1094.6623,1068.5818,1147.7539
1180,1235.6816,1097.2926,1163.0813
1181,1462.3701,1188.3598,1256.3983
1182,1533.9374,1244.4357,1444.3847
1183,1405.2573,1227.8372,1530.9396
1184,1271.289,1204.5097,1615.2404
1185,1202.8946,1189.7057,1640.0348
1186,1156.0057,1160.9948,1683.763
1187,1123.9238,1128.2465,1693.6808
1188,1101.0082,1124.6576,1688.2711
1189,1084.4384,1112.0966,1684.6647
1190,1075.6247,1093.2552,1670.2388
1191,1078.0925,1087.8719,1646.3461
1192,1104.1811,1100.8815,1627.863
1193,1221.9322,1222.0054,1666.1816
1194,1297.3775,1355.2416,1822.1607
1195,1274.4619,1360.6249,1790.1534
1196,1238.1494,1314.4184,1718.0244
1197,1132.7375,1257.8939,1612.9864
1198,1043.8953,1169.9669,1470.9823
1199,1013.9287,1093.2552,1330.7814
1200,1007.2303,1049.7403,1234.7596
1201,1012.8711,1036.2821,1186.9741
1202,1030.8511,1031.796,1157.2208
1203,1083.3808,1039.8709,1131.9756
1204,1213.8236,1068.1332,1159.9257
1205,1440.1596,1152.9199,1243.3249
1206,1504.6759,1214.379,1402.4597
1207,1371.7652,1187.4626,1502.5388
1208,1252.6039,1176.696,1587.7412
1209,1186.3248,1159.649,1652.2066
1210,1142.9614,1146.6394,1679.7058
1211,1112.2897,1130.0409,1703.1477
1212,1095.7199,1122.8632,1703.1477
1213,1090.4317,1113.8911,1709.9098
1214,1083.3808,1105.3675,1695.484
1215,1085.8486,1097.2926,1675.6485
1216,1107.7066,1107.162,1648.1493
1217,1209.2405,1204.9583,1665.7308
1218,1266.3533,1337.7459,1774.826
1219,1251.1937,1336.8487,1734.2534
1220,1204.3048,1289.2964,1668.4356
1221,1101.7133,1225.1456,1576.9219
1222,1016.044,1141.2561,1443.4831
1223,980.7892,1054.2264,1333.937
1224,970.9179,1032.6932,1219.8829
1225,974.4433,1021.9266,1162.6305
1226,987.8402,1014.3003,1140.0902
1227,1028.0307,1018.7864,1125.2135
1228,1149.3073,1045.2542,1137.3853
1229,1356.2531,1112.0966,1221.2354
1230,1420.7694,1167.2753,1362.7887
1231,1315.71,1150.6768,1471.4331
1232,1211.7083,1148.8824,1575.1186
1233,1162.7041,1141.2561,1635.0759
1234,1127.8018,1139.0131,1673.3945
1235,1104.8862,1126.9007,1693.6808
1236,1097.8352,1121.966,1689.6235
1237,1086.5537,1113.4425,1694.1316
1238,1076.6823,1107.6106,1654.4606
1239,1077.74,1095.4982,1640.0348
1240,1086.9062,1096.844,1618.3961
1241,1153.5379,1177.5933,1632.8219
1242,1202.1895,1287.0534,1726.1389
1243,1175.7484,1265.9688,1684.2139
1244,1142.2563,1229.1831,1626.9614
1245,1070.3365,1184.771,1534.9968
1246,1010.0507,1125.5549,1430.4097
1247,976.9112,1061.4041,1318.6096
1248,959.9889,1028.2071,1224.8418
1249,956.8159,1008.0198,1167.5894
1250,963.8669,1000.3935,1132.4264
1251,985.7249,1002.1879,1115.7466
1252,1032.2613,1014.3003,1114.3942
1253,1117.2254,1038.9737,1149.1063
1254,1176.1009,1035.3849,1186.5233
1255,1193.7284,1030.4502,1237.0136
1256,1163.0567,1048.8431,1328.0766
1257,1129.9171,1061.8527,1401.1072
1258,1102.7709,1062.7499,1443.4831
1259,1069.9839,1053.3291,1457.9089
1260,1044.953,1048.3945,1458.3597
1261,1036.8444,1044.357,1425.9016
1262,1033.3189,1039.4223,1399.7548
1263,1031.2036,1034.9363,1379.4685
1264,1060.1126,1046.1514,1370.9032
1265,1139.0834,1131.3867,1439.8766
1266,1173.2806,1230.0803,1569.709
1267,1144.0191,1211.2388,1552.1275
1268,1098.5403,1176.2474,1503.8912
1269,1040.7224,1141.2561,1445.7371
1270,975.501,1098.6384,1363.2395
1271,949.0599,1054.675,1274.8814
1272,928.2595,1019.235,1196.441
1273,926.1442,1000.8421,1139.6394
1274,924.734,985.1409,1114.845
1275,931.4325,981.1034,1104.0256
1276,959.6363,983.3465,1099.9684
1277,1000.5319,1000.8421,1111.2385
1278,1038.6071,998.1505,1101.3208
1279,1073.8619,994.5616,1122.0579
1280,1093.6047,1015.6462,1188.3265
1281,1077.74,1033.5904,1248.2838
1282,1061.8753,1036.2821,1301.479
1283,1054.4718,1039.4223,1324.0193
1284,1042.8377,1034.039,1330.3306
1285,1037.1969,1031.796,1325.3717
1286,1038.2546,1032.2446,1324.4701
1287,1048.1259,1030.4502,1310.0443
1288,1075.9772,1045.2542,1316.3556
1289,1159.1786,1144.3963,1378.5669
1290,1221.5797,1247.5759,1535.4476
1291,1192.3182,1230.5289,1541.3081
1292,1131.3273,1196.4348,1510.2025
1293,1042.1326,1149.7796,1439.4258
1294,962.1042,1092.3579,1346.5596
1295,927.5544,1032.2446,1244.2265
1296,913.1,999.4963,1150.9095
1297,906.049,983.3465,1113.9434
1298,915.2152,974.8229,1095.4603
1299,943.7716,978.4118,1081.9361
1300,1029.4409,995.9074,1098.1651
1301,1187.735,1048.8431,1172.9991
1302,1235.6816,1086.0774,1319.5112
1303,1187.0299,1088.7691,1438.5242
1304,1138.7308,1099.5357,1555.2831
1305,1120.0458,1119.723,1640.9364
1306,1112.2897,1122.8632,1680.1566
1307,1112.6423,1134.0784,1718.0244
1308,1109.4693,1136.77,1722.0816
1309,1115.8152,1134.9756,1722.9832
1310,1115.8152,1129.1437,1722.0816
1311,1119.6932,1115.6855,1715.7703
1312,1135.2053,1132.7326,1737.409
1313,1219.1118,1240.3982,1810.4397
1314,1275.5195,1343.5778,1889.3309
1315,1235.329,1324.2877,1854.168
1316,1171.5178,1270.4549,1759.0478
1317,1062.2279,1197.332,1663.4767
1318,977.6163,1115.6855,1513.3581
1319,934.6054,1038.0765,1369.1
1320,919.7984,1001.7393,1261.808
1321,909.927,980.6548,1201.8507
1322,908.1643,971.6827,1171.6466
1323,928.9646,964.505,1150.0079
1324,992.7759,957.3272,1133.3281
1325,1116.8728,995.0102,1212.2192
1326,1161.999,1038.0765,1350.6169
1327,1140.4936,1038.9737,1458.8105
1328,1132.385,1064.9929,1545.3654
1329,1134.8528,1091.4607,1614.7896
1330,1139.4359,1117.4799,1664.8292
1331,1142.9614,1115.2369,1683.763
1332,1140.4936,1099.9843,1684.6647
1333,1146.8394,1089.6663,1679.7058
1334,1142.2563,1084.7316,1668.4356
1335,1149.3073,1075.7595,1642.7396
1336,1169.7551,1069.479,1608.4783
1337,1261.7702,1150.6768,1626.0598
1338,1296.6724,1288.3992,1755.8921
1339,1249.7835,1284.3617,1728.3929
1340,1190.2029,1239.9496,1661.6735
1341,1072.8043,1169.0697,1567.9057
1342,984.3147,1086.0774,1432.6637
1343,939.8936,1021.0294,1315.9048
1344,918.3882,986.0381,1214.4733
1345,909.5745,973.4771,1171.6466
1346,905.3439,966.2994,1140.541
1347,929.6697,968.5424,1135.1313
1348,997.0064,986.4867,1143.2458
1349,1123.2187,1041.2167,1228.4483
1350,1171.5178,1077.5539,1366.3951
1351,1152.8328,1085.1802,1473.6871
1352,1139.0834,1090.1149,1557.0864
1353,1140.8461,1095.0496,1622.9041
1354,1138.3783,1105.3675,1666.6324
1355,1129.9171,1107.162,1694.5824
1356,1128.8595,1068.1332,1690.0743
1357,1122.1611,1060.9555,1690.0743
1358,1120.3983,1056.918,1677.4518
1359,1127.0967,1047.0486,1645.4445
1360,1140.8461,1055.1236,1616.142
1361,1210.6507,1124.209,1627.4122
1362,1282.5705,1251.1648,1754.5397
1363,1248.7259,1251.6134,1745.9744
1364,1186.3248,1238.6038,1700.8937
1365,1078.0925,1146.6394,1608.0275
1366,988.8978,1064.5443,1466.4742
1367,948.7073,1009.3657,1337.9943
1368,932.4901,982.8978,1242.4233
1369,926.8493,967.6452,1181.5644
1370,931.0799,963.6077,1153.6144
1371,959.6363,967.6452,1142.795
1372,1050.2412,986.0381,1157.6716
1373,1205.3624,1041.2167,1238.8168
1374,1248.0208,1069.0304,1386.2306
1375,1189.4978,1069.0304,1498.4815
1376,1140.141,1072.1706,1595.4049
1377,1130.6222,1074.8623,1632.8219
1378,1124.2763,1069.0304,1676.5501
1379,1124.2763,1065.8901,1701.7953
1380,1132.385,1068.5818,1691.4268
1381,1130.9748,1066.7873,1690.5252
1382,1127.0967,1067.236,1683.763
1383,1134.1477,1056.918,1645.4445
1384,1134.5002,1064.5443,1630.1171
1385,1203.2472,1130.0409,1642.2888
1386,1270.2313,1257.4453,1774.826
1387,1244.1428,1254.3051,1761.3018
1388,1182.4468,1267.3147,1706.7542
1389,1071.0416,1201.818,1605.7735
1390,987.1351,1121.966,1469.1791
1391,949.0599,1050.1889,1340.2483
1392,936.7207,1014.3003,1245.1281
1393,929.3172,1002.1879,1191.0313
1394,934.9579,995.0102,1158.1224
1395,964.572,998.1505,1146.4015
1396,1046.3632,1016.5434,1155.8684
1397,1207.4777,1075.7595,1231.1531
1398,1252.6039,1101.3301,1383.5258
1399,1199.7217,1109.405,1515.6121
1400,1151.07,1120.1716,1626.9614
1401,1132.7375,1132.284,1672.0421
1402,1129.9171,1126.0035,1722.5324
1403,1120.7509,1126.0035,1728.3929
1404,1112.6423,1115.2369,1706.3034
1405,1111.2321,1112.0966,1691.8776
1406,1105.9438,1105.3675,1676.5501
1407,1105.2387,1087.8719,1658.0671
1408,1109.8219,1098.6384,1640.4856
1409,1161.999,1179.8363,1653.559
1410,1216.2914,1310.8295,1779.3341
1411,1187.3825,1291.988,1753.1873
1412,1141.9038,1258.7911,1699.5413
1413,1068.5737,1213.9304,1619.7485
1414,997.359,1154.7143,1496.2275
1415,964.2194,1090.1149,1374.0588
1416,941.6564,1048.8431,1273.9798
1417,932.4901,1022.3753,1198.695
1418,926.1442,1010.7115,1161.7289
1419,938.1309,1008.917,1137.3853
1420,967.3924,1017.4406,1141.4426
1421,1022.7425,1043.4598,1172.9991
1422,1066.811,1030.8988,1202.3015
1423,1119.6932,1035.8335,1260.4556
1424,1132.385,1060.9555,1350.1661
1425,1127.4493,1079.7969,1411.025
1426,1107.7066,1074.4137,1443.4831
1427,1079.5027,1059.6096,1424.0984
1428,1050.9463,1048.8431,1397.5008
1429,1040.7224,1036.7307,1367.7475
1430,1032.2613,1028.6558,1331.683
1431,1038.2546,1025.0669,1302.8314
1432,1055.1769,1031.796,1309.5935
1433,1118.6356,1104.4703,1381.7226
1434,1175.0433,1239.9496,1562.496
1435,1151.07,1237.258,1584.1348
1436,1112.6423,1200.4722,1543.5622
1437,1052.7091,1166.8267,1488.1129
1438,993.481,1130.0409,1397.5008
1439,959.9889,1078.4511,1311.3967
1440,914.8627,988.2811,1185.1708
1441,912.0423,967.6452,1138.2869
1442,909.927,950.1495,1118.4514
1443,919.0933,945.2149,1110.3369
1444,953.643,947.9065,1107.1813
1445,1002.2947,967.6452,1115.7466
1446,1044.953,964.505,1108.0829
1447,1083.3808,960.4675,1124.3119
1448,1104.8862,984.2437,1178.4087
1449,1087.9639,1004.8796,1230.2515
1450,1070.3365,1007.5712,1278.4878
1451,1062.5804,1011.1601,1299.2249
1452,1049.5361,1005.3282,1305.0854
1453,1043.5428,1002.6366,1300.1265
1454,1044.6004,1003.0852,1299.6757
1455,1055.5294,1001.2907,1286.1515
1456,1085.8486,1017.8892,1292.012
1457,1172.5755,1131.3867,1350.6169
1458,1234.9765,1249.819,1508.85
1459,1205.715,1229.6317,1514.7105
1460,1144.3716,1190.6029,1482.7033
1461,1048.831,1136.77,1410.5742
1462,956.8159,1071.722,1320.4128
1463,913.805,1003.5338,1226.645
1464,895.12,966.2994,1147.3031
1465,885.9537,947.9065,1118.0006
1466,897.5878,938.4858,1103.5748
1467,934.6054,942.5232,1093.2063
1468,1035.0816,961.8133,1105.378
1469,1201.4844,1021.9266,1165.7861
1470,1248.3733,1064.5443,1294.7169
1471,1200.4268,1067.236,1409.6726
1472,1151.7751,1079.7969,1529.5872
1473,1132.385,1102.6759,1621.5517
1474,1124.2763,1106.2648,1664.8292
1475,1124.6289,1119.2744,1706.7542
1476,1121.456,1122.4146,1711.7131
1477,1128.1544,1120.6202,1712.6147
1478,1128.1544,1113.4425,1711.7131
1479,1132.0324,1098.1898,1704.5002
1480,1148.2496,1117.9285,1729.2945
1481,1232.5087,1241.2955,1812.6938
1482,1286.8011,1359.7277,1905.5599
1483,1248.0208,1337.2973,1863.6349
1484,1184.9146,1275.3896,1753.6381
1485,1071.0416,1191.9487,1646.3461
1486,975.501,1098.1898,1485.4081
1487,922.6188,1009.8143,1341.6008
1488,903.9337,968.991,1242.4233
1489,890.8894,944.7663,1190.1297
1490,888.7741,934.8969,1164.4337
1491,915.5678,926.822,1146.8523
1492,993.1284,919.1957,1133.3281
1493,1129.212,961.3647,1198.695
1494,1175.3958,1009.8143,1324.0193
1495,1153.5379,1010.7115,1429.9589
1496,1145.0767,1040.3195,1519.2186
1497,1147.8971,1070.3762,1593.1509
1498,1152.4802,1099.9843,1647.6985
1499,1156.0057,1097.7412,1668.8864
1500,1153.5379,1080.2456,1669.788
1501,1159.8837,1068.5818,1664.3784
1502,1155.3006,1062.7499,1651.7558
1503,1162.7041,1052.4319,1623.8058
1504,1183.1519,1045.7028,1586.3888
1505,1273.7568,1138.1159,1605.7735
1506,1306.8963,1296.4741,1750.0316
1507,1262.4753,1291.5394,1718.4752
1508,1203.5997,1240.3982,1644.5429
1509,1082.3231,1159.2004,1543.1114
1510,983.2571,1064.5443,1403.8121
1511,929.6697,990.5242,1291.5612
1512,902.171,951.0467,1200.4983
1513,890.5369,936.6913,1164.4337
1514,884.5435,929.065,1139.1885
1515,916.2729,931.308,1134.6805
1516,998.0641,951.4954,1140.9918
1517,1135.5579,1012.9545,1212.67
1518,1184.9146,1054.675,1338.8959
1519,1166.2296,1063.1985,1445.2863
1520,1152.1277,1069.0304,1531.3904
1521,1153.8904,1074.4137,1601.7162
1522,1151.4226,1086.5261,1649.9525
1523,1142.6089,1088.3205,1681.0582
1524,1141.5512,1043.9084,1675.6485
1525,1134.5002,1035.8335,1675.6485
1526,1132.7375,1031.3474,1662.1243
1527,1139.4359,1019.6836,1626.5106
1528,1153.8904,1029.1044,1594.9541
1529,1224.0475,1108.0592,1606.6751
1530,1293.8521,1253.4078,1748.2284
1531,1261.0651,1254.3051,1738.7615
1532,1199.7217,1239.0524,1687.8203
1533,1088.3164,1133.6298,1585.938
1534,988.5453,1039.8709,1437.6226
1535,940.2462,977.5146,1312.2983
1536,919.7984,947.4579,1224.8418
1537,912.7474,930.4108,1172.5482
1538,918.3882,925.4762,1149.5571
1539,953.9955,930.4108,1140.9918
1540,1057.9973,951.0467,1153.1636
1541,1218.7593,1012.9545,1221.6862
1542,1260.7125,1045.2542,1358.2806
1543,1202.8946,1045.2542,1470.5315
1544,1153.1853,1048.8431,1571.963
1545,1143.314,1051.5347,1612.9864
1546,1136.9681,1045.2542,1660.7719
1547,1136.9681,1041.6654,1689.1727
1548,1145.0767,1044.8056,1677.4518
1549,1144.0191,1042.5626,1676.0993
1550,1139.4359,1043.0112,1668.8864
1551,1146.8394,1031.3474,1626.5106
1552,1147.192,1039.8709,1609.8308
1553,1216.644,1114.7883,1623.355
1554,1281.8654,1260.5855,1771.6704
1555,1256.8345,1257.4453,1756.3429
1556,1196.1962,1272.2493,1694.5824
1557,1080.5604,1196.8834,1583.2332
1558,986.7825,1105.8162,1440.3274
1559,940.5987,1023.7211,1314.1015
1560,925.4391,982.8978,1227.5467
1561,915.9203,969.4396,1180.6628
1562,922.9713,961.3647,1153.1636
1563,959.6363,964.505,1143.6966
1564,1053.7667,985.1409,1151.8111
1565,1220.8746,1052.4319,1214.9241
1566,1264.9431,1082.04,1355.5758
1567,1213.1185,1091.4607,1488.1129
1568,1164.1143,1103.1245,1606.2243
1569,1145.4292,1117.4799,1655.813
1570,1142.6089,1109.8536,1712.1639
1571,1133.0901,1109.8536,1718.4752
1572,1124.6289,1097.7412,1694.1316
1573,1122.8662,1094.1524,1677.9026
1574,1117.5779,1086.5261,1660.7719
1575,1116.8728,1066.7873,1640.4856
1576,1121.8085,1078.4511,1621.1009
1577,1175.3958,1171.7614,1635.5267
1578,1229.3357,1322.0447,1776.6292
1579,1200.7793,1300.5116,1747.3268
1580,1154.948,1261.9314,1686.4679
1581,1077.74,1210.7902,1598.5606
1582,998.4166,1142.6019,1468.2774
1583,959.2838,1069.0304,1346.5596
1584,931.4325,1021.9266,1253.2426
1585,919.7984,992.3186,1186.9741
1586,912.0423,978.4118,1156.3192
1587,927.2019,976.6173,1136.4837
1588,963.1618,986.4867,1139.6394
1589,1027.3256,1016.0948,1165.7861
1590,1075.9772,1001.7393,1190.1297
1591,1132.0324,1007.1226,1241.0709
1592,1145.0767,1035.8335,1323.5685
1593,1140.141,1057.3666,1382.1734
1594,1119.6932,1051.0861,1414.6314
1595,1089.7266,1034.4876,1395.2468
1596,1058.7024,1021.9266,1369.1
1597,1047.4208,1008.4684,1340.2483
1598,1038.2546,999.0477,1305.987
1599,1044.6004,995.0102,1279.3894
1600,1063.638,1002.6366,1285.7007
1601,1130.9748,1085.6288,1353.7725
1602,1188.4401,1240.3982,1537.2509
1603,1164.1143,1237.258,1560.242
1604,1124.6289,1195.5375,1516.9646
1605,1060.4651,1156.5087,1459.7121
1606,993.8335,1114.7883,1369.1
1607,954.3481,1055.5722,1287.504
1608,937.0732,1013.8517,1210.416
1609,928.6121,989.1783,1169.3926
1610,930.3748,981.1034,1145.9506
1611,945.8869,982.0006,1135.5821
1612,974.0908,987.3839,1130.1724
1613,1028.7358,1013.8517,1144.5982
1614,1072.4518,991.4214,1136.0329
1615,1084.7909,991.4214,1159.9257
1616,1081.9706,1008.0198,1201.8507
1617,1074.2145,1023.7211,1250.5378
1618,1060.4651,1013.8517,1281.1927
1619,1052.004,1009.3657,1289.758
1620,1044.2479,1008.4684,1289.3072
1621,1036.8444,999.0477,1276.6846
1622,1029.7934,996.3561,1270.3733
1623,1048.831,996.8047,1266.316
1624,1081.2655,1005.3282,1275.783
1625,1153.1853,1097.2926,1357.8298
1626,1224.0475,1239.501,1512.4565
1627,1193.7284,1226.0428,1536.3493
1628,1141.5512,1192.3973,1498.4815
1629,1047.4208,1123.7604,1429.5081
1630,956.8159,1064.0957,1323.1177
1631,915.5678,998.1505,1234.3088
1632,899.7031,970.3368,1169.8434
1633,902.171,951.4954,1134.2297
1634,908.8694,946.1121,1118.0006
1635,949.0599,950.1495,1107.1813
1636,1048.1259,967.6452,1122.0579
1637,1208.5354,1028.6558,1197.3426
1638,1243.4377,1076.6567,1323.1177
1639,1215.9389,1101.3301,1450.2452
1640,1173.2806,1131.3867,1552.5783
1641,1151.7751,1132.284,1641.838
1642,1135.5579,1124.209,1695.484
1643,1134.1477,1113.4425,1695.484
1644,1121.1034,1114.3397,1709.9098
1645,1117.5779,1107.6106,1683.3122
1646,1112.9948,1095.0496,1668.4356
1647,1117.2254,1082.04,1664.8292
1648,1145.0767,1089.6663,1678.8042
1649,1227.573,1180.7335,1775.2768
1650,1272.6992,1347.6153,1901.0519
1651,1237.7969,1342.6806,1853.7172
1652,1172.928,1281.2215,1735.6058
1653,1069.2788,1199.575,1599.4622
1654,974.7959,1102.2273,1443.0323
1655,930.7274,1022.8239,1301.0282
1656,908.1643,977.9632,1216.7273
1657,900.4082,955.9814,1163.5321
1658,901.8184,942.9718,1144.5982
1659,938.1309,946.1121,1132.4264
1660,1031.2036,959.1217,1148.6555
1661,1187.3825,1012.0573,1212.2192
1662,1231.0985,1040.3195,1332.5846
1663,1182.7994,1067.6846,1438.975
1664,1142.6089,1090.5635,1527.7839
1665,1130.9748,1108.0592,1588.192
1666,1126.0391,1104.0217,1640.9364
1667,1128.1544,1102.6759,1658.5179
1668,1121.8085,1099.087,1658.5179
1669,1120.7509,1094.1524,1656.2638
1670,1118.9881,1081.5914,1638.2316
1671,1124.9814,1073.0678,1617.0437
1672,1141.1987,1082.04,1591.7985
1673,1217.3491,1181.1821,1616.142
1674,1284.3333,1365.111,1769.8671
1675,1254.3666,1360.6249,1756.7937
1676,1190.908,1318.0072,1689.1727
1677,1084.4384,1228.2858,1583.684
1678,992.0708,1126.0035,1435.8194
1679,952.9379,1042.114,1311.3967
1680,926.8493,999.0477,1214.0225
1681,910.9847,975.7201,1172.9991
1682,915.5678,963.6077,1145.049
1683,942.0089,965.8508,1141.4426
1684,1039.3122,989.6269,1155.8684
1685,1200.0742,1057.3666,1221.2354
1686,1245.2004,1090.1149,1336.6419
1687,1218.4067,1099.5357,1454.3024
1688,1172.2229,1119.2744,1545.3654
1689,1163.0567,1133.6298,1617.0437
1690,1145.4292,1126.0035,1643.1904
1691,1133.7952,1111.1994,1644.9937
1692,1120.7509,1105.8162,1658.9687
1693,1108.0591,1091.4607,1660.3211
1694,1111.9372,1074.4137,1656.2638
1695,1119.3407,1069.479,1614.7896
1696,1135.5579,1076.6567,1598.1098
1697,1211.0032,1169.0697,1613.4372
1698,1293.147,1365.111,1758.1462
1699,1270.5839,1368.6998,1740.5647
1700,1222.6373,1323.8391,1679.7058
1701,1116.1677,1235.9122,1568.3565
1702,1023.095,1131.8354,1419.1395
1703,980.7892,1043.9084,1301.479
1704,962.4567,998.5991,1210.416
1705,962.1042,979.7576,1168.0402
1706,969.8602,967.6452,1149.5571
1707,1011.4609,968.991,1146.8523
1708,1121.456,991.4214,1147.3031
1709,1298.4352,1063.1985,1215.8257
1710,1331.2222,1102.2273,1334.8387
1711,1277.6348,1110.3022,1447.5403
1712,1215.9389,1127.7979,1551.6767
1713,1176.1009,1132.284,1620.6501
1714,1145.7818,1109.405,1658.9687
1715,1129.5646,1106.2648,1672.4929
1716,1120.7509,1106.2648,1671.1405
1717,1112.2897,1094.1524,1657.6163
1718,1105.9438,1089.6663,1635.5267
1719,1116.1677,1073.0678,1617.0437
1720,1148.6022,1076.6567,1601.7162
1721,1232.5087,1173.5558,1630.1171
1722,1285.7434,1369.597,1783.8421
1723,1263.5329,1371.3915,1779.7849
1724,1210.2981,1322.9419,1687.8203
1725,1100.3031,1244.8843,1580.5283
1726,1000.1794,1147.9852,1435.8194
1727,956.1108,1061.8527,1306.8886
1728,936.7207,1012.5059,1215.8257
1729,922.2662,984.2437,1173.4499
1730,933.5477,974.3743,1147.7539
1731,970.9179,979.309,1136.9345
1732,1078.4451,1004.431,1155.8684
1733,1235.329,1075.3109,1220.7846
1734,1283.9807,1119.2744,1336.1911
1735,1243.4377,1138.1159,1457.4581
1736,1207.4777,1157.4059,1559.7912
1737,1184.9146,1127.7979,1649.5017
1738,1159.8837,1158.7518,1720.2784
1739,1147.192,1147.5366,1727.0405
1740,1129.9171,1121.0688,1690.5252
1741,1124.6289,1102.2273,1678.8042
1742,1111.9372,1092.3579,1632.8219
1743,1121.8085,1084.7316,1600.3638
1744,1148.6022,1127.3493,1588.192
1745,1230.7459,1255.2023,1636.4283
1746,1287.8587,1422.9813,1782.0389
1747,1269.1737,1415.355,1751.3841
1748,1227.9255,1378.5692,1681.0582
1749,1156.3582,1333.2599,1595.4049
1750,1061.5228,1249.819,1465.5726
1751,1010.4033,1161.4434,1361.8871
1752,991.3657,1097.7412,1282.9959
1753,976.9112,1064.5443,1215.8257
1754,980.4367,1035.8335,1177.5071
1755,997.359,1027.3099,1163.0813
1756,1036.4918,1037.1793,1166.2369
1757,1125.6865,1066.7873,1195.9902
1758,1201.4844,1065.4415,1214.4733
1759,1299.1403,1078.4511,1270.3733
1760,1387.6299,1098.1898,1373.1572
1761,1395.0334,1127.3493,1461.9661
1762,1375.6432,1118.3771,1493.9734
1763,1307.954,1101.3301,1500.2847
1764,1286.4485,1085.6288,1479.0968
1765,1268.4686,1078.8997,1452.95
1766,1265.2956,1047.9459,1433.5653
1767,1300.903,1057.3666,1402.0089
1768,1353.4327,1094.1524,1399.304
1769,1416.1863,1194.1917,1463.3186
1770,1436.9866,1376.7748,1635.9775
1771,1403.4946,1378.5692,1657.6163
1772,1361.1888,1345.8209,1616.142
1773,1267.7635,1282.5673,1556.1848
1774,1171.8704,1214.379,1453.4008
1775,1123.5713,1132.284,1358.2806
1776,1093.2521,1073.0678,1281.1927
1777,1068.5737,1045.7028,1223.9402
1778,1054.8243,1027.3099,1197.3426
1779,1075.9772,1023.2725,1185.6216
1780,1113.6999,1032.6932,1183.8184
1781,1187.3825,1048.3945,1193.2854
1782,1242.0275,1026.8613,1187.4249
1783,1260.7125,1032.2446,1222.5878
1784,1250.4886,1047.9459,1285.7007
1785,1212.766,1048.8431,1316.3556
1786,1171.8704,1047.0486,1348.3629
1787,1130.9748,1032.6932,1369.1
1788,1091.8419,1021.9266,1372.2556
1789,1057.2922,1006.2254,1363.6903
1790,1042.1326,995.0102,1349.7153
1791,1051.2989,994.113,1333.0354
1792,1092.1945,1012.5059,1338.4451
1793,1195.1385,1116.1341,1411.4758
1794,1303.7234,1298.2685,1596.3065
1795,1304.781,1323.8391,1631.0187
1796,1254.0141,1290.6422,1612.0848
1797,1159.8837,1232.7719,1542.2097
1798,1073.5094,1158.7518,1424.0984
1799,1041.075,1076.2081,1323.1177
1800,1027.3256,1031.796,1232.0547
1801,1033.3189,1008.917,1195.0886
1802,1050.5938,999.9449,1182.9168
1803,1102.4184,1009.8143,1173.4499
1804,1225.8102,1048.3945,1195.5394
1805,1409.1353,1128.6951,1273.5289
1806,1454.6141,1156.5087,1397.05
1807,1364.3617,1155.1629,1519.6694
1808,1274.1094,1154.2657,1618.8469
1809,1227.9255,1150.6768,1678.8042
1810,1184.2096,1133.6298,1709.9098
1811,1146.8394,1114.3397,1704.0494
1812,1111.5846,1102.2273,1741.0155
1813,1086.9062,1090.5635,1729.7453
1814,1084.0858,1073.9651,1647.2477
1815,1082.3231,1055.5722,1617.9453
1816,1105.9438,1071.722,1601.7162
1817,1193.3758,1156.0601,1621.5517
1818,1308.3065,1390.233,1783.8421
1819,1289.974,1396.5135,1817.6526
1820,1252.9565,1363.3165,1766.2607
1821,1151.4226,1277.184,1642.7396
1822,1056.5871,1174.453,1493.9734
1823,1022.7425,1084.283,1349.2645
1824,1008.6405,1035.8335,1255.0459
1825,1013.5762,1017.4406,1208.162
1826,1028.3832,1011.6087,1181.5644
1827,1085.1435,1021.9266,1174.3515
1828,1208.1828,1062.7499,1185.1708
1829,1383.7519,1150.6768,1255.9475
1830,1410.193,1176.2474,1384.8782
1831,1304.781,1174.453,1506.596
1832,1213.8236,1169.5183,1593.6017
1833,1167.6398,1153.3685,1647.2477
1834,1130.6222,1126.0035,1679.7058
1835,1110.8795,1117.4799,1691.4268
1836,1091.1368,1109.405,1681.509
1837,1081.9706,1098.1898,1665.28
1838,1075.6247,1088.3205,1646.7969
1839,1077.0349,1076.6567,1611.1832
1840,1098.5403,1081.5914,1592.7001
1841,1179.979,1152.9199,1632.3711
1842,1258.2447,1360.6249,1773.4736
1843,1230.0408,1370.4943,1765.8099
1844,1178.2162,1318.9045,1713.9671
1845,1077.3874,1226.94,1595.4049
1846,980.7892,1126.0035,1446.6387
1847,939.1885,1040.7681,1318.6096
1848,921.5611,992.3186,1228.4483
1849,910.9847,969.8882,1184.2692
1850,917.6831,963.1591,1164.4337
1851,958.9312,966.2994,1153.1636
1852,1060.8177,987.3839,1158.5732
1853,1203.2472,1051.9833,1231.6039
1854,1238.8545,1077.5539,1348.8137
1855,1182.7994,1086.5261,1466.925
1856,1146.8394,1100.8815,1568.8073
1857,1133.0901,1097.2926,1637.7808
1858,1112.6423,1088.3205,1673.8453
1859,1109.4693,1090.1149,1695.9348
1860,1099.9505,1089.6663,1676.0993
1861,1094.3097,1086.5261,1661.2227
1862,1090.0792,1073.5164,1644.0921
1863,1092.1945,1062.3013,1613.4372
1864,1096.0725,1069.479,1588.192
1865,1159.5312,1126.0035,1597.659
1866,1236.0341,1328.7738,1725.6881
1867,1220.1695,1342.6806,1739.2123
1868,1179.979,1290.6422,1689.6235
1869,1069.2788,1223.7998,1580.5283
1870,979.7316,1121.5174,1439.4258
1871,938.1309,1040.3195,1321.3145
1872,920.1509,999.4963,1240.1692
1873,919.0933,881.5127,1179.7612
1874,928.6121,879.7182,1160.8273
1875,981.4943,881.9613,1153.1636
1876,1090.0792,891.8306,1168.491
1877,1226.8679,904.8402,1230.7023
1878,1268.4686,1099.5357,1348.8137
1879,1211.0032,1116.5827,1472.3347
1880,1159.8837,1130.4895,1566.1025
1881,1139.0834,1127.3493,1622.9041
1882,1124.9814,1109.405,1662.1243
1883,1110.8795,1107.6106,1681.0582
1884,1097.4827,1098.1898,1679.255
1885,1092.1945,1097.7412,1663.9276
1886,1087.2588,1086.5261,1647.2477
1887,1090.0792,1078.8997,1609.8308
1888,1107.7066,1082.4886,1585.938
1889,1167.6398,1149.331,1608.9291
1890,1247.3157,1341.7834,1747.3268
1891,1225.1051,1339.0918,1745.5236
1892,1178.2162,1291.5394,1687.3695
1893,1074.2145,1198.2292,1580.9791
1894,980.0841,1100.8815,1433.5653
1895,932.1376,1023.2725,1312.7491
1896,918.7407,977.9632,1231.1531
1897,915.2152,956.8786,1180.212
1898,922.2662,947.4579,1154.516
1899,955.7583,946.5607,1145.4998
1900,1047.7734,960.4675,1159.024
1901,1178.9213,1012.0573,1223.0386
1902,1219.4644,1021.478,1326.7241
1903,1191.2605,1050.1889,1449.7944
1904,1147.192,1080.2456,1562.496
1905,1133.7952,1104.4703,1658.9687
1906,1121.456,1108.0592,1697.7381
1907,1113.6999,1107.6106,1710.3606
1908,1098.5403,1108.5078,1713.5163
1909,1087.6113,1095.0496,1700.4429
1910,1083.3808,1076.6567,1667.534
1911,1081.9706,1064.5443,1636.4283
1912,1088.669,1064.9929,1622.9041
1913,1123.5713,1126.0035,1638.2316
1914,1186.3248,1288.3992,1742.8187
1915,1166.2296,1293.3339,1742.8187
1916,1132.7375,1262.8286,1662.1243
1917,1060.8177,1200.4722,1565.2009
1918,977.9688,1122.8632,1450.696
1919,936.0156,1050.1889,1340.2483
1920,916.978,998.5991,1243.7757
1921,901.4659,971.6827,1195.0886
1922,896.8827,959.1217,1158.5732
1923,909.2219,955.5328,1158.5732
1924,940.9513,961.3647,1161.2781
1925,998.7692,978.4118,1191.4821
1926,1041.075,942.5232,1200.0475
1927,1081.618,951.0467,1253.2426
1928,1111.9372,977.066,1337.0927
1929,1108.4117,1005.3282,1407.8693
1930,1100.3031,1018.3378,1439.4258
1931,1076.3298,1021.478,1452.0484
1932,1049.8887,1012.0573,1434.9177
1933,1030.146,1006.674,1395.2468
1934,1022.0374,994.113,1366.3951
1935,1026.2679,989.1783,1329.429
1936,1052.3565,1002.1879,1312.7491
1937,1103.476,1087.8719,1377.6653
1938,1188.0876,1254.3051,1510.6533
1939,1167.2872,1258.3425,1519.2186
1940,1119.6932,1234.5663,1489.9162
1941,1055.1769,1179.3877,1431.3113
1942,992.7759,1113.4425,1357.8298
1943,960.694,1045.2542,1273.5289
1944,954.3481,999.0477,1204.1047
1945,948.3548,977.066,1160.3765
1946,951.1752,963.1591,1136.9345
1947,959.2838,966.748,1126.1152
1948,988.8978,969.8882,1126.1152
1949,1040.0173,985.1409,1136.9345
1950,1080.9129,966.2994,1127.4676
1951,1144.7241,982.8978,1154.516
1952,1182.4468,1016.992,1200.0475
1953,1185.9723,1040.3195,1240.6201
1954,1159.1786,1031.3474,1268.5701
1955,1134.8528,1029.1044,1283.4467
1956,1115.8152,1027.3099,1280.291
1957,1105.2387,1016.992,1275.3322
1958,1111.9372,1006.2254,1265.4144
1959,1129.9171,996.8047,1261.3572
1960,1166.5821,1006.2254,1273.5289
1961,1236.3867,1073.0678,1328.0766
1962,1319.5881,1226.0428,1494.875
1963,1316.7677,1243.5385,1541.7589
1964,1250.8412,1215.7249,1520.1202
1965,1141.9038,1155.1629,1452.4992
1966,1052.7091,1088.7691,1351.5185
1967,1008.288,1022.8239,1258.6523
1968,990.6606,988.7297,1175.7039
1969,983.6096,972.5799,1141.8934
1970,985.7249,970.3368,1122.5087
1971,1035.0816,977.9632,1119.3531
1972,1141.5512,1006.2254,1135.1313
1973,1289.2689,1069.0304,1206.8096
1974,1325.2288,1078.0025,1310.4951
1975,1278.3399,1109.8536,1427.254
1976,1236.3867,1126.9007,1530.038
1977,1201.837,1126.0035,1611.634
1978,1175.7484,1103.1245,1653.1082
1979,1149.6598,1090.1149,1677.9026
1980,1127.8018,1083.8344,1668.8864
1981,1117.5779,1076.6567,1661.2227
1982,1108.4117,1062.3013,1637.7808
1983,1105.9438,1048.3945,1619.7485
1984,1139.4359,1062.7499,1594.0525
1985,1203.5997,1146.6394,1655.3622
1986,1294.5572,1335.5029,1807.7349
1987,1274.8144,1359.7277,1814.0462
1988,1224.0475,1297.3713,1742.8187
1989,1117.9305,1204.9583,1637.33
1990,1023.4476,1102.2273,1465.5726
1991,979.0265,1013.8517,1336.1911
1992,962.8093,973.4771,1245.5789
1993,959.9889,954.6356,1188.3265
1994,975.8535,945.2149,1167.5894
1995,1017.1017,948.3551,1160.3765
1996,1118.9881,965.8508,1181.5644
1997,1252.6039,1032.2446,1244.6773
1998,1280.4552,1095.4982,1358.2806
1999,1238.1494,1105.8162,1467.3758
2000,1189.1452,1126.0035,1571.0614
2001,1172.928,1139.4617,1634.6251
2002,1156.0057,1117.4799,1663.0259
2003,1145.7818,1118.3771,1684.2139
2004,1144.7241,1146.6394,1671.5913
2005,1152.4802,1127.3493,1663.9276
2006,1162.7041,1108.5078,1642.2888
2007,1163.0567,1080.2456,1615.6912
2008,1177.5111,1092.3579,1598.5606
2009,1247.3157,1152.9199,1602.167
2010,1347.4394,1388.4385,1751.3841
2011,1325.5814,1415.355,1783.3913
2012,1277.9874,1360.6249,1712.6147
2013,1179.6264,1253.4078,1603.0686
2014,1086.5537,1133.6298,1468.7283
2015,1056.9396,1046.1514,1327.1749
2016,1053.4142,1001.7393,1247.833
2017,1049.5361,986.9353,1191.4821
2018,1066.4584,981.1034,1167.5894
2019,1102.7709,988.2811,1153.1636
2020,1225.4577,1019.235,1166.6878
2021,1387.9824,1082.04,1237.0136
2022,1395.0334,1108.5078,1349.2645
2023,1319.2355,1106.7134,1460.1629
2024,1237.4443,1100.8815,1550.7751
2025,1192.3182,1094.1524,1608.4783
2026,1152.1277,1084.283,1653.559
2027,1123.5713,1073.5164,1660.3211
2028,1102.0658,1067.6846,1660.7719
2029,1088.669,1063.1985,1662.1243
2030,1073.5094,1049.2917,1653.559
2031,1083.3808,1035.3849,1618.3961
2032,1092.1945,1039.8709,1594.9541
2033,1146.8394,1089.6663,1592.7001
2034,1250.4886,1267.3147,1718.0244
2035,1231.451,1285.2589,1730.6469
2036,1194.0809,1244.4357,1671.5913
2037,1100.3031,1162.7892,1552.5783
2038,1011.4609,1060.5068,1418.6887
2039,968.8026,984.6923,1288.4056
2040,954.3481,953.7384,1207.7112
2041,951.5277,939.383,1163.0813
2042,967.3924,932.2053,1138.7377
2043,1008.9931,934.4483,1131.074
2044,1115.1101,956.8786,1144.5982
2045,1240.6173,1005.3282,1201.8507
2046,1262.4753,1031.3474,1308.6919
2047,1212.4134,1046.6,1420.9427
2048,1166.2296,1053.7777,1527.3331
2049,1141.5512,1067.6846,1594.9541
2050,1127.0967,1073.5164,1665.28
2051,1118.283,1078.4511,1701.7953
2052,1110.1744,1081.5914,1713.5163
2053,1112.2897,1078.0025,1728.8437
2054,1106.2964,1069.479,1732.4502
2055,1117.5779,1059.161,1707.6558
2056,1114.7575,1059.6096,1662.1243
2057,1149.6598,1101.3301,1628.7646
2058,1238.8545,1273.1465,1718.4752
2059,1217.3491,1289.745,1742.3679
2060,1165.1719,1243.5385,1645.4445
2061,1077.3874,1150.6768,1523.2759
2062,981.8469,1047.9459,1382.1734
2063,930.3748,977.5146,1270.8241
2064,913.805,940.7288,1184.72
2065,906.049,925.4762,1145.4998
2066,906.7541,918.747,1110.7877
2067,938.4834,918.2984,1109.4353
2068,1016.7491,935.7941,1118.4514
2069,1125.334,970.3368,1167.1386
2070,1160.9414,986.9353,1263.6112
2071,1153.1853,1015.1975,1379.0177
2072,1140.4936,1038.5251,1490.8178
2073,1134.8528,1060.5068,1585.938
2074,1126.7442,1073.0678,1658.9687
2075,1125.334,1082.04,1707.6558
2076,1122.8662,1091.9093,1732.4502
2077,1126.3916,1093.2552,1758.1462
2078,1121.1034,1095.0496,1735.6058
2079,1122.8662,1080.6942,1699.9921
2080,1123.9238,1075.7595,1640.0348
2081,1146.4869,1117.9285,1595.8557
2082,1212.4134,1270.9035,1673.8453
2083,1182.7994,1265.0716,1663.0259
2084,1139.4359,1221.1081,1586.3888
2085,1066.1059,1144.845,1488.5637
2086,984.6672,1072.1706,1363.2395
2087,926.8493,1003.9824,1255.9475
2088,903.9337,955.5328,1181.1136
2089,888.069,933.5511,1135.5821
2090,886.6588,923.6817,1111.6893
2091,894.4149,919.6443,1102.6732
2092,930.7274,924.5789,1100.4192
2093,975.8535,927.7192,1113.0418
2094,1013.5762,915.6068,1124.7627
2095,1057.2922,932.2053,1185.6216
2096,1078.4451,964.0564,1270.3733
2097,1094.6623,1006.674,1334.8387
2098,1087.6113,1015.6462,1388.9355
2099,1086.5537,1020.5808,1399.7548
2100,1082.3231,1032.2446,1391.6403
2101,1079.8553,1028.2071,1372.7064
2102,1083.3808,1019.235,1349.7153
2103,1099.598,1021.9266,1326.2733
2104,1109.4693,1031.796,1326.2733
2105,1141.5512,1076.6567,1370.0016
2106,1196.5487,1232.7719,1493.0718
2107,1176.4535,1235.9122,1520.1202
2108,1121.456,1191.0515,1461.5153
2109,1048.4785,1127.7979,1397.9516
2110,973.0332,1073.0678,1312.7491
2111,913.4525,1008.0198,1235.6612
2112,883.4859,961.3647,1171.6466
2113,867.2687,937.5885,1139.6394
2114,858.8075,924.5789,1113.4926
2115,863.3906,916.9526,1113.9434
2116,873.6145,921.8873,1110.3369
2117,895.8251,917.8498,1102.6732
2118,928.9646,903.0458,1097.2635
2119,979.379,922.7845,1117.5498
2120,1012.8711,954.6356,1156.77
2121,1044.953,986.9353,1206.8096
2122,1055.882,992.7672,1252.341
2123,1060.1126,1003.9824,1278.4878
2124,1063.2855,1006.2254,1285.7007
2125,1062.5804,1007.5712,1285.2499
2126,1065.7533,1008.917,1275.783
2127,1079.5027,1010.2629,1269.0209
2128,1104.1811,1015.1975,1269.9225
2129,1152.1277,1049.7403,1299.6757
2130,1231.451,1204.9583,1441.6798
2131,1207.1252,1214.379,1488.5637
2132,1146.8394,1177.1447,1464.2202
2133,1051.6514,1113.4425,1389.8371
2134,954.3481,1048.8431,1290.6596
2135,909.5745,983.7951,1209.9652
2136,885.9537,946.5607,1145.9506
2137,871.1467,932.2053,1111.6893
2138,871.8518,926.822,1098.6159
2139,895.12,928.1678,1092.7555
2140,967.0398,944.7663,1103.5748
2141,1085.496,978.4118,1148.6555
2142,1139.0834,986.9353,1249.1854
2143,1152.8328,1021.9266,1373.608
2144,1156.7108,1062.7499,1479.5476
2145,1166.2296,1092.3579,1562.9469
2146,1165.5245,1104.0217,1620.6501
2147,1163.4092,1122.8632,1653.559
2148,1160.5888,1136.77,1651.7558
2149,1159.8837,1139.0131,1658.5179
2150,1159.8837,1129.1437,1640.4856
2151,1170.4602,1121.5174,1597.659
2152,1180.3315,1120.6202,1579.6267
2153,1211.7083,1166.8267,1600.3638
2154,1289.2689,1344.9237,1699.9921
2155,1258.5972,1351.2042,1711.2623
2156,1207.8303,1293.3339,1637.33
2157,1084.4384,1193.2945,1519.2186
2158,982.1994,1097.2926,1376.7637
2159,928.9646,1007.5712,1253.6935
2160,899.7031,960.0189,1172.9991
2161,885.9537,938.4858,1141.4426
2162,883.8384,928.6164,1124.7627
2163,902.5235,926.3734,1113.4926
2164,977.9688,939.383,1129.7216
2165,1090.4317,977.5146,1186.9741
2166,1138.3783,1009.3657,1288.8564
2167,1146.1343,1055.1236,1419.5903
2168,1150.7175,1094.1524,1538.1525
2169,1160.9414,1121.0688,1619.7485
2170,1150.7175,1113.4425,1689.6235
2171,1153.8904,1124.209,1730.6469
2172,1146.1343,1128.6951,1741.9171
2173,1139.0834,1122.8632,1746.4252
2174,1135.2053,1116.1341,1750.0316
2175,1144.0191,1109.8536,1768.0639
2176,1158.4735,1142.1533,1803.6776
2177,1182.4468,1210.7902,1856.8728
2178,1263.5329,1337.2973,1897.8962
2179,1245.5529,1338.1946,1859.1269
2180,1185.2672,1269.1091,1755.4413
2181,1081.618,1190.6029,1619.2977
2182,981.1418,1087.8719,1452.0484
2183,927.907,1007.1226,1320.8637
2184,957.8736,1017.8892,1177.9579
2185,948.0022,1008.917,1147.3031
2186,943.4191,1004.431,1127.4676
2187,964.9245,1005.3282,1123.8611
2188,1031.5562,1016.0948,1126.566
2189,1128.5069,1037.1793,1166.2369
2190,1178.9213,1058.2638,1265.8652
2191,1191.2605,1093.7038,1409.2218
2192,1189.1452,1124.6576,1542.6605
2193,1197.9589,1124.6576,1647.2477
2194,1202.1895,1124.209,1731.5486
2195,1200.0742,1124.6576,1755.8921
2196,1205.3624,1118.8258,1745.5236
2197,1203.2472,1117.9285,1727.9421
2198,1187.0299,1106.2648,1703.1477
2199,1179.2739,1098.1898,1652.2066
2200,1196.5487,1098.1898,1614.7896
2201,1229.6883,1124.6576,1614.7896
2202,1314.2999,1288.3992,1816.3002
2203,1287.1536,1315.3156,1874.9051
2204,1231.451,1275.8382,1772.1212
2205,1115.8152,1201.818,1590.4461
2206,1023.095,1121.0688,1383.9766
2207,977.6163,1056.918,1239.2676
2208,958.5787,1025.0669,1163.9829
2209,949.4124,1013.4031,1133.7789
2210,950.4701,1008.4684,1119.8039
2211,975.501,1008.4684,1117.5498
2212,1050.2412,1022.3753,1122.5087
2213,1156.7108,1041.2167,1152.2619
2214,1208.1828,1057.8152,1250.5378
2215,1188.4401,1077.5539,1398.8532
2216,1167.2872,1100.8815,1544.9146
2217,1170.1076,1115.2369,1644.5429
2218,1164.1143,1119.723,1727.0405
2219,1158.4735,1122.4146,1768.5147
2220,1159.1786,1117.9285,1761.7526
2221,1151.07,1119.723,1758.1462
2222,1142.2563,1110.7508,1716.6719
2223,1147.192,1105.3675,1664.3784
2224,1156.7108,1105.3675,1619.7485
2225,1187.735,1139.0131,1624.7074
2226,1284.6858,1289.745,1798.268
2227,1270.5839,1300.063,1846.5043
2228,1218.4067,1261.9314,1753.1873
2229,1114.7575,1180.2849,1574.217
2230,1019.9221,1091.4607,1367.2967
2231,976.9112,1034.039,1236.5628
2232,957.521,1007.5712,1158.1224
2233,950.4701,997.2533,1132.4264
2234,951.1752,993.2158,1120.2547
2235,972.6806,992.3186,1115.2958
2236,1035.7867,998.1505,1119.3531
2237,1139.0834,1011.1601,1149.5571
2238,1168.3449,1023.7211,1232.9563
2239,1171.8704,1054.2264,1383.9766
2240,1165.1719,1073.5164,1553.0291
2241,1175.0433,1092.3579,1662.1243
2242,1173.2806,1100.8815,1734.2534
2243,1166.9347,1110.7508,1741.9171
2244,1162.7041,1121.0688,1721.18
2245,1154.5955,1114.7883,1700.4429
2246,1144.7241,1108.0592,1694.1316
2247,1144.3716,1095.4982,1629.2154
2248,1156.0057,1095.0496,1624.7074
2249,1184.9146,1126.0035,1677.9026
2250,1239.5596,1270.4549,1818.1034
2251,1222.6373,1276.7354,1808.1857
2252,1181.7417,1239.0524,1688.7219
2253,1107.7066,1186.1168,1548.0702
2254,1029.7934,1120.6202,1360.0838
2255,981.4943,1063.6471,1230.7023
2256,958.2261,1029.1044,1172.0974
2257,947.2971,1015.6462,1136.0329
2258,939.8936,1006.674,1114.845
2259,943.7716,1002.6366,1112.1401
2260,968.45,1005.3282,1110.7877
2261,993.481,1003.0852,1116.6482
2262,1031.2036,997.2533,1124.3119
2263,1080.9129,1009.3657,1163.0813
2264,1115.4626,1034.039,1241.9725
2265,1128.5069,1062.7499,1316.3556
2266,1116.8728,1063.6471,1377.6653
2267,1105.2387,1063.1985,1405.1645
2268,1091.8419,1060.5068,1345.658
2269,1084.4384,1052.8805,1303.2822
2270,1084.0858,1047.4972,1268.1193
2271,1086.9062,1046.1514,1246.4805
2272,1103.1235,1047.0486,1232.5055
2273,1120.7509,1068.5818,1276.6846
2274,1196.9013,1193.2945,1521.0218
2275,1189.4978,1210.7902,1583.2332
2276,1141.9038,1179.8363,1512.9073
2277,1075.6247,1141.7047,1379.9193
2278,1007.2303,1098.6384,1264.062
2279,966.6873,1053.7777,1187.4249
2280,943.7716,1023.7211,1139.1885
2281,931.785,1008.0198,1114.845
2282,928.2595,1001.7393,1109.8861
2283,933.1952,1001.7393,1106.7305
2284,952.2328,1006.2254,1108.5337
2285,970.2128,1002.6366,1108.5337
2286,997.7115,995.9074,1108.0829
2287,1033.6714,1003.9824,1116.6482
2288,1059.76,1022.3753,1143.2458
2289,1075.9772,1032.6932,1176.6055
2290,1084.0858,1044.8056,1195.9902
2291,1083.7333,1058.2638,1198.2442
2292,1085.1435,1060.0582,1205.4571
2293,1085.1435,1060.0582,1207.2604
2294,1096.7776,1063.1985,1197.3426
2295,1116.1677,1067.236,1194.187
2296,1136.263,1069.9276,1198.2442
2297,1165.1719,1091.4607,1246.9314
2298,1267.7635,1218.8651,1454.7532
2299,1251.8988,1224.2484,1550.3243
2300,1176.1009,1178.0419,1474.5887
2301,1088.669,1121.5174,1313.1999
2302,1000.1794,1054.2264,1182.466
2303,957.8736,1016.0948,1129.2708
2304,936.3681,998.5991,1109.8861
2305,928.6121,992.7672,1105.378
2306,928.2595,991.87,1104.9272
2307,949.4124,996.3561,1106.2797
2308,1016.044,1016.992,1121.6071
2309,1112.6423,1043.4598,1209.0636
2310,1169.05,1053.7777,1307.3394
2311,1175.7484,1081.5914,1419.1395
2312,1176.4535,1115.6855,1541.3081
2313,1207.1252,1135.8728,1649.0509
2314,1226.1628,1163.6864,1706.7542
2315,1248.7259,1190.1543,1731.5486
2316,1268.116,1206.3041,1730.6469
2317,1290.6791,1121.0688,1724.3357
2318,1303.0183,1224.2484,1699.5413
2319,1309.7167,1220.6595,1657.6163
2320,1295.2622,1203.6125,1659.4195
2321,1327.3441,1246.6787,1615.6912
2322,1411.9557,1378.1206,1835.2341
2323,1386.5722,1364.6624,1841.0946
2324,1313.5948,1281.6701,1617.0437
2325,1175.7484,1182.5279,1445.2863
2326,1062.933,1086.0774,1240.6201
2327,1005.4676,1037.1793,1157.6716
2328,977.2637,1014.7489,1121.6071
2329,961.3991,1004.431,1111.2385
2330,956.4634,999.9449,1107.6321
2331,973.3857,1004.8796,1109.4353
2332,1031.9087,1028.6558,1127.9184
2333,1113.3474,1058.7124,1233.4072
2334,1162.7041,1066.7873,1369.5508
2335,1180.6841,1102.2273,1519.6694
2336,1196.9013,1141.7047,1659.4195
2337,1218.0542,1165.0323,1775.2768
2338,1237.7969,1204.5097,1845.1519
2339,1256.8345,1220.6595,1858.6761
2340,1258.2447,1235.9122,1837.0373
2341,1264.9431,1243.0899,1827.1196
2342,1256.8345,1239.9496,1788.801
2343,1254.7192,1241.2955,1770.3179
2344,1260.36,1230.0803,1733.3518
2345,1282.218,1243.9871,1731.5486
2346,1360.1311,1390.6816,1935.764
2347,1356.9582,1398.3079,1946.5834
2348,1292.0893,1305.8949,1718.4752
2349,1163.0567,1183.8738,1471.8839
2350,1057.9973,1094.601,1249.1854
2351,1009.3456,1037.1793,1178.8595
2352,977.9688,1010.7115,1132.4264
2353,962.8093,999.4963,1117.099
2354,960.3414,994.5616,1111.6893
2355,974.0908,998.1505,1115.7466
2356,1038.9597,1020.1322,1152.2619
2357,1130.2697,1051.5347,1268.5701
2358,1182.0943,1058.2638,1417.7871
2359,1208.1828,1078.8997,1518.7678
2360,1199.3691,1107.6106,1644.5429
2361,1183.1519,1130.4895,1737.409
2362,1172.928,1135.4242,1778.8833
2363,1172.5755,1134.0784,1745.5236
2364,1178.9213,1131.8354,1723.434
2365,1173.9857,1119.723,1694.1316
2366,1171.8704,1108.5078,1657.6163
2367,1186.6774,1119.723,1609.8308
2368,1184.9146,1118.8258,1571.963
2369,1216.9965,1157.4059,1552.1275
2370,1312.8897,1302.306,1720.2784
2371,1292.4419,1317.5586,1888.4293
2372,1228.6306,1258.3425,1725.2373
2373,1120.3983,1159.649,1535.8984
2374,1025.9154,1078.0025,1285.2499
2375,981.1418,1036.2821,1178.8595
2376,962.4567,1022.3753,1136.9345
2377,953.9955,1015.6462,1118.0006
2378,961.7516,1016.0948,1113.9434
2379,985.0198,1027.3099,1122.0579
2380,1066.1059,1072.1706,1154.516
2381,1175.0433,1121.0688,1270.8241
2382,1207.4777,1122.4146,1383.9766
2383,1180.3315,1134.9756,1496.6783
2384,1159.5312,1150.2282,1594.0525
2385,1161.2939,1127.7979,1649.5017
2386,1152.4802,1132.284,1678.8042
2387,1140.8461,1135.4242,1672.4929
2388,1136.9681,1139.4617,1680.6074
2389,1133.0901,1138.1159,1674.2961
2390,1128.5069,1137.6672,1661.2227
2391,1139.7885,1137.6672,1589.9953
2392,1151.7751,1138.5645,1530.4888
2393,1178.2162,1150.2282,1462.8678
2394,1278.6925,1282.5673,1663.0259
2395,1269.5262,1312.624,1815.3986
2396,1215.9389,1245.3329,1670.6897
2397,1110.1744,1147.9852,1466.0234
2398,1025.9154,1068.1332,1242.8741
2399,977.6163,1030.0016,1188.3265
2400,959.9889,1014.3003,1138.2869
2401,953.9955,1004.8796,1126.1152
2402,952.2328,1001.7393,1115.2958
2403,979.7316,1010.2629,1118.9022
2404,1060.8177,1043.9084,1161.2781
2405,1156.3582,1072.1706,1299.6757
2406,1192.3182,1082.9372,1461.9661
2407,1176.1009,1106.2648,1602.167
2408,1159.5312,1128.2465,1698.6397
2409,1166.2296,1132.7326,1787.8994
2410,1168.3449,1147.088,1863.6349
2411,1166.9347,1162.3406,1841.0946
2412,1182.4468,1172.21,1819.0051
2413,1185.2672,1172.21,1802.3252
2414,1188.7927,1176.696,1761.7526
2415,1201.1319,1164.1351,1644.5429
2416,1202.5421,1159.649,1540.4065
2417,1202.5421,1166.3781,1454.7532
2418,1277.6348,1275.3896,1642.7396
2419,1255.4243,1296.9227,1711.2623
2420,1199.3691,1243.0899,1542.6605
2421,1123.5713,1172.21,1444.8355
2422,1028.0307,1094.601,1265.8652
2423,981.4943,1041.2167,1181.1136
2424,953.9955,1019.235,1132.4264
2425,942.714,1007.1226,1117.099
2426,940.9513,1000.8421,1110.7877
2427,942.714,999.9449,1110.7877
2428,967.0398,1006.2254,1118.0006
2429,985.7249,1002.6366,1124.7627
2430,1031.2036,1003.5338,1150.0079
2431,1073.8619,1031.796,1199.1458
2432,1110.527,1070.3762,1284.3483
2433,1133.0901,1082.9372,1349.7153
2434,1142.2563,1094.601,1396.5992
2435,1147.192,1099.5357,1362.3379
2436,1159.5312,1112.5453,1334.8387
2437,1175.7484,1117.0313,1323.1177
2438,1204.3048,1127.7979,1291.5612
2439,1216.9965,1132.7326,1272.6273
2440,1237.7969,1147.088,1254.1443
2441,1232.8612,1146.1908,1251.4394
2442,1297.025,1251.6134,1444.8355
2443,1273.4043,1274.4924,1502.5388
2444,1204.3048,1226.4914,1435.8194
2445,1114.0524,1160.5462,1339.3467
2446,1031.9087,1088.7691,1218.5305
2447,983.6096,1039.8709,1146.4015
2448,954.7006,1013.8517,1118.9022
2449,936.7207,1001.2907,1110.7877
2450,933.9003,996.3561,1106.2797
2451,930.3748,993.6644,1105.8289
2452,944.8293,997.7019,1108.5337
2453,951.1752,990.0756,1110.7877
2454,987.4876,991.4214,1112.591
2455,1029.7934,1009.3657,1131.074
2456,1069.6314,1038.0765,1171.1958
2457,1097.1301,1063.1985,1227.9975
2458,1122.5136,1083.3858,1236.5628
2459,1152.4802,1097.7412,1250.5378
2460,1163.4092,1108.0592,1237.4644
2461,1183.1519,1119.2744,1249.1854
2462,1208.8879,1135.8728,1230.7023
2463,1226.8679,1151.5741,1215.8257
2464,1242.0275,1154.2657,1220.7846
2465,1246.258,1147.088,1272.1765
2466,1336.8629,1249.3704,1430.8605
2467,1326.9916,1271.8007,1551.2259
2468,1245.5529,1217.0707,1487.2113
2469,1131.3273,1146.6394,1305.0854
2470,1032.9664,1064.0957,1192.3837
2471,981.8469,1026.4127,1133.3281
2472,953.643,1006.2254,1110.7877
2473,943.7716,996.3561,1107.1813
2474,938.836,995.9074,1105.8289
2475,958.9312,1001.2907,1107.6321
2476,1018.1593,1022.3753,1132.4264
2477,1100.6556,1029.1044,1211.3176
2478,1154.2429,1046.1514,1326.7241
2479,1167.2872,1082.04,1489.0146
2480,1173.2806,1131.3867,1600.3638
2481,1186.3248,1145.2936,1700.4429
2482,1192.6707,1150.6768,1747.3268
2483,1200.4268,1166.3781,1825.3164
2484,1200.7793,1169.0697,1812.243
2485,1210.2981,1162.7892,1769.4163
2486,1202.1895,1146.6394,1760.851
2487,1211.3558,1134.527,1686.0171
2488,1222.6373,1123.7604,1623.8058
2489,1228.9832,1135.4242,1568.8073
2490,1323.4661,1261.9314,1759.0478
2491,1308.6591,1278.9784,1847.4059
2492,1240.2647,1221.5567,1706.7542
2493,1128.1544,1143.4991,1472.7855
2494,1025.5628,1066.3387,1294.2661
2495,978.3214,1025.9641,1184.2692
2496,955.0532,1005.7768,1145.049
2497,943.4191,997.7019,1125.2135
2498,943.7716,996.3561,1121.1563
2499,959.9889,1002.1879,1122.0579
2500,1023.4476,1025.0669,1168.9418
2501,1105.2387,1030.8988,1236.5628
2502,1155.3006,1043.4598,1330.3306
2503,1161.6465,1074.8623,1475.9412
2504,1171.8704,1108.0592,1599.913
2505,1186.6774,1126.0035,1685.1155
2506,1199.0166,1111.1994,1747.3268
2507,1217.3491,1116.1341,1720.2784
2508,1231.0985,1124.209,1760.851
2509,1249.431,1128.6951,1742.8187
2510,1268.116,1126.0035,1714.8687
2511,1289.2689,1121.966,1648.1493
2512,1288.2113,1109.8536,1601.2654
2513,1287.5062,1160.5462,1548.0702
2514,1367.8872,1296.4741,1690.5252
2515,1350.2598,1298.7171,1764.4574
2516,1273.4043,1241.2955,1629.2154
2517,1146.1343,1152.9199,1446.6387
2518,1042.4852,1070.8248,1273.9798
2519,984.6672,1029.1044,1172.0974
2520,953.643,1007.5712,1141.4426
2521,943.0666,997.2533,1115.7466
2522,942.3615,995.4588,1113.9434
2523,963.8669,999.4963,1115.2958
2524,1024.8577,1018.3378,1145.4998
2525,1110.1744,1023.2725,1217.1781
2526,1159.5312,1042.114,1318.1588
2527,1173.9857,1060.5068,1459.7121
2528,1188.0876,1092.3579,1581.8807
2529,1218.0542,1115.2369,1688.7219
2530,1250.8412,1147.9852,1734.2534
2531,1290.6791,1191.5001,1776.1784
2532,1330.1645,1243.9871,1782.9405
2533,1371.0601,1274.0438,1798.268
2534,1410.5455,1285.2589,1766.7115
2535,1446.5054,1288.8478,1709.459
2536,1456.7293,1316.6614,1602.167
2537,1425.0,1302.306,1494.875
2538,1473.6517,1406.8314,1628.3138
2539,1436.9866,1434.6451,1723.434
2540,1348.8496,1337.7459,1599.913
2541,1196.1962,1212.5846,1416.4347
2542,1066.1059,1115.2369,1264.5128
2543,1008.6405,1051.5347,1176.6055
2544,974.7959,1025.5155,1129.7216
2545,956.4634,1013.4031,1115.2958
2546,952.2328,1005.7768,1111.2385
2547,968.8026,1012.5059,1115.7466
2548,1029.4409,1033.1418,1147.3031
2549,1102.0658,1032.2446,1212.2192
2550,1164.4668,1053.3291,1325.3717
2551,1194.786,1098.1898,1480.4492
2552,1227.2204,1175.3502,1601.2654
2553,1283.6282,1225.5942,1742.8187
2554,1354.8429,1262.38,1854.6188
2555,1433.4612,1303.6518,1967.3205
2556,1502.5606,1349.4097,2036.2939
2557,1563.1989,1396.5135,2075.5141
2558,1613.9659,1449.8977,2085.8826
2559,1624.8949,1500.1417,2017.36
2560,1583.2942,1544.5538,1881.2164
2561,1545.219,1472.7766,1723.434
2562,1587.1722,1554.8717,1781.1373
2563,1541.6935,1591.2089,1822.1607
2564,1433.8137,1506.8708,1637.7808
2565,1285.7434,1334.6057,1434.4669
2566,1140.8461,1189.257,1270.3733
2567,1068.5737,1102.6759,1179.7612
2568,1033.6714,1053.7777,1136.4837
2569,1000.8845,1028.6558,1120.2547
2570,989.2504,1016.992,1114.3942
2571,1000.8845,1015.1975,1118.0006
2572,1047.0683,1035.8335,1143.2458
2573,1114.405,1038.9737,1201.3999
2574,1179.979,1049.2917,1300.5773
2575,1247.6682,1097.7412,1456.5565
2576,1304.076,1118.8258,1594.9541
2577,1366.8295,1161.892,1763.5558
2578,1391.8605,1191.5001,1795.5631
2579,1401.3793,1203.1639,1755.8921
2580,1417.5965,1215.2762,1753.1873
2581,1427.1153,1200.4722,1725.2373
2582,1460.2548,1178.0419,1661.2227
2583,1462.3701,1135.4242,1597.2082
2584,1437.3392,1142.1533,1542.6605
2585,1364.0092,1146.1908,1476.8428
2586,1376.3483,1235.4636,1583.2332
2587,1351.67,1261.9314,1635.0759
2588,1289.974,1213.0332,1527.3331
2589,1177.5111,1146.1908,1407.4185
2590,1072.4518,1076.2081,1275.3322
2591,1013.5762,1032.2446,1174.8023
2592,975.8535,1008.917,1139.6394
2593,955.4057,1000.8421,1121.1563
2594,940.2462,996.3561,1114.3942
2595,937.7783,995.4588,1113.9434
2596,951.1752,1000.3935,1121.6071
2597,961.3991,992.3186,1121.6071
2598,1018.5119,998.1505,1143.6966
2599,1091.1368,1024.1697,1191.4821
2600,1147.8971,1063.1985,1269.0209
2601,1184.5621,1102.6759,1332.5846
2602,1188.7927,1117.4799,1354.6742
2603,1197.6064,1098.1898,1352.4201
2604,1199.3691,1107.162,1300.1265
2605,1208.8879,1103.5731,1291.1104
2606,1230.0408,1111.1994,1275.3322
2607,1250.4886,1116.5827,1256.8491
2608,1260.0074,1120.6202,1251.4394
2609,1256.1294,1129.5923,1253.6935
2610,1308.3065,1252.062,1350.6169
2611,1296.6724,1297.8199,1447.9911
2612,1234.2714,1245.3329,1407.4185
2613,1140.8461,1174.453,1318.6096
2614,1047.0683,1096.844,1205.0063
2615,993.8335,1040.3195,1149.1063
2616,957.1685,1013.8517,1120.2547
2617,937.7783,999.0477,1109.8861
2618,928.9646,993.6644,1105.8289
2619,929.6697,992.7672,1105.378
2620,938.836,995.4588,1106.2797
2621,941.3038,985.5895,1105.8289
2622,982.9045,990.0756,1106.2797
2623,1042.1326,1008.0198,1121.6071
2624,1086.2011,1038.5251,1156.77
2625,1114.405,1061.4041,1182.466
2626,1141.1987,1077.5539,1199.1458
2627,1161.6465,1091.9093,1199.5966
2628,1182.0943,1098.6384,1196.8918
2629,1201.837,1097.2926,1190.1297
2630,1222.6373,1096.844,1180.212
2631,1248.7259,1097.2926,1168.491
2632,1256.8345,1092.8065,1177.9579
2633,1240.6173,1086.9747,1193.2854
2634,1315.71,1174.453,1288.4056
2635,1329.4594,1230.5289,1420.9427
2636,1249.7835,1182.0793,1392.5419
2637,1135.5579,1119.723,1262.7096
2638,1029.0883,1050.1889,1183.8184
2639,978.6739,1016.5434,1128.82
2640,953.2905,999.0477,1111.6893
2641,938.836,991.4214,1106.7305
2642,938.4834,990.0756,1105.8289
2643,953.2905,994.113,1109.8861
2644,1007.2303,1014.3003,1135.5821
2645,1084.0858,1021.0294,1187.4249
2646,1142.9614,1038.0765,1285.2499
2647,1173.9857,1073.5164,1416.8855
2648,1203.5997,1105.8162,1525.5299
2649,1237.4443,1117.4799,1635.9775
2650,1256.8345,1127.3493,1668.8864
2651,1272.3466,1124.6576,1672.4929
2652,1295.2622,1093.7038,1686.0171
2653,1322.761,1094.1524,1686.0171
2654,1341.4461,1091.4607,1630.5679
2655,1356.6056,1085.6288,1591.3477
2656,1343.9139,1084.283,1516.063
2657,1319.2355,1105.8162,1445.2863
2658,1390.0977,1230.0803,1548.9718
2659,1392.9181,1274.4924,1692.3284
2660,1303.7234,1219.7623,1550.3243
2661,1171.5178,1131.3867,1407.4185
2662,1059.76,1056.0208,1248.7346
2663,1002.6472,1018.3378,1163.5321
2664,971.623,1002.1879,1131.9756
2665,957.8736,989.6269,1115.2958
2666,955.7583,988.2811,1112.1401
2667,973.3857,992.3186,1118.9022
2668,1034.3765,1011.1601,1155.4176
2669,1114.7575,1021.478,1207.2604
2670,1168.3449,1040.3195,1312.7491
2671,1182.7994,1062.7499,1451.5976
2672,1188.7927,1090.1149,1576.0202
2673,1215.2338,1101.3301,1670.6897
2674,1236.3867,1107.6106,1763.5558
2675,1260.7125,1110.3022,1806.3825
2676,1290.6791,1088.7691,1828.0212
2677,1320.6457,1083.3858,1864.5365
2678,1347.4394,1082.4886,1843.3486
2679,1376.3483,1128.2465,1782.0389
2680,1377.7585,1123.7604,1740.1139
2681,1347.7919,1142.1533,1618.8469
2682,1411.9557,1260.5855,1723.434
2683,1400.3216,1322.9419,1813.1446
2684,1312.5371,1253.4078,1609.8308
2685,1166.9347,1134.0784,1437.6226
2686,1056.9396,1060.0582,1256.3983
2687,1001.5896,1020.5808,1148.2047
2688,975.501,1004.8796,1119.8039
2689,962.1042,997.2533,1109.8861
2690,958.9312,995.4588,1105.8289
2691,980.0841,1001.7393,1107.6321
2692,1038.6071,1027.7585,1140.0902
2693,1113.6999,1041.2167,1181.1136
2694,1171.8704,1064.5443,1279.3894
2695,1185.2672,1090.5635,1423.6476
2696,1200.4268,1119.2744,1550.3243
2697,1234.2714,1132.284,1707.6558
2698,1259.3023,1148.8824,1813.1446
2699,1291.0317,1128.2465,1896.5438
2700,1332.9849,1147.5366,1928.5511
2701,1377.7585,1153.3685,1956.5011
2702,1419.3592,1175.3502,1927.1987
2703,1446.1529,1201.3694,1868.5938
2704,1439.4545,1202.7153,1740.1139
2705,1400.6742,1201.818,1582.3315
2706,1457.787,1312.624,1620.6501
2707,1434.5188,1359.2791,1725.2373
2708,1347.0868,1278.0812,1567.9057
2709,1197.6064,1157.8546,1364.1411
2710,1072.8043,1071.2734,1205.0063
2711,1011.4609,1027.3099,1150.4587
2712,981.4943,1005.7768,1131.074
2713,962.4567,996.8047,1115.2958
2714,958.9312,995.4588,1111.2385
2715,981.1418,998.5991,1115.2958
2716,1037.1969,1017.8892,1144.1474
2717,1115.1101,1030.8988,1208.162
2718,1171.5178,1052.8805,1341.6008
2719,1189.8503,1091.4607,1490.8178
2720,1209.9456,1135.4242,1692.3284
2721,1248.3733,1162.3406,1857.3236
2722,1286.8011,1184.3224,1958.7551
2723,1329.4594,1182.5279,2028.6302
2724,1382.3417,1219.7623,2109.3246
2725,1438.0443,1268.2119,2115.1851
2726,1493.0418,1262.38,2097.6036
2727,1523.361,1282.5673,2017.36
2728,1525.8288,1301.4088,1885.2736
2729,1471.1838,1299.1657,1695.0332
2730,1513.4896,1428.3646,1695.9348
2731,1484.5807,1458.8698,1837.0373
2732,1383.7519,1357.4847,1657.6163
2733,1228.2781,1204.5097,1426.3524
2734,1097.1301,1096.844,1249.1854
2735,1032.2613,1043.0112,1176.1547
2736,997.359,1016.5434,1138.2869
2737,976.9112,1005.3282,1122.9595
2738,971.9755,1001.7393,1113.4926
2739,986.0774,1005.7768,1119.8039
2740,1037.1969,1029.1044,1149.5571
2741,1110.8795,1043.9084,1232.5055
2742,1175.0433,1069.0304,1352.4201
2743,1201.1319,1113.4425,1502.9896
2744,1232.1561,1157.4059,1670.6897
2745,1277.9874,1172.6586,1785.6454
2746,1337.568,1197.7806,1897.8962
2747,1404.5522,1171.3128,1904.2075
2748,1463.4278,1197.7806,1937.1164
2749,1509.259,1244.4357,1914.5761
2750,1504.6759,1303.2032,1845.1519
2751,1505.7335,1331.9141,1771.2196
2752,1495.5096,1328.3252,1604.8719
2753,1435.929,1360.1763,1487.6621
2754,1475.4144,1393.8218,1519.6694
2755,1445.0953,1450.7949,1687.8203
2756,1372.1178,1367.354,1544.9146
2757,1251.8988,1259.6883,1411.025
2758,1133.7952,1141.7047,1268.5701
2759,1058.7024,1073.0678,1162.6305
2760,1018.8644,1038.5251,1137.3853
2761,991.3657,1016.992,1118.0006
2762,977.2637,1005.3282,1110.7877
2763,974.0908,1004.431,1110.7877
2764,984.6672,1008.4684,1118.4514
2765,993.1284,995.9074,1116.6482
2766,1054.1192,1009.8143,1139.1885
2767,1133.4426,1053.3291,1205.0063
2768,1200.7793,1105.3675,1285.7007
2769,1262.4753,1140.3589,1387.583
2770,1304.781,1130.9381,1392.0911
2771,1341.4461,1192.8459,1409.2218
2772,1382.6942,1224.697,1379.9193
2773,1423.5898,1243.9871,1344.7564
2774,1459.1972,1263.2772,1330.3306
2775,1482.1128,1255.6509,1319.0604
2776,1458.4921,1257.4453,1306.8886
2777,1381.284,1218.8651,1287.504
2778,1386.5722,1286.6048,1401.5581
2779,1368.2397,1347.1667,1512.9073
2780,1274.4619,1281.6701,1447.9911
2781,1178.2162,1197.7806,1344.3056
2782,1086.2011,1113.4425,1192.3837
2783,1026.973,1054.675,1160.3765
2784,988.5453,1021.478,1131.5248
2785,966.3347,1007.1226,1117.099
2786,952.2328,999.0477,1109.4353
2787,948.0022,995.0102,1108.0829
2788,951.8803,997.2533,1108.9845
2789,950.1175,985.5895,1106.7305
2790,992.0708,990.9728,1114.3942
2791,1050.5938,1013.8517,1135.1313
2792,1099.9505,1042.114,1184.2692
2793,1133.7952,1060.5068,1225.7434
2794,1151.07,1077.1053,1248.2838
2795,1163.0567,1087.8719,1260.4556
2796,1172.928,1092.8065,1260.0047
2797,1182.4468,1096.3954,1255.0459
2798,1189.1452,1099.5357,1255.0459
2799,1205.0099,1097.2926,1257.7507
2800,1219.4644,1105.8162,1274.4306
2801,1211.3558,1104.9189,1275.783
2802,1280.4552,1178.9391,1408.771
2803,1292.0893,1245.3329,1563.8485
2804,1224.0475,1200.0236,1455.6549
2805,1118.6356,1128.6951,1330.7814
2806,1024.5052,1062.3013,1201.3999
2807,981.1418,1020.5808,1138.2869
2808,960.694,1005.7768,1116.6482
2809,947.2971,996.3561,1109.8861
2810,946.9446,996.3561,1108.0829
2811,967.7449,998.5991,1114.845
2812,1026.2679,1021.478,1159.4748
2813,1103.8286,1030.8988,1208.6128
2814,1163.4092,1051.5347,1323.5685
2815,1176.4535,1071.722,1482.7033
2816,1183.5045,1098.6384,1589.9953
2817,1209.593,1124.6576,1698.6397
2818,1222.2848,1152.9199,1787.8994
2819,1243.7902,1166.3781,1832.9801
2820,1257.5396,1193.7431,1828.0212
2821,1285.0383,1202.7153,1830.2752
2822,1312.5371,1220.6595,1792.4075
2823,1329.4594,1224.2484,1730.6469
2824,1338.9782,1218.4165,1640.9364
2825,1316.4151,1218.4165,1521.9234
2826,1381.284,1310.3809,1594.9541
2827,1383.7519,1414.4577,1740.1139
2828,1305.4861,1334.6057,1559.3404
2829,1169.05,1207.6499,1379.4685
2830,1050.9463,1094.1524,1272.6273
2831,1000.8845,1037.6279,1150.4587
2832,971.9755,1016.0948,1128.82
2833,958.5787,1005.3282,1113.4926
2834,959.9889,1001.7393,1108.5337
2835,976.9112,1008.0198,1115.2958
2836,1035.0816,1033.5904,1150.4587
2837,1109.4693,1037.1793,1219.4321
2838,1166.2296,1070.3762,1371.354
2839,1185.9723,1125.5549,1507.4976
2840,1202.8946,1168.6211,1609.8308
2841,1235.6816,1203.6125,1739.2123
2842,1271.6415,1248.0246,1790.6042
2843,1292.4419,1283.0159,1799.6204
2844,1336.8629,1318.9045,1789.7026
2845,1374.5856,1362.4193,1786.547
2846,1425.0,1389.7844,1756.7937
2847,1449.3258,1404.1398,1665.28
2848,1447.5631,1379.0178,1638.6824
2849,1413.0134,1339.0918,1612.9864
2850,1456.3768,1425.2243,1739.2123
2851,1448.6207,1468.2906,1805.4809
2852,1347.7919,1360.1763,1649.5017
2853,1202.8946,1230.0803,1427.7048
2854,1074.9196,1110.3022,1243.7757
2855,1020.6272,1048.8431,1166.2369
2856,991.3657,1024.1697,1132.4264
2857,974.4433,1008.0198,1114.845
2858,969.5077,1003.0852,1111.2385
2859,988.1927,1005.3282,1116.6482
2860,1039.6648,1025.9641,1159.024
2861,1120.3983,1031.3474,1232.0547
2862,1181.7417,1063.1985,1379.9193
2863,1206.7726,1112.9939,1538.1525
2864,1232.8612,1178.4905,1667.9848
2865,1265.6482,1217.0707,1778.8833
2866,1305.1336,1250.2676,1832.9801
2867,1341.0935,1248.9218,1831.1768
2868,1386.2197,1283.9131,1842.447
2869,1430.6408,1315.7642,1830.2752
2870,1485.2857,1325.185,1786.547
2871,1522.6559,1312.624,1727.0405
2872,1512.0794,1278.0812,1635.9775
2873,1438.0443,1267.3147,1603.0686
2874,1470.1262,1401.4481,1752.2857
2875,1453.2039,1493.4126,1799.6204
2876,1365.4193,1376.3261,1639.1332
2877,1213.1185,1229.1831,1447.5403
2878,1087.9639,1119.723,1257.7507
2879,1028.0307,1056.4694,1167.5894
2880,989.9555,1026.4127,1134.2297
2881,975.1484,1011.6087,1116.6482
2882,967.7449,1006.674,1112.1401
2883,983.9621,1010.2629,1117.5498
2884,1038.6071,1036.2821,1148.6555
2885,1111.9372,1057.3666,1237.4644
2886,1177.1586,1084.7316,1426.3524
2887,1195.4911,1126.0035,1583.2332
2888,1212.0609,1185.6682,1755.8921
2889,1228.2781,1238.1552,1849.2091
2890,1238.1494,1270.4549,1906.0108
2891,1248.0208,1303.6518,1917.7317
2892,1260.36,1298.7171,1941.1737
2893,1263.8855,1244.4357,1941.1737
2894,1258.2447,1239.0524,1892.4866
2895,1231.8036,1246.2301,1822.1607
2896,1222.6373,1231.4261,1679.7058
2897,1221.9322,1261.9314,1572.8646
2898,1293.4995,1361.5221,1634.1743
2899,1290.6791,1397.4107,1796.4647
2900,1235.6816,1311.2781,1659.4195
2901,1133.0901,1191.9487,1434.9177
2902,1035.0816,1100.4329,1264.5128
2903,993.1284,1045.7028,1168.0402
2904,938.1309,951.944,1151.3603
2905,925.0866,931.7567,1115.2958
2906,921.5611,920.9901,1104.4764
2907,940.5987,929.9622,1123.8611
2908,1000.8845,956.43,1179.7612
2909,1072.0992,960.9161,1292.012
2910,1124.2763,1002.1879,1425.4508
2911,1130.2697,1050.1889,1520.571
2912,1130.6222,1101.7787,1585.0364
2913,1137.6732,1129.1437,1648.1493
2914,1139.4359,1167.2753,1673.3945
2915,1135.2053,1204.0611,1677.0009
2916,1128.1544,1241.7441,1676.5501
2917,1144.0191,1276.2868,1658.0671
2918,1150.3649,1315.3156,1618.8469
2919,1167.6398,1345.3723,1581.8807
2920,1169.7551,1355.6902,1547.1686
2921,1155.6531,1342.6806,1508.3992
2922,1201.1319,1361.9707,1557.988
2923,1211.3558,1369.597,1593.6017
2924,1178.2162,1312.624,1528.6855
2925,1105.2387,1241.7441,1437.1718
2926,1026.2679,1154.2657,1330.7814
2927,969.5077,1076.2081,1232.9563
2928,940.2462,1029.553,1171.1958
2929,917.3305,989.6269,1137.3853
2930,908.1643,969.4396,1114.845
2931,911.6898,955.9814,1108.9845
2932,921.5611,949.7009,1139.1885
2933,939.5411,929.065,1132.8773
2934,994.186,968.991,1179.3103
2935,1057.9973,1039.4223,1271.2749
2936,1109.4693,1086.9747,1375.4113
2937,1150.3649,1170.4156,1429.5081
2938,1175.3958,1209.893,1463.3186
2939,1201.1319,1250.7162,1466.4742
2940,1223.695,1282.5673,1443.9339
2941,1253.6616,1320.6989,1433.1145
2942,1287.5062,1362.4193,1411.4758
2943,1319.5881,1396.9621,1397.5008
2944,1329.812,1407.7286,1387.1322
2945,1310.4218,1379.915,1378.5669
2946,1323.4661,1380.3636,1420.0411
2947,1318.883,1386.1955,1499.8339
2948,1249.431,1335.9515,1457.4581
2949,1166.5821,1268.6605,1381.2717
2950,1069.6314,1183.8738,1287.9548
2951,1015.3389,1102.2273,1183.8184
2952,965.9822,1043.4598,1130.6232
2953,937.7783,999.0477,1090.0506
2954,919.0933,972.5799,1069.3135
2955,912.0423,959.5703,1064.3546
2956,907.4592,949.7009,1067.5103
2957,912.3949,915.1582,1063.453
2958,967.7449,956.43,1085.9934
2959,1042.4852,1028.6558,1147.7539
2960,1121.1034,1114.7883,1224.391
2961,1189.1452,1194.1917,1273.9798
2962,1259.3023,1261.9314,1324.4701
2963,1330.8696,1316.6614,1342.0516
2964,1386.5722,1368.2512,1364.5919
2965,1447.2105,1422.9813,1377.6653
2966,1494.452,1467.3934,1379.0177
2967,1543.4562,1496.1042,1372.7064
2968,1557.5581,1475.0197,1366.3951
2969,1521.5982,1390.233,1374.5096
2970,1509.259,1411.3175,1429.9589
2971,1479.9975,1449.0005,1518.7678
2972,1378.1111,1390.6816,1467.3758
2973,1252.2514,1293.3339,1369.1
2974,1122.1611,1187.4626,1253.6935
2975,1067.8686,1103.5731,1174.8023
2976,1009.6982,1047.9459,1126.1152
2977,984.6672,1013.8517,1088.6982
2978,965.9822,990.0756,1080.5837
2979,982.9045,982.4492,1091.8538
2980,1031.5562,992.7672,1157.6716
2981,1110.8795,1004.431,1246.0297
2982,1195.8436,1076.2081,1356.0266
2983,1264.238,1155.1629,1463.3186
2984,1327.6967,1254.7537,1547.6194
2985,1411.6032,1344.9237,1611.1832
2986,1488.8112,1422.9813,1645.8953
2987,1568.8397,1479.5057,1675.1977
2988,1646.0477,1534.2358,1714.8687
2989,1711.6217,1600.6296,1727.9421
2990,1748.2867,1608.7045,1717.1227
2991,1783.189,1611.3962,1693.23
2992,1784.9518,1643.2473,1636.8792
2993,1725.0186,1605.1157,1576.0202
2994,1694.3469,1613.6392,1592.7001
2995,1635.8238,1628.4433,1658.9687
2996,1522.3033,1523.9178,1576.0202
2997,1359.0735,1378.5692,1441.6798
2998,1207.4777,1251.6134,1312.2983
2999,1119.3407,1152.4713,1221.2354
3000,1057.9973,1086.9747,1172.9991
3001,1017.4542,1046.6,1134.2297
3002,999.1217,1022.3753,1119.8039
3003,1011.1084,1018.7864,1131.5248
3004,1060.4651,1034.039,1204.5555
3005,1137.6732,1048.8431,1303.733
3006,1227.2204,1119.723,1423.1968
3007,1279.045,1212.5846,1521.0218
3008,1330.5171,1296.4741,1611.1832
3009,1408.0777,1384.4011,1681.9598
3010,1491.2791,1475.9169,1714.8687
3011,1560.026,1540.9649,1706.3034
3012,1616.0811,1609.6018,1695.484
3013,1668.9634,1685.8649,1839.2914
3014,1698.2249,1709.1925,1829.8244
3015,1744.7613,1738.352,1800.9728
3016,1753.9275,1719.9591,1687.8203
3017,1688.001,1672.4067,1615.6912
3018,1653.4513,1663.4346,1651.305
3019,1612.9082,1649.5278,1706.7542
3020,1527.9441,1533.3386,1616.142
3021,1361.8939,1380.8122,1472.3347
3022,1210.6507,1256.9967,1334.8387
3023,1121.456,1165.9295,1232.9563
3024,1057.2922,1103.5731,1178.8595
3025,1020.6272,1066.7873,1150.9095
3026,1003.3523,1038.5251,1133.7789
3027,1017.1017,1034.4876,1156.77
3028,1065.0482,1053.7777,1218.0797
3029,1138.7308,1068.5818,1326.7241
3030,1200.0742,1132.7326,1425.9016
3031,1241.3224,1214.8276,1481.8016
3032,1275.167,1297.8199,1568.3565
3033,1331.2222,1365.111,1680.1566
3034,1408.7828,1427.0187,1705.8526
3035,1475.0619,1473.2252,1702.6969
3036,1537.1103,1513.5999,1713.5163
3037,1595.2808,1569.2271,1708.5574
3038,1609.3827,1609.1532,1701.7953
3039,1611.1455,1595.2463,1666.1816
3040,1590.6977,1575.5076,1618.3961
3041,1549.4495,1539.1705,1580.0775
3042,1547.3342,1537.376,1632.3711
3043,1533.9374,1553.5259,1669.788
3044,1451.0886,1461.5615,1592.7001
3045,1291.0317,1347.6153,1452.95
3046,1151.7751,1228.2858,1328.5274
3047,1070.689,1137.2186,1227.0959
3048,1021.6848,1082.4886,1186.0724
3049,985.0198,1046.1514,1148.6555
3050,973.0332,1023.2725,1140.541
3051,991.0131,1024.6183,1151.8111
3052,1038.9597,1046.1514,1210.8668
3053,1115.4626,1058.7124,1307.7903
3054,1185.2672,1109.8536,1438.975
3055,1220.8746,1153.8171,1533.6444
3056,1256.8345,1222.0054,1626.9614
3057,1301.2556,1252.062,1695.9348
3058,1348.497,1293.3339,1727.4913
3059,1401.7318,1320.6989,1727.0405
3060,1456.7293,1370.9429,1742.3679
3061,1510.6692,1412.6633,1743.7203
3062,1547.3342,1442.2714,1715.3195
3063,1585.762,1458.8698,1687.3695
3064,1585.762,1442.2714,1626.5106
3065,1516.6625,1392.0274,1566.1025
3066,1499.7402,1388.4385,1604.4211
3067,1485.6383,1419.841,1682.4106
3068,1407.7251,1349.8583,1601.2654
3069,1272.6992,1246.2301,1480.4492
3070,1147.8971,1141.7047,1349.2645
3071,1071.3941,1066.7873,1252.341
3072,1028.3832,1018.7864,1188.7773
3073,997.7115,986.4867,1154.9668
3074,987.1351,967.6452,1136.4837
3075,995.9488,974.8229,1148.2047
3076,1043.1903,995.9074,1218.5305
3077,1116.1677,1009.3657,1315.9048
3078,1189.8503,1060.5068,1426.8032
3079,1226.8679,1132.7326,1530.4888
3080,1260.0074,1190.6029,1607.1259
3081,1301.9607,1228.7345,1672.0421
3082,1330.5171,1248.0246,1708.5574
3083,1367.1821,1251.6134,1720.2784
3084,1403.142,1246.2301,1697.7381
3085,1442.6274,1250.7162,1694.5824
3086,1462.7227,1278.9784,1705.4018
3087,1487.401,1305.4462,1674.2961
3088,1485.2857,1313.0726,1617.0437
3089,1427.8204,1296.4741,1534.9968
3090,1422.1796,1300.9602,1534.9968
3091,1417.2439,1328.7738,1614.7896
3092,1350.9649,1274.941,1556.6356
3093,1257.8921,1197.332,1454.3024
3094,1142.6089,1112.0966,1332.5846
3095,1067.5161,1042.114,1231.6039
3096,1021.6848,993.6644,1176.6055
3097,992.0708,965.4022,1137.3853
3098,969.8602,943.4204,1124.3119
3099,965.9822,941.1774,1126.1152
3100,966.6873,934.8969,1155.8684
3101,982.552,918.747,1163.0813
3102,1053.7667,957.7759,1196.441
3103,1138.3783,1022.8239,1292.4628
3104,1207.1252,1091.0121,1386.6814
3105,1284.3333,1148.8824,1454.7532
3106,1347.4394,1189.7057,1507.9484
3107,1404.5522,1232.3233,1506.1452
3108,1450.736,1274.4924,1493.9734
3109,1498.33,1327.8766,1446.1879
3110,1524.7712,1368.2512,1432.2129
3111,1553.6801,1396.0649,1417.3363
3112,1557.2056,1404.1398,1396.5992
3113,1497.9775,1379.4664,1379.4685
3114,1469.7736,1362.8679,1422.2952
3115,1438.7494,1388.4385,1498.4815
3116,1350.6123,1326.9794,1462.8678
3117,1253.6616,1252.5106,1387.1322
3118,1144.0191,1160.5462,1297.8725
3119,1070.3365,1085.1802,1219.8829
3120,1026.973,1026.4127,1160.3765
3121,987.1351,993.2158,1131.9756
3122,966.3347,968.991,1110.7877
3123,960.694,960.9161,1097.7143
3124,946.9446,948.3551,1091.8538
3125,956.4634,918.747,1090.5014
3126,1011.1084,963.6077,1109.8861
3127,1090.4317,1037.6279,1172.0974
3128,1164.4668,1121.966,1233.858
3129,1245.9055,1205.4069,1290.6596
3130,1320.9983,1278.9784,1322.6669
3131,1392.5656,1346.7181,1344.3056
3132,1463.0752,1344.4751,1363.6903
3133,1532.1747,1436.4395,1370.9032
3134,1577.6534,1505.5249,1371.354
3135,1606.9149,1548.1426,1372.2556
3136,1623.8372,1552.6287,1383.9766
3137,1575.1856,1525.7123,1387.1322
3138,1555.7954,1510.9082,1426.3524
3139,1539.5782,1524.815,1532.7428
3140,1432.051,1440.4769,1493.5226
3141,1299.1403,1354.793,1393.8943
3142,1167.6398,1247.5759,1268.5701
3143,1089.0215,1152.0227,1168.0402
3144,1039.3122,1090.5635,1135.5821
3145,1003.3523,1051.9833,1108.0829
3146,992.4233,1022.8239,1101.3208
3147,1006.8778,1022.3753,1112.591
3148,1052.7091,1038.0765,1175.7039
3149,1143.314,1056.4694,1270.8241
3150,1217.3491,1134.0784,1403.3613
3151,1287.1536,1227.8372,1498.0307
3152,1344.2665,1305.8949,1610.7324
3153,1411.6032,1386.1955,1692.3284
3154,1487.401,1470.5336,1717.5736
3155,1555.4428,1550.8343,1740.1139
3156,1634.4137,1607.8073,1766.2607
3157,1701.0453,1689.0052,1786.9978
3158,1735.9476,1771.1003,1792.8583
3159,1758.5106,1810.1291,1768.5147
3160,1754.9852,1795.7736,1698.6397
3161,1693.9943,1731.1742,1625.1582
3162,1644.6376,1706.5009,1644.0921
3163,1608.6776,1713.23,1701.3445
3164,1516.6625,1621.2655,1617.4945
3165,1369.2974,1475.9169,1476.392
3166,1221.5797,1321.5961,1345.2072
3167,1126.0391,1206.3041,1213.1208
3168,1065.0482,1135.4242,1159.4748
3169,1023.8001,1085.6288,1134.6805
3170,1006.8778,1056.4694,1119.8039
3171,1015.3389,1055.1236,1138.2869
3172,1051.6514,1064.5443,1189.2281
3173,1137.3206,1082.4886,1292.4628
3174,1215.9389,1164.1351,1426.8032
3175,1263.5329,1248.4732,1531.3904
3176,1314.2999,1339.0918,1616.142
3177,1384.8095,1411.3175,1684.6647
3178,1448.9733,1467.3934,1736.0566
3179,1525.8288,1515.8429,1754.9905
3180,1598.8063,1553.9745,1775.7276
3181,1683.0653,1616.3309,1709.0082
3182,1727.1338,1684.5191,1779.7849
3183,1769.0871,1721.3049,1749.5808
3184,1775.7855,1718.1646,1709.0082
3185,1716.2048,1657.6027,1608.4783
3186,1675.6618,1620.8169,1608.9291
3187,1641.1121,1613.6392,1693.23
3188,1535.7001,1516.7401,1615.6912
3189,1367.5346,1379.0178,1479.9984
3190,1218.7593,1241.2955,1332.5846
3191,1140.4936,1145.2936,1197.3426
3192,1073.5094,1081.5914,1146.8523
3193,1041.4275,1038.5251,1117.099
3194,1028.0307,1011.1601,1106.2797
3195,1040.0173,1008.0198,1112.591
3196,1076.3298,1021.9266,1167.5894
3197,1154.2429,1044.8056,1276.6846
3198,1232.5087,1139.9103,1402.0089
3199,1291.7368,1185.6682,1505.2436
3200,1347.0868,1272.6979,1594.0525
3201,1432.7561,1334.1571,1684.2139
3202,1507.8488,1379.915,1754.9905
3203,1602.3318,1427.0187,1808.1857
3204,1696.4621,1463.8045,1880.3148
3205,1783.189,1539.6191,1938.9196
3206,1849.4681,1616.7795,1925.3954
3207,1880.8449,1661.1916,1881.2164
3208,1880.4923,1664.7804,1789.7026
3209,1803.9894,1605.5643,1672.0421
3210,1748.9918,1570.573,1656.2638
3211,1689.4112,1573.2646,1706.7542
3212,1577.6534,1475.0197,1602.167
3213,1410.8981,1344.9237,1438.975
3214,1245.2004,1219.3137,1305.0854
3215,1157.7684,1123.3118,1202.3015
3216,1092.8996,1060.0582,1152.7127
3217,1055.1769,1019.235,1112.591
3218,1037.1969,1001.7393,1102.2224
3219,1050.2412,997.2533,1112.591
3220,1085.1435,1016.5434,1163.9829
3221,1169.05,1034.039,1281.6435
3222,1256.4819,1101.3301,1406.5169
3223,1331.9273,1178.9391,1539.5049
3224,1401.7318,1269.5577,1618.3961
3225,1506.4386,1328.7738,1707.205
3226,1604.7996,1379.915,1801.4236
3227,1717.615,1473.2252,1862.7333
3228,1819.854,1551.2829,1925.8463
3229,1908.6962,1629.7891,1957.4027
3230,1938.3102,1707.3981,1972.2793
3231,1970.7447,1750.4643,1908.7156
3232,1947.1239,1723.5479,1828.9228
3233,1867.8006,1695.2857,1707.6558
3234,1796.2333,1660.2943,1672.9437
3235,1735.9476,1647.2847,1713.5163
3236,1610.7929,1533.3386,1610.2816
3237,1428.5255,1388.4385,1434.9177
3238,1279.7501,1252.9592,1296.5201
3239,1170.4602,1156.0601,1202.3015
3240,1106.6489,1089.2177,1146.8523
3241,1060.4651,1044.357,1111.2385
3242,1040.0173,1019.6836,1097.2635
3243,1044.6004,1014.3003,1105.378
3244,1080.2078,1027.7585,1167.1386
3245,1160.5888,1051.9833,1283.4467
3246,1261.7702,1126.9007,1429.0573
3247,1342.1512,1217.0707,1541.3081
3248,1420.0643,1318.4558,1634.6251
3249,1523.361,1409.5231,1718.926
3250,1635.1188,1513.1513,1786.0962
3251,1720.4354,1647.7334,1838.8406
3252,1803.9894,1727.1368,1910.068
3253,1873.0888,1850.9523,1936.6656
3254,1929.144,1953.2347,1915.9285
3255,1969.3345,2003.4787,1829.3736
3256,1961.931,1967.1415,1772.572
3257,1847.3528,1876.0743,1642.2888
3258,1771.9075,1810.1291,1607.5767
3259,1702.1029,1789.4932,1667.9848
3260,1599.1588,1686.7622,1587.2904
3261,1471.1838,1570.573,1445.2863
3262,1325.5814,1442.72,1331.683
3263,1221.5797,1342.6806,1228.4483
3264,1150.7175,1264.623,1170.2942
3265,1096.0725,1207.6499,1120.7055
3266,1060.8177,1159.2004,1098.6159
3267,1040.7224,1126.0035,1095.4603
3268,1033.6714,1100.4329,1111.6893
3269,1056.5871,1081.1428,1133.7789
3270,1144.7241,1150.2282,1193.7362
3271,1276.5772,1268.6605,1287.504
3272,1395.3859,1420.7382,1385.329
3273,1517.0151,1556.6661,1460.1629
3274,1631.2407,1679.5844,1515.6121
3275,1726.4287,1773.3433,1531.3904
3276,1807.1623,1851.8495,1539.0541
3277,1896.7095,1935.739,1540.4065
3278,1933.3746,1997.1982,1536.3493
3279,1967.9243,2022.7688,1531.3904
3280,1963.6937,2000.787,1516.9646
3281,1874.499,1920.0378,1505.2436
3282,1789.1823,1837.0455,1483.6049
3283,1724.666,1810.1291,1551.6767
3284,1599.1588,1702.4634,1508.85
3285,1452.1462,1566.9841,1395.2468
3286,1314.6524,1427.9159,1295.1677
3287,1217.7016,1313.9698,1203.2031
3288,1138.3783,1227.8372,1140.541
3289,1084.7909,1165.4809,1104.4764
3290,1043.8953,1117.0313,1080.5837
3291,1019.217,1084.283,1070.2151
3292,1000.1794,1048.8431,1076.9772
3293,1012.5186,1025.9641,1063.0022
3294,1108.0591,1100.8815,1091.403
3295,1237.4443,1225.5942,1150.0079
3296,1356.9582,1359.2791,1213.1208
3297,1488.4587,1494.3098,1270.3733
3298,1600.2165,1621.2655,1321.3145
3299,1720.4354,1733.4173,1353.7725
3300,1823.3795,1820.8956,1388.9355
3301,1917.8624,1926.3183,1409.2218
3302,1974.9753,2006.6189,1430.8605
3303,2017.281,2054.6199,1432.6637
3304,2013.0505,2047.8908,1418.2379
3305,1903.408,1959.9638,1394.796
3306,1830.0779,1885.495,1417.3363
3307,1770.4973,1861.7189,1521.0218
3308,1630.1831,1728.034,1468.7283
3309,1457.0819,1568.7785,1372.7064
3310,1317.4728,1414.4577,1264.062
3311,1197.6064,1306.7921,1177.0563
3312,1132.0324,1223.7998,1127.9184
3313,1089.7266,1163.2378,1097.7143
3314,1069.2788,1122.4146,1088.6982
3315,1078.4451,1109.405,1108.5337
3316,1116.1677,1113.8911,1174.8023
3317,1204.6573,1155.1629,1286.1515
3318,1296.3199,1274.4924,1435.8194
3319,1389.0401,1349.8583,1551.2259
3320,1488.1061,1443.1686,1678.3534
3321,1614.671,1566.9841,1780.6865
3322,1722.5507,1697.5287,1868.143
3323,1814.9184,1831.6622,1912.322
3324,1900.5876,1950.5431,1923.5922
3325,1961.5784,2044.3019,1946.1326
3326,1970.3921,2061.349,1929.0019
3327,1988.3721,2022.7688,1903.3059
3328,1961.5784,1960.4124,1825.7672
3329,1864.2751,1886.8409,1704.5002
3330,1821.6168,1902.9907,1632.8219
3331,1769.7922,1899.4019,1693.6808
3332,1666.143,1781.8668,1612.9864
3333,1490.2214,1636.9668,1447.5403
3334,1312.5371,1484.889,1321.7653
3335,1211.0032,1368.2512,1222.5878
3336,1154.948,1278.9784,1169.3926
3337,1101.3607,1216.6221,1128.3692
3338,1082.6757,1170.4156,1108.0829
3339,1095.0148,1150.6768,1122.5087
3340,1137.6732,1156.9573,1177.0563
3341,1225.8102,1178.0419,1296.0693
3342,1310.7744,1239.9496,1435.8194
3343,1384.1044,1316.6614,1534.546
3344,1479.2924,1405.9342,1632.8219
3345,1602.3318,1488.0293,1722.5324
3346,1716.2048,1553.0773,1808.1857
3347,1833.2509,1642.3501,1867.2414
3348,1948.1816,1729.3798,1940.2721
3349,2041.2543,1837.4941,1978.5906
3350,2111.0589,1921.3836,1993.0165
3351,2062.0547,1978.3567,1974.0826
3352,1890.0111,1927.6641,1883.9212
3353,1792.3553,1841.5316,1748.6792
3354,1766.2667,1817.3068,1689.6235
3355,1748.2867,1813.2693,1731.0978
3356,1666.143,1714.1272,1625.1582
3357,1506.7912,1560.7036,1464.671
3358,1354.8429,1414.9063,1324.9209
3359,1254.0141,1283.9131,1221.6862
3360,1187.3825,1210.7902,1167.1386
3361,1138.7308,1153.8171,1132.8773
3362,1117.9305,1119.2744,1118.0006
3363,1129.5646,1108.9564,1124.3119
3364,1161.2939,1117.4799,1176.6055
3365,1272.6992,1149.7796,1271.2749
3366,1392.5656,1268.2119,1411.9266
3367,1504.3234,1390.6816,1525.0791
3368,1605.1522,1534.2358,1644.5429
3369,1733.4797,1666.5748,1755.8921
3370,1859.692,1793.9792,1820.3575
3371,1975.3278,1916.0003,1902.8551
3372,2085.6754,2006.1703,1971.3777
3373,2164.2937,2143.8926,1993.9181
3374,2222.4641,2253.3527,1976.7874
3375,2257.0139,2313.0175,1950.1898
3376,2234.4508,2300.4565,1869.9462
3377,2106.4758,2190.9964,1732.4502
3378,2050.4206,2109.7985,1699.9921
3379,1978.5007,2059.5545,1764.4574
3380,1839.2442,1901.6449,1677.0009
3381,1617.4913,1703.3606,1490.367
3382,1424.6475,1513.1513,1334.8387
3383,1309.3642,1375.8775,1242.4233
3384,1233.5663,1289.2964,1181.1136
3385,1178.2162,1221.5567,1149.5571
3386,1140.141,1174.9016,1125.6643
3387,1145.7818,1162.7892,1141.4426
3388,1173.6331,1163.6864,1204.1047
3389,1282.9231,1205.8555,1311.3967
3390,1402.7895,1326.9794,1454.7532
3391,1501.503,1470.085,1582.7823
3392,1597.7486,1602.4241,1667.9848
3393,1716.2048,1753.6046,1791.5059
3394,1820.9117,1868.8966,1868.143
3395,1928.7914,2007.0675,1904.6583
3396,2040.1967,2131.7803,1958.7551
3397,2142.0831,2154.6592,1999.3277
3398,2215.7657,2135.3691,2005.1882
3399,2250.668,2077.9474,1981.2955
3400,2237.6237,2056.8629,1888.4293
3401,2134.3271,2029.0493,1730.1961
3402,2032.0881,2006.6189,1686.4679
3403,1969.687,2004.3759,1750.4824
3404,1838.5391,1902.0935,1649.0509
3405,1635.1188,1732.0715,1492.1702
3406,1433.4612,1562.0494,1365.4935
3407,1318.5304,1448.5519,1264.062
3408,1240.6173,1361.0735,1179.7612
3409,1186.3248,1289.2964,1143.6966
3410,1152.4802,1243.9871,1125.6643
3411,1150.7175,1204.5097,1139.6394
3412,1176.806,1187.014,1199.1458
3413,1270.5839,1230.9775,1297.8725
3414,1393.9758,1360.6249,1425.9016
3415,1496.5673,1497.45,1553.4799
3416,1590.6977,1653.1166,1694.1316
3417,1700.6927,1797.1195,1801.8744
3418,1823.027,1903.4393,1883.9212
3419,1938.3102,2014.2452,1929.4527
3420,2068.048,2086.471,1970.9269
3421,2156.5376,2164.9772,2011.4995
3422,2214.3555,2220.1558,1998.4261
3423,2231.2778,2235.8571,1939.8213
3424,2201.3112,2202.6602,1811.7922
3425,2084.9703,2110.2471,1681.0582
3426,1968.6294,2007.9647,1627.4122
3427,1904.8182,1977.9081,1656.2638
3428,1782.8365,1868.448,1585.938
3429,1616.4337,1711.4355,1472.3347
3430,1450.3835,1551.7315,1352.4201
3431,1329.812,1425.2243,1246.9314
3432,1239.9122,1328.3252,1192.3837
3433,1174.6907,1257.4453,1147.3031
3434,1135.2053,1208.5471,1126.566
3435,1111.5846,1172.21,1118.9022
3436,1092.1945,1136.77,1125.6643
3437,1122.8662,1133.6298,1139.6394
3438,1248.3733,1228.2858,1206.8096
3439,1390.0977,1369.1484,1310.0443
3440,1538.8731,1514.9457,1418.6887
3441,1674.6042,1652.2194,1488.5637
3442,1803.2843,1763.4739,1536.3493
3443,1909.4013,1846.0176,1545.8162
3444,2000.7113,1892.2241,1555.7339
3445,2078.977,1960.861,1548.9718
3446,2125.5134,2009.3106,1539.5049
3447,2159.7105,2025.0118,1533.1936
3448,2129.7439,1989.5719,1506.1452
3449,2045.4849,1911.9629,1476.8428
3450,1932.6695,1821.7929,1471.8839
3451,1862.1598,1819.9984,1550.7751
3452,1711.2692,1719.0619,1502.9896
3453,1551.5648,1588.5172,1425.9016
3454,1405.9624,1464.7017,1334.8387
3455,1292.7944,1347.6153,1232.9563
3456,1213.4711,1264.623,1170.2942
3457,1160.2363,1195.5375,1137.3853
3458,1121.1034,1142.6019,1107.1813
3459,1097.8352,1107.6106,1092.7555
3460,1067.8686,1064.5443,1094.1079
3461,1085.1435,1053.3291,1081.4853
3462,1186.6774,1135.8728,1117.099
3463,1326.2865,1266.866,1183.3676
3464,1467.6583,1411.7661,1257.7507
3465,1603.742,1556.2175,1321.7653
3466,1741.5883,1670.1637,1352.8709
3467,1856.1665,1744.6325,1370.0016
3468,1958.4055,1785.9043,1378.1161
3469,2053.9461,1803.4,1388.4847
3470,2089.2009,1800.2597,1396.5992
3471,2110.0012,1809.2319,1392.0911
3472,2100.1299,1760.3337,1392.5419
3473,1984.1415,1668.8179,1406.9677
3474,1887.1907,1659.8457,1453.4008
3475,1840.3018,1710.9869,1518.317
3476,1687.6484,1640.5556,1470.5315
3477,1515.9574,1517.1887,1348.8137
3478,1346.7343,1380.3636,1255.4967
3479,1242.0275,1271.8007,1171.1958
3480,1174.3382,1194.1917,1127.0168
3481,1132.7375,1142.1533,1100.87
3482,1100.3031,1120.1716,1087.7966
3483,1109.4693,1122.8632,1103.5748
3484,1146.1343,1134.9756,1190.1297
3485,1231.0985,1144.3963,1294.2661
3486,1335.8053,1178.9391,1423.6476
3487,1368.9448,1205.4069,1526.8823
3488,1371.7652,1235.015,1619.7485
3489,1381.9891,1264.623,1646.7969
3490,1386.2197,1290.1936,1706.3034
3491,1396.7961,1297.8199,1714.4179
3492,1427.8204,1282.1187,1731.9994
3493,1454.9666,1290.6422,1709.0082
3494,1466.2481,1302.7546,1709.459
3495,1494.452,1313.9698,1695.9348
3496,1505.7335,1311.2781,1644.5429
3497,1472.2415,1300.063,1555.7339
3498,1445.0953,1320.2503,1529.1363
3499,1461.665,1383.5039,1617.0437
3500,1400.3216,1339.989,1567.4549
3501,1278.6925,1246.2301,1440.3274
3502,1140.8461,1149.7796,1305.0854
3503,1072.8043,1072.6192,1232.9563
3504,1023.8001,1026.8613,1168.491
3505,995.9488,997.2533,1137.3853
3506,988.8978,982.4492,1118.4514
3507,1011.1084,987.8325,1132.8773
3508,1043.8953,994.113,1172.0974
3509,1126.3916,1023.7211,1249.6362
3510,1203.2472,1093.7038,1399.304
3511,1251.8988,1160.5462,1545.8162
3512,1303.7234,1237.258,1633.7235
3513,1366.477,1291.988,1718.4752
3514,1428.878,1336.8487,1770.3179
3515,1491.2791,1371.3915,1795.1123
3516,1572.3652,1407.7286,1814.0462
3517,1646.4003,1480.403,1836.1357
3518,1716.5574,1550.8343,1826.218
3519,1773.6702,1617.2281,1824.8655
3520,1792.3553,1636.5182,1780.6865
3521,1740.8832,1610.0504,1684.2139
3522,1677.7771,1580.4423,1630.1171
3523,1658.0344,1606.9101,1712.1639
3524,1561.4362,1518.0859,1648.6001
3525,1386.2197,1382.6066,1502.0879
3526,1236.7392,1248.4732,1365.4935
3527,1137.6732,1144.845,1271.7257
3528,1083.7333,1081.5914,1207.2604
3529,1041.4275,1043.0112,1153.1636
3530,1021.6848,1018.7864,1133.3281
3531,1037.5495,1020.1322,1162.6305
3532,1071.0416,1025.9641,1192.3837
3533,1166.2296,1058.7124,1278.4878
3534,1267.7635,1139.0131,1431.3113
3535,1346.0292,1229.1831,1576.9219
3536,1422.8847,1332.8113,1715.7703
3537,1523.361,1435.9909,1841.9962
3538,1643.9325,1523.4692,1951.5422
3539,1771.2024,1603.7699,2015.5568
3540,1899.5299,1680.4817,2077.3173
3541,2026.0948,1789.4932,2114.7343
3542,2108.2385,1906.131,2130.5125
3543,2182.6262,1991.3663,2123.7504
3544,2194.6128,2025.909,2066.4979
3545,2106.4758,1980.5997,1948.3866
3546,1978.5007,1891.3269,1872.2003
3547,1883.6653,1870.2424,1904.2075
3548,1769.0871,1725.3424,1820.8083
3549,1567.782,1552.6287,1636.8792
3550,1389.0401,1394.719,1472.7855
3551,1274.8144,1265.0716,1342.5024
3552,1187.735,1183.8738,1242.4233
3553,1123.9238,1127.3493,1200.0475
3554,1097.1301,1092.3579,1175.7039
3555,1104.5336,1078.8997,1183.8184
3556,1126.0391,1073.9651,1245.5789
3557,1235.329,1117.4799,1325.8225
3558,1350.6123,1215.7249,1492.1702
3559,1445.4478,1326.9794,1671.1405
3560,1549.4495,1455.7296,1809.5381
3561,1672.1363,1591.2089,1928.1003
3562,1794.4706,1710.9869,2014.6552
3563,1918.9201,1828.0734,2064.2439
3564,2041.6069,1913.7573,2116.5375
3565,2139.2627,2034.4326,2220.6738
3566,2185.4466,2145.6871,2123.2996
3567,2212.9453,2207.1462,2156.2085
3568,2197.4332,2200.4171,2059.7358
3569,2092.3738,2122.8081,1910.9696
3570,1972.1549,2004.3759,1786.0962
3571,1899.1774,1958.618,1843.3486
3572,1774.3753,1818.6526,1747.7776
3573,1592.813,1630.6863,1613.888
3574,1421.8271,1460.2156,1430.8605
3575,1292.0893,1331.9141,1324.0193
3576,1208.5354,1240.3982,1240.6201
3577,1149.3073,1186.5654,1187.8757
3578,1121.8085,1145.2936,1166.6878
3579,1124.6289,1128.2465,1179.3103
3580,1136.6155,1106.7134,1255.9475
3581,1227.2204,1130.9381,1315.454
3582,1352.7276,1224.2484,1481.3508
3583,1450.0309,1343.1292,1596.3065
3584,1542.3986,1477.2627,1697.2873
3585,1652.7462,1619.4711,1791.055
3586,1747.5816,1745.9783,1841.0946
3587,1836.0713,1835.6997,1860.0285
3588,1927.0287,1891.3269,1877.6099
3589,1995.4231,1965.7957,1882.118
3590,2037.7288,2008.862,1832.0785
3591,2062.4072,2003.9273,1770.3179
3592,2050.068,1906.5796,1698.1889
3593,1935.1373,1771.5489,1606.2243
3594,1829.3728,1725.791,1601.2654
3595,1773.6702,1746.8755,1658.9687
3596,1666.143,1657.1541,1615.2404
3597,1499.3877,1529.7497,1499.8339
3598,1347.4394,1400.9995,1393.4435
3599,1233.9189,1284.3617,1299.6757
3600,1156.3582,1206.3041,1229.8007
3601,1103.476,1138.5645,1156.3192
3602,1062.5804,1093.2552,1170.745
3603,1042.1326,1058.2638,1123.8611
3604,1027.6781,1021.478,1125.6643
3605,1043.8953,999.4963,1127.9184
3606,1124.9814,1044.357,1190.1297
3607,1226.5153,1106.7134,1292.012
3608,1328.0492,1157.4059,1356.4774
3609,1422.8847,1187.9112,1422.746
3610,1496.5673,1208.0985,1494.4242
3611,1557.9107,1193.2945,1492.1702
3612,1612.9082,1158.3032,1480.9
3613,1665.4379,1157.8546,1460.1629
3614,1689.4112,1176.696,1443.4831
3615,1704.9233,1197.332,1427.254
3616,1693.9943,1206.7527,1425.0
3617,1610.7929,1187.014,1399.7548
3618,1540.9884,1177.5933,1404.2629
3619,1523.7135,1226.0428,1517.8662
3620,1444.0376,1197.332,1496.6783
3621,1340.3884,1149.331,1431.3113
3622,1228.6306,1086.0774,1334.3879
3623,1140.4936,1032.2446,1238.366
3624,1084.4384,995.4588,1178.8595
3625,1045.3055,963.6077,1127.0168
3626,1022.3899,952.3926,1096.8127
3627,1010.0507,944.7663,1086.4442
3628,982.552,917.4012,1096.8127
3629,991.0131,899.0083,1072.4692
3630,1044.6004,933.1025,1113.9434
3631,1116.5203,986.4867,1172.9991
3632,1193.3758,1040.7681,1228.4483
3633,1257.5396,1085.6288,1301.479
3634,1308.6591,1118.8258,1372.7064
3635,1354.4904,1130.4895,1407.4185
3636,1368.5923,1130.4895,1425.0
3637,1406.3149,1167.7239,1430.4097
3638,1426.4102,1206.7527,1437.6226
3639,1460.6074,1239.9496,1427.254
3640,1466.6007,1255.6509,1408.3202
3641,1423.5898,1243.0899,1397.9516
3642,1374.2331,1236.8094,1399.7548
3643,1371.7652,1289.745,1503.8912
3644,1301.6081,1246.2301,1493.0718
3645,1201.837,1187.4626,1410.1234
3646,1100.6556,1111.1994,1296.5201
3647,1031.9087,1045.7028,1220.3338
3648,986.0774,963.1591,1024.2328
3649,951.1752,927.2706,956.161
3650,939.8936,903.4944,942.6368
3651,937.7783,900.3542,934.5223
3652,933.5477,868.9517,937.2271
3653,943.4191,845.1755,939.932
3654,999.8268,888.6904,993.1272
3655,1076.3298,961.3647,1083.2885
3656,1153.5379,1048.3945,1192.8345
3657,1242.38,1108.0592,1292.4628
3658,1318.883,1159.649,1354.2233
3659,1387.6299,1197.7806,1381.7226
3660,1446.5054,1218.4165,1412.8282
3661,1508.2014,1270.9035,1430.8605
3662,1552.2699,1333.7085,1434.9177
3663,1592.813,1380.8122,1426.3524
3664,1619.2541,1410.8689,1434.0161
3665,1576.5957,1396.5135,1411.025
3666,1520.188,1383.9525,1388.4847
3667,1511.3743,1425.2243,1477.2936
3668,1430.6408,1364.6624,1446.1879
3669,1283.9807,1247.5759,1332.1338
3670,1141.5512,1134.9756,1204.1047
3671,1059.0549,1045.2542,1092.7555
3672,1014.9864,983.3465,1020.1756
3673,977.6163,948.3551,983.2094
3674,970.2128,929.9622,970.136
3675,986.7825,938.9344,989.0699
3676,1012.166,941.626,1048.1256
3677,1086.9062,981.552,1171.6466
3678,1172.928,1052.8805,1313.1999
3679,1249.0784,1143.4991,1423.1968
3680,1311.1269,1230.9775,1547.6194
3681,1401.3793,1294.6797,1645.8953
3682,1488.4587,1363.3165,1723.434
3683,1575.8906,1408.1772,1772.572
3684,1668.2583,1462.9073,1812.6938
3685,1752.5173,1541.4135,1862.2825
3686,1810.6878,1616.7795,1864.5365
3687,1851.2308,1669.2665,1852.8156
3688,1866.3904,1681.8275,1806.8333
3689,1798.7011,1651.7708,1719.3768
3690,1711.6217,1624.8544,1635.9775
3691,1663.3226,1597.938,1657.1655
3692,1555.0903,1509.5624,1585.938
3693,1386.5722,1373.1859,1460.6137
3694,1230.3934,1234.5663,1316.8064
3695,1139.7885,1134.527,1165.7861
3696,1077.3874,1068.1332,1101.3208
3697,1033.6714,1018.7864,1048.5764
3698,1012.8711,989.1783,1017.4707
3699,1031.2036,983.7951,1031.8966
3700,1050.9463,983.3465,1114.845
3701,1123.2187,1025.0669,1215.8257
3702,1218.4067,1120.1716,1356.0266
3703,1305.1336,1223.3512,1506.596
3704,1390.8028,1324.7363,1629.2154
3705,1500.4453,1418.0466,1744.622
3706,1611.1455,1512.2541,1824.8655
3707,1731.3644,1593.0033,1879.4132
3708,1850.8783,1671.0609,1944.3293
3709,1959.1106,1769.7544,1988.0576
3710,2020.8065,1858.13,2029.081
3711,2068.4005,1918.692,2021.4173
3712,2074.3939,1935.739,1979.0414
3713,1990.8399,1886.3923,1869.4954
3714,1871.6786,1813.2693,1746.876
3715,1788.4772,1782.3154,1782.4897
3716,1668.9634,1666.5748,1698.6397
3717,1488.4587,1505.9736,1536.3493
3718,1312.1846,1344.4751,1354.6742
3719,1185.6197,1221.5567,1249.6362
3720,1110.1744,1134.0784,1157.2208
3721,1056.5871,1075.7595,1104.4764
3722,1031.2036,1039.4223,1071.5675
3723,1035.4342,1030.8988,1082.3869
3724,1062.5804,1023.2725,1122.0579
3725,1146.1343,1070.8248,1209.9652
3726,1252.2514,1169.5183,1355.5758
3727,1352.3751,1294.2311,1516.9646
3728,1460.2548,1415.355,1641.3872
3729,1594.9283,1519.4318,1777.9817
3730,1733.1272,1641.4529,1860.9301
3731,1869.5633,1750.0157,1915.4777
3732,2002.1215,1863.5133,1988.0576
3733,2117.0522,1975.2164,2031.7858
3734,2199.1959,2077.0502,2054.777
3735,2242.5594,2143.444,2056.5802
3736,2222.8167,2147.0329,1997.5245
3737,2132.5643,2095.4431,1874.0035
3738,1998.596,2004.8245,1749.13
3739,1903.7605,1954.5805,1746.876
3740,1762.0361,1813.2693,1668.4356
3741,1563.5515,1649.0792,1527.3331
3742,1392.9181,1479.0571,1345.658
3743,1269.8788,1351.2042,1237.9152
3744,1194.786,1246.6787,1150.0079
3745,1131.3273,1170.8642,1096.3619
3746,1103.1235,1129.1437,1070.2151
3747,1109.8219,1112.5453,1076.5264
3748,1129.212,1100.8815,1131.5248
3749,1220.8746,1154.2657,1216.7273
3750,1349.2021,1262.38,1361.4363
3751,1488.8112,1394.719,1535.4476
3752,1620.3117,1544.5538,1680.1566
3753,1792.7078,1662.986,1788.801
3754,1956.2902,1805.1944,1894.7406
3755,2094.8417,1883.252,1965.0664
3756,2214.003,2021.4229,2018.2616
3757,2309.5435,2118.7707,2061.5391
3758,2382.521,2186.0617,2087.2351
3759,2417.0708,2182.0242,2095.3496
3760,2377.2328,2138.0608,2050.2689
3761,2271.4683,2054.6199,1934.8624
3762,2150.5443,1947.4028,1835.6849
3763,2078.6244,1895.813,1824.8655
3764,1963.6937,1785.9043,1747.7776
3765,1787.4196,1662.5374,1630.1171
3766,1590.3451,1523.4692,1471.4331
3767,1458.8446,1408.6258,1345.658
3768,1360.4837,1322.4933,1254.5951
3769,1285.7434,1244.8843,1189.2281
3770,1232.5087,1195.9861,1154.0652
3771,1199.0166,1160.9948,1131.074
3772,1173.2806,1108.0592,1127.4676
3773,1200.4268,1108.0592,1111.6893
3774,1328.4018,1210.3416,1233.858
3775,1499.0351,1367.354,1395.6976
3776,1686.9433,1534.6844,1563.8485
3777,1875.5567,1672.4067,1719.8276
3778,2037.7288,1812.8207,1852.8156
3779,2161.8258,1927.2155,1878.9624
3780,2264.0648,2029.0493,1917.2809
3781,2345.856,2111.1443,2031.7858
3782,2411.43,2173.9493,2052.9737
3783,2429.7625,2201.3143,2061.0883
3784,2399.4433,2186.0617,2045.7608
3785,2312.0114,2114.2846,2002.0326
3786,2175.2227,2003.0301,1886.1753
3787,2071.2209,1960.861,1856.8728
3788,1912.2217,1865.7563,1797.3663
3789,1730.6593,1750.913,1662.5751
3790,1569.1922,1609.1532,1516.063
3791,1450.0309,1475.9169,1384.4274
3792,1351.3174,1366.4568,1275.783
3793,1280.1027,1290.1936,1207.2604
3794,1225.1051,1233.6691,1153.6144
3795,1191.2605,1194.1917,1118.9022
3796,1145.7818,1133.6298,1093.2063
3797,1172.928,1119.723,1068.8627
3798,1286.096,1239.501,1145.049
3799,1446.5054,1396.9621,1277.1354
3800,1612.2031,1587.1714,1437.6226
3801,1776.1381,1742.838,1608.0275
3802,1935.1373,1894.4672,1732.901
3803,2087.4381,2034.4326,1832.9801
3804,2216.1183,2130.883,1892.0357
3805,2335.6321,2204.006,1924.9446
3806,2409.6672,2267.7082,1951.0914
3807,2440.3389,2280.2692,1960.5584
3808,2423.7692,2235.4085,1942.0753
3809,2337.0423,2140.3038,1886.1753
3810,2224.5794,2044.3019,1813.5954
3811,2147.7239,2029.0493,1810.8905
3812,1987.667,1933.0474,1777.5308
3813,1796.2333,1808.3346,1602.167
3814,1603.0369,1656.7055,1420.4919
3815,1476.1195,1539.1705,1303.2822
3816,1391.5079,1440.0283,1223.9402
3817,1325.9339,1369.1484,1168.491
3818,1275.5195,1308.1379,1146.4015
3819,1269.8788,1274.4924,1170.2942
3820,1288.5638,1248.9218,1224.391
3821,1379.8738,1302.7546,1374.5096
3822,1515.6049,1435.5423,1482.7033
3823,1646.0477,1583.5826,1554.8323
3824,1753.9275,1736.5575,1637.7808
3825,1879.0821,1855.4384,1725.2373
3826,2006.7046,1975.665,1786.0962
3827,2123.0455,2115.1818,1827.1196
3828,2239.3864,2225.9877,1887.5277
3829,2351.8493,2322.4382,1920.8874
3830,2443.1593,2373.5794,1945.6817
3831,2481.9396,2396.907,1993.9181
3832,2459.3765,2373.5794,1972.7301
3833,2360.3105,2304.9425,1856.8728
3834,2249.9629,2200.8657,1754.5397
3835,2175.5752,2132.2289,1772.1212
3836,2040.9018,1992.2635,1711.7131
3837,1845.9426,1831.2136,1586.8396
3838,1661.5599,1641.0042,1410.5742
3839,1533.5849,1492.5153,1269.0209
3840,1453.2039,1379.0178,1179.3103
3841,1388.6875,1300.5116,1126.1152
3842,1335.4527,1249.3704,1096.3619
3843,1323.1136,1223.7998,1108.9845
3844,1338.2731,1200.4722,1196.441
3845,1405.2573,1247.1273,1306.4378
3846,1512.432,1337.2973,1438.975
3847,1608.6776,1485.3376,1565.2009
3848,1705.6284,1649.9764,1681.9598
3849,1851.5834,1771.1003,1750.0316
3850,1980.2635,1907.4768,1794.6615
3851,2058.1766,2063.1434,1819.0051
3852,2135.7373,2188.3047,1837.4881
3853,2191.7924,2289.2413,1873.1019
3854,2258.0715,2370.8878,1888.8801
3855,2288.7432,2392.8695,1893.3882
3856,2240.4441,2343.5227,1838.3898
3857,2110.7063,2262.7735,1716.6719
3858,2028.9151,2176.641,1632.3711
3859,1985.9043,2135.3691,1661.2227
3860,1887.5433,2032.6381,1590.8969
3861,1721.4931,1885.495,1498.4815
3862,1568.8397,1713.6786,1331.683
3863,1452.4988,1575.9562,1195.0886
3864,1380.2264,1484.4404,1122.9595
3865,1316.4151,1433.2992,1091.403
3866,1298.0826,1418.4952,1066.1579
3867,1314.6524,1427.0187,1089.149
3868,1364.3617,1430.159,1154.0652
3869,1426.4102,1452.1407,1292.4628
3870,1506.0861,1504.6277,1406.0661
3871,1588.5824,1593.4519,1550.3243
3872,1693.2892,1715.9216,1668.4356
3873,1827.6101,1821.3442,1765.3591
3874,1951.3545,1830.3164,1832.5293
3875,2064.5225,1657.6027,1853.2664
3876,2168.5242,1658.0513,1892.4866
3877,2270.7632,1592.1061,1919.535
3878,2321.8827,1604.2185,1931.7067
3879,2326.4659,1623.5086,1890.2325
3880,2171.3446,1628.4433,1825.7672
3881,1990.1348,1614.985,1718.4752
3882,1908.6962,1587.1714,1642.2888
3883,1863.57,1619.9197,1688.7219
3884,1792.7078,1568.7785,1638.2316
3885,1634.0611,1476.8141,1463.3186
3886,1495.1571,1353.4472,1318.6096
3887,1386.9248,1257.8939,1226.1942
3888,1312.1846,1196.8834,1142.3442
3889,1254.3666,1156.0601,1400.2056
3890,1214.1761,1127.3493,1373.608
3891,1220.1695,1123.3118,1111.6893
3892,1245.2004,1134.9756,1175.7039
3893,1333.69,1164.5837,1294.7169
3894,1463.4278,1272.6979,1431.3113
3895,1573.7754,1395.6162,1554.3815
3896,1676.3669,1542.7593,1663.4767
3897,1802.2266,1573.7132,1741.0155
3898,1905.5233,1656.7055,1786.547
3899,2023.9795,1759.4365,1820.3575
3900,2123.3981,1838.3913,1765.3591
3901,2200.6061,1932.5988,1782.0389
3902,2267.2378,2011.105,1903.7567
3903,2285.9228,2037.5728,1883.0196
3904,2258.7766,2036.6756,1824.8655
3905,2171.6972,1989.5719,1706.7542
3906,2066.6378,1917.3461,1646.3461
3907,2009.525,1901.1963,1674.7469
3908,1888.2484,1812.8207,1615.6912
3909,1698.5774,1688.5566,1481.8016
3910,1514.8998,1545.451,1312.7491
3911,1393.2707,1409.0745,1199.1458
3912,1300.903,1318.0072,1103.5748
3913,1231.0985,1243.9871,1054.4369
3914,1193.7284,1201.3694,1028.7409
3915,1193.0233,1179.8363,1045.8716
3916,1201.1319,1158.3032,1116.1974
3917,1286.4485,1205.4069,1220.3338
3918,1419.3592,1334.6057,1369.5508
3919,1536.7578,1480.403,1494.4242
3920,1641.1121,1611.3962,1600.8146
3921,1763.0938,1710.0897,1631.0187
3922,1886.8382,1807.4374,1688.7219
3923,1987.667,1898.056,1688.7219
3924,2086.028,1967.1415,1727.4913
3925,2159.7105,2027.7034,1765.3591
3926,2218.2335,2078.396,1773.4736
3927,2244.3221,2082.8821,1752.7365
3928,2210.4775,2061.349,1685.1155
3929,2119.1675,2002.1329,1567.4549
3930,1991.8976,1920.935,1502.5388
3931,1932.6695,1885.0464,1524.6283
3932,1817.7387,1794.4278,1477.2936
3933,1662.9701,1676.4442,1413.279
3934,1494.8046,1536.9274,1255.0459
3935,1367.8872,1411.7661,1151.8111
3936,1275.167,1313.0726,1078.3296
3937,1199.7217,1246.2301,1015.2167
3938,1148.2496,1191.5001,986.8159
3939,1121.456,1153.8171,992.2256
3940,1093.6047,1105.3675,985.9143
3941,1141.1987,1103.1245,1002.1433
3942,1249.431,1192.3973,1073.8216
3943,1383.7519,1331.9141,1173.4499
3944,1517.0151,1471.4308,1274.4306
3945,1646.7528,1561.6008,1333.4862
3946,1760.6259,1641.4529,1369.5508
3947,1858.6343,1731.1742,1377.6653
3948,1936.9,1806.0916,1374.5096
3949,2012.6979,1888.1867,1380.8209
3950,2077.5668,1953.6833,1384.4274
3951,2108.591,1985.5344,1382.6242
3952,2102.2452,1985.983,1366.3951
3953,2031.7355,1924.5238,1347.0104
3954,1904.4656,1829.8678,1329.429
3955,1835.7187,1806.5402,1379.9193
3956,1705.6284,1726.6882,1360.0838
3957,1562.4938,1616.7795,1325.8225
3958,1409.4879,1482.646,1220.3338
3959,1299.8454,1360.1763,1078.3296
3960,1210.6507,1263.7258,1017.4707
3961,1142.9614,1198.6778,983.6602
3962,1095.0148,1151.5741,951.2022
3963,1061.5228,1113.8911,943.0876
3964,1022.0374,1059.161,930.465
3965,1040.7224,1056.918,925.5062
3966,1131.3273,1143.4991,962.4723
3967,1266.3533,1282.5673,1036.8554
3968,1393.9758,1430.159,1112.1401
3969,1530.7645,1537.376,1168.0402
3970,1665.0854,1654.4625,1200.0475
3971,1775.7855,1767.5114,1214.4733
3972,1878.7296,1864.4105,1224.391
3973,1974.6227,1945.6084,1237.9152
3974,2054.6512,2003.9273,1250.9886
3975,2103.6554,2028.6007,1256.8491
3976,2104.0079,2030.3951,1256.8491
3977,2037.7288,1971.179,1266.7668
3978,1913.9844,1872.4854,1273.9798
3979,1847.3528,1843.326,1365.4935
3980,1712.3268,1758.9879,1339.7975
3981,1531.117,1640.107,1255.9475
3982,1360.1311,1484.889,1137.3853
3983,1245.2004,1347.6153,1031.8966
3984,1165.5245,1248.0246,988.1683
3985,1105.2387,1178.0419,957.5134
3986,1073.5094,1127.7979,948.0465
3987,1079.8553,1109.405,971.0376
3988,1098.1878,1100.8815,1057.5925
3989,1183.1519,1136.3214,1222.5878
3990,1299.1403,1254.7537,1339.7975
3991,1408.0777,1398.3079,1443.0323
3992,1514.1947,1531.9928,1513.3581
3993,1641.4646,1627.0974,1591.7985
3994,1761.331,1724.4451,1635.9775
3995,1881.1974,1818.6526,1655.3622
3996,1987.667,1883.7006,1683.3122
3997,2082.855,1920.0378,1694.5824
3998,2167.8191,2025.0118,1700.8937
3999,2193.9077,2054.1713,1681.9598
4000,2169.5819,2033.0867,1631.9203
4001,2081.7974,1972.0762,1534.0952
4002,1948.8867,1880.5604,1477.2936
4003,1877.3194,1848.2607,1551.2259
4004,1759.9208,1755.8476,1504.342
4005,1572.3652,1621.7142,1365.0427
4006,1412.3083,1466.4961,1186.5233
4007,1292.0893,1331.4654,1132.4264
4008,1219.4644,1230.0803,1058.4941
4009,1168.3449,1163.2378,1029.6425
4010,1137.3206,1122.8632,1007.553
4011,1145.4292,1121.5174,1016.1183
4012,1162.3516,1117.9285,1082.3869
4013,1231.0985,1142.6019,1168.9418
4014,1341.0935,1239.9496,1297.4217
4015,1466.2481,1358.3819,1434.9177
4016,1592.813,1494.3098,1557.988
4017,1745.8189,1577.3021,1647.6985
4018,1907.286,1636.9668,1703.5985
4019,2069.4582,1731.6229,1729.2945
4020,2207.3046,1810.1291,1754.9905
4021,2316.9471,1890.8783,1773.4736
4022,2419.5386,1942.0195,1772.572
4023,2448.8001,1955.9263,1755.4413
4024,2422.7115,1929.0099,1695.0332
4025,2332.4592,1856.3356,1601.7162
4026,2212.2402,1763.4739,1544.9146
4027,2134.3271,1733.4173,1580.9791
4028,1996.1282,1630.6863,1551.6767
4029,1793.7655,1514.9457,1412.3774
4030,1589.2875,1370.9429,1271.7257
4031,1444.0376,1256.0995,1173.4499
4032,1354.8429,1167.7239,1104.4764
4033,1285.3909,1106.7134,1040.0111
4034,1244.1428,1075.3109,1026.9377
4035,1228.2781,1076.6567,1040.9127
4036,1242.7326,1057.3666,1096.3619
4037,1334.7476,1086.0774,1188.3265
4038,1456.7293,1177.5933,1330.3306
4039,1562.4938,1277.6326,1494.875
4040,1670.7261,1363.3165,1616.5928
4041,1787.7721,1435.0937,1710.3606
4042,1899.1774,1495.6556,1780.6865
4043,1994.0129,1545.0024,1823.5131
4044,2081.7974,1569.6757,1869.4954
4045,2148.429,1609.1532,1911.8712
4046,2212.5928,1680.4817,1943.4277
4047,2241.8543,1705.6037,1963.714
4048,2209.7724,1733.8659,1924.9446
4049,2125.8659,1715.9216,1825.7672
4050,2002.474,1649.9764,1733.8026
4051,1919.2726,1644.5931,1730.6469
4052,1804.6945,1579.9937,1673.8453
4053,1617.1388,1467.842,1521.9234
4054,1433.4612,1335.9515,1373.1572
4055,1303.7234,1213.4818,1245.1281
4056,1215.2338,1127.3493,1169.8434
4057,1161.999,1075.3109,1114.3942
4058,1121.1034,1046.1514,1088.6982
4059,1119.6932,1046.6,1107.1813
4060,1133.7952,1036.7307,1159.4748
4061,1215.9389,1057.8152,1218.9813
4062,1328.0492,1148.8824,1404.7137
4063,1440.8647,1265.9688,1548.521
4064,1531.8221,1379.0178,1672.9437
4065,1644.6376,1457.9726,1772.572
4066,1747.5816,1546.3482,1835.2341
4067,1843.4748,1628.4433,1888.8801
4068,1931.9644,1704.7064,1942.9769
4069,1999.6536,1780.521,1986.7052
4070,2055.3563,1839.2885,2015.5568
4071,2081.7974,1864.4105,2007.8931
4072,2066.9904,1849.6065,1944.7801
4073,1987.667,1799.8111,1828.0212
4074,1893.8892,1718.1646,1727.4913
4075,1858.6343,1702.4634,1734.7042
4076,1752.5173,1639.2098,1689.6235
4077,1580.8263,1537.8246,1573.3154
4078,1415.8337,1401.8967,1417.3363
4079,1309.0116,1284.8103,1285.2499
4080,1227.573,1192.3973,1219.8829
4081,1176.806,1131.8354,1163.9829
4082,1143.314,1099.5357,1134.2297
4083,1140.8461,1097.2926,1143.2458
4084,1165.1719,1078.8997,1193.7362
4085,1239.5596,1117.9285,1270.3733
4086,1363.3041,1227.8372,1438.5242
4087,1488.1061,1350.7555,1616.142
4088,1587.5247,1466.4961,1773.4736
4089,1696.8147,1535.133,1906.0108
4090,1817.3862,1604.2185,2031.7858
4091,1925.6185,1678.6872,2116.0867
4092,2013.0505,1752.7074,2210.3053
4093,2093.0789,1827.1761,2268.4593
4094,2149.4866,1902.0935,2303.6223
4095,2186.8568,1945.6084,2314.8924
4096,2155.48,1957.2722,2267.5577
4097,2074.0413,1913.7573,2150.348
4098,1950.6494,1827.6247,2049.8181
4099,1885.7806,1788.1473,2029.9826
4100,1778.6059,1695.7343,1960.1076
4101,1627.0101,1581.3395,1810.8905
4102,1460.6074,1444.963,1634.1743
4103,1343.5614,1326.9794,1479.0968
4104,1264.5905,1231.8747,1360.5346
4105,1196.1962,1169.9669,1280.291
4106,1145.7818,1126.4521,1224.391
4107,1127.0967,1094.1524,1200.0475
4108,1103.476,1046.6,1204.1047
4109,1143.314,1061.8527,1224.391
4110,1270.9364,1163.2378,1310.0443
4111,1419.0067,1301.8574,1441.6798
4112,1566.3718,1461.5615,1604.4211
4113,1718.3201,1581.3395,1741.4663
4114,1863.2175,1682.2761,1850.1107
4115,1977.4431,1796.2223,1923.1414
4116,2075.4515,1898.9532,1982.6479
4117,2162.8835,1997.1982,2012.8519
4118,2236.9186,2085.1251,2034.4907
4119,2273.5836,2142.9954,2032.6874
4120,2256.3088,2153.762,1988.9592
4121,2178.3956,2108.9013,1915.0269
4122,2051.1257,2002.1329,1837.9389
4123,1954.5275,1933.0474,1796.9155
4124,1806.8097,1819.1012,1744.1711
4125,1643.5799,1694.3885,1619.7485
4126,1492.3367,1546.7968,1487.6621
4127,1377.7585,1410.4203,1350.6169
4128,1295.2622,1312.624,1249.1854
4129,1235.329,1245.3329,1191.4821
4130,1176.1009,1200.4722,1153.1636
4131,1152.8328,1164.1351,1127.9184
4132,1110.1744,1107.162,1118.9022
4133,1138.7308,1110.3022,1095.0095
4134,1255.0717,1217.0707,1108.0829
4135,1414.7761,1372.2887,1177.9579
4136,1575.1856,1558.012,1281.6435
4137,1728.544,1698.8745,1424.5492
4138,1883.6653,1863.5133,1538.6033
4139,2031.0304,1998.9926,1617.9453
4140,2144.1984,2104.4152,1695.484
4141,2251.7256,2189.6506,1749.5808
4142,2335.6321,2256.0444,1795.5631
4143,2375.8226,2288.7927,1802.776
4144,2369.4767,2277.5775,1772.572
4145,2295.7942,2213.4267,1723.434
4146,2174.5176,2125.9484,1649.0509
4147,2091.3162,2068.5267,1671.5913
4148,1955.5851,1956.8235,1630.5679
4149,1760.9785,1828.9706,1521.0218
4150,1586.4671,1675.0984,1377.6653
4151,1451.0886,1545.0024,1234.3088
4152,1365.0668,1451.6921,1147.3031
4153,1296.3199,1382.158,1115.7466
4154,1263.1804,1327.8766,1092.7555
4155,1252.6039,1318.4558,1113.0418
4156,1270.9364,1295.5769,1183.8184
4157,1363.3041,1330.1196,1297.4217
4158,1504.6759,1461.5615,1432.2129
4159,1650.6309,1608.7045,1557.5372
4160,1787.067,1786.3529,1654.4606
4161,1943.2459,1907.0282,1741.4663
4162,2101.5401,2023.666,1835.2341
4163,2242.2068,2121.0137,1903.3059
4164,2362.0732,2207.1462,1969.1237
4165,2452.3256,2331.4104,2021.8681
4166,2516.8419,2338.1395,2048.0149
4167,2538.6999,2369.5419,2045.7608
4168,2501.6823,2351.5977,1988.0576
4169,2402.9688,2301.3537,1864.9873
4170,2259.1291,2200.8657,1732.901
4171,2171.3446,2151.519,1713.9671
4172,2041.9594,2045.1991,1644.0921
4173,1830.0779,1892.2241,1523.2759
4174,1636.1764,1732.0715,1362.3379
4175,1495.8622,1592.1061,1217.6289
4176,1397.8538,1483.9918,1136.9345
4177,1329.1069,1407.7286,1093.6571
4178,1279.3976,1353.8958,1064.3546
4179,1264.238,1329.671,1081.9361
4180,1268.8211,1303.6518,1146.8523
4181,1349.9072,1322.4933,1248.2838
4182,1487.0485,1414.9063,1379.4685
4183,1620.3117,1539.6191,1484.5065
4184,1731.717,1674.6498,1608.0275
4185,1872.3837,1789.4932,1722.5324
4186,2008.8199,1894.9158,1802.776
4187,2135.0322,2000.3384,1865.889
4188,2257.0139,2090.5084,1921.789
4189,2364.8936,2170.8091,1969.1237
4190,2441.3966,2229.5766,1992.1148
4191,2471.3632,2259.6332,1993.9181
4192,2448.8001,2242.1376,1928.1003
4193,2349.734,2195.9311,1815.8494
4194,2215.4132,2094.0973,1700.4429
4195,2121.2828,2030.3951,1694.1316
4196,1976.3855,1902.9907,1624.2566
4197,1760.6259,1756.2962,1477.2936
4198,1573.4228,1581.7881,1339.7975
4199,1439.807,1434.1964,1173.4499
4200,1353.0802,1334.6057,1100.87
4201,1288.9164,1261.4828,1055.7893
4202,1251.1937,1213.4818,1029.1917
4203,1248.3733,1191.9487,1043.1667
4204,1265.2956,1167.2753,1097.2635
4205,1355.1954,1208.0985,1232.0547
4206,1492.3367,1322.9419,1354.6742
4207,1619.2541,1463.3559,1452.95
4208,1736.6526,1628.4433,1560.6928
4209,1880.1398,1744.6325,1655.3622
4210,2009.525,1884.1492,1761.3018
4211,2132.2118,2020.0771,1843.7994
4212,2248.9052,2130.883,1910.068
4213,2354.3172,2237.2029,1963.2632
4214,2431.1727,2320.6438,2010.5979
4215,2464.6648,2373.5794,2021.8681
4216,2429.7625,2360.1212,1957.8535
4217,2337.7474,2310.7744,1842.447
4218,2193.5552,2209.8379,1736.9582
4219,2088.4958,2149.7245,1736.5074
4220,1951.002,2024.5632,1667.534
4221,1755.3377,1859.9244,1529.1363
4222,1577.3008,1674.2012,1331.683
4223,1461.665,1526.1609,1226.645
4224,1370.0025,1406.8314,1142.3442
4225,1307.2489,1322.4933,1087.3458
4226,1269.5262,1261.9314,1064.8054
4227,1262.4753,1243.9871,1078.7804
4228,1273.7568,1211.2388,1148.6555
4229,1366.8295,1217.0707,1247.3822
4230,1505.381,1375.4289,1401.5581
4231,1643.2274,1531.0955,1551.6767
4232,1758.1581,1694.3885,1678.8042
4233,1892.479,1824.0359,1786.9978
4234,2013.7556,1953.6833,1878.0607
4235,2145.6086,2074.8072,1953.7963
4236,2275.6989,2160.0425,1983.0987
4237,2386.7516,2274.8859,2004.2866
4238,2471.7157,2371.3364,2062.8915
4239,2500.2721,2425.6178,2071.006
4240,2468.8953,2425.6178,2008.3439
4241,2364.8936,2374.4766,1869.0446
4242,2231.6304,2272.6428,1758.597
4243,2151.6019,2186.9589,1731.9994
4244,2026.7999,2048.3394,1681.0582
4245,1844.5324,1890.4297,1498.9323
4246,1676.0143,1712.7814,1337.9943
4247,1553.3276,1564.2925,1221.6862
4248,1453.5564,1450.3463,1145.9506
4249,1394.3283,1360.1763,1090.5014
4250,1352.0225,1303.2032,1069.3135
4251,1334.3951,1275.3896,1078.7804
4252,1343.9139,1243.9871,1127.4676
4253,1416.8914,1278.5298,1213.5717
4254,1539.9307,1414.0091,1337.5435
4255,1664.3803,1561.1522,1475.4904
4256,1788.1247,1738.352,1626.0598
4257,1948.5341,1886.8409,1739.6631
4258,2100.1299,2022.7688,1841.9962
4259,2243.2645,2156.4536,1908.2648
4260,2330.6964,2266.3623,1975.8858
4261,2390.9822,2375.8224,2045.7608
4262,2437.166,2465.9924,2081.3746
4263,2435.4033,2509.5073,2097.6036
4264,2392.7449,2507.7129,2027.7286
4265,2269.7056,2407.2249,1893.3882
4266,2163.5886,2294.176,1769.4163
4267,2097.662,2225.9877,1750.0316
4268,2005.2944,2106.2097,1661.6735
4269,1842.0646,1946.057,1531.8412
4270,1673.8991,1784.1099,1383.075
4271,1552.975,1637.864,1250.5378
4272,1466.6007,1529.3011,1160.3765
4273,1401.0267,1440.4769,1098.1651
4274,1353.4327,1378.1206,1050.8304
4275,1322.761,1331.0168,1040.9127
4276,1293.4995,1273.5952,1047.6748
4277,1326.2865,1265.9688,1064.8054
4278,1439.807,1357.4847,1140.541
4279,1602.6843,1538.7219,1245.1281
4280,1765.9142,1737.4547,1381.7226
4281,1940.7781,1905.2337,1502.5388
4282,2085.3229,2053.7227,1591.3477
4283,2206.2469,2204.006,1693.23
4284,2278.8718,2299.5593,1768.0639
4285,2351.4968,2390.1779,1801.4236
4286,2372.6497,2454.7773,1787.8994
4287,2356.0799,2495.1519,1750.9332
4288,2295.4416,2489.32,1705.4018
4289,2191.7924,2449.8426,1617.0437
4290,2119.1675,2296.419,1515.1613
4291,2094.4891,2204.4546,1519.6694
4292,1994.3654,2072.5641,1508.85
4293,1841.0069,1911.5142,1411.4758
4294,1704.5708,1760.7823,1292.9136
4295,1585.0569,1668.3693,1210.416
4296,1501.8555,1560.7036,1101.7716
4297,1429.9357,1468.7392,1068.4119
4298,1383.0468,1393.3732,1026.9377
4299,1357.3107,1336.4001,1024.6836
4300,1325.2288,1278.0812,1010.2578
4301,1329.4594,1274.0438,975.5457
4302,1426.7627,1375.8775,1033.249
4303,1600.569,1553.0773,1140.541
4304,1801.5215,1751.8102,1261.3572
4305,1991.8976,1928.1127,1372.7064
4306,2151.2494,2074.3586,1491.2686
4307,2286.6279,2209.3893,1594.0525
4308,2398.7382,2275.3345,1692.7792
4309,2453.7358,2400.4958,1757.2445
4310,2479.4718,2450.2912,1840.193
4311,2460.4342,2459.7119,1860.9301
4312,2345.1509,2441.3191,1856.422
4313,2200.9587,2387.4862,1828.472
4314,2119.8726,2295.9704,1779.3341
4315,2083.9127,2259.6332,1796.9155
4316,1955.5851,2165.4258,1726.1389
4317,1783.5416,2027.7034,1583.684
4318,1620.6643,1863.9619,1406.5169
4319,1526.8864,1668.8179,1274.8814
4320,1457.0819,1553.5259,1185.6216
4321,1393.2707,1465.5989,1142.3442
4322,1355.9005,1403.2426,1127.9184
4323,1352.7276,1382.158,1141.4426
4324,1376.7009,1356.1388,1182.0152
4325,1444.3902,1388.8871,1269.4717
4326,1554.0327,1492.0667,1410.1234
4327,1689.0586,1640.5556,1593.6017
4328,1818.0913,1794.8764,1771.2196
4329,1976.0329,1916.4489,1924.9446
4330,2115.2895,2033.5353,1998.4261
4331,2237.2712,2165.8744,2018.7124
4332,2340.5678,2236.7543,2031.7858
4333,2394.5077,2328.2701,2053.4245
4334,2427.9998,2394.6639,2123.7504
4335,2426.5896,2435.9358,2149.8972
4336,2358.5477,2442.6649,2125.1028
4337,2241.5017,2132.6775,2008.3439
4338,2159.0054,2263.2221,1929.9035
4339,2115.642,2242.5862,1916.3793
4340,2005.647,2154.6592,1823.5131
4341,1829.0203,2006.1703,1680.6074
4342,1649.9258,1851.4009,1472.7855
4343,1522.3033,1713.6786,1307.7903
4344,1437.6917,1619.0225,1212.67
4345,1379.1687,1534.2358,1151.8111
4346,1339.6833,1455.281,1116.1974
4347,1334.3951,1430.6076,1122.0579
4348,1353.4327,1413.5605,1174.3515
4349,1439.1019,1400.9995,1271.7257
4350,1578.3585,1501.0389,1403.3613
4351,1708.4488,1631.5835,1547.6194
4352,1830.0779,1780.0724,1682.8614
4353,1977.7956,1939.7765,1808.1857
4354,2104.3605,2072.1155,1846.0535
4355,2222.1116,2201.7629,1861.8317
4356,2315.8894,2289.2413,1915.0269
4357,2385.694,2372.2336,1907.814
4358,2426.237,2374.9252,1915.0269
4359,2431.5252,2296.419,1950.6406
4360,2307.0757,2274.8859,1980.3939
4361,2147.0188,2213.4267,1945.2309
4362,2053.241,2143.444,1883.0196
4363,2015.8709,2108.4527,1864.0857
4364,1919.2726,2013.7966,1800.0712
4365,1748.9918,1868.8966,1638.2316
4366,1591.0502,1718.1646,1456.1057
4367,1485.9908,1581.7881,1308.2411
4368,1405.6098,1555.7689,1136.0329
4369,1361.8939,1483.0946,1087.7966
4370,1325.2288,1440.9255,1063.0022
4371,1335.1002,1437.7853,1061.6498
4372,1354.8429,1432.402,1106.7305
4373,1435.929,1465.5989,1195.5394
4374,1551.9174,1578.6479,1363.2395
4375,1667.5532,1716.3702,1532.7428
4376,1778.9584,1851.4009,1716.2211
4377,1904.4656,1943.3653,1888.4293
4378,2023.6269,2058.6573,2023.2205
4379,2135.3847,2150.1731,2109.3246
4380,2221.4065,2222.8475,2211.6577
4381,2313.7741,2265.4651,2261.2464
4382,2378.9955,2305.3912,2304.0731
4383,2406.1418,2286.1011,2284.2376
4384,2378.643,2225.9877,2185.0601
4385,2288.0381,2177.9868,2059.285
4386,2192.8501,2103.0694,1922.6906
4387,2143.4933,2100.3778,1879.4132
4388,2043.0171,2026.8062,1788.3502
4389,1868.1531,1896.2616,1589.5444
4390,1699.9876,1742.3894,1404.7137
4391,1580.8263,1607.8073,1256.8491
4392,1496.2147,1510.9082,1162.6305
4393,1436.9866,1432.402,1097.7143
4394,1393.9758,1383.0552,1062.1006
4395,1386.9248,1374.0831,1064.8054
4396,1404.9048,1349.8583,1102.2224
4397,1485.9908,1376.7748,1175.2531
4398,1603.742,1509.1138,1329.8798
4399,1727.8389,1689.0052,1492.1702
4400,1851.5834,1864.8591,1648.1493
4401,1990.1348,1993.1607,1788.3502
4402,2109.6487,2126.397,1915.0269
4403,2227.3998,2241.2404,2009.6963
4404,2330.6964,2349.8032,2108.8738
4405,2394.1551,2457.9175,2189.1174
4406,2427.6472,2542.2556,2245.4682
4407,2442.1017,2581.2844,2227.8867
4408,2402.2637,2572.7609,2150.7988
4409,2267.5903,2500.9838,1998.4261
4410,2154.0698,2402.2903,1905.5599
4411,2098.3671,2361.9156,1873.5527
4412,1999.6536,2277.5775,1766.7115
4413,1878.0245,2119.2193,1591.7985
4414,1666.143,1935.739,1404.2629
4415,1561.4362,1776.4836,1251.8902
4416,1489.8689,1659.3971,1156.77
4417,1427.8204,1574.6104,1102.2224
4418,1393.9758,1504.1791,1065.2562
4419,1387.6299,1478.6085,1070.2151
4420,1396.7961,1437.7853,1108.0829
4421,1479.645,1454.8324,1186.0724
4422,1595.9859,1584.9284,1342.5024
4423,1730.6593,1718.1646,1510.2025
4424,1841.3595,1931.253,1666.1816
4425,1981.3211,2061.349,1814.9478
4426,2113.8793,2194.1366,1938.018
4427,2222.1116,2322.4382,2029.081
4428,2328.2286,2424.272,2095.8004
4429,2396.2704,2527.4516,2144.9383
4430,2450.5628,2600.5745,2168.8311
4431,2456.9087,2631.977,2169.7327
4432,2416.3657,2610.4439,2113.8326
4433,2313.7741,2518.4795,2003.8358
4434,2188.972,2422.9262,1896.9946
4435,2073.6888,2392.4209,1847.8567
4436,1991.8976,2292.3816,1777.08
4437,1870.2684,2165.8744,1622.9041
4438,1718.3201,2001.6842,1445.7371
4439,1588.2298,1866.6536,1324.9209
4440,1487.7536,1758.0907,1206.8096
4441,1417.2439,1649.9764,1145.4998
4442,1366.1244,1568.7785,1093.6571
4443,1342.1512,1510.9082,1070.2151
4444,1331.9273,1448.5519,1063.0022
4445,1352.0225,1414.9063,1064.8054
4446,1472.2415,1527.5067,1147.7539
4447,1634.4137,1705.6037,1305.5362
4448,1801.5215,1899.4019,1463.7694
4449,1968.6294,2047.4422,1621.1009
4450,2105.0656,2175.7437,1754.0889
4451,2221.0539,2311.6717,1862.2825
4452,2306.3706,2414.8513,1922.6906
4453,2386.0465,2511.3017,1980.3939
4454,2429.7625,2561.0971,2001.5818
4455,2439.9864,2525.2086,2005.1882
4456,2405.4367,2473.6188,1929.9035
4457,2307.4283,2420.2345,1865.4382
4458,2200.2536,2342.6255,1768.0639
4459,2136.0898,2324.2326,1732.901
4460,2023.9795,2247.9695,1686.0171
4461,1885.428,2139.4066,1580.0775
4462,1719.3778,1997.1982,1435.8194
4463,1609.0302,1866.6536,1296.0693
4464,1525.8288,1752.2588,1196.8918
4465,1460.2548,1654.9111,1131.5248
4466,1404.9048,1559.8064,1081.4853
4467,1379.1687,1498.7958,1059.3958
4468,1366.8295,1433.2992,1020.1756
4469,1376.3483,1382.6066,1000.7909
4470,1450.3835,1506.8708,1058.945
4471,1581.1789,1693.9399,1176.6055
4472,1700.6927,1898.5046,1305.987
4473,1813.8607,2055.5171,1455.204
4474,1899.5299,2197.7255,1581.8807
4475,1970.7447,2317.0549,1658.5179
4476,2052.8884,2430.1039,1765.8099
4477,2090.6111,2510.4045,1829.8244
4478,2125.5134,2535.5265,1874.4543
4479,2153.7172,2487.9742,1888.8801
4480,2134.6796,2494.2547,1851.0123
4481,2080.7397,2418.4401,1777.9817
4482,2007.0572,2337.2422,1670.6897
4483,1988.0195,2308.5314,1654.0098
4484,1899.8825,2228.6794,1618.3961
4485,1770.4973,1937.5334,1506.596
4486,1635.1188,1989.5719,1369.1
4487,1531.117,1857.6814,1255.0459
4488,1462.7227,1749.5671,1169.8434
4489,1417.5965,1656.2569,1122.0579
4490,1386.2197,1595.6949,1089.5998
4491,1375.2907,1563.8439,1096.8127
4492,1382.6942,1521.2262,1129.7216
4493,1426.7627,1479.5057,1167.1386
4494,1519.1304,1533.3386,1290.6596
4495,1634.7662,1643.2473,1440.7782
4496,1763.0938,1772.4461,1576.0202
4497,1904.4656,1880.1118,1722.5324
4498,2015.5183,1971.179,1845.1519
4499,2131.1541,2083.3307,1932.6084
4500,2231.2778,2120.5651,1996.6229
4501,2297.9095,2085.5737,2049.3673
4502,2332.8117,2071.2183,2055.6786
4503,2347.9713,2060.0031,2046.2116
4504,2319.4149,2075.2558,1998.8769
4505,2219.6437,2034.8812,1876.7083
4506,2118.4624,2006.1703,1769.4163
4507,2074.7464,2042.0589,1723.434
4508,2005.9995,1980.5997,1670.6897
4509,1863.57,1891.3269,1540.8573
4510,1724.3135,1767.96,1400.6564
4511,1617.1388,1653.5652,1277.1354
4512,1530.4119,1579.0965,1184.2692
4513,1457.787,1510.011,1127.0168
4514,1409.8404,1470.5336,1087.7966
4515,1377.7585,1432.8506,1064.3546
4516,1351.67,1408.6258,1060.2974
4517,1352.3751,1372.2887,1053.5353
4518,1427.1153,1352.9986,1119.8039
4519,1555.0903,1432.8506,1225.7434
4520,1693.6418,1568.7785,1361.4363
4521,1843.8273,1640.5556,1491.7194
4522,1956.6428,1739.2492,1618.8469
4523,2053.5935,1838.3913,1720.2784
4524,2130.449,1869.3452,1786.547
4525,2194.6128,1843.326,1825.7672
4526,2238.6813,1818.6526,1822.1607
4527,2260.1868,1799.3625,1799.6204
4528,2231.2778,1813.7179,1764.9083
4529,2147.0188,1780.9696,1677.9026
4530,2040.1967,1735.6603,1575.5694
4531,1990.1348,1758.9879,1544.9146
4532,1916.8048,1691.2482,1494.4242
4533,1818.0913,1658.4999,1419.1395
4534,1681.6551,1574.6104,1304.6346
4535,1560.3785,1462.9073,1194.187
4536,1467.6583,1372.7373,1110.3369
4537,1396.4436,1311.7267,1058.945
4538,1356.9582,1273.1465,1038.2078
4539,1346.3817,1265.9688,1045.8716
4540,1365.7719,1256.0995,1090.5014
4541,1398.9114,1277.6326,1169.8434
4542,1450.0309,1401.4481,1316.8064
4543,1504.6759,1559.8064,1493.5226
4544,1538.8731,1719.0619,1639.584
4545,1590.3451,1845.1204,1774.826
4546,1625.9525,1958.618,1892.9374
4547,1658.3869,2086.9196,1997.5245
4548,1707.0386,2187.8561,2061.5391
4549,1794.118,2298.662,2116.9883
4550,1898.4723,2293.2788,2145.3891
4551,1960.8733,2181.127,2132.7665
4552,1968.6294,2094.9945,2063.7931
4553,1929.4965,1996.301,1945.6817
4554,1861.4547,1971.6276,1795.5631
4555,1860.7496,1980.5997,1745.9744
4556,1784.2467,1914.2059,1667.9848
4557,1646.0477,1802.0541,1503.8912
4558,1493.0418,1656.2569,1336.1911
4559,1391.5079,1536.4788,1208.6128
4560,1318.5304,1451.2435,1122.0579
4561,1266.3533,1388.4385,1065.2562
4562,1248.0208,1343.5778,1043.1667
4563,1257.5396,1339.5404,1045.4208
4564,1278.3399,1333.7085,1079.2313
4565,1354.1378,1355.6902,1162.6305
4566,1463.7803,1492.964,1309.1427
4567,1575.8906,1662.5374,1463.3186
4568,1694.6994,1829.8678,1603.5195
4569,1838.5391,1956.3749,1726.1389
4570,1948.1816,2090.957,1821.7099
4571,2052.5359,2204.006,1907.3632
4572,2102.2452,2244.3806,1979.0414
4573,2186.1517,2237.6515,2026.3761
4574,2243.9696,2200.4171,2075.0633
4575,2254.8986,2170.3605,2075.5141
4576,2198.8434,2193.688,2005.1882
4577,2107.5334,2164.9772,1883.0196
4578,2041.9594,2087.3682,1769.4163
4579,2021.1591,2080.1905,1734.2534
4580,1939.7204,1999.8898,1659.8703
4581,1800.8164,1867.1022,1498.4815
4582,1644.285,1720.4077,1337.9943
4583,1540.9884,1583.134,1214.0225
4584,1466.9532,1484.889,1127.9184
4585,1405.9624,1409.5231,1076.0756
4586,1374.2331,1353.8958,1039.5603
4587,1379.5213,1336.8487,1042.7159
4588,1403.8471,1314.4184,1075.174
4589,1474.0042,1330.1196,1151.8111
4590,1578.3585,1466.0475,1296.0693
4591,1679.8924,1631.5835,1452.95
4592,1746.1714,1792.1848,1608.4783
4593,1825.1423,1911.5142,1760.851
4594,1908.6962,2030.8437,1844.701
4595,1942.1883,2139.8552,1951.5422
4596,1934.4322,2227.7822,2029.9826
4597,1976.0329,2276.6803,2098.5052
4598,2023.2744,2270.8484,2132.3157
4599,2044.7798,2277.5775,2173.3391
4600,1999.3011,2255.5958,2104.8165
4601,1925.9711,2197.2769,1970.0253
4602,1852.9936,2113.836,1847.4059
4603,1833.6034,2099.9292,1782.9405
4604,1760.9785,1997.1982,1710.3606
4605,1628.4203,1870.691,1566.1025
4606,1496.5673,1733.4173,1388.0339
4607,1402.4369,1597.938,1273.0781
4608,1328.0492,1493.8612,1185.1708
4609,1283.6282,1420.7382,1117.099
4610,1242.7326,1371.8401,1079.2313
4611,1230.7459,1344.0264,1058.4941
4612,1215.9389,1308.5865,1055.7893
4613,1233.2138,1276.7354,1077.428
4614,1377.0534,1319.8017,1147.3031
4615,1531.8221,1432.8506,1290.2088
4616,1676.7194,1575.059,1459.7121
4617,1825.4948,1719.9591,1621.5517
4618,1949.5918,1879.6632,1752.7365
4619,2038.7865,2020.5257,1865.4382
4620,2130.0965,2144.3413,1910.068
4621,2202.7214,2255.1472,1944.7801
4622,2252.4307,2333.6534,1985.8035
4623,2282.7499,2359.224,1973.181
4624,2266.1801,2303.5967,1932.1575
4625,2202.3689,2184.7159,1864.9873
4626,2106.1232,2078.8446,1752.2857
4627,2049.3629,2061.7976,1719.8276
4628,1926.6762,1989.1232,1655.3622
4629,1777.1957,1896.2616,1522.3742
4630,1634.0611,1767.96,1384.8782
4631,1527.239,1625.303,1269.4717
4632,1447.2105,1518.5346,1182.0152
4633,1383.7519,1435.5423,1113.4926
4634,1336.8629,1375.4289,1072.92
4635,1300.903,1330.5682,1041.8143
4636,1266.3533,1280.3243,1026.0361
4637,1300.5505,1260.5855,999.4385
4638,1420.4169,1376.7748,1047.6748
4639,1591.4028,1547.694,1153.1636
4640,1754.9852,1734.3145,1287.0531
4641,1939.3679,1889.5325,1437.6226
4642,2087.7907,2025.909,1573.3154
4643,2199.1959,2130.4344,1690.5252
4644,2285.2177,2204.9032,1781.1373
4645,2349.3815,2234.0626,1851.0123
4646,2389.572,2085.1251,1876.2575
4647,2410.7249,1991.3663,1896.093
4648,2388.5143,2007.9647,1855.9712
4649,2319.4149,2001.2356,1800.0712
4650,2208.0096,1915.5517,1705.4018
4651,2137.5,1914.2059,1679.7058
4652,2004.5893,1843.7746,1622.9041
4653,1833.956,1741.4922,1484.9573
4654,1682.3602,1619.9197,1328.5274
4655,1567.0769,1501.4875,1223.4894
4656,1488.4587,1403.2426,1138.7377
4657,1418.3016,1330.5682,1091.403
4658,1367.5346,1281.6701,1064.3546
4659,1359.7786,1274.0438,1074.7232
4660,1375.9958,1263.2772,1120.7055
4661,1459.9023,1287.0534,1189.6789
4662,1584.3518,1419.3924,1323.5685
4663,1727.1338,1585.377,1482.2525
4664,1852.2885,1750.4643,1631.9203
4665,1981.6737,1875.6257,1754.5397
4666,2105.0656,2012.4508,1864.9873
4667,2216.1183,2154.2106,1951.5422
4668,2323.998,2280.2692,2025.0237
4669,2413.1927,2386.1404,2079.1205
4670,2486.1702,2463.7494,2102.1117
4671,2503.0925,2499.1894,2108.8738
4672,2478.0616,2484.8339,2046.6624
4673,2395.2128,2410.3652,1885.2736
4674,2269.0005,2304.0453,1749.5808
4675,2194.6128,2249.3153,1713.5163
4676,2063.4649,2136.2663,1639.1332
4677,1862.8649,1974.3192,1469.6299
4678,1684.4755,1798.4653,1308.2411
4679,1559.6734,1636.0696,1177.0563
4680,1475.4144,1526.6095,1103.124
4681,1398.9114,1448.1033,1036.8554
4682,1353.4327,1397.8593,1011.6102
4683,1338.2731,1386.6441,1015.2167
4684,1349.2021,1366.4568,1062.5514
4685,1441.5698,1393.3732,1154.516
4686,1584.3518,1532.4414,1297.4217
4687,1730.3068,1699.7718,1450.2452
4688,1863.57,1878.3173,1575.1186
4689,2016.9285,2004.8245,1699.9921
4690,2155.1274,2148.8273,1797.8171
4691,2292.6212,2289.2413,2000.2294
4692,2401.5586,2396.0098,2064.6947
4693,2483.7024,2475.4132,2129.6109
4694,2551.3916,2525.2086,2185.0601
4695,2578.8904,2545.8445,2193.1746
4696,2554.9171,2528.7974,2008.7947
4697,2473.1259,2452.9828,1869.9462
4698,2348.3239,2339.0367,1764.0066
4699,2277.8142,2291.4843,1712.6147
4700,2152.307,2157.7995,1651.7558
4701,1945.7138,1998.544,1484.5065
4702,1749.3444,1807.4374,1323.1177
4703,1650.2783,1649.9764,1196.441
4704,1543.1037,1537.8246,1117.5498
4705,1460.2548,1449.0005,1060.7482
4706,1425.0,1391.5788,1039.1095
4707,1426.7627,1368.6998,1036.4046
4708,1451.0886,1341.7834,1081.4853
4709,1550.5072,1359.7277,1136.4837
4710,1660.1497,1483.0946,1285.2499
4711,1843.8273,1639.6584,1445.7371
4712,1966.1616,1796.6709,1575.5694
4713,2110.7063,1911.5142,1714.4179
4714,2236.9186,2030.3951,1829.8244
4715,2360.663,2147.4815,1951.0914
4716,2478.0616,2247.5209,2035.8431
4717,2570.0767,2316.1577,2107.0705
4718,2623.3115,2425.1692,2149.4464
4719,2652.9255,2467.3383,2152.1512
4720,2621.1962,2460.1606,2086.3334
4721,2542.2254,2409.468,1961.0092
4722,2435.4033,2300.0079,1821.7099
4723,2361.7207,2226.8849,1777.08
4724,2243.2645,2107.1069,1708.1066
4725,2045.4849,1947.4028,1544.9146
4726,1867.0955,1767.96,1376.7637
4727,1726.4287,1613.6392,1236.5628
4728,1638.2917,1500.1417,1150.0079
4729,1563.904,1419.841,1091.8538
4730,1522.3033,1358.3819,1064.8054
4731,1513.4896,1345.8209,1065.2562
4732,1526.8864,1327.8766,1099.5176
4733,1615.0235,1344.9237,1163.9829
4734,1768.382,1482.1974,1310.9459
4735,1912.2217,1649.9764,1473.2363
4736,2046.19,1826.7275,1618.3961
4737,2201.3112,1959.0666,1764.4574
4738,2347.6188,2123.2567,1898.347
4739,2479.4718,2265.0165,1997.0737
4740,2590.1719,2372.2336,2096.2512
4741,2674.0784,2477.2076,2190.019
4742,2733.3065,2559.3027,2231.944
4743,2745.9983,2601.4717,2239.6077
4744,2714.974,2593.8454,2186.4125
4745,2616.2605,2534.1807,2036.2939
4746,2508.0282,2437.7302,1910.068
4747,2447.7425,2361.0184,1851.4631
4748,2325.4082,2218.81,1772.1212
4749,2134.3271,2046.5449,1604.8719
4750,1942.1883,1858.13,1425.4508
4751,1802.2266,1695.2857,1282.9959
4752,1694.3469,1587.62,1182.9168
4753,1619.6066,1491.6181,1125.6643
4754,1576.5957,1445.4116,1091.8538
4755,1558.9683,1422.0841,1093.6571
4756,1568.8397,1405.037,1131.074
4757,1646.7528,1397.8593,1201.8507
4758,1792.0027,1499.2445,1348.8137
4759,1923.8558,1678.6872,1520.1202
4760,2049.0104,1864.4105,1676.0993
4761,2188.2669,2051.031,1856.422
4762,2321.1776,2224.6419,1969.5745
4763,2460.7867,2361.9156,2103.0133
4764,2577.1277,2483.9367,2219.3214
4765,2687.1227,2605.9578,2285.59
4766,2761.5104,2688.0529,2312.1876
4767,2788.3041,2727.5303,2295.5078
4768,2757.2798,2720.8012,2223.8295
4769,2642.3491,2653.5102,2091.7431
4770,2499.2145,2546.7417,1960.1076
4771,2391.6873,2482.1423,1906.0108
4772,2255.2511,2349.8032,1831.6276
4773,2071.2209,2176.641,1654.4606
4774,1906.9334,1993.1607,1491.2686
4775,1771.5549,1829.8678,1341.15
4776,1708.4488,1697.0801,1233.4072
4777,1665.0854,1597.4894,1166.6878
4778,1625.9525,1512.7027,1121.1563
4779,1587.5247,1464.7017,1099.9684
4780,1543.8088,1420.2896,1099.9684
4781,1560.3785,1387.0927,1089.5998
4782,1702.808,1494.3098,1191.4821
4783,1880.8449,1694.8371,1357.8298
4784,2050.4206,1921.3836,1536.8001
4785,2220.7014,2112.4902,1711.7131
4786,2348.6764,2311.6717,1828.9228
4787,2475.2412,2494.2547,1938.9196
4788,2572.192,2602.369,2019.614
4789,2624.7217,2699.2681,2095.8004
4790,2579.5955,2760.2786,2126.906
4791,2472.0683,2793.9241,2148.094
4792,2339.8627,2782.709,2129.1601
4793,2202.3689,2707.343,2058.3834
4794,2108.2385,2604.1634,1971.8285
4795,2060.2919,2540.0126,1923.5922
4796,1959.8157,2415.7485,1864.5365
4797,1832.1932,2247.5209,1689.6235
4798,1703.1606,2067.6295,1525.9807
4799,1595.6333,1902.9907,1380.3701
4800,1513.4896,1770.6517,1272.1765
4801,1444.0376,1660.2943,1193.7362
4802,1400.3216,1579.0965,1145.049
4803,1366.8295,1521.6748,1111.6893
4804,1336.8629,1462.4587,1094.5587
4805,1353.4327,1428.8132,1075.174
4806,1472.2415,1537.8246,1129.7216
4807,1631.5933,1728.034,1256.8491
4808,1786.362,1939.7765,1397.9516
4809,1948.5341,2118.3221,1544.9146
4810,2106.8283,2299.5593,1650.8542
4811,2229.5151,2467.7869,1738.7615
4812,2330.6964,2575.0039,1798.7188
4813,2414.9555,2687.1557,1857.7744
4814,2469.953,2762.073,1916.8301
4815,2435.7558,2797.513,1937.1164
4816,2365.2462,2786.2978,1914.5761
4817,2266.8852,2727.0817,1850.1107
4818,2203.4265,2616.7244,1771.2196
4819,2159.7105,2584.4247,1753.6381
4820,2065.9327,2471.8243,1709.459
4821,1910.4589,2317.5035,1569.709
4822,1757.453,2148.8273,1412.3774
4823,1641.4646,2013.7966,1287.504
4824,1554.0327,1905.2337,1206.3587
4825,1476.1195,1790.839,1159.9257
4826,1446.858,1711.8841,1145.4998
4827,1436.9866,1689.4538,1162.1797
4828,1463.0752,1684.0705,1222.137
4829,1510.3167,1689.0052,1312.7491
4830,1599.1588,1831.6622,1450.2452
4831,1702.808,2012.8994,1620.1993
4832,1815.2709,2193.2394,1764.9083
4833,1965.809,2322.4382,1924.9446
4834,2099.7773,2460.1606,2058.8342
4835,2218.9386,2577.6956,2191.8222
4836,2320.4725,2657.099,2286.0408
4837,2390.2771,2750.4093,2353.211
4838,2435.4033,2819.0461,2360.4239
4839,2461.4918,2850.0,2284.6884
4840,2441.7491,2813.2142,2168.3803
4841,2365.9513,2749.512,1996.6229
4842,2282.7499,2686.7071,1910.5188
4843,2268.6479,2646.3324,1923.1414
4844,2149.4866,2366.4017,1852.3648
4845,1984.1415,2088.714,1645.4445
4846,1825.4948,1871.1396,1480.9
4847,1717.9676,1766.1656,1341.6008
4848,1640.0544,1666.1262,1256.8491
4849,1566.3718,1575.059,1207.7112
4850,1531.8221,1514.0485,1176.6055
4851,1519.1304,1499.6931,1186.0724
4852,1537.1103,1508.6652,1236.5628
4853,1604.0945,1515.3943,1307.7903
4854,1742.646,1556.6661,1457.4581
4855,1879.4347,1579.0965,1641.3872
4856,2014.8132,1840.6343,1806.3825
4857,2172.4023,1968.0387,1959.6568
4858,2319.4149,2115.6304,2085.8826
4859,2457.9664,2265.9137,2191.3714
4860,2561.263,2374.4766,2262.5989
4861,2645.8746,2476.3104,2320.7529
4862,2700.5195,2568.2748,2341.49
4863,2717.7944,2630.6312,2331.5723
4864,2656.451,2637.3603,2252.2303
4865,2546.1034,2596.0885,2094.448
4866,2444.9221,2518.9281,1948.8374
4867,2367.0089,2508.6101,1880.3148
4868,2239.3864,2386.589,1784.7438
4869,2059.5868,2234.5113,1607.5767
4870,1898.8248,2062.6948,1435.8194
4871,1774.3753,1919.5892,1296.9709
4872,1677.7771,1807.886,1220.3338
4873,1604.4471,1722.2021,1163.5321
4874,1570.6024,1663.8832,1133.7789
4875,1557.9107,1644.1445,1138.7377
4876,1576.5957,1633.3779,1187.8757
4877,1621.3694,1620.8169,1266.316
4878,1764.1514,1693.9399,1402.4597
4879,1897.7672,1807.4374,1569.709
4880,2017.9861,1953.6833,1715.7703
4881,2155.8325,2100.3778,1842.447
4882,2279.9295,2267.2596,1964.1648
4883,2389.9245,2365.5045,2105.7181
4884,2500.6247,2350.2518,2176.044
4885,2582.7684,2301.8023,2243.2142
4886,2641.644,2308.5314,2273.869
4887,2651.8679,2263.2221,2251.3287
4888,2614.8503,2207.5948,2144.0367
4889,2520.3674,2135.3691,1964.1648
4890,2425.5319,2128.64,1831.6276
4891,2358.5477,2141.6496,1768.0639
4892,2260.8919,2060.0031,1691.4268
4893,2081.4448,1938.8793,1548.521
4894,1914.337,1790.3904,1395.2468
4895,1794.118,1658.9485,1260.0047
4896,1725.0186,1559.3578,1183.8184
4897,1662.9701,1474.1225,1128.82
4898,1619.2541,1433.7478,1104.4764
4899,1606.9149,1420.7382,1112.591
4900,1636.1764,1429.7104,1167.1386
4901,1674.9567,1431.5048,1235.6612
4902,1753.2224,1512.7027,1381.7226
4903,1840.6544,1678.2386,1544.9146
4904,1922.7981,1878.7659,1690.5252
4905,2017.9861,2041.6103,1829.8244
4906,2094.1366,2210.2865,1946.1326
4907,2234.4508,2367.7475,2062.8915
4908,2364.1885,2493.3575,2134.119
4909,2464.6648,2604.1634,2208.5021
4910,2533.7642,2676.8377,2227.8867
4911,2558.0901,2610.4439,2224.2803
4912,2527.4184,2419.7859,2153.5036
4913,2448.8001,2313.0175,2006.9915
4914,2352.907,2230.0252,1887.9785
4915,2296.8518,2232.7168,1835.2341
4916,2200.6061,2150.1731,1755.4413
4917,2003.5317,2020.5257,1588.192
4918,1828.3152,1881.009,1425.4508
4919,1699.9876,1742.838,1290.6596
4920,1603.0369,1643.2473,1209.0636
4921,1533.9374,1575.059,1151.3603
4922,1485.2857,1530.1983,1129.7216
4923,1474.3568,1510.9082,1131.5248
4924,1491.9842,1502.8333,1179.7612
4925,1561.4362,1513.1513,1259.1031
4926,1730.3068,1661.1916,1413.7298
4927,1907.286,1847.8121,1583.684
4928,2075.099,2031.2923,1742.8187
4929,2270.7632,2176.641,1896.093
4930,2446.6848,2326.4757,2046.2116
4931,2596.8704,2453.4314,2189.1174
4932,2714.6215,2566.929,2300.0158
4933,2800.6432,2662.0337,2383.8659
4934,2850.0,2732.9136,2428.4957
4935,2657.5087,2768.8021,2448.3312
4936,2486.8753,2754.8953,2371.2433
4937,2377.5854,2697.025,2239.1569
4938,2316.9471,2598.7801,2135.0206
4939,2277.8142,2541.807,2063.7931
4940,2192.4975,2415.2999,1995.2705
4941,2042.312,2265.0165,1842.447
4942,1889.6586,2087.8168,1665.28
4943,1782.4839,1942.0195,1507.4976
4944,1715.1472,1851.4009,1396.1484
4945,1660.5022,1763.9226,1310.0443
4946,1617.1388,1688.108,1250.5378
4947,1584.7044,1650.425,1227.5467
4948,1559.3209,1624.4058,1231.1531
4949,1570.2499,1606.4615,1229.8007
4950,1715.4998,1710.0897,1326.7241
4951,1921.0354,1872.0368,1519.2186
4952,2106.8283,2014.6938,1712.6147
4953,2278.8718,2032.1895,1888.8801
4954,2411.43,2051.9282,2084.981
4955,2491.811,2086.471,2236.4521
4956,2537.6423,2156.4536,2329.3183
4957,2586.6465,2216.567,2370.3417
4958,2608.857,2268.6054,2395.136
4959,2613.4401,2358.7754,2382.5134
4960,2590.1719,2402.2903,2310.3844
4961,2484.4075,2358.3268,2234.6488
4962,2383.9312,2300.4565,2213.0101
4963,2318.0047,2315.2605,2175.1424
4964,2195.3179,2236.3057,2082.727
4965,2062.4072,2116.079,1918.6333
4966,1941.4832,1986.8802,1794.6615
4967,1835.7187,1863.5133,1658.0671
4968,1738.7679,1755.399,1549.4227
4969,1662.9701,1666.5748,1458.3597
4970,1615.3761,1597.938,1391.1895
4971,1591.0502,1558.012,1336.1911
4972,1567.782,1523.9178,1313.1999
4973,1556.1479,1477.7113,1272.1765
4974,1657.6818,1535.5816,1320.8637
4975,1832.8983,1724.4451,1454.7532
4976,1997.5383,1943.8139,1606.6751
4977,2162.5309,2113.836,1737.8599
4978,2305.6655,2281.1664,1817.2018
4979,2418.8335,2418.8887,1846.5043
4980,2496.7467,2539.1154,1933.9608
4981,2543.6356,2647.2297,2015.106
4982,2594.05,2723.9414,2071.4568
4983,2627.8946,2751.7551,2150.348
4984,2614.4978,2741.4371,2157.1101
4985,2539.0524,2676.8377,2092.1939
4986,2474.8887,2581.733,2016.9092
4987,2420.9488,2542.2556,2027.7286
4988,2289.8008,2419.7859,1970.9269
4989,2084.6178,2260.0819,1824.8655
4990,1874.1465,2091.8542,1640.9364
4991,1745.1138,1968.0387,1496.2275
4992,1658.0344,1862.6161,1402.4597
4993,1595.6333,1795.325,1342.5024
4994,1551.2123,1748.2213,1313.6507
4995,1535.3476,1736.1089,1314.5524
4996,1562.8464,1706.9495,1357.8298
4997,1608.6776,1643.2473,1429.9589
4998,1727.1338,1776.4836,1584.5856
4999,1880.8449,1961.3096,1758.597
5000,2037.0238,2147.0329,1956.5011
5001,2200.9587,2305.8398,2144.4875
5002,2355.7274,2455.6745,2281.9836
5003,2506.9706,2598.7801,2383.4151
5004,2630.0099,2712.7263,2442.4707
5005,2718.8521,2797.9616,2497.92
5006,2747.4085,2760.2786,2549.7627
5007,2742.1202,2680.8752,2573.6555
5008,2692.0584,2602.8176,2538.9434
5009,2584.8837,2518.4795,2411.8159
5010,2494.9839,2444.4593,2305.8763
5011,2443.1593,2447.151,2290.0981
5012,2328.2286,2385.2432,2202.6416
5013,2106.8283,2233.1654,2003.8358
5014,1942.5408,2062.6948,1790.6042
5015,1825.1423,1915.1031,1622.4533
5016,1729.9542,1806.9888,1511.1041
5017,1660.1497,1740.1464,1429.0573
5018,1617.8439,1687.6594,1388.9355
5019,1617.8439,1659.3971,1382.6242
5020,1648.8681,1649.0792,1421.8444
5021,1713.737,1615.4337,1479.0968
5022,1812.098,1740.595,1613.4372
5023,1899.5299,1923.178,1789.7026
5024,2003.8842,2102.1722,1973.6318
5025,2131.1541,2259.6332,2140.4302
5026,2222.1116,2416.6457,2184.6093
5027,2327.171,2560.6485,2475.8304
5028,2443.8644,2668.3142,2456.4457
5029,2543.9881,2729.7733,2483.0433
5030,2610.9723,2669.2114,2493.8627
5031,2627.5421,2545.3959,2458.249
5032,2575.3649,2459.7119,2370.7925
5033,2451.2679,2405.4305,2221.1246
5034,2372.6497,2363.7101,2088.1367
5035,2250.3154,2361.9156,2027.7286
5036,2069.1056,2272.6428,1933.51
5037,1861.1022,2151.0704,1750.4824
5038,1655.9191,2012.0022,1567.4549
5039,1512.0794,1889.9811,1421.3935
5040,1439.807,1808.7833,1345.2072
5041,1388.335,1733.4173,1279.3894
5042,1363.3041,1697.5287,1261.808
5043,1377.0534,1703.3606,1260.0047
5044,1421.122,1702.912,1311.3967
5045,1474.3568,1688.5566,1375.8621
5046,1583.6467,1782.764,1500.7355
5047,1688.7061,1916.0003,1648.1493
5048,1788.8298,2068.0781,1801.4236
5049,1904.4656,2200.4171,1959.2059
5050,2013.403,2349.8032,2120.1439
5051,2107.5334,2486.1798,2291.4505
5052,2192.145,2594.7426,2412.7175
5053,2259.1291,2674.1461,2490.7071
5054,2302.8451,2724.8387,2524.5176
5055,2308.4859,2679.978,2501.5264
5056,2257.0139,2590.2566,2513.6982
5057,2166.409,2490.2172,2201.74
5058,2113.5267,2420.6831,2101.6609
5059,2101.1875,2426.0664,2052.0721
5060,2024.6846,2343.0741,1977.689
5061,1879.4347,2220.1558,1818.1034
5062,1746.524,2073.4614,1637.33
5063,1631.9458,1938.8793,1476.392
5064,1559.6734,1831.2136,1382.1734
5065,1502.2081,1755.399,1309.5935
5066,1474.0042,1698.8745,1286.6023
5067,1476.8246,1677.79,1278.037
5068,1508.9065,1667.9207,1329.8798
5069,1557.5581,1665.6776,1406.5169
5070,1602.6843,1762.1281,1548.9718
5071,1644.285,1918.2434,1734.7042
5072,1664.0277,2077.4988,1910.068
5073,1758.5106,2190.5478,2043.056
5074,1879.4347,2314.3633,2155.7577
5075,1995.7756,2427.4122,2236.0013
5076,2094.8417,2513.0962,2321.6545
5077,2187.2093,2607.7522,2369.4401
5078,2239.0339,2654.856,2392.4312
5079,2249.2578,2667.417,2374.8497
5080,2198.8434,2674.1461,2303.1715
5081,2112.4691,2601.0231,2158.0117
5082,2028.21,2515.3392,2028.6302
5083,1998.2434,2512.199,2005.639
5084,1927.3812,2404.9819,1915.0269
5085,1786.7145,2256.0444,1722.0816
5086,1640.0544,2087.3682,1553.9307
5087,1540.6358,1940.6737,1407.8693
5088,1473.2991,1839.2885,1318.1588
5089,1423.9424,1751.8102,1273.0781
5090,1398.9114,1698.4259,1241.5217
5091,1410.5455,1671.9581,1245.1281
5092,1441.9223,1656.7055,1288.4056
5093,1495.1571,1644.5931,1356.0266
5094,1593.8706,1755.399,1491.7194
5095,1679.8924,1932.1502,1644.0921
5096,1763.7989,2099.4806,1796.4647
5097,1892.479,2227.7822,1956.5011
5098,1979.5584,2347.5602,2059.7358
5099,2069.1056,2470.9271,2127.3568
5100,2136.7949,2571.8637,2184.1585
5101,2206.952,2671.4544,2223.3787
5102,2193.5552,2744.5774,2218.8706
5103,2143.4933,2764.7647,2194.9779
5104,2068.048,2730.6705,2130.5125
5105,1980.616,2656.2018,1994.3689
5106,1947.1239,2585.3219,1865.889
5107,1928.7914,2555.2652,1857.7744
5108,1867.448,2403.6361,1786.9978
5109,1752.1648,2222.3989,1651.7558
5110,1636.8815,2037.1242,1513.8089
5111,1546.9817,1873.8313,1396.1484
5112,1526.5339,1720.4077,1525.9807
5113,1479.9975,1620.8169,1468.2774
5114,1443.6851,1549.4884,1427.254
5115,1435.929,1502.3847,1420.0411
5116,1435.929,1476.3655,1433.5653
5117,1426.7627,1438.2339,1447.0895
5118,1490.574,1494.7584,1502.0879
5119,1578.711,1627.0974,1610.2816
5120,1686.9433,1786.3529,1735.6058
5121,1795.1757,1895.813,1846.5043
5122,1854.4038,2047.8908,1927.6495
5123,1908.3436,2196.8283,1993.0165
5124,1970.3921,2325.5785,2007.4423
5125,2065.5802,2467.7869,2031.335
5126,2148.0764,2570.5179,2017.8108
5127,2191.4399,2615.8272,1968.6729
5128,2180.5109,2612.6869,1896.9946
5129,2110.3538,2536.4237,1808.6365
5130,2039.8441,2447.5996,1770.7687
5131,2019.3963,2434.1414,1807.2841
5132,1934.0797,2320.1952,1772.1212
5133,1805.3996,2188.3047,1676.5501
5134,1688.3535,2031.2923,1573.7662
5135,1563.5515,1867.9994,1470.9823
5136,1475.0619,1750.913,1404.2629
5137,1422.1796,1666.1262,1364.1411
5138,1387.9824,1601.5268,1335.2895
5139,1365.0668,1550.3856,1323.1177
5140,1356.9582,1518.0859,1323.5685
5141,1336.8629,1473.6739,1319.5112
5142,1379.1687,1558.9092,1338.8959
5143,1453.909,1713.6786,1390.2879
5144,1541.3409,1885.9436,1468.2774
5145,1625.6,2029.9465,1567.0041
5146,1688.7061,2173.9493,1657.6163
5147,1751.8122,2304.4939,1732.4502
5148,1803.6368,2397.8042,1786.0962
5149,1879.4347,2495.6005,1819.4559
5150,1951.002,2571.8637,1824.8655
5151,2008.4673,2595.1912,1817.2018
5152,2014.8132,2560.1999,1784.7438
5153,1968.2768,2466.8897,1734.2534
5154,1935.1373,2342.1769,1711.7131
5155,1928.4389,2307.6342,1780.2357
5156,1844.1799,2190.5478,1762.6542
5157,1715.4998,2050.1338,1647.6985
5158,1586.8196,1881.009,1515.6121
5159,1501.8555,1739.6978,1416.8855
5160,1447.5631,1641.0042,1362.7887
5161,1407.02,1571.4702,1331.2322
5162,1391.8605,1521.2262,1324.0193
5163,1403.4946,1500.5903,1337.5435
5164,1445.0953,1493.4126,1396.1484
5165,1483.523,1488.9265,1475.0395
5166,1546.9817,1586.7228,1579.1759
5167,1629.478,1728.9312,1710.3606
5168,1727.4864,1867.5508,1814.0462
5169,1842.0646,1983.2914,1899.6995
5170,1958.758,2104.8638,1982.1971
5171,2058.1766,2236.3057,2044.8592
5172,2154.7749,2333.2048,2098.0544
5173,2226.3422,2423.8234,2162.069
5174,2294.7365,2504.124,2196.7811
5175,2316.5945,2520.2739,2186.8633
5176,2293.3263,2469.5813,2111.1278
5177,2191.7924,2378.0655,1942.0753
5178,2121.6353,2278.9233,1843.3486
5179,2098.7197,2252.0069,1874.0035
5180,1996.8333,2111.5929,1805.4809
5181,1819.5015,1950.5431,1660.7719
5182,1660.5022,1785.9043,1516.9646
5183,1565.3142,1645.0417,1407.4185
5184,1507.4963,1549.0398,1351.9693
5185,1462.3701,1473.2252,1318.1588
5186,1430.2882,1427.9159,1306.8886
5187,1421.4745,1414.4577,1323.1177
5188,1442.6274,1407.7286,1381.2717
5189,1480.7026,1402.3453,1461.5153
5190,1575.8906,1489.3751,1571.963
5191,1680.95,1613.1906,1700.4429
5192,1776.8431,1732.9687,1818.1034
5193,1887.5433,1818.6526,1940.2721
5194,1995.4231,1911.5142,2038.0971
5195,2105.7707,2020.9743,2109.7754
5196,2187.9144,2095.4431,2187.3141
5197,2272.526,2189.202,2260.3448
5198,2318.0047,2265.4651,2281.0819
5199,2316.242,2299.1107,2273.4182
5200,2274.6413,2273.9887,2185.9617
5201,2170.9921,2188.3047,2008.3439
5202,2084.6178,2090.957,1898.7978
5203,2053.5935,2058.2087,1916.3793
5204,1942.1883,1922.7294,1844.2502
5205,1771.5549,1756.2962,1677.0009
5206,1613.2608,1601.5268,1532.292
5207,1517.0151,1479.9544,1414.6314
5208,1462.0176,1387.9899,1357.379
5209,1420.4169,1330.1196,1322.6669
5210,1392.9181,1287.9506,1305.0854
5211,1395.3859,1285.7075,1319.962
5212,1421.122,1288.3992,1373.608
5213,1477.5297,1293.7825,1450.696
5214,1539.5782,1392.476,1558.4388
5215,1638.9968,1531.5442,1696.3856
5216,1742.9985,1636.5182,1854.6188
5217,1868.1531,1764.8198,1984.4511
5218,1986.9619,1932.5988,2104.8165
5219,2117.4048,2055.5171,2260.3448
5220,2234.0982,2161.3883,2349.1537
5221,2331.4015,2278.4747,2446.528
5222,2393.0975,2371.785,2492.9611
5223,2420.2437,2416.6457,2488.0022
5224,2383.5787,2396.0098,2374.8497
5225,2273.9362,2315.7091,2170.6343
5226,2157.9478,2229.128,2002.9342
5227,2090.9636,2215.6698,1978.1398
5228,1969.687,2087.8168,1893.3882
5229,1771.5549,1928.1127,1711.2623
5230,1612.2031,1757.6421,1553.9307
5231,1512.432,1625.7516,1433.5653
5232,1450.3835,1531.0955,1369.1
5233,1411.2506,1462.4587,1324.9209
5234,1386.5722,1419.841,1310.0443
5235,1389.7452,1400.1023,1329.429
5236,1419.7118,1406.3828,1374.0588
5237,1464.1329,1396.5135,1443.9339
5238,1577.6534,1507.768,1554.8323
5239,1692.5841,1662.0888,1680.1566
5240,1810.3352,1844.6718,1783.8421
5241,1946.0663,1962.6554,1865.889
5242,2081.4448,2084.2279,1895.1914
5243,2211.5351,2193.2394,1915.9285
5244,2328.2286,2193.688,1949.2882
5245,2423.4166,2274.8859,1999.7786
5246,2461.1393,2364.6073,2053.4245
5247,2447.3899,2402.2903,2058.3834
5248,2357.8427,2353.8407,2002.0326
5249,2202.3689,2244.3806,1863.1841
5250,2104.713,2164.9772,1759.9494
5251,2051.1257,2136.2663,1828.472
5252,1964.0463,1994.0579,1757.6953
5253,1796.9384,1841.9802,1640.0348
5254,1648.5156,1681.3789,1507.4976
5255,1555.4428,1555.3203,1405.1645
5256,1499.3877,1454.3838,1348.8137
5257,1457.4344,1387.0927,1316.8064
5258,1438.0443,1338.6432,1302.8314
5259,1442.6274,1333.7085,1316.8064
5260,1485.6383,1337.2973,1369.5508
5261,1520.188,1329.2224,1449.7944
5262,1575.1856,1407.28,1549.8735
5263,1651.336,1514.0485,1658.9687
5264,1711.6217,1607.8073,1758.1462
5265,1757.8055,1654.4625,1830.2752
5266,1802.5792,1718.6133,1918.6333
5267,1860.0445,1785.4557,1976.7874
5268,1939.3679,1853.6439,2032.6874
5269,2029.6202,1943.8139,2097.1528
5270,2097.3095,2031.2923,2114.2835
5271,2137.8525,2084.2279,2096.702
5272,2123.3981,2083.3307,1997.9753
5273,2041.9594,2029.0493,1857.3236
5274,1944.3036,1955.9263,1746.4252
5275,1900.235,1950.9917,1756.3429
5276,1820.5591,1846.9148,1690.0743
5277,1686.9433,1737.0061,1574.217
5278,1561.0836,1604.2185,1461.0645
5279,1474.0042,1487.1321,1368.1984
5280,1411.9557,1404.1398,1307.7903
5281,1363.6566,1342.232,1270.8241
5282,1333.69,1297.8199,1243.3249
5283,1315.3575,1270.0063,1239.7184
5284,1309.0116,1256.5481,1246.0297
5285,1312.8897,1222.9026,1241.9725
5286,1397.5012,1308.1379,1285.2499
5287,1517.3676,1454.3838,1376.7637
5288,1654.8615,1610.9476,1487.6621
5289,1790.5925,1723.5479,1576.0202
5290,1915.7472,1834.3538,1658.9687
5291,2029.2677,1945.1598,1708.5574
5292,2126.9236,2024.5632,1806.8333
5293,2212.2402,2117.8734,1771.2196
5294,2277.4617,2187.8561,1794.6615
5295,2303.5502,2224.1933,1793.7599
5296,2288.0381,2220.1558,1750.0316
5297,2181.216,2146.1357,1687.3695
5298,2061.7021,2051.031,1630.1171
5299,1991.8976,2016.0397,1667.9848
5300,1844.5324,1908.374,1612.5356
5301,1704.2182,1781.4182,1512.9073
5302,1563.5515,1641.4529,1415.9839
5303,1469.4211,1507.3194,1328.9782
5304,1402.4369,1414.9063,1268.5701
5305,1349.9072,1346.2695,1234.3088
5306,1324.1712,1290.1936,1215.3749
5307,1303.0183,1254.3051,1210.416
5308,1287.8587,1234.1177,1206.3587
5309,1284.6858,1192.8459,1193.7362
5310,1358.0158,1263.7258,1212.67
5311,1482.8179,1387.0927,1272.6273
5312,1628.7729,1549.4884,1345.2072
5313,1778.9584,1693.0427,1413.7298
5314,1940.073,1853.1953,1475.4904
5315,2099.7773,1999.4412,1526.8823
5316,2245.0272,2121.4623,1563.8485
5317,2364.8936,2236.3057,1605.7735
5318,2468.1903,2331.859,1645.4445
5319,2525.6556,2379.8599,1661.2227
5320,2522.4827,2373.1308,1643.6413
5321,2418.4809,2292.3816,1586.8396
5322,2300.7298,2188.3047,1543.5622
5323,2211.5351,2140.7524,1601.7162
5324,2043.3696,2021.8716,1574.6678
5325,1848.4104,1853.1953,1478.646
5326,1674.9567,1689.9024,1375.8621
5327,1572.7177,1549.937,1302.3806
5328,1501.8555,1443.6172,1256.3983
5329,1452.4988,1373.6345,1237.4644
5330,1426.7627,1326.5308,1235.6612
5331,1436.2815,1319.3531,1253.2426
5332,1485.2857,1320.2503,1306.8886
5333,1551.5648,1314.4184,1376.7637
5334,1686.9433,1410.4203,1479.0968
5335,1839.9493,1559.8064,1589.0936
5336,2001.4164,1725.791,1677.9026
5337,2186.1517,1879.2145,1750.0316
5338,2352.5544,2035.3298,1806.3825
5339,2492.5161,2179.7812,1873.5527
5340,2620.8436,2275.3345,1942.9769
5341,2736.4795,2368.6447,2023.6713
5342,2815.8028,2433.6927,2063.3423
5343,2850.0,2460.1606,2082.727
5344,2797.8229,2441.7677,2030.4334
5345,2644.4644,2356.0837,1889.3309
5346,2522.4827,2256.9416,1788.801
5347,2446.6848,2171.7063,1821.2591
5348,2308.4859,1991.3663,1727.9421
5349,2077.2142,1802.5028,1585.4872
5350,1882.2551,1638.7612,1447.9911
5351,1752.1648,1503.2819,1348.8137
5352,1656.6242,1414.4577,1292.4628
5353,1592.1079,1351.6528,1255.4967
5354,1547.6868,1303.6518,1241.5217
5355,1532.5272,1289.2964,1249.1854
5356,1563.5515,1288.3992,1287.9548
5357,1606.2098,1280.3243,1351.0677
5358,1695.052,1370.4943,1452.0484
5359,1820.5591,1510.9082,1591.7985
5360,1968.2768,1667.4721,1723.8848
5361,2137.8525,1819.5498,1860.4793
5362,2314.1267,1982.8428,1972.7301
5363,2485.1126,2172.1549,2078.2189
5364,2629.6573,2321.0924,2228.7884
5365,2746.7034,2458.3661,2293.2537
5366,2824.264,2560.1999,2365.3828
5367,2823.2063,2609.0981,2376.653
5368,2709.3333,2602.369,2278.8279
5369,2560.5579,2538.2182,2095.8004
5370,2469.2479,2446.2537,1958.7551
5371,2389.572,2396.4584,1955.1487
5372,2248.2001,2212.5295,1845.6027
5373,2033.4983,2010.2078,1666.6324
5374,1862.8649,1815.961,1509.3009
5375,1739.8256,1666.1262,1391.6403
5376,1653.8038,1549.4884,1324.9209
5377,1588.2298,1475.0197,1283.8975
5378,1543.8088,1432.8506,1271.2749
5379,1542.7511,1419.3924,1273.9798
5380,1573.4228,1422.9813,1319.962
5381,1622.7796,1413.5605,1378.5669
5382,1690.8214,1504.1791,1489.0146
5383,1750.7546,1651.7708,1645.4445
5384,1826.1999,1822.6901,1801.4236
5385,1972.86,1981.4969,1961.9108
5386,2116.6997,2150.1731,2115.1851
5387,2255.9562,2315.2605,2138.1762
5388,2356.4325,2448.9454,2425.3401
5389,2450.2103,2591.6024,2577.7127
5390,2526.3607,2666.9684,2741.3556
5391,2538.3474,2681.7724,2600.7039
5392,2382.8736,2635.1173,2521.8127
5393,2210.83,2531.0405,2245.4682
5394,2160.4156,2439.5246,2183.2569
5395,2105.4181,2414.4026,2170.1835
5396,1996.4807,2265.0165,2017.8108
5397,1818.4438,2098.5833,1820.3575
5398,1639.3493,1920.4864,1621.1009
5399,1545.924,1759.8851,1484.0557
5400,1491.9842,1647.7334,1402.9105
5401,1451.4411,1571.0216,1349.2645
5402,1438.0443,1518.9832,1328.9782
5403,1444.3902,1503.2819,1340.2483
5404,1487.7536,1503.7305,1388.0339
5405,1539.2256,1498.7958,1452.0484
5406,1648.5156,1598.3866,1560.242
5407,1770.4973,1762.5767,1760.4002
5408,1888.6009,1915.1031,1939.8213
5409,2039.139,2059.5545,2103.4641
5410,2189.3246,2206.6976,2253.1319
5411,2341.6254,2369.0933,2414.0699
5412,2479.4718,2479.002,2568.2458
5413,2599.6907,2513.9934,2714.758
5414,2684.6549,2533.2835,2795.9032
5415,2685.7125,2549.4333,2782.379
5416,2558.7952,2529.246,2640.3749
5417,2364.1885,2446.2537,2353.211
5418,2272.526,2389.2807,2190.019
5419,2151.2494,2402.2903,2155.7577
5420,2000.3587,2271.7456,2025.0237
5421,1811.7454,2117.4248,1812.6938
5422,1663.6752,1943.8139,1630.5679
5423,1574.1279,1806.0916,1480.4492
5424,1514.5473,1698.8745,1394.796
5425,1465.8956,1607.8073,1349.7153
5426,1442.98,1546.7968,1321.7653
5427,1446.1529,1530.1983,1325.8225
5428,1482.4654,1536.0302,1367.2967
5429,1531.117,1516.7401,1438.5242
5430,1641.4646,1603.3213,1542.2097
5431,1758.8632,1770.6517,1688.2711
5432,1875.2041,1932.5988,1852.3648
5433,2016.576,2087.8168,2005.1882
5434,2257.719,2228.6794,2146.7415
5435,2264.4174,2373.1308,2251.7795
5436,2329.9913,2477.6562,2381.6118
5437,2417.4233,2579.9386,2486.6498
5438,2492.8686,2624.3507,2554.2708
5439,2498.862,2638.7061,2519.5587
5440,2440.3389,2585.3219,2387.9231
5441,2341.2729,2479.4507,2148.9956
5442,2211.8877,2385.2432,1972.7301
5443,2134.3271,2328.2701,1972.7301
5444,2010.5826,2184.2673,1850.5615
5445,1828.3152,2038.47,1695.484
5446,1639.3493,1876.0743,1556.6356
5447,1519.4829,1733.4173,1394.796
5448,1436.9866,1616.3309,1401.5581
5449,1393.9758,1527.0581,1315.9048
5450,1366.1244,1469.6364,1292.9136
5451,1358.3684,1436.4395,1289.3072
5452,1357.3107,1419.3924,1308.6919
5453,1348.8496,1382.6066,1305.987
5454,1437.6917,1454.3838,1341.6008
5455,1536.7578,1441.3742,1438.0734
5456,1743.3511,1757.1935,1559.7912
5457,1813.8607,1895.813,1678.3534
5458,1912.5742,2018.7313,1779.3341
5459,2016.2234,2129.0886,1839.7422
5460,2104.3605,2205.3518,1894.7406
5461,2179.8058,2313.0175,1950.1898
5462,2233.3931,2374.4766,1979.9431
5463,2245.7323,2405.4305,1975.8858
5464,2231.9829,2362.8128,1906.0108
5465,2138.2051,2256.0444,1718.4752
5466,2072.6311,2160.0425,1649.0509
5467,2004.2368,2106.2097,1699.0905
5468,1884.7229,1967.5901,1630.5679
5469,1753.9275,1835.6997,1544.9146
5470,1622.7796,1697.0801,1442.5815
5471,1538.5205,1568.3299,1357.379
5472,1478.2348,1476.3655,1303.733
5473,1433.1086,1399.6537,1266.7668
5474,1399.6165,1347.1667,1248.7346
5475,1383.0468,1312.1754,1244.2265
5476,1373.8805,1291.988,1250.5378
5477,1362.2464,1238.1552,1241.9725
5478,1424.2949,1306.7921,1248.7346
5479,1538.5205,1446.3088,1300.5773
5480,1679.8924,1597.4894,1374.0588
5481,1832.8983,1760.7823,1459.2613
5482,1973.9176,1928.1127,1540.4065
5483,2092.0213,2102.6208,1600.8146
5484,2189.3246,2215.6698,1660.3211
5485,2281.3397,2293.7274,1730.1961
5486,2356.785,2325.5785,1764.4574
5487,2396.2704,2367.7475,1782.4897
5488,2356.4325,2353.8407,1752.2857
5489,2253.8409,2295.0732,1690.0743
5490,2190.7348,2227.7822,1636.8792
5491,2144.9035,2199.9685,1692.7792
5492,1992.2501,2054.1713,1640.0348
5493,1808.2199,1897.6074,1521.4726
5494,1658.0344,1728.034,1405.1645
5495,1562.4938,1606.9101,1326.2733
5496,1503.9708,1527.0581,1277.5862
5497,1457.787,1474.1225,1253.6935
5498,1432.4035,1429.2618,1249.6362
5499,1438.3968,1409.5231,1266.7668
5500,1473.2991,1421.1868,1317.2572
5501,1542.7511,1412.2147,1388.4847
5502,1646.4003,1510.011,1464.2202
5503,1757.1004,1678.2386,1574.217
5504,1879.0821,1678.6872,1686.9187
5505,2011.9928,2024.1146,1792.8583
5506,2159.358,2194.5852,1866.3398
5507,2289.8008,2336.345,1956.0503
5508,2407.1994,2435.4872,2013.7536
5509,2506.9706,2513.9934,2080.9238
5510,2564.7885,2572.7609,2109.7754
5511,2566.1987,2566.929,2095.8004
5512,2371.9446,2537.321,2024.1221
5513,2143.8459,2461.0578,1866.3398
5514,2072.2786,2391.9723,1760.4002
5515,1991.8976,2338.5881,1786.9978
5516,1886.1331,2157.7995,1694.1316
5517,1715.4998,1987.3288,1547.6194
5518,1573.4228,1817.3068,1425.4508
5519,1494.0995,1663.8832,1322.2161
5520,1442.2749,1558.9092,1276.2338
5521,1408.4302,1472.328,1246.0297
5522,1389.3926,1419.841,1230.2515
5523,1393.2707,1394.2704,1250.5378
5524,1442.6274,1405.037,1298.7741
5525,1511.0218,1401.4481,1367.2967
5526,1567.4295,1489.3751,1459.2613
5527,1627.7152,1636.0696,1565.6517
5528,1685.5332,1779.1752,1664.3784
5529,1752.5173,1920.0378,1756.3429
5530,1827.6101,2067.6295,1845.1519
5531,1924.5609,2202.2116,1901.9535
5532,2042.6645,2308.0828,1956.0503
5533,2147.3714,2416.6457,2004.2866
5534,2235.5084,2487.9742,2037.6463
5535,2287.6856,2525.2086,2029.5318
5536,2266.8852,2495.6005,1949.2882
5537,2165.3513,2393.7667,1809.9889
5538,2114.9369,2311.6717,1739.2123
5539,2065.9327,2249.7639,1778.4325
5540,1957.7004,2078.8446,1697.2873
5541,1771.2024,1894.4672,1548.9718
5542,1626.6576,1729.8284,1423.6476
5543,1526.5339,1595.6949,1332.1338
5544,1464.4854,1501.0389,1283.4467
5545,1420.7694,1436.8881,1249.6362
5546,1403.4946,1383.9525,1241.5217
5547,1408.4302,1365.5596,1254.1443
5548,1454.2615,1371.8401,1301.0282
5549,1520.8931,1367.354,1370.9032
5550,1613.6133,1456.1782,1463.7694
5551,1694.6994,1598.8352,1562.9469
5552,1809.9827,1746.8755,1664.8292
5553,1925.9711,1895.813,1750.9332
5554,2034.5559,2048.788,1839.2914
5555,2133.9745,2180.2298,1887.9785
5556,2243.617,2282.5122,1962.8124
5557,2340.5678,2377.6169,2013.3028
5558,2406.1418,2448.9454,2048.0149
5559,2440.3389,2465.0952,2022.3189
5560,2392.3924,2426.9636,1956.9519
5561,2272.1734,2301.3537,1808.6365
5562,2198.8434,2201.7629,1729.2945
5563,2128.3337,2146.1357,1765.3591
5564,2014.1081,1982.3941,1678.8042
5565,1835.7187,1822.6901,1544.4638
5566,1664.3803,1675.9956,1415.0823
5567,1558.6158,1541.8621,1326.7241
5568,1494.452,1444.5144,1274.8814
5569,1450.3835,1370.9429,1254.1443
5570,1429.5831,1322.9419,1239.2676
5571,1435.2239,1301.8574,1249.1854
5572,1469.0685,1308.5865,1290.2088
5573,1534.29,1301.8574,1365.0427
5574,1632.2984,1379.915,1452.4992
5575,1742.646,1513.1513,1564.2993
5576,1849.8206,1647.7334,1663.9276
5577,1966.5141,1776.9322,1771.6704
5578,2097.3095,1896.7102,1864.5365
5579,2212.9453,2007.9647,1932.6084
5580,2312.7165,2097.2375,2019.614
5581,2390.2771,2195.9311,2083.6286
5582,2448.8001,2273.9887,2111.1278
5583,2460.0816,2308.0828,2101.2101
5584,2393.0975,2283.858,2025.0237
5585,2258.424,2187.8561,1868.5938
5586,2161.1207,2096.3403,1789.7026
5587,2069.4582,2030.8437,1814.9478
5588,1922.4456,1867.5508,1724.3357
5589,1734.1848,1707.8467,1579.1759
5590,1577.6534,1549.937,1448.8928
5591,1482.8179,1409.9717,1347.4612
5592,1426.0576,1318.9045,1291.5612
5593,1386.2197,1257.4453,1260.0047
5594,1367.5346,1218.4165,1248.7346
5595,1377.7585,1199.1264,1258.6523
5596,1412.6608,1207.2013,1296.5201
5597,1467.6583,1207.2013,1360.9854
5598,1549.8021,1274.4924,1441.229
5599,1654.5089,1383.0552,1557.0864
5600,1766.2667,1501.4875,1674.7469
5601,1892.1264,1601.5268,1780.6865
5602,2019.3963,1722.2021,1886.1753
5603,2161.8258,1876.9715,1958.3043
5604,2342.6831,2005.7217,2031.7858
5605,2445.2746,2144.7899,2099.8576
5606,2524.2454,2234.9599,2155.7577
5607,2560.9104,2279.8206,2143.1351
5608,2491.4584,2263.6707,2073.7109
5609,2325.4082,2179.7812,1922.2398
5610,2211.8877,2109.3499,1828.0212
5611,2091.3162,2029.9465,1839.7422
5612,1958.758,1901.1963,1744.622
5613,1784.2467,1762.1281,1602.167
5614,1628.4203,1619.9197,1474.5887
5615,1521.2457,1493.4126,1374.9605
5616,1449.3258,1406.3828,1307.7903
5617,1394.6809,1335.5029,1273.0781
5618,1362.2464,1292.8853,1253.2426
5619,1346.0292,1263.2772,1249.1854
5620,1337.2155,1255.2023,1262.2588
5621,1336.1578,1226.4914,1268.5701
5622,1407.02,1297.8199,1300.5773
5623,1557.5581,1438.6825,1381.7226
5624,1728.1915,1593.9005,1484.9573
5625,1910.1064,1746.4269,1581.4299
5626,2085.3229,1894.9158,1650.8542
5627,2233.0406,2044.3019,1701.7953
5628,2362.4258,2171.7063,1729.2945
5629,2455.4985,2288.7927,1763.5558
5630,2529.5336,2376.7197,1791.9567
5631,2553.1544,2412.1596,1789.2518
5632,2506.618,2395.5612,1755.4413
5633,2362.4258,2300.9051,1678.8042
5634,2228.4574,2223.7447,1635.9775
5635,2118.4624,2168.566,1669.3372
5636,1948.5341,2016.9369,1601.2654
5637,1780.7212,1866.2049,1499.8339
5638,1658.0344,1711.8841,1410.1234
5639,1588.2298,1564.7411,1334.3879
5640,1525.1237,1454.3838,1279.3894
5641,1478.5873,1375.4289,1247.3822
5642,1440.8647,1316.6614,1228.4483
5643,1410.5455,1281.2215,1215.3749
5644,1394.6809,1260.5855,1219.4321
5645,1374.9381,1209.893,1214.0225
5646,1444.3902,1270.4549,1228.4483
5647,1578.3585,1404.1398,1267.6685
5648,1727.1338,1555.7689,1326.7241
5649,1913.6319,1723.5479,1396.1484
5650,2075.8041,1892.6728,1460.1629
5651,2217.5285,2074.8072,1514.7105
5652,2352.907,2217.4642,1570.6106
5653,2471.3632,2348.0088,1624.2566
5654,2532.0015,2439.5246,1677.0009
5655,2542.9305,2482.5909,1709.0082
5656,2486.8753,2472.2729,1700.4429
5657,2364.1885,2371.3364,1649.9525
5658,2295.7942,2274.4373,1624.2566
5659,2218.9386,2145.6871,1686.0171
5660,2038.4339,2048.788,1612.9864
5661,1841.0069,1877.4201,1508.3992
5662,1677.072,1707.8467,1394.796
5663,1582.9416,1570.573,1311.8475
5664,1523.7135,1469.1878,1272.1765
5665,1475.0619,1394.719,1246.9314
5666,1438.3968,1345.8209,1235.6612
5667,1442.2749,1332.8113,1245.5789
5668,1484.9332,1343.1292,1297.8725
5669,1554.7378,1337.2973,1353.7725
5670,1670.021,1429.7104,1440.7782
5671,1801.5215,1574.6104,1571.5122
5672,1946.0663,1750.4643,1695.9348
5673,2119.8726,1916.4489,1824.4147
5674,2298.9671,2106.6583,1925.8463
5675,2466.075,2309.4286,2026.3761
5676,2626.1319,2452.5342,2134.119
5677,2736.4795,2561.0971,2235.5505
5678,2810.162,2614.4813,2300.9174
5679,2823.9114,2594.7426,2312.1876
5680,2718.8521,2557.0597,2225.6327
5681,2471.7157,2481.6937,2048.0149
5682,2248.5527,2426.9636,1933.9608
5683,2088.8483,2344.8686,1949.2882
5684,1965.1039,2159.1453,1806.3825
5685,1781.4263,1972.0762,1636.4283
5686,1631.2407,1785.9043,1483.6049
5687,1554.3852,1637.4154,1371.8048
5688,1495.5096,1536.9274,1319.5112
5689,1459.1972,1464.7017,1278.4878
5690,1440.5121,1422.9813,1267.2177
5691,1450.736,1401.8967,1272.6273
5692,1498.6826,1422.5327,1325.3717
5693,1566.3718,1428.3646,1386.2306
5694,1642.5223,1518.9832,1484.5065
5695,1640.407,1671.9581,1631.0187
5696,1667.2006,1855.887,1809.5381
5697,1744.0562,2029.9465,1964.1648
5698,1837.834,2102.1722,2142.6843
5699,1928.0863,2391.9723,2349.1537
5700,2038.0814,2534.1807,2557.8773
5701,2135.0322,2646.781,2728.733
5702,2220.3488,2739.1941,2784.1822
5703,2274.9938,2752.6523,2755.7814
5704,2254.546,2692.0904,2583.5732
5705,2156.5376,2580.3872,2329.3183
5706,2138.9102,2528.7974,2190.4698
5707,2059.9394,2475.4132,2135.4714
5708,1934.0797,2320.1952,1967.3205
5709,1766.9718,2147.0329,1759.0478
5710,1618.1964,1964.0013,1576.0202
5711,1529.0017,1801.6055,1442.1307
5712,1472.594,1688.108,1370.9032
5713,1439.807,1604.2185,1322.2161
5714,1422.1796,1545.8996,1311.8475
5715,1429.5831,1521.6748,1316.8064
5716,1481.4077,1531.9928,1355.125
5717,1539.9307,1531.9928,1429.0573
5718,1643.5799,1618.1253,1538.1525
5719,1756.0428,1777.8294,1700.8937
5720,1875.5567,1932.5988,1883.9212
5721,2028.21,2107.5555,2073.26
5722,2194.9654,2277.1289,2275.2214
5723,2334.2219,2450.2912,2488.453
5724,2460.0816,2587.5649,2678.6935
5725,2552.4493,2668.7628,2804.4685
5726,2615.2029,2726.6331,2850.0
5727,2639.1761,2745.9232,2724.6757
5728,2556.3273,2706.4458,2588.0813
5729,2393.8026,2592.9482,2343.2933
5730,2348.6764,2522.5169,2208.9529
5731,2234.0982,2456.1231,2177.8472
5732,2068.7531,2296.8676,1993.9181
5733,1861.1022,2120.5651,1779.3341
5734,1692.2316,1952.3375,1589.0936
5735,1582.2365,1799.8111,1461.0645
5736,1517.0151,1691.6968,1371.354
5737,1472.9466,1600.6296,1327.6258
5738,1445.4478,1539.1705,1305.0854
5739,1457.4344,1509.1138,1311.8475
5740,1501.503,1520.329,1353.7725
5741,1566.3718,1518.0859,1425.4508
5742,1654.1564,1608.7045,1535.8984
5743,1682.7128,1767.96,1701.7953
5744,1688.7061,1933.496,1872.2003
5745,1689.4112,2086.471,2038.5479
5746,1685.8857,2229.5766,2184.6093
5747,1728.1915,2363.2615,2359.0715
5748,1822.3219,2450.2912,2501.0756
5749,1897.7672,2514.442,2620.0886
5750,1971.4498,2551.2278,2683.2015
5751,2008.1148,2548.9847,2645.7846
5752,1957.7004,2496.0491,2522.2635
5753,1871.6786,2383.4488,2255.386
5754,1851.2308,2321.0924,2077.3173
5755,1813.5082,2251.1097,2040.802
5756,1732.0695,2118.7707,1877.6099
5757,1597.7486,1959.0666,1686.0171
5758,1481.7603,1808.7833,1516.5138
5759,1416.1863,1671.0609,1394.796
5760,1378.4636,1576.4048,1327.1749
5761,1347.4394,1511.8054,1290.6596
5762,1339.3308,1467.842,1278.4878
5763,1355.1954,1440.9255,1283.8975
5764,1403.8471,1446.7574,1324.4701
5765,1467.3058,1442.72,1378.5669
5766,1547.6868,1518.9832,1475.9412
5767,1627.3627,1659.3971,1595.8557
5768,1695.7571,1785.4557,1731.5486
5769,1809.2776,1885.9436,1844.2502
5770,1903.7605,1990.4691,1967.3205
5771,2001.4164,2055.0685,2054.777
5772,2120.5777,2180.6784,2158.0117
5773,2212.2402,2252.4555,2241.4109
5774,2290.5059,2299.5593,2284.6884
5775,2319.4149,2311.6717,2263.9513
5776,2266.8852,2270.3998,2142.2335
5777,2129.3914,2165.8744,1938.4688
5778,2077.9193,2105.3125,1836.5865
5779,1989.0772,2029.9465,1827.5704
5780,1888.6009,1907.9254,1719.8276
5781,1752.1648,1783.6613,1577.8235
5782,1619.9592,1649.0792,1454.3024
5783,1526.8864,1527.0581,1351.5185
5784,1466.6007,1442.72,1297.8725
5785,1416.1863,1374.9803,1261.3572
5786,1386.9248,1320.6989,1242.4233
5787,1371.4127,1288.8478,1238.8168
5788,1372.1178,1269.1091,1257.7507
5789,1364.0092,1229.6317,1260.9064
5790,1452.8513,1281.2215,1297.8725
5791,1587.5247,1396.5135,1383.5258
5792,1727.1338,1526.6095,1497.1291
5793,1866.0379,1646.3875,1619.2977
5794,1993.3078,1770.6517,1646.3461
5795,2105.7707,1893.1214,1734.7042
5796,2199.5485,2001.2356,1786.547
5797,2281.6922,2114.7332,1842.8978
5798,2326.8184,2197.7255,1876.2575
5799,2338.1,2244.3806,1867.2414
5800,2291.5636,2217.4642,1829.3736
5801,2147.0188,2117.4248,1732.4502
5802,2070.8684,2055.9657,1698.1889
5803,1957.7004,1991.3663,1712.6147
5804,1817.3862,1856.7842,1629.2154
5805,1670.7261,1721.7535,1531.8412
5806,1542.3986,1595.2463,1432.2129
5807,1452.8513,1471.8794,1342.5024
5808,1392.213,1380.8122,1288.8564
5809,1341.7986,1316.6614,1255.0459
5810,1307.954,1266.4174,1229.8007
5811,1287.1536,1237.7066,1221.2354
5812,1278.3399,1221.1081,1224.8418
5813,1266.0007,1177.5933,1216.7273
5814,1333.69,1223.3512,1226.1942
5815,1452.4988,1347.1667,1295.6185
5816,1588.2298,1490.7209,1375.4113
5817,1749.6969,1623.5086,1477.7444
5818,1907.9911,1771.1003,1578.7251
5819,2054.2986,1923.6266,1677.4518
5820,2176.6329,2055.9657,1789.2518
5821,2275.3464,2174.8465,1881.6672
5822,2346.5611,2266.3623,1953.7963
5823,2382.8736,2311.223,1983.0987
5824,2356.0799,2286.1011,1955.1487
5825,2225.9896,2182.4728,1868.5938
5826,2123.0455,2108.4527,1817.2018
5827,1996.4807,2041.6103,1832.9801
5828,1817.0336,1883.7006,1739.2123
5829,1628.7729,1733.4173,1591.3477
5830,1486.6959,1575.5076,1460.6137
5831,1403.4946,1448.1033,1362.7887
5832,1344.619,1372.7373,1303.733
5833,1310.7744,1312.624,1281.1927
5834,1289.974,1272.6979,1269.4717
5835,1292.7944,1261.4828,1275.3322
5836,1329.812,1278.0812,1329.8798
5837,1387.9824,1280.7729,1377.2145
5838,1474.7093,1348.5125,1474.5887
5839,1574.1279,1474.5711,1628.7646
5840,1683.0653,1624.4058,1789.2518
5841,1827.9626,1778.7266,1944.7801
5842,1984.1415,1938.8793,2129.1601
5843,2149.8392,2108.0041,2296.8602
5844,2323.6455,2248.4181,2443.3724
5845,2468.1903,2387.0376,2579.516
5846,2583.8261,2487.5256,2674.6362
5847,2634.593,2520.2739,2628.2031
5848,2566.9038,2488.4228,2506.9361
5849,2394.8602,2380.3085,2263.9513
5850,2273.2311,2292.3816,2141.7827
5851,2112.8216,2167.2202,2113.3818
5852,1936.9,1979.2539,1948.3866
5853,1722.5507,1807.4374,1717.5736
5854,1555.4428,1633.8265,1540.8573
5855,1464.838,1494.7584,1406.0661
5856,1407.02,1420.2896,1272.6273
5857,1339.3308,1347.1667,1214.0225
5858,1304.076,1292.4366,1180.212
5859,1312.5371,1269.1091,1191.9329
5860,1380.9315,1292.8853,1259.1031
5861,1454.9666,1297.3713,1364.5919
5862,1562.4938,1378.5692,1479.9984
5863,1678.1296,1516.7401,1648.6001
5864,1786.7145,1656.7055,1800.0712
5865,1918.5675,1807.4374,1929.0019
5866,2052.8884,1975.2164,2071.006
5867,2174.8701,2138.958,2164.7738
5868,2274.6413,2294.176,2263.9513
5869,2350.4391,2410.3652,2351.8586
5870,2412.8402,2472.7215,2402.7997
5871,2432.2303,2481.6937,2325.261
5872,2407.552,2430.1039,2325.261
5873,2316.5945,2334.5506,2108.8738
5874,2248.5527,2300.9051,2107.9722
5875,2147.3714,2207.1462,2080.0221
5876,2016.9285,2060.4518,1951.993
5877,1831.4881,1913.7573,1765.8099
5878,1660.5022,1758.5393,1569.2581
5879,1550.5072,1624.8544,1418.2379
5880,1479.2924,1528.4039,1314.1015
5881,1429.2306,1462.4587,1228.8991
5882,1406.6675,1416.7008,1205.4571
5883,1414.7761,1400.9995,1217.1781
5884,1478.5873,1434.6451,1294.2661
5885,1554.0327,1463.8045,1409.6726
5886,1666.8481,1547.694,1527.3331
5887,1778.9584,1696.1829,1680.1566
5888,1892.1264,1846.4662,1821.7099
5889,2017.6336,1994.9551,1959.2059
5890,2142.7882,2116.079,2066.0471
5891,2238.3288,2232.7168,2168.3803
5892,2326.8184,2328.7187,2249.9763
5893,2391.6873,2409.468,2336.982
5894,2435.4033,2459.2633,2381.161
5895,2442.4542,2479.4507,2368.9892
5896,2394.1551,2449.8426,2290.9997
5897,2301.7875,2359.6726,2059.285
5898,2260.8919,2333.2048,2055.2278
5899,2173.4599,2239.4459,2027.2778
5900,2054.2986,2076.6016,1900.1503
5901,1880.8449,1912.4115,1718.4752
5902,1712.6794,1750.913,1536.8001
5903,1608.3251,1617.2281,1374.9605
5904,1527.9441,1521.6748,1276.2338
5905,1462.7227,1449.4491,1214.4733
5906,1429.9357,1401.8967,1190.5805
5907,1435.929,1387.5413,1205.0063
5908,1499.0351,1405.9342,1277.5862
5909,1586.4671,1422.5327,1378.1161
5910,1691.879,1504.1791,1498.4815
5911,1794.8231,1661.6402,1667.9848
5912,1892.1264,1817.7554,1828.9228
5913,2026.4473,1958.618,1964.6156
5914,2133.622,2094.5459,2075.9649
5915,2229.1625,2221.5017,2160.7165
5916,2324.3506,2317.5035,2263.9513
5917,2379.3481,2405.8791,2354.1126
5918,2423.7692,2455.2259,2403.2506
5919,2427.9998,2478.5534,2402.3489
5920,2369.8293,2446.7023,2309.4828
5921,2270.0581,2348.0088,2152.602
5922,2225.2845,2317.9521,2066.9488
5923,2131.1541,2217.4642,2038.9987
5924,2027.5049,2054.6199,1896.093
5925,1864.6277,1880.5604,1715.3195
5926,1696.8147,1708.7439,1539.9557
5927,1574.833,1576.8535,1376.3129
5928,1491.9842,1491.6181,1277.1354
5929,1432.4035,1416.2522,1212.2192
5930,1400.6742,1375.8775,1175.2531
5931,1398.2063,1366.0082,1186.9741
5932,1459.1972,1401.8967,1256.3983
5933,1535.3476,1426.1215,1357.8298
5934,1657.6818,1507.768,1482.7033
5935,1779.6635,1663.8832,1649.5017
5936,1894.9468,1811.4749,1808.1857
5937,2037.3763,1972.0762,1941.1737
5938,2167.4666,2102.6208,2056.5802
5939,2279.5769,2212.9781,2151.7004
5940,2369.8293,2300.9051,2251.3287
5941,2438.9287,2387.9348,2334.7279
5942,2474.8887,2408.1221,2360.4239
5943,2475.2412,2388.3834,2361.3255
5944,2423.0641,2356.981,2304.5239
5945,2313.7741,2256.9416,2172.4375
5946,2259.1291,2249.7639,2091.2923
5947,2160.4156,2168.566,2041.7036
5948,2049.7155,2015.5911,1905.1091
5949,1909.0487,1872.934,1741.9171
5950,1770.8498,1720.4077,1567.0041
5951,1666.4955,1579.5451,1421.3935
5952,1588.2298,1483.9918,1306.8886
5953,1535.3476,1409.9717,1237.0136
5954,1491.6316,1349.8583,1186.5233
5955,1462.7227,1310.3809,1169.3926
5956,1457.0819,1295.5769,1181.1136
5957,1434.5188,1256.0995,1187.8757
5958,1555.4428,1306.3435,1248.7346
5959,1715.8523,1479.5057,1404.7137
5960,1861.4547,1663.8832,1581.4299
5961,2002.8266,1839.2885,1725.6881
5962,2117.4048,1990.0205,1879.864
5963,2207.6571,2121.4623,1994.3689
5964,2274.9938,2207.5948,2074.6125
5965,2312.7165,2312.1203,2126.906
5966,2331.049,2381.2057,2144.4875
5967,2301.7875,2400.4958,2144.4875
5968,2197.0807,2352.9435,2096.2512
5969,2022.2167,2256.9416,2002.9342
5970,1884.0178,2224.1933,1973.181
5971,1793.0604,2146.1357,1949.2882
5972,1688.001,2023.2174,1828.9228
5973,1562.4938,1879.6632,1687.3695
5974,1433.8137,1746.4269,1542.6605
5975,1347.4394,1615.8823,1397.5008
5976,1296.6724,1539.6191,1297.4217
5977,1241.6749,1487.5807,1224.391
5978,1209.593,1447.206,1188.7773
5979,1199.7217,1400.1023,1157.6716
5980,1212.4134,1384.8497,1145.4998
5981,1186.3248,1333.2599,1129.2708
5982,1279.7501,1379.4664,1156.77
5983,1440.8647,1541.4135,1295.1677
5984,1585.4095,1708.2953,1457.9089
5985,1693.6418,1857.2328,1646.3461
5986,1779.311,1985.0858,1826.218
5987,1856.1665,2087.8168,1968.6729
5988,1936.9,2155.5564,2060.1866
5989,1997.8909,2243.0348,2121.9472
5990,2051.4782,2261.8763,2164.7738
5991,2075.4515,2217.4642,2153.9544
5992,2049.7155,2148.3787,2112.4802
5993,1974.9753,2084.6765,2031.335
5994,1952.7647,2090.957,1989.41
5995,1876.9668,2038.0214,1970.0253
5996,1757.453,1928.1127,1867.6922
5997,1578.0059,1812.3721,1726.5897
5998,1453.909,1688.5566,1577.3727
5999,1356.2531,1561.1522,1432.6637
6000,1291.7368,1472.328,1324.9209
6001,1256.4819,1395.6162,1256.3983
6002,1225.8102,1346.2695,1211.3176
6003,1227.2204,1320.2503,1194.6378
6004,1240.2647,1312.1754,1209.9652
6005,1244.8478,1272.6979,1209.5144
6006,1344.9715,1325.6336,1253.6935
6007,1500.4453,1496.1042,1384.8782
6008,1632.6509,1687.2108,1553.4799
6009,1759.2157,1864.4105,1742.8187
6010,1865.3328,2022.7688,1922.6906
6011,1955.2326,2150.1731,2062.4407
6012,2023.9795,2240.3431,2157.1101
6013,2082.5025,2287.8955,2226.9851
6014,2129.7439,2338.1395,2245.0174
6015,2147.7239,2357.4296,2229.2392
6016,2126.9236,2325.1299,2191.8222
6017,2052.8884,2250.6611,2092.1939
6018,1996.4807,2246.6236,2065.1455
6019,1909.4013,2173.0521,2058.8342
6020,1811.7454,2033.0867,1942.5261
6021,1656.6242,1892.6728,1760.851
6022,1510.6692,1756.7448,1573.3154
6023,1409.1353,1645.4903,1424.0984
6024,1342.8563,1545.8996,1324.0193
6025,1299.4928,1466.0475,1264.062
6026,1284.6858,1418.9438,1241.5217
6027,1308.3065,1393.3732,1247.833
6028,1396.7961,1425.2243,1321.7653
6029,1481.7603,1441.3742,1469.1791
6030,1583.6467,1512.2541,1613.888
6031,1673.194,1664.7804,1807.2841
6032,1762.7412,1815.5124,1997.5245
6033,1869.9159,1960.4124,2171.5359
6034,1965.809,2095.4431,2331.1215
6035,2051.4782,2205.3518,2446.9788
6036,2127.2761,2295.5218,2538.0418
6037,2184.7415,2408.5708,2597.0974
6038,2229.5151,2470.9271,2617.3837
6039,2243.617,2499.1894,2603.4087
6040,2192.8501,2466.8897,2525.87
6041,2115.2895,2365.9531,2396.0376
6042,2094.1366,2360.5698,2341.9408
6043,2019.0438,2268.6054,2307.2287
6044,1910.4589,2125.0512,2165.2246
6045,1737.7103,1950.9917,1950.6406
6046,1573.7754,1799.8111,1736.5074
6047,1473.2991,1663.8832,1561.5944
6048,1397.8538,1575.9562,1444.3847
6049,1352.0225,1494.7584,1362.7887
6050,1314.2999,1441.3742,1322.2161
6051,1325.5814,1428.8132,1336.1911
6052,1387.9824,1473.6739,1398.8532
6053,1472.2415,1429.2618,1531.3904
6054,1586.1145,1597.0408,1653.1082
6055,1693.9943,1698.4259,1822.6115
6056,1797.996,1735.6603,1983.5495
6057,1906.2284,1848.7093,2128.2585
6058,2007.4097,1988.6746,2262.1481
6059,2091.6687,2110.2471,2361.7763
6060,2176.6329,2190.9964,2448.782
6061,2226.3422,2288.3441,2497.0183
6062,2258.0715,2378.9627,2514.149
6063,2263.0072,2410.8138,2489.8054
6064,2222.1116,2357.4296,2396.9393
6065,2141.378,2280.7178,2223.8295
6066,2110.7063,2303.1481,2173.7899
6067,2040.9018,2171.2577,2126.906
6068,1928.4389,1996.7496,1993.9181
6069,1762.0361,1822.2415,1795.5631
6070,1585.0569,1661.1916,1592.7001
6071,1458.4921,1525.2637,1441.229
6072,1387.6299,1428.3646,1335.7403
6073,1310.7744,1349.8583,1281.6435
6074,1277.6348,1309.9323,1250.5378
6075,1284.6858,1292.8853,1260.9064
6076,1349.5547,1323.3905,1331.2322
6077,1435.5764,1363.3165,1460.1629
6078,1488.1061,1414.4577,1575.5694
6079,1513.1371,1541.8621,1730.6469
6080,1563.5515,1662.5374,1875.3559
6081,1646.4003,1784.5585,2004.7374
6082,1725.7237,1891.3269,2100.7593
6083,1790.24,1987.7774,2167.9295
6084,1870.2684,2025.909,2231.4932
6085,1925.266,2004.8245,2277.0247
6086,1974.2702,1972.5248,2300.9174
6087,1992.2501,1929.0099,2287.3932
6088,1956.9953,1909.7198,2194.527
6089,1887.8958,1899.4019,2023.6713
6090,1889.306,1942.9167,1982.6479
6091,1837.4814,1843.326,1935.3132
6092,1728.544,1717.716,1810.4397
6093,1534.9951,1568.3299,1641.3872
6094,1378.4636,1441.3742,1471.4331
6095,1285.0383,1337.7459,1344.7564
6096,1212.4134,1280.3243,1262.7096
6097,1176.1009,1232.7719,1211.7684
6098,1154.948,1205.8555,1189.2281
6099,1178.2162,1208.5471,1216.2765
6100,1249.7835,1247.5759,1288.4056
6101,1330.5171,1282.1187,1442.5815
6102,1408.0777,1330.1196,1560.6928
6103,1482.4654,1447.6547,1684.2139
6104,1575.8906,1546.3482,1798.268
6105,1667.9057,1650.425,1898.7978
6106,1759.9208,1740.1464,1970.0253
6107,1835.0136,1831.6622,2021.8681
6108,1907.9911,1913.7573,2069.2028
6109,1970.0396,2013.348,2096.702
6110,2011.6403,2085.1251,2100.7593
6111,2015.8709,2094.9945,2071.9076
6112,1957.3478,2061.349,1973.6318
6113,1875.5567,1976.5623,1825.3164
6114,1857.5767,1977.4595,1794.2107
6115,1792.0027,1905.6824,1762.2034
6116,1714.7947,1799.8111,1659.4195
6117,1588.9349,1691.2482,1525.9807
6118,1454.2615,1571.0216,1402.9105
6119,1361.5413,1463.8045,1286.1515
6120,1295.6148,1391.5788,1206.3587
6121,1249.7835,1327.8766,1154.516
6122,1215.9389,1274.941,1129.2708
6123,1204.6573,1237.7066,1127.0168
6124,1224.4,1223.7998,1139.1885
6125,1230.7459,1187.9112,1191.0313
6126,1333.3375,1228.2858,1243.3249
6127,1457.4344,1374.0831,1354.2233
6128,1523.0084,1527.5067,1449.3436
6129,1560.3785,1649.9764,1544.4638
6130,1634.0611,1744.1838,1606.6751
6131,1713.737,1826.7275,1654.0098
6132,1713.0319,1878.3173,1676.0993
6133,1681.6551,1938.8793,1690.0743
6134,1707.7437,1977.0109,1713.5163
6135,1725.0186,1988.6746,1702.6969
6136,1728.544,1942.4681,1655.3622
6137,1700.6927,1849.1579,1589.9953
6138,1708.0962,1847.8121,1619.2977
6139,1653.0987,1772.4461,1619.7485
6140,1574.1279,1661.6402,1535.4476
6141,1467.6583,1553.9745,1429.5081
6142,1356.6056,1434.1964,1328.0766
6143,1259.6549,1320.2503,1212.2192
6144,1198.664,1235.4636,1140.9918
6145,1157.7684,1167.7239,1095.0095
6146,1117.9305,1119.723,1055.7893
6147,1104.8862,1090.5635,1044.0683
6148,1108.7642,1084.283,1051.2812
6149,1096.425,1045.2542,1048.5764
6150,1180.6841,1076.6567,1067.0595
6151,1341.4461,1208.5471,1151.8111
6152,1488.1061,1343.1292,1244.2265
6153,1633.356,1466.4961,1345.2072
6154,1748.9918,1612.742,1417.3363
6155,1854.7563,1733.8659,1480.9
6156,1920.6828,1848.2607,1534.9968
6157,1974.6227,1937.9821,1586.8396
6158,1994.0129,1992.2635,1631.0187
6159,2001.7689,2016.4883,1648.1493
6160,1972.1549,1994.9551,1629.6662
6161,1911.5166,1910.617,1591.3477
6162,1898.1197,1904.3365,1647.2477
6163,1823.3795,1822.2415,1652.6574
6164,1695.7571,1720.8563,1580.0775
6165,1546.2766,1588.9658,1460.6137
6166,1396.7961,1441.8228,1321.3145
6167,1297.7301,1339.0918,1209.5144
6168,1238.1494,1253.8564,1137.8361
6169,1191.6131,1197.7806,1099.5176
6170,1160.9414,1163.2378,1080.5837
6171,1179.979,1160.0976,1111.2385
6172,1260.36,1203.1639,1200.4983
6173,1334.0426,1237.7066,1335.2895
6174,1438.7494,1296.0255,1448.8928
6175,1542.3986,1412.2147,1599.4622
6176,1635.4713,1550.8343,1732.4502
6177,1755.3377,1668.3693,1841.5454
6178,1867.8006,1794.8764,1934.4116
6179,1973.9176,1920.935,2016.9092
6180,2060.997,2018.7313,2090.3907
6181,2132.9169,2108.9013,2156.2085
6182,2193.9077,2183.8187,2195.8795
6183,2209.7724,2211.1837,2196.3303
6184,2177.6905,2173.0521,2126.4552
6185,2097.662,2094.0973,1996.1721
6186,2066.9904,2074.8072,1978.1398
6187,1958.4055,1967.1415,1942.9769
6188,1851.5834,1833.4566,1818.5543
6189,1693.6418,1676.4442,1639.1332
6190,1519.8355,1523.0206,1457.4581
6191,1419.3592,1409.0745,1310.4951
6192,1356.9582,1318.0072,1219.8829
6193,1306.1912,1256.5481,1158.5732
6194,1282.5705,1222.0054,1124.3119
6195,1298.7877,1213.9304,1142.795
6196,1360.8362,1254.3051,1226.1942
6197,1435.929,1291.5394,1362.3379
6198,1501.503,1334.6057,1478.1952
6199,1581.884,1457.0754,1627.4122
6200,1683.0653,1599.7324,1778.4325
6201,1802.2266,1710.9869,1902.4043
6202,1909.7538,1853.1953,1999.7786
6203,2014.8132,1992.2635,2071.9076
6204,2098.0146,2104.4152,2147.1923
6205,2139.9678,2211.6323,2208.9529
6206,2150.8968,2282.0636,2245.919
6207,2145.9612,2305.8398,2242.7634
6208,2093.4315,2262.3249,2144.4875
6209,2013.403,2168.1174,1998.8769
6210,1990.8399,2141.6496,1982.1971
6211,1897.4146,2026.8062,1935.764
6212,1787.067,1881.4576,1815.3986
6213,1609.3827,1726.2396,1634.1743
6214,1461.665,1557.1147,1469.1791
6215,1360.8362,1441.8228,1327.1749
6216,1292.4419,1355.6902,1235.2104
6217,1245.2004,1290.6422,1185.1708
6218,1224.4,1251.1648,1158.5732
6219,1242.7326,1243.9871,1176.1547
6220,1313.2422,1277.6326,1251.8902
6221,1415.4812,1309.4837,1393.4435
6222,1492.3367,1350.7555,1505.6944
6223,1586.8196,1472.328,1636.4283
6224,1664.3803,1603.3213,1757.2445
6225,1751.1071,1708.2953,1869.9462
6226,1823.3795,1832.5594,1954.6979
6227,1908.6962,1964.4499,2013.3028
6228,1970.7447,2068.0781,2080.473
6229,2029.9728,2167.2202,2125.1028
6230,2078.2719,2245.2778,2153.0528
6231,2085.6754,2273.0915,2122.398
6232,2035.6136,2212.9781,2014.6552
6233,1970.3921,2113.836,1870.8478
6234,1951.3545,2123.7053,1880.7656
6235,1862.5124,2047.4422,1848.3075
6236,1769.7922,1910.1684,1735.6058
6237,1607.62,1775.5863,1562.496
6238,1459.5497,1626.6488,1403.8121
6239,1372.1178,1499.6931,1283.4467
6240,1299.4928,1411.7661,1206.3587
6241,1246.9631,1357.4847,1159.9257
6242,1219.8169,1314.867,1144.1474
6243,1236.3867,1300.9602,1169.8434
6244,1307.954,1339.989,1243.3249
6245,1396.4436,1390.6816,1413.7298
6246,1487.401,1418.9438,1527.7839
6247,1581.884,1492.0667,1623.355
6248,1667.5532,1589.4144,1712.6147
6249,1767.3243,1690.7996,1759.4986
6250,1847.7053,1763.4739,1775.2768
6251,1928.7914,1827.6247,1767.1623
6252,2000.7113,1916.4489,1760.4002
6253,2057.8241,2002.1329,1751.8349
6254,2100.4824,2059.5545,1746.4252
6255,2096.6044,2011.5536,1715.7703
6256,2037.3763,1976.1136,1667.9848
6257,1970.3921,1916.0003,1598.5606
6258,1917.8624,1962.6554,1681.9598
6259,1831.8407,1907.0282,1677.0009
6260,1737.3577,1790.3904,1591.7985
6261,1581.5314,1664.7804,1454.3024
6262,1433.8137,1533.7872,1307.7903
6263,1329.1069,1408.6258,1197.7934
6264,1262.8278,1329.2224,1131.9756
6265,1203.2472,1262.8286,1099.5176
6266,1172.928,1226.94,1083.7393
6267,1184.9146,1214.8276,1094.5587
6268,1239.5596,1251.1648,1172.9991
6269,1319.2355,1286.1561,1328.5274
6270,1402.4369,1304.549,1434.9177
6271,1476.8246,1393.3732,1534.0952
6272,1552.975,1456.6268,1636.8792
6273,1640.7595,1493.8612,1707.205
6274,1696.4621,1528.8525,1756.3429
6275,1765.5616,1573.2646,1768.0639
6276,1824.7897,1598.8352,1793.7599
6277,1870.9735,1626.6488,1787.8994
6278,1907.286,1656.7055,1769.8671
6279,1917.5099,1642.3501,1730.6469
6280,1866.0379,1584.9284,1676.0993
6281,1790.24,1505.9736,1573.3154
6282,1785.6569,1538.7219,1636.4283
6283,1708.4488,1476.3655,1622.0025
6284,1621.0168,1403.2426,1551.6767
6285,1484.2281,1335.9515,1429.9589
6286,1338.2731,1248.0246,1310.4951
6287,1232.5087,1160.0976,1190.5805
6288,1159.8837,1096.3954,1115.7466
6289,1104.8862,1052.4319,1067.5103
6290,1067.5161,1028.2071,1036.4046
6291,1047.0683,1014.7489,1025.5853
6292,1059.76,1021.478,1053.9861
6293,1057.6447,998.5991,1090.9522
6294,1124.2763,1009.3657,1126.1152
6295,1260.36,1104.0217,1250.9886
6296,1379.1687,1089.2177,1357.8298
6297,1483.8756,1134.527,1438.5242
6298,1563.904,1252.062,1493.5226
6299,1631.9458,1287.9506,1526.4315
6300,1690.4688,1310.8295,1528.2347
6301,1739.8256,1347.1667,1539.5049
6302,1766.2667,1377.2234,1552.1275
6303,1780.7212,1395.6162,1557.5372
6304,1744.0562,1381.2608,1539.9557
6305,1664.7328,1357.036,1516.9646
6306,1646.0477,1422.5327,1584.1348
6307,1558.6158,1398.3079,1581.4299
6308,1465.8956,1332.8113,1508.3992
6309,1337.568,1277.6326,1410.5742
6310,1219.4644,1188.8084,1292.9136
6311,1125.6865,1108.9564,1187.4249
6312,1060.8177,1049.2917,1112.1401
6313,1014.6338,1011.1601,1058.945
6314,982.9045,985.1409,1027.3885
6315,970.9179,970.3368,1015.2167
6316,973.0332,968.0938,1029.6425
6317,956.1108,936.6913,1026.0361
6318,1014.2813,947.9065,1051.2812
6319,1127.4493,1026.4127,1144.1474
6320,1235.6816,1112.0966,1253.2426
6321,1352.0225,1152.9199,1342.0516
6322,1450.3835,1207.2013,1423.6476
6323,1549.8021,1256.5481,1504.7928
6324,1640.0544,1304.1004,1564.7501
6325,1719.0252,1372.2887,1635.0759
6326,1768.7345,1431.0562,1693.23
6327,1797.2909,1462.9073,1709.9098
6328,1774.0228,1457.524,1700.4429
6329,1718.3201,1432.402,1657.1655
6330,1714.4421,1492.0667,1715.7703
6331,1636.1764,1443.6172,1696.8364
6332,1508.9065,1374.9803,1593.1509
6333,1350.9649,1287.0534,1455.6549
6334,1206.4201,1193.2945,1309.1427
6335,1114.405,1107.6106,1204.1047
6336,1056.9396,1051.5347,1135.5821
6337,1017.4542,1009.3657,1087.7966
6338,1001.5896,993.2158,1071.1167
6339,1021.6848,999.4963,1094.5587
6340,1103.1235,1050.1889,1179.3103
6341,1192.3182,1086.9747,1310.9459
6342,1250.4886,1111.648,1402.4597
6343,1326.639,1190.6029,1553.9307
6344,1394.3283,1266.4174,1689.1727
6345,1483.1705,1309.9323,1791.9567
6346,1566.7244,1366.0082,1879.864
6347,1659.4446,1423.8785,1949.739
6348,1742.646,1474.1225,2008.7947
6349,1819.854,1540.5163,2059.285
6350,1866.0379,1601.5268,2081.8254
6351,1892.479,1640.107,2068.752
6352,1866.0379,1623.5086,2004.7374
6353,1805.7521,1582.6853,1880.3148
6354,1777.5482,1623.06,1891.1341
6355,1680.95,1545.8996,1835.2341
6356,1571.6601,1452.5893,1712.6147
6357,1398.9114,1343.5778,1535.8984
6358,1244.4953,1217.0707,1366.3951
6359,1149.6598,1127.3493,1230.2515
6360,1082.3231,1063.1985,1144.1474
6361,1039.6648,1026.8613,1087.3458
6362,1023.4476,1008.0198,1062.1006
6363,1046.3632,1017.4406,1076.5264
6364,1123.9238,1065.4415,1151.3603
6365,1207.1252,1097.2926,1296.9709
6366,1273.0517,1111.1994,1401.5581
6367,1334.0426,1190.1543,1533.6444
6368,1410.5455,1274.941,1663.4767
6369,1507.4963,1319.3531,1755.8921
6370,1615.7286,1398.7565,1828.9228
6371,1722.9033,1487.5807,1909.6172
6372,1824.0846,1580.4423,1962.8124
6373,1899.1774,1682.7247,2016.0076
6374,1953.8224,1763.0253,2031.335
6375,1972.86,1794.8764,2016.4584
6376,1936.9,1758.0907,1935.764
6377,1868.5057,1698.8745,1806.8333
6378,1850.1732,1737.0061,1833.8817
6379,1757.453,1681.3789,1787.4486
6380,1652.0411,1584.4798,1670.6897
6381,1480.7026,1486.2348,1493.5226
6382,1326.9916,1357.4847,1331.2322
6383,1220.522,1250.7162,1205.9079
6384,1166.2296,1184.3224,1135.5821
6385,1131.6799,1127.3493,1092.7555
6386,1112.2897,1101.3301,1081.0345
6387,1134.5002,1105.3675,1091.403
6388,1215.2338,1141.2561,1173.4499
6389,1306.1912,1185.6682,1323.5685
6390,1372.8229,1201.3694,1414.6314
6391,1445.0953,1277.184,1532.7428
6392,1527.239,1342.232,1650.4034
6393,1618.1964,1374.9803,1742.8187
6394,1700.3402,1411.3175,1815.8494
6395,1768.7345,1447.6547,1854.6188
6396,1831.4881,1469.1878,1897.8962
6397,1850.5257,1492.5153,1902.4043
6398,1886.4857,1510.9082,1886.1753
6399,1882.9602,1515.3943,1861.8317
6400,1820.9117,1477.7113,1801.4236
6401,1759.9208,1447.206,1706.3034
6402,1745.4664,1509.1138,1758.597
6403,1663.3226,1467.842,1722.5324
6404,1559.6734,1380.8122,1613.888
6405,1400.6742,1289.2964,1461.5153
6406,1244.8478,1178.9391,1310.0443
6407,1142.6089,1107.162,1190.1297
6408,1079.1502,1046.6,1116.6482
6409,1028.3832,1010.2629,1067.0595
6410,1009.6982,995.4588,1057.1417
6411,1023.095,993.2158,1062.1006
6412,1096.0725,1044.8056,1145.4998
6413,1176.1009,1078.8997,1305.0854
6414,1224.0475,1091.0121,1411.025
6415,1267.4109,1160.0976,1532.7428
6416,1326.2865,1217.0707,1649.0509
6417,1392.9181,1239.9496,1742.8187
6418,1463.7803,1305.8949,1811.7922
6419,1531.117,1347.6153,1848.7583
6420,1601.2741,1400.1023,1878.9624
6421,1661.2073,1462.4587,1888.4293
6422,1709.5064,1529.3011,1883.9212
6423,1733.1272,1579.9937,1838.3898
6424,1701.3978,1555.3203,1768.0639
6425,1668.2583,1534.6844,1673.3945
6426,1666.143,1590.7603,1736.9582
6427,1577.3008,1550.3856,1699.5413
6428,1484.9332,1461.1129,1598.1098
6429,1337.2155,1358.8305,1452.95
6430,1192.6707,1247.1273,1304.1838
6431,1087.9639,1158.7518,1187.8757
6432,1036.8444,1096.3954,1121.6071
6433,999.4743,1058.7124,1091.8538
6434,992.7759,1042.5626,1068.8627
6435,1017.8068,1048.8431,1089.149
6436,1095.7199,1090.5635,1161.2781
6437,1186.3248,1139.9103,1317.2572
6438,1252.6039,1147.9852,1423.1968
6439,1317.4728,1208.9958,1530.4888
6440,1387.2773,1267.3147,1626.5106
6441,1464.4854,1276.2868,1696.3856
6442,1533.5849,1304.549,1733.3518
6443,1603.0369,1322.9419,1755.8921
6444,1650.9834,1342.232,1779.3341
6445,1699.2825,1369.597,1774.826
6446,1725.0186,1382.158,1750.0316
6447,1729.6017,1386.1955,1691.8776
6448,1676.3669,1353.8958,1649.9525
6449,1632.2984,1347.6153,1607.1259
6450,1615.3761,1414.9063,1672.4929
6451,1545.5715,1384.4011,1636.8792
6452,1467.3058,1204.0611,1551.2259
6453,1360.1311,1251.1648,1436.721
6454,1240.2647,1171.7614,1303.2822
6455,1150.0124,1094.1524,1189.6789
6456,1081.9706,1032.6932,1108.9845
6457,1033.3189,1000.3935,1064.8054
6458,1004.4099,978.8604,1030.0933
6459,994.8911,974.3743,1030.0933
6460,1014.9864,978.4118,1055.3385
6461,1024.1526,967.1966,1111.2385
6462,1086.2011,971.6827,1144.1474
6463,1185.9723,1051.5347,1279.8402
6464,1283.9807,1117.4799,1394.796
6465,1367.1821,1141.2561,1487.6621
6466,1438.7494,1173.1072,1540.4065
6467,1499.3877,1204.9583,1567.9057
6468,1558.9683,1231.8747,1579.1759
6469,1600.9216,1269.5577,1589.5444
6470,1634.4137,1307.6893,1594.9541
6471,1637.234,1320.2503,1587.2904
6472,1603.742,1308.5865,1552.5783
6473,1570.6024,1301.8574,1516.063
6474,1550.5072,1366.9054,1598.5606
6475,1471.1838,1337.7459,1563.8485
6476,1386.9248,1280.3243,1490.367
6477,1288.2113,1225.1456,1389.8371
6478,1179.6264,1152.0227,1278.037
6479,1098.8929,1076.6567,1172.5482
6480,1038.6071,1019.6836,1092.7555
6481,996.3013,976.1687,1038.6587
6482,975.8535,956.43,1006.2006
6483,962.1042,944.3176,993.578
6484,977.6163,951.944,996.2828
6485,966.6873,929.9622,1006.2006
6486,1018.1593,924.5789,1017.4707
6487,1120.3983,1010.7115,1108.0829
6488,1230.3934,1083.3858,1229.8007
6489,1341.7986,1132.284,1322.2161
6490,1436.2815,1181.6307,1395.2468
6491,1533.5849,1234.5663,1452.95
6492,1628.0678,1267.3147,1505.2436
6493,1703.8657,1323.3905,1560.242
6494,1757.1004,1367.8026,1597.659
6495,1788.4772,1393.3732,1620.6501
6496,1773.6702,1379.4664,1611.634
6497,1742.9985,1374.9803,1584.5856
6498,1732.0695,1426.1215,1674.2961
6499,1634.4137,1379.0178,1647.6985
6500,1522.3033,1302.7546,1559.7912
6501,1365.4193,1224.2484,1429.0573
6502,1226.1628,1134.9756,1294.2661
6503,1142.6089,1054.675,1172.0974
6504,1088.669,1004.431,1108.0829
6505,1064.3431,972.5799,1075.174
6506,1042.1326,963.6077,1056.6909
6507,1075.6247,975.2715,1087.7966
6508,1163.0567,1022.3753,1171.6466
6509,1263.5329,1071.722,1322.6669
6510,1346.3817,1081.1428,1419.5903
6511,1428.5255,1159.2004,1556.1848
6512,1513.1371,1227.3886,1685.1155
6513,1625.2474,1265.9688,1787.8994
6514,1727.8389,1332.8113,1875.8067
6515,1826.1999,1390.6816,1939.8213
6516,1919.2726,1457.0754,2004.2866
6517,1993.3078,1539.1705,2047.5641
6518,2063.1123,1601.9754,2071.006
6519,2077.5668,1642.7987,2058.3834
6520,2037.7288,1631.5835,1974.0826
6521,1975.6804,1610.0504,1851.914
6522,1927.7338,1640.5556,1872.6511
6523,1820.9117,1571.0216,1814.9478
6524,1690.8214,1466.4961,1688.7219
6525,1520.188,1355.2416,1521.9234
6526,1361.1888,1244.4357,1361.4363
6527,1258.9498,1151.5741,1230.7023
6528,1188.0876,1083.3858,1154.0652
6529,1133.4426,1045.2542,1098.6159
6530,1114.0524,1025.5155,1084.1901
6531,1123.2187,1032.6932,1095.0095
6532,1208.5354,1079.3483,1179.3103
6533,1310.7744,1118.8258,1349.7153
6534,1382.6942,1140.3589,1446.1879
6535,1476.8246,1220.6595,1550.3243
6536,1588.5824,1305.4462,1658.5179
6537,1728.1915,1360.1763,1741.9171
6538,1842.0646,1442.72,1816.3002
6539,1959.8157,1545.0024,1864.5365
6540,2064.17,1638.3126,1911.8712
6541,2138.9102,1736.5575,1951.993
6542,2182.6262,1818.6526,1967.7713
6543,2188.972,1870.2424,1947.485
6544,2130.449,1839.2885,1882.5688
6545,2064.8751,1785.9043,1775.2768
6546,2009.8775,1795.325,1815.3986
6547,1899.8825,1707.8467,1752.7365
6548,1774.7279,1588.0686,1640.9364
6549,1597.3961,1466.0475,1492.621
6550,1434.5188,1334.1571,1327.1749
6551,1318.1779,1213.0332,1199.5966
6552,1236.0341,1143.9477,1122.5087
6553,1180.3315,1095.4982,1071.5675
6554,1149.3073,1067.236,1047.6748
6555,1161.2939,1069.0304,1066.6087
6556,1234.6239,1113.8911,1156.3192
6557,1312.1846,1157.4059,1315.9048
6558,1390.4503,1175.3502,1418.6887
6559,1469.4211,1268.6605,1529.5872
6560,1565.6667,1365.111,1650.4034
6561,1678.1296,1435.9909,1741.0155
6562,1790.9451,1531.5442,1835.6849
6563,1901.6452,1641.9015,1888.8801
6564,2016.576,1756.7448,1949.739
6565,2083.5601,1859.0272,1986.7052
6566,2127.6286,1933.496,2005.1882
6567,2130.8016,1956.8235,1992.1148
6568,2070.1633,1911.0656,1924.4938
6569,2002.474,1850.9523,1816.751
6570,1935.1373,1821.7929,1855.5204
6571,1808.5725,1725.791,1790.1534
6572,1691.1739,1593.4519,1669.3372
6573,1509.9641,1478.1599,1507.9484
6574,1340.3884,1336.4001,1343.404
6575,1233.5663,1218.8651,1202.7523
6576,1107.0015,1173.1072,1227.0959
6577,1071.0416,1112.5453,1186.5233
6578,1048.1259,1061.4041,1184.72
6579,1060.1126,1066.3387,1197.3426
6580,1124.9814,1130.4895,1242.8741
6581,1194.4334,1190.1543,1361.4363
6582,1246.258,1210.3416,1435.3686
6583,1303.7234,1308.5865,1568.8073
6584,1381.9891,1396.0649,1736.0566
6585,1489.1638,1464.7017,1891.5849
6586,1610.4404,1546.7968,2039.4495
6587,1727.8389,1620.8169,2138.627
6588,1841.0069,1671.9581,2224.2803
6589,1931.2593,1702.912,2210.7561
6590,1991.1925,1715.0244,2238.2553
6591,1992.9552,1715.9216,2288.7456
6592,1922.093,1706.0523,2193.1746
6593,1847.3528,1698.4259,2037.6463
6594,1781.7788,1693.4913,2066.4979
6595,1666.8481,1656.7055,1936.2148
6596,1554.7378,1594.3491,1770.3179
6597,1385.5146,1513.1513,1564.2993
6598,1244.4953,1398.7565,1392.9927
6599,1143.314,1272.6979,1291.1104
6600,1080.9129,1183.8738,1243.7757
6601,1036.1393,1123.3118,1209.9652
6602,1018.1593,1080.6942,1196.441
6603,1032.9664,1084.283,1203.2031
6604,1093.6047,1137.2186,1251.8902
6605,1172.5755,1194.1917,1360.9854
6606,1221.2271,1201.3694,1436.2702
6607,1277.6348,1297.3713,1558.4388
6608,1335.1002,1391.5788,1722.0816
6609,1425.7051,1465.1503,1869.9462
6610,1516.31,1536.4788,2006.0898
6611,1619.2541,1610.9476,2087.6859
6612,1728.544,1664.7804,2165.6754
6613,1814.5658,1698.4259,2246.8206
6614,1891.4213,1716.3702,2231.4932
6615,1901.2927,1718.6133,2153.5036
6616,1845.2375,1712.7814,1999.3277
6617,1754.2801,1700.2204,1873.5527
6618,1672.4889,1688.5566,1926.2971
6619,1560.7311,1644.5931,1843.7994
6620,1468.716,1579.9937,1697.7381
6621,1347.7919,1513.1513,1543.5622
6622,1219.1118,1412.6633,1406.5169
6623,1134.5002,1300.9602,1302.8314
6624,1065.0482,1215.2762,1244.2265
6625,1026.973,1148.8824,1215.3749
6626,995.9488,1096.844,1192.8345
6627,983.6096,1069.0304,1191.4821
6628,995.5962,1069.0304,1201.3999
6629,1010.4033,1066.7873,1227.9975
6630,1059.4075,1045.2542,1249.6362
6631,1160.2363,1155.6115,1324.9209
6632,1270.9364,1296.4741,1435.8194
6633,1385.162,1360.1763,1527.7839
6634,1499.3877,1477.2627,1594.5033
6635,1615.3761,1566.5355,1626.5106
6636,1720.788,1640.107,1615.6912
6637,1814.5658,1686.7622,1601.7162
6638,1879.7872,1703.8092,1587.7412
6639,1894.9468,1700.669,1561.5944
6640,1807.8674,1683.1733,1533.1936
6641,1734.1848,1674.6498,1552.5783
6642,1653.8038,1674.2012,1645.4445
6643,1550.1546,1644.1445,1605.7735
6644,1443.3325,1590.3117,1527.3331
6645,1329.1069,1534.6844,1431.3113
6646,1217.3491,1457.0754,1337.9943
6647,1137.6732,1364.6624,1269.0209
6648,1078.7976,1300.9602,1225.2926
6649,1042.1326,1243.5385,1201.3999
6650,1014.2813,1204.0611,1183.8184
6651,995.9488,1172.21,1180.6628
6652,1001.5896,1169.0697,1178.4087
6653,991.0131,1017.8892,1188.7773
6654,990.6606,1131.3867,1189.6789
6655,1126.0391,977.066,1232.5055
6656,1286.4485,1293.3339,1287.9548
6657,1397.8538,1328.7738,1362.3379
6658,1521.9508,1440.0283,1409.6726
6659,1638.2917,1479.5057,1426.8032
6660,1734.8899,1542.7593,1432.2129
6661,1807.8674,1567.4327,1436.2702
6662,1854.7563,1577.3021,1433.1145
6663,1867.448,1582.6853,1438.5242
6664,1818.4438,1582.6853,1443.4831
6665,1783.5416,1620.3683,1506.596
6666,1739.473,1636.0696,1590.4461
6667,1639.3493,1623.9572,1566.1025
6668,1525.8288,1591.2089,1486.7605
6669,1390.4503,1519.4318,1398.4024
6670,1265.6482,1423.8785,1306.4378
6671,1179.979,1336.4001,1245.5789
6672,1131.6799,1265.9688,1211.7684
6673,1092.547,1200.9208,1195.9902
6674,1074.9196,1163.2378,1196.441
6675,1092.1945,1173.5558,1209.9652
6676,1166.9347,1235.9122,1264.9636
6677,1245.9055,1319.3531,1373.608
6678,1305.4861,1331.4654,1447.0895
6679,1373.528,1395.6162,1569.709
6680,1440.1596,1460.6643,1725.2373
6681,1555.4428,1536.0302,1851.0123
6682,1666.8481,1578.6479,1961.0092
6683,1765.5616,1601.9754,2035.3923
6684,1858.9869,1620.8169,2089.9399
6685,1909.0487,1645.0417,2123.2996
6686,1934.4322,1671.9581,2115.1851
6687,1979.9109,1682.2761,2041.7036
6688,1862.1598,1670.1637,1908.7156
6689,1842.7697,1665.6776,1815.8494
6690,1807.8674,1677.3414,1885.7245
6691,1720.0829,1652.668,1821.2591
6692,1620.6643,1599.2838,1670.2388
6693,1473.6517,1502.3847,1497.1291
6694,1328.0492,1381.2608,1357.8298
6695,1239.5596,1275.8382,1267.6685
6696,1179.2739,1190.1543,1222.5878
6697,1127.0967,1130.0409,1196.8918
6698,1101.7133,1096.844,1187.8757
6699,1113.6999,1101.3301,1191.9329
6700,1176.1009,1158.7518,1239.2676
6701,1253.309,1210.3416,1346.5596
6702,1311.4795,1205.8555,1426.3524
6703,1389.7452,1316.2128,1548.9718
6704,1482.8179,1417.1494,1685.5663
6705,1593.1655,1513.5999,1807.7349
6706,1688.7061,1590.3117,1893.839
6707,1795.1757,1636.9668,1924.4938
6708,1873.7939,1678.2386,1947.485
6709,1939.7204,1697.0801,1956.5011
6710,1982.3788,1702.0148,1949.739
6711,1979.9109,1698.8745,1901.0519
6712,1919.9777,1681.8275,1796.9155
6713,1887.5433,1688.108,1717.1227
6714,1825.1423,1695.2857,1795.5631
6715,1729.2491,1673.7526,1730.1961
6716,1613.6133,1616.3309,1614.3388
6717,1446.1529,1516.2915,1446.6387
6718,1300.903,1395.1676,1321.7653
6719,1213.1185,1291.5394,1239.7184
6720,1153.1853,1219.3137,1195.0886
6721,1105.5913,1151.5741,1173.4499
6722,1079.8553,1117.9285,1163.0813
6723,1077.3874,1119.723,1171.1958
6724,1142.9614,1182.0793,1218.5305
6725,1218.7593,1248.4732,1331.2322
6726,1282.9231,1241.2955,1408.771
6727,1356.6056,1300.9602,1496.2275
6728,1441.5698,1361.0735,1613.888
6729,1550.1546,1456.6268,1703.5985
6730,1656.2716,1537.376,1781.1373
6731,1758.5106,1576.4048,1821.2591
6732,1848.4104,1614.5364,1871.7494
6733,1919.9777,1641.0042,1880.7656
6734,1955.5851,1650.425,1873.1019
6735,1958.4055,1662.0888,1833.4309
6736,1896.357,1647.7334,1741.9171
6737,1875.2041,1658.0513,1688.2711
6738,1826.1999,1674.2012,1773.9244
6739,1723.6084,1658.9485,1711.7131
6740,1628.7729,1611.8448,1591.3477
6741,1473.6517,1526.6095,1440.3274
6742,1335.8053,1414.0091,1315.0032
6743,1253.309,1300.063,1237.0136
6744,1189.1452,1218.8651,1192.8345
6745,1141.5512,1156.9573,1171.1958
6746,1127.0967,1123.7604,1162.6305
6747,1144.0191,1122.4146,1171.1958
6748,1210.6507,1179.8363,1214.9241
6749,1313.2422,1263.7258,1332.5846
6750,1359.426,1265.9688,1412.8282
6751,1420.0643,1298.2685,1495.7767
6752,1495.8622,1343.1292,1610.2816
6753,1582.2365,1372.2887,1715.7703
6754,1682.7128,1376.3261,1772.572
6755,1776.1381,1366.4568,1808.6365
6756,1845.2375,1355.6902,1838.3898
6757,1842.7697,1355.2416,1851.4631
6758,1768.382,1343.5778,1830.726
6759,1720.788,1339.0918,1770.3179
6760,1693.9943,1331.0168,1683.3122
6761,1719.7303,1393.8218,1639.1332
6762,1692.9367,1444.963,1721.18
6763,1619.6066,1439.1311,1663.0259
6764,1553.3276,1379.0178,1558.4388
6765,1426.7627,1293.7825,1414.6314
6766,1319.5881,1182.5279,1302.3806
6767,1236.0341,1082.9372,1223.0386
6768,1177.5111,1027.7585,1189.6789
6769,1140.141,983.3465,1166.6878
6770,1124.2763,967.1966,1162.1797
6771,1149.3073,986.9353,1169.8434
6772,1227.573,1048.3945,1210.8668
6773,1341.0935,1130.4895,1317.2572
6774,1360.4837,1121.0688,1397.5008
6775,1389.0401,1177.5933,1490.8178
6776,1428.5255,1252.062,1590.4461
6777,1506.4386,1331.4654,1661.6735
6778,1579.0636,1361.9707,1702.2461
6779,1628.7729,1393.8218,1720.7292
6780,1682.7128,1409.0745,1744.622
6781,1686.2382,1427.9159,1739.2123
6782,1658.3869,1435.5423,1709.9098
6783,1602.3318,1404.5884,1668.8864
6784,1518.0727,1352.1014,1598.1098
6785,1514.8998,1377.672,1594.5033
6786,1474.3568,1414.4577,1663.0259
6787,1406.3149,1389.3357,1613.888
6788,1325.5814,1345.8209,1522.8251
6789,1228.9832,1239.9496,1412.8282
6790,1124.9814,1135.8728,1310.4951
6791,1049.5361,1035.8335,1245.5789
6792,998.0641,969.8882,1207.2604
6793,961.7516,897.2139,1183.3676
6794,945.1818,875.2322,1172.9991
6795,936.0156,859.9795,1172.0974
6796,959.6363,876.1294,1183.3676
6797,967.7449,883.3071,1209.9652
6798,1010.4033,857.7365,1223.4894
6799,1087.6113,946.1121,1295.6185
6800,1154.2429,1054.2264,1374.9605
6801,1236.0341,1123.3118,1434.4669
6802,1299.1403,1164.5837,1474.1379
6803,1361.8939,1193.2945,1480.9
6804,1409.4879,1227.8372,1474.5887
6805,1449.6784,1256.9967,1463.7694
6806,1483.1705,1279.427,1454.7532
6807,1481.7603,1296.0255,1438.0734
6808,1451.4411,1283.0159,1417.3363
6809,1448.6207,1343.1292,1466.0234
6810,1407.02,1378.5692,1539.9557
6811,1334.7476,1348.9611,1511.1041
6812,1258.9498,1298.7171,1444.8355
6813,1164.4668,1223.7998,1363.2395
6814,1078.0925,1126.4521,1287.9548
6815,1014.9864,1025.0669,1227.9975
6816,963.8669,953.7384,1194.6378
6817,932.4901,894.0737,1167.5894
6818,912.3949,867.1572,1157.6716
6819,906.7541,855.0449,1154.516
6820,922.9713,872.0919,1160.8273
6821,925.0866,851.9046,1174.3515
6822,954.7006,830.8201,1168.0402
6823,1026.6205,952.8412,1201.3999
6824,1094.6623,1060.5068,1260.4556
6825,1167.2872,1154.7143,1314.5524
6826,1247.3157,1211.2388,1350.6169
6827,1319.9406,1255.2023,1378.5669
6828,1383.7519,1291.5394,1396.1484
6829,1438.3968,1336.8487,1411.025
6830,1467.3058,1381.2608,1402.9105
6831,1479.2924,1396.5135,1398.4024
6832,1457.4344,1383.5039,1391.1895
6833,1488.4587,1422.5327,1467.8266
6834,1467.3058,1449.4491,1564.2993
6835,1386.5722,1428.8132,1537.7017
6836,1298.7877,1358.3819,1458.3597
6837,1195.8436,1253.4078,1358.7314
6838,1093.9572,1143.0505,1273.9798
6839,1025.5628,1019.235,1212.2192
6840,985.3723,954.6356,1183.3676
6841,951.5277,911.5693,1168.9418
6842,942.3615,897.2139,1165.3353
6843,959.9889,920.0929,1179.3103
6844,1022.0374,998.5991,1225.2926
6845,1096.0725,1117.0313,1326.7241
6846,1148.6022,1126.4521,1399.304
6847,1205.3624,1183.8738,1494.4242
6848,1250.8412,1238.1552,1581.4299
6849,1318.5304,1316.6614,1654.9114
6850,1375.2907,1366.4568,1694.5824
6851,1411.9557,1400.1023,1715.7703
6852,1451.0886,1440.4769,1745.9744
6853,1466.9532,1453.9351,1765.3591
6854,1483.1705,1482.1974,1753.6381
6855,1482.1128,1492.5153,1722.0816
6856,1445.8003,1476.8141,1647.2477
6857,1473.6517,1505.5249,1656.7146
6858,1446.1529,1533.7872,1724.3357
6859,1376.7009,1510.4596,1662.5751
6860,1294.5572,1228.7345,1553.4799
6861,1160.5888,1336.4001,1414.1806
6862,1056.9396,1210.3416,1303.2822
6863,992.0708,1114.3397,1233.4072
6864,952.9379,1045.2542,1194.6378
6865,932.1376,1003.0852,1177.9579
6866,925.7917,976.6173,1169.3926
6867,950.8226,981.552,1179.3103
6868,1018.1593,1055.5722,1219.4321
6869,1102.0658,1156.9573,1335.7403
6870,1141.9038,1137.6672,1421.3935
6871,1178.9213,1173.1072,1507.9484
6872,1209.593,1234.1177,1595.4049
6873,1254.0141,1300.9602,1673.8453
6874,1306.8963,1342.232,1743.7203
6875,1361.8939,1384.8497,1777.9817
6876,1405.9624,1430.6076,1812.6938
6877,1447.9156,1469.6364,1807.7349
6878,1476.472,1484.889,1779.3341
6879,1485.9908,1481.3002,1714.8687
6880,1452.1462,1446.7574,1644.5429
6881,1479.9975,1494.3098,1643.1904
6882,1456.0242,1513.5999,1712.1639
6883,1387.9824,1485.7862,1657.1655
6884,1311.832,1422.0841,1544.013
6885,1187.735,1302.7546,1406.5169
6886,1078.7976,1167.7239,1292.012
6887,1014.2813,1060.0582,1221.6862
6888,978.6739,986.0381,1184.72
6889,952.2328,941.626,1163.5321
6890,942.3615,912.9152,1156.77
6891,968.45,939.383,1167.1386
6892,1040.7224,1005.3282,1197.7934
6893,1115.4626,1098.6384,1314.5524
6894,1149.3073,1078.0025,1386.6814
6895,1176.806,1143.9477,1477.7444
6896,1217.3491,1220.2109,1571.963
6897,1262.8278,1283.4645,1653.1082
6898,1322.0559,1324.7363,1720.2784
6899,1403.142,1360.6249,1759.9494
6900,1468.716,1397.8593,1797.3663
6901,1522.6559,1444.963,1810.8905
6902,1560.3785,1465.1503,1796.0139
6903,1563.1989,1474.5711,1746.876
6904,1529.7068,1449.4491,1669.788
6905,1533.5849,1468.2906,1664.8292
6906,1482.4654,1494.7584,1735.155
6907,1407.02,1457.9726,1669.3372
6908,1328.0492,1378.5692,1550.7751
6909,1193.7284,1261.4828,1409.6726
6910,1074.9196,1128.6951,1294.2661
6911,1008.6405,1027.7585,1223.0386
6912,968.45,974.3743,1191.4821
6913,943.7716,928.6164,1172.0974
6914,933.1952,909.3263,1160.3765
6915,960.694,933.1025,1166.2369
6916,1028.3832,1002.1879,1205.4571
6917,1115.1101,1076.2081,1323.1177
6918,1144.3716,1071.722,1390.7387
6919,1180.6841,1138.5645,1484.0557
6920,1214.5287,1207.6499,1583.684
6921,1279.045,1277.184,1668.8864
6922,1338.2731,1326.9794,1711.7131
6923,1409.8404,1354.3444,1745.9744
6924,1482.4654,1410.4203,1771.2196
6925,1549.4495,1460.6643,1779.7849
6926,1597.7486,1483.9918,1759.0478
6927,1605.8572,1493.8612,1708.1066
6928,1563.1989,1473.6739,1633.7235
6929,1555.4428,1509.5624,1658.0671
6930,1507.1437,1514.4971,1708.5574
6931,1429.2306,1479.5057,1644.0921
6932,1347.0868,1404.5884,1538.1525
6933,1218.7593,1287.9506,1411.9266
6934,1097.1301,1162.7892,1297.8725
6935,1030.4985,1054.2264,1227.0959
6936,987.4876,993.6644,1191.4821
6937,952.2328,943.869,1176.6055
6938,944.8293,922.3359,1173.9007
6939,967.3924,948.3551,1169.8434
6940,1042.1326,1018.3378,1213.1208
6941,1129.5646,1088.3205,1324.9209
6942,1166.5821,1087.8719,1409.6726
6943,1195.8436,1134.9756,1492.621
6944,1221.5797,1210.3416,1582.3315
6945,1274.8144,1269.5577,1662.1243
6946,1343.9139,1298.7171,1709.459
6947,1417.5965,1328.7738,1715.7703
6948,1491.6316,1374.9803,1709.9098
6949,1523.361,1376.3261,1700.8937
6950,1528.2966,1363.7652,1664.8292
6951,1504.6759,1357.9333,1623.355
6952,1479.645,1344.4751,1583.2332
6953,1509.6116,1412.2147,1617.9453
6954,1467.6583,1427.9159,1654.9114
6955,1416.1863,1389.3357,1581.4299
6956,1354.8429,1340.4376,1508.3992
6957,1251.5463,1270.9035,1386.2306
6958,1161.6465,1170.8642,1300.1265
6959,1088.669,1080.6942,1233.858
6960,1041.4275,1008.0198,1193.2854
6961,1010.4033,961.3647,1169.8434
6962,992.4233,934.8969,1155.4176
6963,991.0131,928.6164,1156.77
6964,1013.9287,950.5981,1169.8434
6965,1047.7734,981.1034,1205.4571
6966,1077.3874,979.309,1226.1942
6967,1123.5713,1095.9468,1294.7169
6968,1163.4092,1130.0409,1366.8459
6969,1191.6131,1139.9103,1409.2218
6970,1218.0542,1155.6115,1437.1718
6971,1231.0985,1145.2936,1438.5242
6972,1237.7969,1153.3685,1427.254
6973,1232.5087,1160.5462,1411.025
6974,1229.3357,1167.7239,1396.5992
6975,1217.3491,1147.088,1379.0177
6976,1209.9456,1151.1255,1367.7475
6977,1256.4819,1277.6326,1451.5976
6978,1238.1494,1296.4741,1513.8089
6979,1196.9013,1277.6326,1472.3347
6980,1144.3716,1228.7345,1421.3935
6981,1074.2145,1160.0976,1342.5024
6982,996.6539,1074.8623,1276.2338
6983,950.4701,1001.7393,1217.6289
6984,910.9847,937.5885,1179.7612
6985,887.0114,892.7278,1159.024
6986,872.5569,868.0545,1143.6966
6987,869.7365,866.26,1141.8934
6988,887.7165,872.0919,1147.7539
6989,904.6388,876.1294,1161.2781
6990,930.0223,842.9325,1165.7861
6991,983.2571,926.3734,1202.7523
6992,1024.1526,1025.5155,1249.6362
6993,1060.1126,1099.5357,1294.7169
6994,1088.3164,1142.6019,1319.5112
6995,1117.9305,1164.1351,1329.8798
6996,1144.3716,1185.2196,1331.2322
6997,1160.5888,1209.4444,1331.2322
6998,1181.3892,1232.3233,1326.2733
6999,1202.8946,1234.5663,1329.8798
7000,1217.3491,1230.5289,1360.9854
7001,1293.147,1333.7085,1461.9661
7002,1282.218,1358.3819,1519.2186
7003,1236.3867,1333.7085,1484.5065
7004,1162.3516,1275.3896,1414.6314
7005,1067.1635,1198.2292,1328.0766
7006,974.4433,1085.1802,1249.6362
7007,923.3238,994.113,1199.1458
7008,895.8251,938.4858,1167.1386
7009,878.9028,892.7278,1152.2619
7010,879.2553,885.5501,1149.1063
7011,906.049,913.8124,1153.1636
7012,984.6672,989.6269,1199.1458
7013,1080.5604,1077.5539,1311.8475
7014,1110.1744,1073.0678,1397.05
7015,1132.0324,1127.3493,1474.5887
7016,1154.5955,1199.575,1555.2831
7017,1180.6841,1261.0342,1626.5106
7018,1215.5863,1301.8574,1667.534
7019,1246.258,1318.0072,1676.0993
7020,1278.6925,1347.6153,1682.4106
7021,1303.0183,1368.6998,1672.9437
7022,1324.1712,1381.7094,1655.3622
7023,1331.2222,1380.8122,1621.1009
7024,1326.9916,1358.3819,1603.5195
7025,1385.5146,1436.4395,1677.0009
7026,1367.5346,1449.4491,1710.8115
7027,1312.1846,1412.2147,1649.0509
7028,1255.4243,1346.2695,1544.9146
7029,1138.7308,1229.6317,1411.4758
7030,1041.7801,1107.6106,1292.9136
7031,980.0841,1000.8421,1223.4894
7032,951.5277,946.1121,1185.6216
7033,925.7917,908.4291,1169.3926
7034,921.5611,897.2139,1159.024
7035,943.4191,915.1582,1167.1386
7036,1017.1017,995.0102,1209.9652
7037,1122.8662,1087.8719,1324.0193
7038,1153.1853,1074.8623,1405.6153
7039,1175.0433,1120.6202,1490.8178
7040,1195.4911,1180.7335,1591.7985
7041,1215.5863,1222.454,1667.534
7042,1231.451,1249.819,1719.8276
7043,1246.258,1255.2023,1742.8187
7044,1264.9431,1270.4549,1760.851
7045,1278.6925,1275.8382,1755.8921
7046,1283.2756,1271.8007,1734.2534
7047,1280.1027,1258.3425,1690.0743
7048,1266.0007,1255.2023,1619.2977
7049,1344.619,1361.0735,1667.9848
7050,1327.3441,1375.8775,1713.5163
7051,1280.8078,1331.4654,1656.7146
7052,1219.1118,1267.7633,1543.1114
7053,1111.5846,1172.21,1394.3451
7054,1010.7558,1059.161,1290.6596
7055,955.0532,971.2341,1218.0797
7056,921.5611,910.6721,1179.7612
7057,903.5811,881.5127,1166.2369
7058,903.5811,863.1198,1160.3765
7059,932.4901,890.9334,1165.7861
7060,1010.4033,974.8229,1201.8507
7061,1103.1235,1065.4415,1315.9048
7062,1128.1544,1045.2542,1401.5581
7063,1137.6732,1086.9747,1493.5226
7064,1148.6022,1149.7796,1596.7574
7065,1171.1653,1175.3502,1674.7469
7066,1188.0876,1209.4444,1739.2123
7067,1209.2405,1214.379,1778.4325
7068,1230.7459,1224.2484,1811.3413
7069,1246.258,1230.9775,1838.3898
7070,1255.4243,1224.2484,1825.7672
7071,1262.8278,1217.5193,1783.3913
7072,1260.0074,1225.5942,1722.5324
7073,1330.5171,1350.3069,1733.3518
7074,1313.2422,1375.4289,1768.9655
7075,1271.9941,1343.5778,1696.8364
7076,1209.9456,1274.4924,1570.6106
7077,1101.3607,1164.5837,1423.6476
7078,1005.8201,1045.2542,1306.4378
7079,956.4634,955.5328,1227.9975
7080,921.2086,896.7653,1186.9741
7081,909.2219,864.9142,1168.491
7082,905.3439,857.7365,1162.6305
7083,931.785,884.6529,1166.2369
7084,1006.8778,970.3368,1205.9079
7085,1103.8286,1063.6471,1327.1749
7086,1131.3273,1043.0112,1402.4597
7087,1135.2053,1080.6942,1497.1291
7088,1141.5512,1139.0131,1613.4372
7089,1160.2363,1175.3502,1713.5163
7090,1176.1009,1194.6403,1797.8171
7091,1196.9013,1218.8651,1845.6027
7092,1227.9255,1231.4261,1897.4454
7093,1248.3733,1242.6413,1931.7067
7094,1258.2447,1244.8843,1910.5188
7095,1269.8788,1243.0899,1858.2252
7096,1266.3533,1246.6787,1770.3179
7097,1332.2798,1358.8305,1765.3591
7098,1309.0116,1405.037,1788.801
7099,1258.2447,1358.8305,1707.205
7100,1207.4777,1296.4741,1583.2332
7101,1101.0082,1190.1543,1429.9589
7102,1004.0574,1073.0678,1310.0443
7103,946.2395,980.2062,1231.1531
7104,922.9713,919.1957,1192.3837
7105,910.6321,878.3724,1171.1958
7106,904.6388,879.2696,1162.1797
7107,936.7207,897.2139,1171.1958
7108,1010.7558,983.3465,1214.4733
7109,1107.0015,1079.3483,1328.0766
7110,1133.0901,1062.7499,1410.1234
7111,1134.8528,1108.5078,1502.0879
7112,1148.2496,1177.5933,1626.0598
7113,1167.9923,1215.7249,1737.8599
7114,1181.7417,1248.9218,1835.2341
7115,1213.1185,1270.4549,1893.839
7116,1249.431,1295.1283,1948.8374
7117,1271.9941,1318.0072,1986.2544
7118,1295.6148,1335.9515,1962.3616
7119,1296.3199,1336.4001,1898.7978
7120,1282.218,1326.5308,1790.6042
7121,1332.6324,1399.2051,1773.9244
7122,1290.3266,1405.4856,1773.9244
7123,1237.7969,1361.9707,1684.6647
7124,1193.3758,1309.9323,1577.3727
7125,1110.8795,1227.8372,1447.0895
7126,1019.217,1118.3771,1333.937
7127,970.2128,1032.2446,1251.8902
7128,932.8427,961.3647,1205.4571
7129,911.3372,914.7096,1176.1547
7130,897.9404,883.7557,1162.1797
7131,914.5101,879.2696,1159.024
7132,939.1885,905.2888,1168.9418
7133,969.5077,916.9526,1202.7523
7134,1001.237,874.335,1226.1942
7135,1055.1769,964.9536,1294.7169
7136,1096.7776,1059.161,1388.0339
7137,1133.4426,1121.0688,1460.6137
7138,1164.4668,1133.1812,1526.4315
7139,1189.4978,1141.2561,1566.1025
7140,1220.8746,1158.3032,1588.192
7141,1258.2447,1170.4156,1594.9541
7142,1282.5705,1183.8738,1583.2332
7143,1296.3199,1186.5654,1556.6356
7144,1290.3266,1191.5001,1538.6033
7145,1328.4018,1299.6144,1607.5767
7146,1293.8521,1314.4184,1629.6662
7147,1240.2647,1276.7354,1561.5944
7148,1174.6907,1225.1456,1481.8016
7149,1104.5336,1159.649,1391.6403
7150,1025.5628,1073.9651,1300.5773
7151,973.7382,983.7951,1231.1531
7152,935.3105,916.9526,1197.7934
7153,916.2729,868.0545,1172.5482
7154,896.5302,848.7644,1158.1224
7155,900.4082,845.6241,1154.0652
7156,917.6831,866.26,1158.1224
7157,931.785,859.9795,1171.6466
7158,954.7006,807.9411,1173.9007
7159,1014.6338,896.7653,1209.0636
7160,1060.1126,989.6269,1266.316
7161,1112.9948,1066.3387,1325.8225
7162,1148.9547,1096.844,1386.2306
7163,1200.4268,1107.6106,1425.4508
7164,1241.6749,1123.3118,1476.392
7165,1287.8587,1147.5366,1513.3581
7166,1324.1712,1164.5837,1531.3904
7167,1347.0868,1178.0419,1531.8412
7168,1347.7919,1197.332,1510.2025
7169,1400.3216,1315.7642,1588.6428
7170,1359.426,1336.8487,1632.3711
7171,1294.5572,1306.7921,1573.3154
7172,1214.8812,1234.5663,1495.7767
7173,1115.1101,1140.3589,1369.5508
7174,1006.1727,1033.5904,1278.9386
7175,954.3481,950.1495,1211.3176
7176,925.7917,892.7278,1179.7612
7177,909.927,859.9795,1165.3353
7178,906.7541,852.8018,1157.6716
7179,938.1309,877.4752,1169.8434
7180,1018.5119,977.066,1223.4894
7181,1126.0391,1066.3387,1336.1911
7182,1157.4159,1046.6,1413.7298
7183,1185.2672,1100.8815,1524.1775
7184,1208.5354,1158.7518,1668.8864
7185,1254.0141,1211.2388,1792.4075
7186,1303.7234,1244.4357,1910.068
7187,1342.1512,1264.623,1954.2471
7188,1380.2264,1284.8103,2068.752
7189,1392.5656,1309.0351,2154.4053
7190,1396.091,1313.5212,2161.6182
7191,1388.335,1311.2781,2098.5052
7192,1406.6675,1313.9698,1973.181
7193,1460.9599,1414.9063,1952.4438
7194,1426.7627,1426.5701,1912.7729
7195,1382.3417,1387.9899,1826.218
7196,1311.4795,1308.5865,1651.7558
7197,1208.8879,1200.0236,1482.2525
7198,1090.7843,1085.1802,1338.8959
7199,1035.0816,992.7672,1258.2015
7200,994.8911,938.4858,1211.7684
7201,979.0265,905.2888,1185.6216
7202,967.3924,890.9334,1174.8023
7203,994.8911,916.0554,1179.7612
7204,1074.2145,1006.674,1228.8991
7205,1194.786,1114.3397,1359.1822
7206,1234.2714,1126.4521,1443.9339
7207,1236.3867,1143.9477,1530.4888
7208,1262.8278,1200.9208,1638.6824
7209,1303.7234,1230.5289,1740.5647
7210,1342.1512,1248.9218,1825.3164
7211,1351.3174,1241.7441,1870.397
7212,1348.497,1252.5106,1910.068
7213,1372.4703,1237.7066,1942.5261
7214,1386.5722,1228.7345,1921.789
7215,1396.091,1220.6595,1851.914
7216,1392.5656,1239.9496,1759.0478
7217,1459.5497,1369.597,1791.9567
7218,1436.2815,1389.3357,1789.7026
7219,1388.335,1355.2416,1704.0494
7220,1317.4728,1277.6326,1581.8807
7221,1195.1385,1173.1072,1431.3113
7222,1087.9639,1062.7499,1315.454
7223,1019.217,977.066,1241.5217
7224,988.5453,930.8594,1206.3587
7225,963.8669,896.7653,1185.1708
7226,953.9955,885.5501,1175.2531
7227,975.1484,909.7749,1192.3837
7228,1052.7091,1006.674,1237.0136
7229,1159.1786,1095.4982,1350.1661
7230,1191.9656,1076.6567,1444.8355
7231,1218.4067,1099.5357,1515.6121
7232,1243.0851,1172.21,1612.0848
7233,1280.1027,1209.4444,1718.4752
7234,1314.2999,1235.4636,1804.1284
7235,1360.1311,1216.1735,1857.7744
7236,1386.9248,1220.6595,1882.118
7237,1404.9048,1222.9026,1878.9624
7238,1414.7761,1215.7249,1827.5704
7239,1418.3016,1204.5097,1763.105
7240,1405.6098,1214.379,1710.3606
7241,1465.543,1345.8209,1762.6542
7242,1437.6917,1358.8305,1757.2445
7243,1383.3993,1336.4001,1689.1727
7244,1311.4795,1274.4924,1574.217
7245,1191.6131,1173.5558,1434.9177
7246,1074.9196,1061.8527,1323.1177
7247,1002.2947,970.3368,1240.6201
7248,967.0398,917.8498,1207.2604
7249,940.5987,885.5501,1192.3837
7250,932.1376,880.1669,1177.9579
7251,953.643,907.5319,1188.3265
7252,1031.9087,999.9449,1231.1531
7253,1137.3206,1089.2177,1353.3217
7254,1159.1786,1074.8623,1430.4097
7255,1150.7175,1111.648,1512.9073
7256,1154.948,1152.9199,1611.634
7257,1162.7041,1178.0419,1701.3445
7258,1171.1653,1195.0889,1779.3341
7259,1182.7994,1233.6691,1837.4881
7260,1195.8436,1172.21,1885.7245
7261,1200.4268,1175.3502,1887.0769
7262,1219.8169,1165.9295,1880.3148
7263,1226.8679,1154.7143,1832.0785
7264,1237.0918,1178.9391,1743.7203
7265,1321.3508,1309.0351,1790.6042
7266,1304.4285,1327.428,1777.9817
7267,1263.1804,1306.3435,1708.5574
7268,1207.4777,1241.7441,1585.938
7269,1109.8219,1157.4059,1440.3274
7270,1014.9864,1047.9459,1319.5112
7271,961.7516,974.3743,1244.6773
7272,934.2528,920.9901,1200.4983
7273,923.3238,891.8306,1177.0563
7274,918.3882,880.6155,1169.8434
7275,946.592,905.2888,1173.9007
7276,1025.2103,975.7201,1213.5717
7277,1128.8595,1025.0669,1318.1588
7278,1144.3716,992.7672,1412.8282
7279,1145.7818,1054.2264,1484.0557
7280,1157.0633,1117.0313,1596.7574
7281,1164.4668,1160.5462,1684.2139
7282,1176.806,1169.0697,1791.5059
7283,1195.4911,1162.7892,1837.4881
7284,1212.4134,1165.9295,1895.1914
7285,1231.0985,1174.9016,1921.789
7286,1249.7835,1176.2474,1914.1253
7287,1255.0717,1173.5558,1841.9962
7288,1254.7192,1195.9861,1768.5147
7289,1309.0116,1313.9698,1791.5059
7290,1269.8788,1322.0447,1761.3018
7291,1226.5153,1294.2311,1674.2961
7292,1178.5688,1247.1273,1551.2259
7293,1097.1301,1170.8642,1431.7621
7294,1012.8711,1069.0304,1315.0032
7295,955.7583,986.9353,1250.9886
7296,925.4391,887.3446,1202.7523
7297,909.2219,947.0093,1182.9168
7298,899.3506,875.2322,1172.0974
7299,910.6321,880.6155,1165.7861
7300,940.5987,914.7096,1175.2531
7301,976.9112,931.7567,1198.2442
7302,1009.6982,911.5693,1226.1942
7303,1058.7024,971.2341,1280.7419
7304,1103.8286,1045.2542,1373.1572
7305,1138.3783,1083.8344,1446.6387
7306,1161.2939,1102.2273,1505.2436
7307,1181.0366,1108.9564,1541.3081
7308,1210.6507,1109.8536,1551.2259
7309,1247.3157,1113.8911,1555.7339
7310,1277.6348,1116.5827,1551.2259
7311,1288.5638,1120.6202,1534.546
7312,1300.903,1164.5837,1502.9896
7313,1334.0426,1289.2964,1587.7412
7314,1280.1027,1296.4741,1580.0775
7315,1220.522,1270.9035,1533.1936
7316,1161.2939,1229.6317,1454.7532
7317,1084.4384,1152.9199,1347.4612
7318,1009.3456,1065.4415,1275.783
7319,956.8159,980.2062,1220.3338
7320,941.6564,1029.1044,1114.3942
7321,931.4325,1000.3935,1036.8554
7322,925.0866,972.1313,957.9643
7323,926.8493,959.5703,938.1288
7324,934.6054,953.7384,953.907
7325,947.6497,943.869,985.9143
7326,960.694,960.4675,979.1522
7327,992.7759,938.9344,1036.4046
7328,1017.4542,974.3743,1149.1063
7329,1043.1903,1028.2071,1253.6935
7330,1060.1126,1073.0678,1319.962
7331,1068.9263,1099.5357,1357.8298
7332,1082.6757,1110.7508,1393.4435
7333,1102.0658,1112.9939,1402.9105
7334,1116.5203,1122.4146,1412.3774
7335,1136.9681,1127.3493,1408.771
7336,1178.5688,1130.9381,1421.3935
7337,1287.1536,1160.5462,1575.1186
7338,1267.7635,1288.8478,1615.6912
7339,1203.2472,1284.3617,1579.6267
7340,1124.9814,1267.3147,1534.0952
7341,1039.6648,1236.8094,1434.9177
7342,973.0332,1186.5654,1310.9459
7343,940.9513,1093.7038,1192.8345
7344,931.785,1003.5338,1105.8289
7345,925.7917,977.9632,1085.5425
7346,924.0289,963.6077,1065.2562
7347,938.4834,963.1591,1064.8054
7348,988.5453,984.2437,1106.7305
7349,1088.669,1046.1514,1176.6055
7350,1116.5203,1053.7777,1333.937
7351,1112.2897,1091.4607,1482.7033
7352,1114.0524,1136.3214,1578.7251
7353,1137.3206,1180.7335,1641.838
7354,1161.2939,1200.9208,1686.9187
7355,1183.857,1221.1081,1722.5324
7356,1208.8879,1229.1831,1732.4502
7357,1231.8036,1240.3982,1739.6631
7358,1247.3157,1243.0899,1744.622
7359,1256.4819,1230.0803,1716.2211
7360,1282.5705,1255.2023,1708.5574
7361,1383.3993,1366.0082,1777.9817
7362,1343.5614,1357.036,1765.8099
7363,1266.3533,1342.232,1721.6308
7364,1188.4401,1306.7921,1659.8703
7365,1074.567,1237.258,1570.1598
7366,992.7759,1154.7143,1411.4758
7367,961.0465,1085.1802,1262.7096
7368,945.1818,1035.8335,1154.516
7369,938.4834,1007.1226,1116.1974
7370,935.663,990.5242,1085.5425
7371,951.8803,991.4214,1063.9038
7372,1008.288,1012.5059,1086.895
7373,1109.1168,1070.8248,1161.2781
7374,1135.2053,1072.6192,1347.4612
7375,1127.0967,1105.8162,1467.8266
7376,1122.5136,1146.6394,1581.4299
7377,1141.9038,1178.0419,1653.1082
7378,1151.7751,1203.6125,1694.5824
7379,1181.7417,1216.1735,1706.3034
7380,1203.5997,1222.9026,1712.1639
7381,1219.8169,1237.258,1716.2211
7382,1246.258,1232.7719,1707.6558
7383,1248.3733,1224.697,1692.7792
7384,1263.5329,1254.7537,1665.7308
7385,1288.5638,1352.55,1741.9171
7386,1225.4577,1316.6614,1701.7953
7387,1189.4978,1301.8574,1645.4445
7388,1158.121,1275.8382,1597.2082
7389,1060.8177,1226.4914,1513.8089
7390,986.0774,1147.088,1372.7064
7391,956.1108,1079.7969,1250.087
7392,939.8936,1027.3099,1162.6305
7393,937.0732,1004.431,1115.7466
7394,932.4901,988.7297,1089.149
7395,949.0599,990.9728,1081.0345
7396,1004.7625,1015.1975,1123.4103
7397,1103.1235,1063.1985,1176.1547
7398,1133.0901,1072.6192,1328.9782
7399,1116.5203,1104.9189,1454.3024
7400,1110.527,1132.284,1574.217
7401,1126.0391,1167.7239,1646.3461
7402,1142.6089,1179.8363,1694.1316
7403,1163.0567,1199.575,1713.5163
7404,1185.2672,1203.1639,1733.3518
7405,1190.908,1203.6125,1723.8848
7406,1204.3048,1196.8834,1735.155
7407,1208.8879,1182.9765,1714.4179
7408,1250.1361,1230.0803,1704.5002
7409,1351.3174,1348.5125,1787.4486
7410,1308.3065,1352.9986,1773.4736
7411,1248.7259,1338.6432,1726.1389
7412,1176.4535,1301.8574,1672.0421
7413,1062.2279,1236.3608,1574.217
7414,986.7825,1156.0601,1463.3186
7415,950.4701,1081.1428,1323.5685
7416,939.5411,1026.8613,1196.441
7417,931.4325,999.9449,1118.0006
7418,931.785,983.3465,1069.3135
7419,945.8869,986.4867,1060.7482
7420,1003.7048,1008.4684,1081.4853
7421,1103.1235,1070.8248,1191.9329
7422,1129.9171,1084.7316,1344.7564
7423,1110.527,1111.1994,1476.392
7424,1102.7709,1133.6298,1576.0202
7425,1115.8152,1156.5087,1672.9437
7426,1129.212,1173.1072,1723.434
7427,1149.6598,1181.6307,1754.5397
7428,1166.2296,1132.7326,1770.7687
7429,1177.1586,1137.6672,1784.2929
7430,1196.1962,1145.7422,1780.2357
7431,1203.9523,1179.8363,1763.105
7432,1250.1361,1215.2762,1745.9744
7433,1350.9649,1338.1946,1809.9889
7434,1307.2489,1345.3723,1795.5631
7435,1238.502,1332.3627,1746.876
7436,1170.4602,1297.8199,1691.8776
7437,1066.4584,1232.3233,1597.2082
7438,981.8469,1165.4809,1461.0645
7439,953.2905,1091.0121,1315.0032
7440,936.7207,1036.2821,1188.3265
7441,933.9003,1012.5059,1127.0168
7442,930.7274,996.8047,1084.1901
7443,941.6564,997.2533,1070.6659
7444,1000.8845,1019.6836,1082.8377
7445,1100.3031,1073.0678,1191.0313
7446,1130.2697,1071.2734,1352.4201
7447,1110.8795,1104.0217,1485.8589
7448,1107.7066,1132.7326,1597.2082
7449,1130.2697,1166.3781,1682.4106
7450,1138.7308,1199.575,1717.5736
7451,1165.1719,1213.9304,1738.3107
7452,1193.7284,1201.818,1742.8187
7453,1217.7016,1202.2666,1744.622
7454,1234.2714,1196.4348,1739.2123
7455,1240.6173,1177.5933,1711.2623
7456,1271.289,1214.8276,1700.4429
7457,1317.4728,1325.185,1777.08
7458,1260.0074,1319.8017,1753.1873
7459,1208.1828,1313.5212,1689.1727
7460,1146.1343,1279.427,1640.9364
7461,1066.811,1230.0803,1553.0291
7462,993.481,1173.1072,1430.4097
7463,956.4634,1105.8162,1293.3644
7464,937.0732,1012.9545,1198.695
7465,927.2019,977.5146,1118.0006
7466,925.7917,956.8786,1058.0433
7467,928.6121,946.1121,1038.2078
7468,940.2462,947.9065,1019.7248
7469,966.3347,971.6827,1062.1006
7470,984.3147,933.5511,1101.7716
7471,1016.3966,939.8316,1189.2281
7472,1045.3055,994.113,1330.7814
7473,1073.1569,1043.0112,1449.7944
7474,1089.0215,1082.4886,1520.571
7475,1111.5846,1137.2186,1551.2259
7476,1132.0324,1141.2561,1568.3565
7477,1150.3649,1143.9477,1558.4388
7478,1165.1719,1138.5645,1545.8162
7479,1179.6264,1139.9103,1531.3904
7480,1213.1185,1182.9765,1530.4888
7481,1273.4043,1297.3713,1663.4767
7482,1220.1695,1287.502,1661.2227
7483,1163.4092,1253.8564,1613.4372
7484,1109.8219,1231.4261,1566.1025
7485,1039.3122,1193.7431,1479.0968
7486,979.7316,1154.7143,1369.1
7487,951.5277,1089.6663,1250.9886
7488,931.785,1028.6558,1131.5248
7489,924.0289,993.6644,1054.8877
7490,921.5611,967.6452,992.6764
7491,919.4458,960.0189,953.0054
7492,930.0223,957.3272,956.161
7493,945.1818,973.0285,974.6441
7494,956.4634,935.3455,975.9965
7495,988.1927,942.5232,1032.3474
7496,1011.4609,994.5616,1163.9829
7497,1042.4852,1050.1889,1289.758
7498,1056.9396,1091.0121,1383.9766
7499,1080.5604,1110.3022,1441.6798
7500,1108.4117,1117.0313,1488.5637
7501,1133.7952,1118.8258,1507.0468
7502,1151.7751,1114.7883,1525.0791
7503,1168.6974,1112.5453,1514.2597
7504,1224.4,1162.7892,1518.7678
7505,1315.3575,1296.9227,1644.0921
7506,1280.1027,1284.3617,1662.1243
7507,1209.593,1253.4078,1631.0187
7508,1127.4493,1201.818,1576.9219
7509,1036.1393,1144.845,1490.367
7510,966.6873,1087.8719,1368.6492
7511,939.1885,1024.6183,1225.7434
7512,926.8493,979.309,1113.0418
7513,920.5035,949.2523,1049.0272
7514,921.9137,935.3455,1023.3312
7515,935.3105,929.5136,1012.9627
7516,983.6096,951.944,1059.3958
7517,1092.547,1012.0573,1191.4821
7518,1120.7509,1021.9266,1338.8959
7519,1118.6356,1053.3291,1489.4654
7520,1128.1544,1095.9468,1636.8792
7521,1157.7684,1143.9477,1746.876
7522,1184.9146,1187.9112,1826.6688
7523,1224.7526,1204.5097,1883.4704
7524,1262.4753,1233.2205,1913.2237
7525,1307.2489,1235.015,1934.4116
7526,1331.9273,1249.3704,1944.7801
7527,1344.9715,1237.258,1930.8051
7528,1373.8805,1274.0438,1905.5599
7529,1457.787,1385.7469,1935.3132
7530,1371.0601,1366.0082,1908.2648
7531,1304.076,1334.6057,1850.1107
7532,1203.2472,1284.3617,1789.7026
7533,1076.6823,1215.2762,1693.6808
7534,990.6606,1146.1908,1548.9718
7535,952.9379,1073.9651,1389.3863
7536,937.4258,1013.8517,1268.5701
7537,928.6121,989.1783,1184.72
7538,928.6121,973.0285,1135.1313
7539,940.9513,963.6077,1114.845
7540,998.0641,978.4118,1129.7216
7541,1093.2521,1037.1793,1243.3249
7542,1112.9948,1046.1514,1404.7137
7543,1109.4693,1082.4886,1552.5783
7544,1121.456,1124.6576,1694.1316
7545,1171.5178,1153.8171,1806.8333
7546,1205.715,1194.1917,1885.7245
7547,1266.3533,1224.2484,1936.6656
7548,1332.2798,1243.0899,1966.4189
7549,1375.2907,1265.5202,1979.4922
7550,1400.6742,1304.1004,1984.4511
7551,1412.3083,1295.1283,1967.3205
7552,1422.8847,1306.7921,1943.4277
7553,1502.5606,1404.1398,1955.1487
7554,1421.8271,1385.7469,1919.9858
7555,1333.3375,1357.036,1862.2825
7556,1230.3934,1304.1004,1791.9567
7557,1103.8286,1240.3982,1698.6397
7558,998.4166,1165.4809,1553.4799
7559,959.9889,1091.4607,1388.4847
7560,942.0089,1027.7585,1262.7096
7561,931.4325,994.113,1163.9829
7562,930.0223,978.4118,1103.5748
7563,941.3038,975.7201,1078.7804
7564,993.1284,996.3561,1107.1813
7565,1099.598,1053.7777,1228.8991
7566,1124.6289,1056.4694,1372.7064
7567,1114.405,1088.7691,1510.6533
7568,1130.2697,1121.5174,1654.9114
7569,1168.6974,1168.6211,1758.1462
7570,1208.1828,1215.2762,1826.6688
7571,1253.6616,1250.2676,1869.9462
7572,1308.3065,1274.0438,1891.1341
7573,1361.8939,1281.6701,1905.1091
7574,1404.5522,1283.9131,1900.6011
7575,1423.9424,1288.8478,1882.5688
7576,1428.1729,1313.5212,1841.5454
7577,1486.3434,1420.2896,1883.9212
7578,1404.1997,1408.6258,1841.9962
7579,1313.5948,1374.5317,1786.547
7580,1225.4577,1330.5682,1731.5486
7581,1093.2521,1267.3147,1640.4856
7582,995.2437,1197.7806,1502.9896
7583,960.3414,1118.8258,1346.1088
7584,941.6564,1065.4415,1218.0797
7585,931.4325,1022.3753,1140.0902
7586,930.3748,999.4963,1085.9934
7587,940.9513,992.3186,1063.9038
7588,992.0708,1004.431,1086.895
7589,1093.9572,1056.4694,1197.3426
7590,1120.3983,1058.7124,1354.6742
7591,1117.5779,1099.087,1484.5065
7592,1134.8528,1163.2378,1602.167
7593,1165.1719,1210.7902,1691.8776
7594,1189.1452,1247.5759,1752.2857
7595,1228.6306,1265.5202,1788.801
7596,1255.4243,1274.941,1798.268
7597,1286.4485,1264.623,1804.5792
7598,1303.0183,1271.3521,1812.6938
7599,1305.1336,1249.819,1771.6704
7600,1324.1712,1274.4924,1745.9744
7601,1396.4436,1375.4289,1827.5704
7602,1332.9849,1358.3819,1803.6776
7603,1245.2004,1322.9419,1745.9744
7604,1186.6774,1282.1187,1675.1977
7605,1080.9129,1222.9026,1580.5283
7606,998.4166,1169.5183,1447.5403
7607,957.8736,1091.9093,1286.6023
7608,943.4191,1040.7681,1173.9007
7609,934.2528,1007.1226,1090.0506
7610,933.5477,981.552,1039.5603
7611,945.5344,982.4492,1019.7248
7612,979.7316,991.4214,1039.5603
7613,1054.1192,1032.2446,1141.4426
7614,1071.3941,1010.7115,1264.9636
7615,1097.1301,1034.039,1382.6242
7616,1108.7642,1081.1428,1533.6444
7617,1131.3273,1124.209,1631.4695
7618,1142.9614,1158.3032,1695.0332
7619,1163.4092,1166.8267,1733.3518
7620,1184.9146,1174.0044,1750.4824
7621,1202.1895,1171.3128,1754.5397
7622,1219.8169,1165.0323,1764.9083
7623,1219.1118,1158.7518,1740.1139
7624,1250.1361,1201.3694,1731.9994
7625,1296.3199,1309.9323,1796.4647
7626,1234.2714,1289.2964,1750.0316
7627,1185.9723,1266.866,1687.3695
7628,1130.6222,1234.1177,1639.1332
7629,1060.8177,1196.4348,1548.0702
7630,994.8911,1155.1629,1430.4097
7631,962.1042,1101.7787,1290.6596
7632,940.5987,1052.4319,1179.3103
7633,931.785,1019.6836,1088.6982
7634,926.4968,999.9449,1027.8393
7635,930.3748,996.8047,997.6352
7636,945.5344,1001.2907,997.6352
7637,974.7959,1024.6183,1040.4619
7638,996.3013,1018.3378,1064.8054
7639,1034.3765,1020.1322,1154.0652
7640,1061.5228,1059.6096,1293.8152
7641,1075.2721,1105.8162,1405.6153
7642,1085.8486,1126.9007,1471.4331
7643,1091.4894,1139.0131,1507.4976
7644,1084.0858,1130.9381,1505.2436
7645,1081.618,1133.6298,1472.3347
7646,1075.2721,1126.4521,1431.7621
7647,1089.7266,1124.209,1404.2629
7648,1164.8194,1172.21,1442.1307
7649,1222.9899,1279.427,1594.9541
7650,1190.2029,1271.3521,1617.9453
7651,1139.7885,1248.4732,1570.6106
7652,1099.9505,1216.6221,1512.4565
7653,1038.2546,1187.014,1447.0895
7654,986.7825,1151.5741,1348.8137
7655,956.8159,1103.1245,1222.137
7656,939.5411,1054.2264,1111.6893
7657,930.7274,1005.3282,1035.9538
7658,925.0866,988.7297,984.5618
7659,925.7917,977.5146,941.2844
7660,932.1376,977.5146,934.5223
7661,950.8226,984.6923,961.5707
7662,959.2838,957.3272,962.9231
7663,992.7759,969.8882,1007.1022
7664,1019.5695,1016.5434,1128.3692
7665,1039.3122,1048.8431,1217.1781
7666,1044.2479,1074.4137,1295.6185
7667,1056.9396,1082.4886,1323.1177
7668,1061.5228,1083.8344,1344.3056
7669,1075.6247,1077.5539,1358.2806
7670,1083.0282,1064.9929,1357.8298
7671,1091.1368,1069.479,1352.4201
7672,1166.2296,1144.845,1386.2306
7673,1264.9431,1265.0716,1578.7251
7674,1239.2071,1268.2119,1609.8308
7675,1183.1519,1247.1273,1582.3315
7676,1109.1168,1218.8651,1535.8984
7677,1024.8577,1179.8363,1439.8766
7678,960.694,1135.4242,1320.4128
7679,936.3681,1075.3109,1177.5071
7680,928.6121,1025.9641,1068.4119
7681,924.0289,1000.3935,1011.1594
7682,924.734,995.4588,962.9231
7683,939.5411,996.8047,961.5707
7684,993.1284,1020.5808,1015.2167
7685,1104.5336,1073.0678,1129.7216
7686,1145.4292,1113.4425,1306.4378
7687,1140.141,1126.0035,1434.0161
7688,1131.3273,1142.6019,1543.5622
7689,1124.2763,1155.1629,1626.5106
7690,1111.9372,1170.8642,1681.0582
7691,1111.5846,1232.7719,1719.3768
7692,1117.2254,1283.9131,1730.6469
7693,1117.9305,1267.7633,1745.0728
7694,1124.2763,1230.5289,1743.7203
7695,1133.0901,1135.8728,1719.3768
7696,1202.1895,1215.2762,1708.5574
7697,1307.954,1331.4654,1806.3825
7698,1273.4043,1338.1946,1781.1373
7699,1224.7526,1333.7085,1731.9994
7700,1145.0767,1278.5298,1682.4106
7701,1050.2412,1220.2109,1585.938
7702,978.3214,1159.2004,1446.1879
7703,948.3548,1085.6288,1287.504
7704,936.0156,1034.4876,1162.1797
7705,931.785,1007.1226,1097.2635
7706,935.3105,998.5991,1047.6748
7707,947.6497,1003.0852,1030.9949
7708,1007.2303,1021.9266,1078.7804
7709,1123.9238,1073.9651,1191.0313
7710,1152.4802,1081.1428,1361.8871
7711,1123.9238,1096.844,1477.2936
7712,1111.9372,1118.8258,1592.2493
7713,1114.405,1145.2936,1667.534
7714,1110.8795,1168.6211,1702.6969
7715,1110.8795,1183.8738,1735.6058
7716,1114.7575,1189.257,1750.0316
7717,1099.2454,1200.4722,1763.105
7718,1114.0524,1194.1917,1767.6131
7719,1124.2763,1183.8738,1743.7203
7720,1198.664,1240.3982,1735.155
7721,1309.3642,1333.7085,1817.2018
7722,1267.4109,1336.8487,1789.7026
7723,1218.7593,1309.9323,1742.8187
7724,1148.6022,1269.1091,1688.2711
7725,1048.831,1214.379,1602.167
7726,977.6163,1155.6115,1443.9339
7727,952.5854,1076.6567,1300.5773
7728,939.1885,1142.6019,1179.3103
7729,933.9003,1119.2744,1096.3619
7730,935.3105,1113.8911,1049.478
7731,952.9379,1112.9939,1033.249
7732,1012.8711,1139.9103,1066.1579
7733,1142.6089,1202.2666,1171.1958
7734,1170.1076,1221.1081,1328.0766
7735,1132.7375,1230.5289,1467.3758
7736,1114.7575,1243.5385,1583.684
7737,1114.405,1259.6883,1677.9026
7738,1110.1744,1271.3521,1750.9332
7739,1118.6356,1291.0908,1788.3502
7740,1126.0391,1295.1283,1809.5381
7741,1127.8018,1295.5769,1830.2752
7742,1141.1987,1290.1936,1833.4309
7743,1136.6155,1278.9784,1809.9889
7744,1201.837,1338.1946,1794.2107
7745,1293.147,1455.281,1851.0123
7746,1263.5329,1455.281,1813.1446
7747,1233.2138,1432.402,1769.4163
7748,1159.1786,1396.5135,1704.0494
7749,1060.1126,1355.2416,1612.9864
7750,987.1351,1292.4366,1478.646
7751,952.9379,1220.2109,1309.1427
7752,942.714,1050.1889,1188.3265
7753,937.4258,1021.9266,1113.0418
7754,939.1885,1010.7115,1063.9038
7755,958.9312,1016.992,1041.8143
7756,1021.6848,1046.6,1074.2724
7757,1148.6022,1120.1716,1182.466
7758,1186.6774,1134.0784,1345.2072
7759,1147.192,1134.0784,1472.7855
7760,1104.1811,1145.2936,1593.6017
7761,1075.6247,1158.3032,1683.763
7762,1117.5779,1170.8642,1753.6381
7763,1119.6932,1162.7892,1791.055
7764,1123.9238,1165.4809,1812.6938
7765,1140.4936,1164.5837,1817.6526
7766,1148.9547,1162.3406,1821.7099
7767,1156.3582,1150.2282,1792.8583
7768,1217.3491,1208.5471,1782.4897
7769,1303.0183,1317.5586,1842.8978
7770,1269.5262,1321.5961,1805.9317
7771,1215.9389,1300.9602,1753.1873
7772,1153.5379,1266.866,1703.5985
7773,1053.4142,1222.0054,1604.8719
7774,981.8469,1158.3032,1472.3347
7775,957.8736,1094.1524,1311.8475
7776,937.7783,1047.9459,1184.2692
7777,937.7783,1022.3753,1117.5498
7778,937.7783,1012.9545,1054.4369
7779,958.2261,1016.5434,1044.9699
7780,1017.4542,1043.4598,1068.4119
7781,1157.0633,1105.3675,1169.8434
7782,1190.5554,1130.4895,1332.5846
7783,1144.3716,1125.1062,1472.7855
7784,1124.6289,1142.6019,1592.7001
7785,1113.6999,1163.6864,1681.509
7786,1117.2254,1164.1351,1739.2123
7787,1120.7509,1177.1447,1783.3913
7788,1121.456,1176.696,1797.3663
7789,1126.7442,1178.4905,1811.3413
7790,1138.7308,1166.3781,1813.5954
7791,1138.3783,1156.0601,1782.0389
7792,1187.3825,1202.7153,1773.4736
7793,1255.4243,1302.7546,1831.6276
7794,1205.0099,1288.8478,1790.6042
7795,1160.2363,1265.5202,1732.4502
7796,1117.9305,1231.8747,1675.6485
7797,1053.7667,1200.4722,1604.4211
7798,988.1927,1161.892,1481.3508
7799,957.521,1103.1245,1348.8137
7800,937.4258,1054.2264,1222.5878
7801,933.5477,1021.478,1136.4837
7802,931.785,1007.1226,1091.403
7803,937.0732,1004.8796,1058.945
7804,956.4634,1014.7489,1060.2974
7805,994.186,1040.7681,1096.3619
7806,1018.5119,1023.7211,1143.2458
7807,1056.9396,1016.992,1233.4072
7808,1074.2145,1053.7777,1373.1572
7809,1084.7909,1082.9372,1489.9162
7810,1087.2588,1100.4329,1571.5122
7811,1084.4384,1115.6855,1616.5928
7812,1084.4384,1121.5174,1639.1332
7813,1088.669,1118.3771,1637.33
7814,1099.598,1119.2744,1623.8058
7815,1112.2897,1114.3397,1598.5606
7816,1172.2229,1173.1072,1604.8719
7817,1243.4377,1305.8949,1701.7953
7818,1195.4911,1260.5855,1694.5824
7819,1152.8328,1230.5289,1650.4034
7820,1097.8352,1197.7806,1601.2654
7821,1037.5495,1172.6586,1531.8412
7822,980.4367,1141.7047,1430.4097
7823,951.8803,1086.0774,1305.0854
7824,933.1952,1034.9363,1204.5555
7825,926.8493,1003.0852,1114.3942
7826,925.0866,982.0006,1062.5514
7827,929.3172,977.9632,1005.7498
7828,938.836,981.1034,1012.5119
7829,960.694,998.5991,1051.732
7830,974.7959,971.6827,1063.9038
7831,1008.288,971.6827,1111.6893
7832,1030.8511,1009.3657,1234.7596
7833,1052.7091,1053.3291,1354.2233
7834,1063.2855,1084.283,1444.3847
7835,1088.3164,1106.2648,1516.063
7836,1103.1235,1111.1994,1557.5372
7837,1130.6222,1114.7883,1587.2904
7838,1147.5445,1110.7508,1597.2082
7839,1168.3449,1109.405,1593.1509
7840,1237.7969,1168.6211,1596.7574
7841,1329.4594,1274.941,1704.5002
7842,1298.0826,1265.5202,1705.4018
7843,1231.8036,1240.8468,1672.0421
7844,1151.07,1207.2013,1630.5679
7845,1055.882,1165.4809,1534.9968
7846,984.6672,1124.6576,1417.3363
7847,951.8803,1063.1985,1282.5451
7848,940.2462,1017.4406,1165.7861
7849,931.785,994.5616,1092.7555
7850,936.3681,981.1034,1047.6748
7851,947.6497,988.2811,1039.5603
7852,1005.115,1013.4031,1075.174
7853,1121.456,1075.7595,1204.5555
7854,1165.5245,1092.3579,1373.1572
7855,1149.3073,1097.7412,1490.367
7856,1156.0057,1128.6951,1626.9614
7857,1172.5755,1156.0601,1728.3929
7858,1190.2029,1174.453,1798.7188
7859,1218.4067,1184.3224,1848.3075
7860,1246.6106,1189.7057,1872.6511
7861,1267.4109,1200.4722,1892.4866
7862,1283.6282,1195.5375,1891.1341
7863,1273.0517,1183.8738,1871.2986
7864,1352.0225,1236.3608,1849.6599
7865,1435.929,1329.671,1885.7245
7866,1369.6499,1322.4933,1837.9389
7867,1300.903,1296.4741,1787.8994
7868,1214.5287,1257.4453,1732.901
7869,1104.5336,1206.3041,1632.3711
7870,1004.4099,1145.2936,1496.6783
7871,968.8026,1077.5539,1339.7975
7872,946.9446,1030.0016,1220.7846
7873,940.5987,1004.431,1137.8361
7874,941.3038,990.9728,1077.8788
7875,952.5854,993.6644,1071.1167
7876,1016.044,1017.4406,1090.5014
7877,1133.7952,1065.8901,1184.72
7878,1171.1653,1093.2552,1376.7637
7879,1149.6598,1100.8815,1500.2847
7880,1150.3649,1132.7326,1615.2404
7881,1172.5755,1154.7143,1684.6647
7882,1187.3825,1182.9765,1735.155
7883,1220.1695,1194.1917,1770.7687
7884,1243.7902,1187.014,1784.7438
7885,1276.5772,1194.6403,1785.1946
7886,1291.3842,1193.7431,1779.3341
7887,1289.6215,1184.3224,1763.105
7888,1338.9782,1249.819,1756.7937
7889,1416.8914,1337.2973,1828.0212
7890,1358.0158,1322.0447,1793.3091
7891,1293.147,1299.6144,1747.7776
7892,1218.4067,1264.1744,1701.3445
7893,1097.8352,1215.2762,1621.5517
7894,1010.0507,1158.7518,1480.9
7895,969.8602,1090.1149,1334.3879
7896,946.9446,1036.2821,1218.0797
7897,942.3615,1008.0198,1140.9918
7898,938.1309,990.5242,1090.5014
7899,956.1108,988.7297,1093.2063
7900,1012.8711,1007.5712,1126.566
7901,1119.6932,1064.0957,1205.9079
7902,1154.5955,1078.4511,1365.9443
7903,1148.9547,1090.5635,1473.2363
7904,1139.4359,1127.3493,1584.1348
7905,1156.0057,1160.5462,1659.8703
7906,1167.6398,1188.3598,1704.0494
7907,1180.3315,1190.1543,1722.5324
7908,1201.1319,1190.1543,1718.926
7909,1207.8303,1190.6029,1720.7292
7910,1212.4134,1178.0419,1690.5252
7911,1200.4268,1164.5837,1671.5913
7912,1273.0517,1234.1177,1687.8203
7913,1341.0935,1317.11,1777.08
7914,1291.7368,1304.9976,1748.2284
7915,1242.38,1278.5298,1699.0905
7916,1182.0943,1250.7162,1651.305
7917,1094.3097,1217.9679,1577.8235
7918,1013.2237,1173.5558,1457.9089
7919,970.5653,1103.5731,1320.4128
7920,948.3548,1043.0112,1176.1547
7921,935.663,1004.8796,1096.3619
7922,932.8427,978.8604,1047.6748
7923,936.7207,970.3368,1019.7248
7924,954.7006,973.9257,1023.3312
7925,977.9688,992.3186,1063.453
7926,1000.5319,973.0285,1090.0506
7927,1046.3632,971.2341,1113.4926
7928,1088.3164,1025.9641,1216.2765
7929,1114.405,1078.8997,1297.8725
7930,1127.0967,1114.3397,1359.1822
7931,1127.0967,1128.6951,1391.1895
7932,1107.7066,1134.0784,1412.3774
7933,1083.3808,1125.5549,1404.2629
7934,1043.1903,1102.2273,1389.3863
7935,1022.3899,1085.1802,1368.6492
7936,1050.9463,1126.4521,1379.9193
7937,1091.8419,1179.8363,1493.5226
7938,1080.2078,1160.5462,1461.0645
7939,1056.5871,1144.3963,1425.9016
7940,1040.0173,1121.966,1404.7137
7941,998.7692,1111.648,1370.4524
7942,957.8736,1099.5357,1273.0781
7943,936.3681,1057.3666,1164.4337
7944,926.8493,1013.4031,1076.5264
7945,922.6188,992.3186,1011.6102
7946,921.5611,980.6548,984.5618
7947,930.3748,982.4492,969.6852
7948,953.643,994.113,990.8731
7949,985.3723,1031.3474,1042.2651
7950,1000.8845,1026.8613,1122.0579
7951,1024.5052,1018.3378,1183.3676
7952,1041.7801,1047.4972,1302.8314
7953,1042.8377,1074.4137,1393.4435
7954,1048.1259,1087.8719,1451.5976
7955,1042.1326,1092.3579,1472.3347
7956,1033.3189,1086.5261,1485.8589
7957,1033.3189,1079.3483,1471.4331
7958,1029.4409,1071.722,1470.0807
7959,1042.8377,1071.2734,1452.0484
7960,1126.7442,1144.3963,1489.4654
7961,1192.3182,1237.7066,1635.0759
7962,1164.4668,1235.9122,1611.634
7963,1128.5069,1220.6595,1566.1025
7964,1095.7199,1200.4722,1533.1936
7965,1040.3699,1186.5654,1458.3597
7966,979.379,1157.4059,1347.9121
7967,955.0532,1115.2369,1218.9813
7968,940.5987,1063.1985,1127.0168
7969,931.4325,1031.3474,1062.1006
7970,930.7274,1020.5808,1007.1022
7971,933.5477,1009.3657,981.857
7972,948.0022,1020.1322,989.5207
7973,977.6163,1028.6558,1019.7248
7974,997.359,1025.5155,1076.5264
7975,1032.2613,1026.8613,1118.9022
7976,1062.2279,1063.1985,1252.341
7977,1068.5737,1088.7691,1336.6419
7978,1064.6957,1099.9843,1404.2629
7979,1053.0616,1099.9843,1432.2129
7980,1044.6004,1085.1802,1444.3847
7981,1038.6071,1076.2081,1418.2379
7982,1040.7224,1065.4415,1387.583
7983,1049.5361,1063.1985,1392.0911
7984,1124.9814,1144.3963,1404.7137
7985,1210.2981,1253.4078,1560.242
7986,1178.5688,1257.4453,1570.1598
7987,1142.9614,1242.6413,1537.7017
7988,1096.0725,1224.2484,1497.5799
7989,1038.6071,1201.818,1439.8766
7990,981.8469,1176.2474,1342.0516
7991,956.8159,1125.5549,1233.4072
7992,936.7207,1078.4511,1137.8361
7993,931.4325,1049.7403,1098.1651
7994,926.8493,1034.9363,1054.4369
7995,928.9646,1031.796,1028.2901
7996,940.9513,1042.114,1026.9377
7997,966.6873,1051.9833,1035.0522
7998,984.6672,1035.8335,1077.8788
7999,1012.166,1021.9266,1066.1579
8000,1032.2613,1060.9555,1152.2619
8001,1037.1969,1079.3483,1241.0709
8002,1042.8377,1087.8719,1283.4467
8003,1034.3765,1086.0774,1315.9048
8004,1027.6781,1077.5539,1344.3056
8005,1021.6848,1068.5818,1350.1661
8006,1023.4476,1064.0957,1348.8137
8007,1046.7157,1071.2734,1349.2645
8008,1156.0057,1160.0976,1432.2129
8009,1271.289,1283.9131,1581.8807
8010,1252.9565,1284.3617,1597.2082
8011,1210.2981,1268.2119,1589.5444
8012,1133.0901,1239.9496,1547.6194
8013,1044.6004,1193.2945,1467.8266
8014,977.9688,1143.4991,1356.4774
8015,949.4124,1079.3483,1226.1942
8016,941.6564,1028.6558,1129.7216
8017,935.3105,1003.0852,1053.0845
8018,938.836,990.0756,1021.9788
8019,958.9312,989.1783,1015.6675
8020,1027.3256,1009.3657,1043.1667
8021,1164.8194,1073.0678,1162.6305
8022,1226.1628,1112.5453,1377.6653
8023,1190.5554,1120.1716,1501.6371
8024,1162.7041,1136.77,1596.7574
8025,1147.192,1149.331,1653.1082
8026,1135.2053,1164.5837,1681.509
8027,1121.1034,1168.1725,1690.976
8028,1113.6999,1169.9669,1682.8614
8029,1108.7642,1167.7239,1672.0421
8030,1095.0148,1157.8546,1655.3622
8031,1113.3474,1148.4338,1656.2638
8032,1257.8921,1233.6691,1691.8776
8033,1395.3859,1352.55,1802.776
8034,1364.7143,1368.6998,1790.1534
8035,1311.1269,1354.3444,1759.0478
8036,1230.3934,1309.0351,1716.6719
8037,1112.9948,1260.1369,1635.5267
8038,1013.2237,1194.1917,1493.5226
8039,982.9045,1123.7604,1346.1088
8040,903.5811,1095.9468,1237.0136
8041,885.9537,1078.4511,1209.0636
8042,889.8318,1070.3762,1181.1136
8043,919.4458,1072.6192,1163.9829
8044,1012.5186,1090.1149,1196.441
8045,1145.4292,1136.3214,1261.808
8046,1186.6774,1174.453,1369.5508
8047,1161.2939,1164.1351,1459.7121
8048,1134.5002,1170.8642,1550.7751
8049,1121.1034,1166.8267,1601.2654
8050,1112.6423,1155.6115,1628.7646
8051,1098.8929,1170.8642,1652.6574
8052,1090.4317,1167.7239,1646.7969
8053,1080.2078,1156.9573,1631.9203
8054,1061.8753,1150.2282,1640.0348
8055,1086.2011,1151.5741,1616.5928
8056,1199.3691,1236.8094,1661.6735
8057,1273.4043,1377.2234,1819.4559
8058,1245.2004,1395.1676,1805.9317
8059,1239.2071,1386.1955,1776.1784
8060,1175.7484,1371.3915,1725.2373
8061,1084.0858,1308.1379,1631.0187
8062,985.0198,1227.8372,1489.0146
8063,930.7274,1162.3406,1397.9516
8064,916.2729,1115.6855,1306.8886
8065,901.1133,1103.1245,1228.4483
8066,915.5678,1097.7412,1199.1458
8067,952.9379,1104.9189,1185.1708
8068,1056.9396,1132.7326,1208.6128
8069,1214.8812,1203.1639,1276.2338
8070,1252.9565,1257.8939,1403.3613
8071,1206.7726,1255.6509,1508.3992
8072,1178.9213,1270.4549,1587.2904
8073,1160.5888,1278.0812,1637.7808
8074,1143.6665,1282.1187,1666.6324
8075,1133.0901,1270.9035,1676.0993
8076,1112.6423,1260.5855,1667.9848
8077,1102.7709,1248.4732,1665.28
8078,1107.354,1243.0899,1643.1904
8079,1143.314,1245.7815,1644.0921
8080,1290.6791,1373.6345,1688.2711
8081,1400.6742,1571.9188,1846.9551
8082,1401.7318,1603.7699,1829.8244
8083,1385.5146,1596.5922,1797.8171
8084,1335.4527,1553.0773,1745.9744
8085,1233.5663,1531.5442,1658.0671
8086,1140.8461,1408.6258,1520.1202
8087,1095.7199,1301.8574,1377.2145
8088,1081.9706,1286.1561,1294.7169
8089,1083.0282,1225.1456,1240.6201
8090,1095.7199,1217.0707,1205.4571
8091,1152.1277,1217.0707,1206.8096
8092,1266.3533,1250.7162,1216.7273
8093,1405.2573,1330.5682,1290.6596
8094,1455.6717,1407.7286,1421.8444
8095,1381.9891,1373.6345,1534.546
8096,1301.2556,1340.4376,1603.5195
8097,1251.5463,1301.8574,1658.5179
8098,1200.7793,1251.1648,1676.0993
8099,1160.9414,1190.1543,1693.6808
8100,1132.0324,1252.062,1661.2227
8101,1104.5336,1230.9775,1657.1655
8102,1094.6623,1213.9304,1649.9525
8103,1122.1611,1143.9477,1638.6824
8104,1267.7635,1267.7633,1677.9026
8105,1388.335,1422.0841,1846.0535
8106,1403.4946,1520.7776,1832.9801
8107,1391.1554,1544.1051,1796.9155
8108,1358.3684,1537.376,1753.1873
8109,1260.36,1509.1138,1665.28
8110,1167.6398,1417.1494,1533.1936
8111,1125.6865,1321.5961,1388.0339
8112,1119.3407,1229.6317,1277.5862
8113,1117.9305,1222.9026,1220.7846
8114,1136.9681,1231.8747,1188.7773
8115,1182.7994,1159.649,1175.7039
8116,1294.2046,1185.2196,1185.1708
8117,1446.858,1272.6979,1263.1604
8118,1475.7669,1301.4088,1405.6153
8119,1393.2707,1373.1859,1503.8912
8120,1285.0383,1288.3992,1589.0936
8121,1222.9899,1257.8939,1641.838
8122,1162.3516,1241.7441,1665.28
8123,1121.456,1174.0044,1679.255
8124,1089.7266,1149.331,1664.3784
8125,1061.8753,1129.5923,1662.5751
8126,1046.7157,1171.7614,1659.4195
8127,1070.3365,1156.5087,1639.584
8128,1183.1519,1252.9592,1657.6163
8129,1266.3533,1396.9621,1799.1696
8130,1267.7635,1420.2896,1769.8671
8131,1253.309,1409.9717,1724.7865
8132,1237.0918,1419.3924,1666.1816
8133,1178.5688,1313.5212,1589.9953
8134,1097.4827,1274.941,1471.4331
8135,1052.004,1211.6874,1353.7725
8136,1038.9597,1268.6605,1260.4556
8137,1038.2546,1182.9765,1205.4571
8138,1044.2479,1131.8354,1177.5071
8139,1077.0349,1208.5471,1154.516
8140,1128.8595,1180.2849,1161.2781
8141,1209.2405,1204.5097,1167.1386
8142,1263.5329,1195.5375,1209.0636
8143,1258.9498,1168.1725,1264.5128
8144,1219.8169,1181.1821,1354.6742
8145,1171.1653,1178.0419,1425.0
8146,1122.5136,1173.5558,1469.1791
8147,1075.9772,1161.4434,1480.9
8148,1040.7224,1142.6019,1475.9412
8149,1023.4476,1129.1437,1448.4419
8150,1013.2237,1112.9939,1439.4258
8151,1032.6138,1127.3493,1419.1395
8152,1150.3649,1220.2109,1455.204
8153,1236.7392,1339.0918,1609.3799
8154,1222.2848,1385.7469,1604.8719
8155,1212.0609,1371.3915,1574.6678
8156,1187.3825,1352.9986,1533.1936
8157,1134.5002,1384.4011,1480.9
8158,1060.4651,1301.8574,1382.6242
8159,1018.1593,1248.9218,1304.1838
8160,994.186,1198.2292,1240.1692
8161,988.1927,1178.0419,1183.8184
8162,993.1284,1166.3781,1143.6966
8163,1014.9864,1160.0976,1136.0329
8164,1055.5294,1168.1725,1140.0902
8165,1122.5136,1196.8834,1142.795
8166,1161.2939,1199.1264,1156.77
8167,1175.3958,1170.4156,1199.1458
8168,1160.2363,1174.0044,1236.112
8169,1138.0257,1174.0044,1287.0531
8170,1103.1235,1166.3781,1326.7241
8171,1074.567,1149.331,1337.0927
8172,1043.1903,1131.8354,1338.8959
8173,1015.3389,1118.8258,1347.0104
8174,1007.9354,1110.3022,1342.0516
8175,1040.0173,1118.3771,1334.8387
8176,1182.4468,1226.0428,1388.9355
8177,1295.2622,1395.1676,1564.7501
8178,1302.6658,1423.4299,1594.9541
8179,1286.4485,1424.3271,1585.4872
8180,1232.8612,1416.2522,1553.0291
8181,1132.385,1372.2887,1481.8016
8182,1041.075,1309.0351,1378.1161
8183,997.359,1243.5385,1280.291
8184,984.6672,1199.575,1204.1047
8185,982.1994,1182.5279,1155.8684
8186,995.2437,1178.9391,1140.9918
8187,1052.7091,1188.3598,1138.2869
8188,1171.5178,1222.0054,1146.8523
8189,1329.1069,1297.8199,1227.5467
8190,1371.7652,1365.111,1376.7637
8191,1299.4928,1327.428,1484.5065
8192,1222.2848,1296.4741,1582.7823
8193,1176.806,1261.9314,1644.5429
8194,1165.1719,1234.5663,1676.5501
8195,1104.5336,1208.0985,1703.1477
8196,1087.2588,1189.257,1703.5985
8197,1071.0416,1165.9295,1712.6147
8198,1065.0482,1173.1072,1709.0082
8199,1081.9706,1156.5087,1677.4518
8200,1207.4777,1267.7633,1698.1889
8201,1322.4085,1447.6547,1846.0535
8202,1319.2355,1477.2627,1825.7672
8203,1303.7234,1477.2627,1785.6454
8204,1259.3023,1454.3838,1730.6469
8205,1157.4159,1398.3079,1633.7235
8206,1058.3498,1317.11,1478.1952
8207,1008.9931,1214.8276,1344.3056
8208,999.1217,1175.3502,1241.0709
8209,998.7692,1158.3032,1192.8345
8210,1014.6338,1156.0601,1163.0813
8211,1063.2855,1164.1351,1152.7127
8212,1183.1519,1192.8459,1174.8023
8213,1341.0935,1266.4174,1241.9725
8214,1376.7009,1323.8391,1394.3451
8215,1293.147,1292.8853,1502.0879
8216,1197.6064,1253.4078,1581.8807
8217,1148.9547,1225.1456,1653.1082
8218,1110.527,1205.8555,1692.7792
8219,1078.0925,1185.2196,1710.8115
8220,1070.689,1164.5837,1722.0816
8221,1054.1192,1150.2282,1718.0244
8222,1057.6447,1142.6019,1710.3606
8223,1068.2212,1137.2186,1686.0171
8224,1188.4401,1230.5289,1707.205
8225,1297.7301,1398.7565,1862.7333
8226,1296.6724,1424.3271,1837.4881
8227,1281.8654,1419.3924,1791.9567
8228,1242.0275,1391.1302,1730.1961
8229,1141.5512,1343.1292,1635.5267
8230,1043.1903,1271.8007,1477.2936
8231,999.1217,1196.8834,1342.9532
8232,992.4233,1156.5087,1250.5378
8233,997.359,1138.5645,1200.9491
8234,1013.5762,1129.1437,1170.745
8235,1068.9263,1133.6298,1160.8273
8236,1193.0233,1160.5462,1176.1547
8237,1349.9072,1229.1831,1253.6935
8238,1392.9181,1278.0812,1409.6726
8239,1316.7677,1253.4078,1511.1041
8240,1226.1628,1214.8276,1586.3888
8241,1166.9347,1195.5375,1662.1243
8242,1124.6289,1181.6307,1705.8526
8243,1096.0725,1160.5462,1721.18
8244,1074.567,1147.5366,1724.7865
8245,1063.9906,1136.3214,1728.8437
8246,1060.8177,1129.5923,1718.4752
8247,1072.8043,1131.3867,1694.5824
8248,1195.1385,1213.4818,1715.7703
8249,1300.5505,1370.0456,1894.7406
8250,1297.7301,1381.2608,1864.9873
8251,1281.1603,1371.3915,1797.8171
8252,1237.7969,1340.8862,1742.3679
8253,1141.1987,1294.6797,1647.6985
8254,1033.3189,1222.0054,1482.2525
8255,987.1351,1155.1629,1351.0677
8256,968.8026,1118.8258,1258.6523
8257,965.9822,1102.2273,1199.1458
8258,980.4367,1092.8065,1170.745
8259,1027.3256,1097.7412,1162.1797
8260,1135.9104,1121.0688,1178.8595
8261,1299.1403,1178.4905,1261.808
8262,1327.6967,1237.7066,1406.0661
8263,1251.5463,1216.1735,1505.2436
8264,1177.5111,1200.0236,1596.7574
8265,1136.6155,1199.575,1656.7146
8266,1109.8219,1188.3598,1699.5413
8267,1092.8996,1168.1725,1731.9994
8268,1085.8486,1164.5837,1742.8187
8269,1075.6247,1156.5087,1756.7937
8270,1080.2078,1149.7796,1741.9171
8271,1089.0215,1150.2282,1703.5985
8272,1197.9589,1223.3512,1726.1389
8273,1295.6148,1361.9707,1889.7817
8274,1283.2756,1368.2512,1865.4382
8275,1256.1294,1356.5874,1783.8421
8276,1215.2338,1325.6336,1717.1227
8277,1101.7133,1279.427,1626.0598
8278,992.4233,1216.1735,1475.0395
8279,941.3038,1156.9573,1335.7403
8280,919.4458,1123.3118,1240.1692
8281,910.9847,1109.405,1191.0313
8282,917.3305,1102.2273,1160.3765
8283,954.7006,1106.2648,1151.3603
8284,1054.8243,1125.5549,1164.8845
8285,1208.1828,1182.9765,1239.7184
8286,1258.9498,1229.6317,1379.9193
8287,1165.1719,1208.0985,1467.3758
8288,1144.7241,1204.5097,1565.2009
8289,1114.7575,1187.014,1635.0759
8290,1095.3674,1176.2474,1686.4679
8291,1077.3874,1161.892,1724.7865
8292,1065.0482,1152.0227,1730.6469
8293,1056.2345,1148.4338,1728.3929
8294,1048.1259,1140.3589,1708.5574
8295,1060.8177,1141.2561,1679.255
8296,1175.3958,1234.5663,1694.5824
8297,1255.7768,1361.5221,1838.3898
8298,1236.7392,1349.8583,1801.4236
8299,1214.8812,1331.9141,1734.2534
8300,1181.3892,1309.0351,1669.788
8301,1109.1168,1278.9784,1591.3477
8302,1014.2813,1231.8747,1469.6299
8303,952.5854,1178.9391,1337.5435
8304,929.3172,1134.527,1240.1692
8305,919.7984,1107.6106,1177.5071
8306,921.5611,1095.4982,1135.1313
8307,941.6564,1091.0121,1127.9184
8308,993.1284,1097.2926,1127.9184
8309,1066.1059,1121.0688,1145.9506
8310,1117.5779,1132.7326,1184.2692
8311,1136.263,1117.4799,1219.8829
8312,1126.3916,1123.7604,1305.5362
8313,1104.8862,1134.0784,1390.2879
8314,1083.0282,1134.9756,1438.5242
8315,1058.7024,1122.8632,1448.8928
8316,1030.146,1114.7883,1444.8355
8317,1014.2813,1108.0592,1418.2379
8318,1012.8711,1100.8815,1400.2056
8319,1038.9597,1108.5078,1392.5419
8320,1144.0191,1185.2196,1470.5315
8321,1232.1561,1318.0072,1646.7969
8322,1210.6507,1313.0726,1657.1655
8323,1188.7927,1289.2964,1626.0598
8324,1154.948,1265.0716,1584.1348
8325,1089.0215,1247.5759,1521.9234
8326,1009.6982,1204.9583,1425.9016
8327,959.9889,1159.649,1314.1015
8328,933.9003,1121.5174,1223.9402
8329,921.9137,1101.7787,1173.9007
8330,922.2662,1085.1802,1152.7127
8331,931.4325,1079.3483,1125.2135
8332,968.0975,1077.5539,1121.1563
8333,1022.7425,1089.2177,1138.2869
8334,1066.811,1080.6942,1151.3603
8335,1092.8996,1145.2936,1163.5321
8336,1091.8419,1092.3579,1222.137
8337,1079.8553,1104.0217,1281.1927
8338,1071.0416,1111.648,1318.6096
8339,1057.6447,1109.405,1335.7403
8340,1040.0173,1107.6106,1338.8959
8341,1020.9797,1102.2273,1339.7975
8342,1022.3899,1098.1898,1343.8548
8343,1044.6004,1104.4703,1362.3379
8344,1183.5045,1191.0515,1444.3847
8345,1286.4485,1418.0466,1636.8792
8346,1286.096,1356.1388,1656.2638
8347,1265.6482,1352.1014,1652.6574
8348,1212.4134,1323.3905,1610.7324
8349,1109.4693,1268.6605,1528.2347
8350,1012.5186,1214.379,1406.5169
8351,967.3924,1155.6115,1295.6185
8352,954.3481,1118.3771,1215.8257
8353,948.7073,1104.9189,1162.6305
8354,966.3347,1100.8815,1157.6716
8355,1021.3323,1105.8162,1149.5571
8356,1143.314,1131.3867,1161.2781
8357,1309.0116,1193.2945,1239.2676
8358,1355.9005,1244.8843,1382.1734
8359,1292.4419,1225.5942,1486.3097
8360,1213.8236,1211.2388,1568.3565
8361,1175.0433,1204.9583,1630.1171
8362,1136.6155,1197.7806,1667.0832
8363,1112.2897,1175.7988,1684.2139
8364,1093.2521,1163.2378,1680.6074
8365,1077.74,1156.9573,1682.4106
8366,1076.6823,1147.088,1666.6324
8367,1081.2655,1149.7796,1659.8703
8368,1225.4577,1258.3425,1702.2461
8369,1346.3817,1413.1119,1903.7567
8370,1348.8496,1426.1215,1904.2075
8371,1332.6324,1418.9438,1847.8567
8372,1283.6282,1396.9621,1785.1946
8373,1174.6907,1347.6153,1668.4356
8374,1072.0992,1266.866,1507.9484
8375,1023.8001,1188.3598,1366.3951
8376,1005.4676,1144.845,1266.316
8377,1012.8711,1128.6951,1204.5555
8378,1029.7934,1122.8632,1172.0974
8379,1091.4894,1134.0784,1167.1386
8380,1212.766,1161.892,1186.9741
8381,1365.7719,1217.0707,1260.4556
8382,1405.9624,1271.3521,1413.279
8383,1327.3441,1247.1273,1526.8823
8384,1242.7326,1217.0707,1605.3227
8385,1166.2296,1206.7527,1663.0259
8386,1144.7241,1187.4626,1692.3284
8387,1123.2187,1196.8834,1706.7542
8388,1098.8929,1195.0889,1704.5002
8389,1077.74,1188.3598,1701.7953
8390,1070.3365,1160.0976,1687.3695
8391,1105.2387,1175.3502,1673.3945
8392,1249.0784,1282.1187,1721.6308
8393,1349.9072,1448.1033,1966.8697
8394,1349.2021,1475.0197,1929.4527
8395,1329.4594,1467.3934,1866.3398
8396,1291.0317,1431.5048,1785.1946
8397,1183.857,1373.1859,1673.8453
8398,1083.3808,1292.8853,1509.3009
8399,1029.0883,1214.379,1357.379
8400,1014.2813,1166.3781,1256.3983
8401,1017.8068,1148.8824,1199.1458
8402,1035.0816,1139.0131,1168.9418
8403,1089.0215,1143.4991,1154.9668
8404,1214.1761,1174.453,1169.3926
8405,1370.7076,1244.4357,1243.7757
8406,1402.4369,1296.4741,1405.6153
8407,1329.1069,1252.5106,1495.3258
8408,1236.3867,1224.2484,1582.3315
8409,1173.2806,1207.2013,1653.559
8410,1135.2053,1194.6403,1690.0743
8411,1101.0082,1177.5933,1720.7292
8412,1080.5604,1165.4809,1718.926
8413,1065.4008,1151.5741,1728.8437
8414,1062.2279,1146.6394,1718.926
8415,1083.3808,1158.3032,1699.5413
8416,1222.2848,1267.7633,1741.9171
8417,1330.1645,1422.0841,1942.9769
8418,1328.0492,1430.159,1926.2971
8419,1309.7167,1420.2896,1829.8244
8420,1268.116,1392.9246,1757.6953
8421,1168.3449,1345.8209,1656.2638
8422,1060.8177,1258.7911,1499.8339
8423,998.0641,1190.6029,1349.2645
8424,983.2571,1149.7796,1253.2426
8425,977.6163,1131.3867,1193.2854
8426,994.8911,1116.5827,1160.3765
8427,1037.5495,1120.1716,1153.6144
8428,1159.5312,1142.1533,1166.6878
8429,1308.3065,1201.3694,1238.8168
8430,1359.0735,1260.1369,1392.9927
8431,1289.6215,1242.1927,1481.3508
8432,1211.0032,1237.258,1583.2332
8433,1166.2296,1222.0054,1660.3211
8434,1127.0967,1212.5846,1714.4179
8435,1102.0658,1188.8084,1741.4663
8436,1105.5913,1169.5183,1759.9494
8437,1073.8619,1160.9948,1770.3179
8438,1065.7533,1156.0601,1765.8099
8439,1094.6623,1158.7518,1736.9582
8440,1211.0032,1262.38,1754.0889
8441,1311.832,1417.1494,1914.1253
8442,1307.6014,1417.598,1883.0196
8443,1292.7944,1420.2896,1818.1034
8444,1253.309,1387.9899,1760.4002
8445,1148.2496,1331.9141,1656.7146
8446,1039.6648,1263.7258,1500.7355
8447,983.6096,1186.5654,1353.3217
8448,963.5143,1145.2936,1250.9886
8449,959.6363,1121.0688,1184.72
8450,971.2704,1117.0313,1146.8523
8451,1017.4542,1120.6202,1139.1885
8452,1128.1544,1142.1533,1159.9257
8453,1289.974,1198.2292,1238.8168
8454,1332.6324,1249.3704,1397.5008
8455,1278.6925,1234.1177,1489.4654
8456,1213.8236,1216.1735,1574.217
8457,1168.3449,1199.1264,1637.7808
8458,1124.9814,1188.3598,1686.0171
8459,1095.3674,1174.453,1694.5824
8460,1072.4518,1155.6115,1693.6808
8461,1060.8177,1145.7422,1686.0171
8462,1050.5938,1137.2186,1673.3945
8463,1063.2855,1156.9573,1640.0348
8464,1178.5688,1249.3704,1685.5663
8465,1264.238,1376.3261,1873.5527
8466,1247.6682,1381.7094,1841.0946
8467,1230.3934,1356.1388,1768.0639
8468,1203.2472,1336.4001,1700.4429
8469,1132.7375,1294.2311,1626.9614
8470,1047.7734,1253.8564,1498.0307
8471,984.6672,1185.6682,1371.354
8472,958.2261,1135.8728,1278.4878
8473,943.0666,1115.6855,1207.7112
8474,947.2971,1103.5731,1167.1386
8475,964.9245,1102.2273,1147.7539
8476,1013.9287,1108.0592,1143.6966
8477,1090.4317,1129.1437,1162.6305
8478,1147.192,1139.4617,1208.6128
8479,1184.2096,1133.1812,1231.6039
8480,1180.3315,1158.3032,1334.8387
8481,1151.07,1175.3502,1422.2952
8482,1107.7066,1177.1447,1460.1629
8483,1074.9196,1165.0323,1468.2774
8484,1045.3055,1149.331,1461.5153
8485,1028.7358,1134.0784,1451.1468
8486,1030.146,1134.0784,1417.3363
8487,1063.9906,1151.1255,1417.7871
8488,1186.6774,1253.8564,1512.0057
8489,1256.8345,1378.1206,1664.3784
8490,1234.6239,1370.4943,1676.0993
8491,1211.0032,1346.7181,1643.6413
8492,1176.4535,1329.671,1611.1832
8493,1108.7642,1195.9861,1546.7178
8494,1017.4542,1248.4732,1457.0073
8495,962.1042,1190.6029,1360.0838
8496,920.856,1152.9199,1268.1193
8497,897.2353,1130.0409,1220.7846
8498,890.5369,1120.6202,1194.6378
8499,897.5878,1123.7604,1168.491
8500,934.9579,1135.8728,1160.3765
8501,980.7892,1146.1908,1172.5482
8502,1026.2679,1156.5087,1194.187
8503,1072.4518,1134.0784,1226.1942
8504,1095.3674,1147.9852,1294.2661
8505,1115.8152,1149.331,1327.6258
8506,1086.2011,1147.9852,1346.1088
8507,1064.6957,1139.0131,1347.9121
8508,1041.7801,1137.6672,1342.9532
8509,1025.5628,1139.9103,1332.1338
8510,1028.0307,1142.6019,1324.4701
8511,1060.4651,1147.088,1330.7814
8512,1201.1319,1256.5481,1398.8532
8513,1307.954,1420.7382,1619.2977
8514,1315.71,1444.963,1670.6897
8515,1294.2046,1442.72,1673.8453
8516,1251.1937,1422.9813,1660.3211
8517,1149.6598,1387.9899,1607.1259
8518,1051.2989,1333.2599,1498.9323
8519,997.7115,1263.2772,1364.5919
8520,965.6296,1210.3416,1273.5289
8521,959.9889,1189.257,1224.8418
8522,967.7449,1175.7988,1199.1458
8523,1020.9797,1175.7988,1192.8345
8524,1127.8018,1202.7153,1202.7523
8525,1277.9874,1252.062,1288.4056
8526,1330.5171,1294.2311,1427.254
8527,1290.3266,1266.866,1536.3493
8528,1239.9122,1256.0995,1635.9775
8529,1214.5287,1262.38,1697.2873
8530,1189.4978,1259.6883,1723.434
8531,1158.121,1243.5385,1714.8687
8532,1152.1277,1229.6317,1681.509
8533,1126.3916,1225.5942,1666.6324
8534,1126.0391,1232.3233,1642.2888
8535,1169.7551,1258.3425,1636.4283
8536,1294.5572,1391.1302,1688.2711
8537,1418.6541,1564.2925,1922.2398
8538,1428.878,1582.2367,1939.3705
8539,1411.2506,1558.4606,1925.3954
8540,1359.7786,1505.5249,1861.8317
8541,1246.258,1449.0005,1769.8671
8542,1134.5002,1349.4097,1605.3227
8543,1077.0349,1261.9314,1456.5565
8544,1059.0549,1204.9583,1338.4451
8545,1065.4008,1177.5933,1275.3322
8546,1080.2078,1167.7239,1249.1854
8547,1138.3783,1179.3877,1230.7023
8548,1255.0717,1209.893,1252.7918
8549,1403.4946,1269.1091,1335.2895
8550,1454.2615,1315.3156,1464.2202
8551,1389.0401,1313.5212,1558.8896
8552,1304.781,1324.7363,1642.2888
8553,1247.3157,1331.9141,1681.9598
8554,1204.6573,1302.306,1701.3445
8555,1169.7551,1260.1369,1691.8776
8556,1154.2429,1231.4261,1673.8453
8557,1142.2563,1204.9583,1651.305
8558,1146.1343,1186.5654,1632.3711
8559,1187.3825,1192.8459,1618.8469
8560,1327.3441,1312.624,1660.3211
8561,1446.1529,1497.0014,1883.0196
8562,1453.909,1533.7872,1892.9374
8563,1445.4478,1530.6469,1858.2252
8564,1409.4879,1513.1513,1811.7922
8565,1310.0693,1454.3838,1730.6469
8566,1206.0675,1387.5413,1589.9953
8567,1159.8837,1299.1657,1438.0734
8568,1150.3649,1249.3704,1329.8798
8569,1154.948,1217.0707,1269.9225
8570,1179.979,1212.5846,1237.9152
8571,1239.5596,1226.0428,1221.2354
8572,1360.4837,1254.7537,1249.6362
8573,1505.0285,1332.8113,1328.0766
8574,1555.7954,1381.7094,1457.4581
8575,1491.6316,1343.1292,1560.242
8576,1393.9758,1321.1475,1656.2638
8577,1318.1779,1291.988,1704.5002
8578,1257.187,1270.4549,1716.6719
8579,1206.7726,1237.7066,1714.4179
8580,1163.0567,1209.893,1680.6074
8581,1137.3206,1187.014,1659.4195
8582,1126.3916,1173.1072,1654.4606
8583,1154.948,1175.3502,1626.0598
8584,1306.1912,1285.2589,1679.7058
8585,1448.9733,1475.9169,1911.8712
8586,1467.3058,1513.1513,1925.3954
8587,1456.0242,1523.0206,1897.4454
8588,1438.3968,1498.7958,1845.6027
8589,1343.9139,1461.1129,1763.105
8590,1241.6749,1393.8218,1613.888
8591,1198.3115,1310.3809,1464.671
8592,1182.0943,1249.819,1355.125
8593,1189.1452,1228.7345,1286.6023
8594,1203.5997,1225.5942,1261.808
8595,1264.9431,1231.8747,1249.6362
8596,1372.4703,1268.6605,1264.5128
8597,1517.7202,1337.2973,1333.4862
8598,1561.7887,1383.5039,1465.5726
8599,1498.6826,1346.2695,1556.1848
8600,1402.0844,1316.6614,1650.4034
8601,1324.8763,1287.9506,1715.7703
8602,1257.8921,1265.0716,1735.6058
8603,1198.3115,1249.3704,1713.9671
8604,1158.121,1216.6221,1686.9187
8605,1122.8662,1195.5375,1668.4356
8606,1111.2321,1193.7431,1658.0671
8607,1145.0767,1189.257,1636.8792
8608,1287.1536,1271.8007,1694.5824
8609,1417.949,1463.3559,1912.322
8610,1434.1663,1538.2733,1894.7406
8611,1431.3459,1504.1791,1860.0285
8612,1405.2573,1487.1321,1809.5381
8613,1321.7034,1452.1407,1730.1961
8614,1221.9322,1382.6066,1588.6428
8615,1170.1076,1285.7075,1445.2863
8616,1149.3073,1231.4261,1321.7653
8617,1140.8461,1198.6778,1268.5701
8618,1145.7818,1178.4905,1234.3088
8619,1179.979,1175.7988,1221.2354
8620,1273.0517,1196.8834,1227.5467
8621,1390.8028,1238.6038,1289.758
8622,1446.858,1282.1187,1406.5169
8623,1427.1153,1289.2964,1491.7194
8624,1386.5722,1298.2685,1578.2743
8625,1347.4394,1299.1657,1633.7235
8626,1344.2665,1279.427,1657.6163
8627,1313.5948,1253.4078,1622.9041
8628,1287.5062,1206.3041,1578.7251
8629,1270.2313,1175.3502,1540.4065
8630,1260.36,1157.4059,1513.3581
8631,1280.4552,1149.331,1493.0718
8632,1380.5789,1249.819,1532.7428
8633,1442.98,1424.7757,1746.876
8634,1427.4678,1442.72,1772.572
8635,1410.193,1434.1964,1725.6881
8636,1389.3926,1405.9342,1681.9598
8637,1324.1712,1378.1206,1613.4372
8638,1239.9122,1331.9141,1507.4976
8639,1188.0876,1274.4924,1378.5669
8640,1165.5245,1216.1735,1277.1354
8641,1155.3006,1182.0793,1216.7273
8642,1163.0567,1165.4809,1183.8184
8643,1183.5045,1161.4434,1158.1224
8644,1229.6883,1172.6586,1161.7289
8645,1306.5438,1193.7431,1182.466
8646,1368.2397,1197.332,1227.5467
8647,1384.1044,1171.3128,1240.1692
8648,1349.2021,1177.5933,1307.7903
8649,1292.4419,1179.3877,1362.7887
8650,1227.573,1168.1725,1383.9766
8651,1163.0567,1149.331,1379.4685
8652,1108.4117,1129.1437,1367.7475
8653,1064.3431,1115.6855,1352.4201
8654,1049.1836,1102.2273,1343.404
8655,1063.2855,1108.0592,1323.5685
8656,1189.8503,1183.8738,1373.608
8657,1311.832,1336.8487,1573.7662
8658,1315.3575,1364.2138,1603.5195
8659,1318.1779,1371.3915,1586.3888
8660,1297.7301,1360.6249,1553.9307
8661,1250.1361,1348.5125,1512.4565
8662,1177.5111,1317.11,1433.5653
8663,1126.0391,1266.4174,1337.0927
8664,1101.0082,1213.9304,1247.833
8665,1088.669,1183.4252,1191.9329
8666,1098.8929,1174.0044,1143.2458
8667,1118.9881,1172.21,1117.099
8668,1167.9923,1185.2196,1113.9434
8669,1236.7392,1209.893,1130.6232
8670,1290.3266,1211.2388,1149.5571
8671,1309.7167,1181.6307,1165.7861
8672,1267.4109,1179.8363,1217.1781
8673,1208.5354,1172.21,1261.3572
8674,1151.07,1156.5087,1284.7991
8675,1097.4827,1139.0131,1293.3644
8676,1065.0482,1120.6202,1295.1677
8677,1033.3189,1109.8536,1305.0854
8678,1023.8001,1104.9189,1299.6757
8679,1033.6714,1106.7134,1301.0282
8680,1137.6732,1174.453,1344.3056
8681,1223.3424,1317.5586,1532.292
8682,1214.8812,1315.7642,1537.2509
8683,1212.4134,1297.3713,1499.3831
8684,1208.5354,1283.0159,1461.5153
8685,1179.2739,1271.3521,1420.4919
8686,1128.5069,1258.3425,1364.1411
8687,1090.7843,1219.3137,1288.4056
8688,1068.9263,1178.9391,1222.5878
8689,1064.3431,1157.8546,1182.9168
8690,1076.6823,1142.6019,1143.6966
8691,1096.7776,1139.0131,1124.7627
8692,1146.8394,1145.2936,1115.7466
8693,1218.4067,1166.3781,1127.0168
8694,1260.7125,1147.5366,1145.4998
8695,1249.431,1121.5174,1143.6966
8696,1187.735,1109.405,1183.8184
8697,1138.3783,1102.2273,1224.391
8698,1081.618,1096.844,1250.5378
8699,1031.9087,1086.9747,1264.9636
8700,988.5453,1078.4511,1269.9225
8701,952.9379,1064.9929,1262.7096
8702,927.5544,1057.8152,1259.1031
8703,931.4325,1060.9555,1263.1604
8704,1029.0883,1126.0035,1287.0531
8705,1146.4869,1232.7719,1446.1879
8706,1170.1076,1245.3329,1459.7121
8707,1176.4535,1255.6509,1448.8928
8708,1170.4602,1247.5759,1434.0161
8709,1118.6356,1236.3608,1397.5008
8710,1046.0106,1211.2388,1328.0766
8711,1013.9287,1169.9669,1234.7596
8712,1004.0574,1138.1159,1167.1386
8713,1007.9354,1121.0688,1133.7789
8714,1029.4409,1110.3022,1108.0829
8715,1065.7533,1109.405,1109.8861
8716,1156.3582,1127.3493,1124.3119
8717,1257.187,1160.5462,1172.5482
8718,1308.6591,1169.9669,1274.4306
8719,1296.3199,1160.5462,1339.3467
8720,1238.1494,1180.2849,1430.8605
8721,1184.5621,1196.8834,1512.9073
8722,1141.1987,1195.5375,1562.9469
8723,1095.3674,1190.6029,1580.9791
8724,1057.9973,1187.9112,1569.709
8725,1030.8511,1172.21,1558.4388
8726,1021.6848,1159.649,1545.8162
8727,1038.9597,1169.9669,1544.9146
8728,1169.7551,1276.2868,1571.963
8729,1281.1603,1418.9438,1737.409
8730,1273.0517,1428.8132,1732.901
8731,1249.431,1407.7286,1684.2139
8732,1216.644,1376.3261,1637.7808
8733,1138.3783,1268.2119,1560.242
8734,1043.5428,1277.6326,1435.8194
8735,991.7182,1200.4722,1315.9048
8736,971.9755,1152.4713,1227.5467
8737,963.5143,1129.1437,1173.4499
8738,972.6806,1127.3493,1154.0652
8739,1001.5896,1121.0688,1140.9918
8740,1085.1435,1136.3214,1163.5321
8741,1184.5621,1167.7239,1203.6539
8742,1237.7969,1177.1447,1297.8725
8743,1260.36,1166.3781,1363.6903
8744,1263.5329,1174.9016,1465.1218
8745,1238.502,1175.3502,1530.038
8746,1217.7016,1176.2474,1569.709
8747,1185.9723,1170.8642,1587.2904
8748,1163.0567,1160.5462,1577.3727
8749,1135.9104,1144.3963,1574.217
8750,1111.9372,1139.9103,1550.3243
8751,1138.0257,1153.8171,1554.8323
8752,1237.0918,1248.4732,1581.4299
8753,1347.4394,1378.1206,1766.2607
8754,1336.5104,1397.4107,1779.7849
8755,1306.1912,1386.1955,1746.876
8756,1269.5262,1348.5125,1688.2711
8757,1176.1009,1303.6518,1608.4783
8758,1088.3164,1243.0899,1475.0395
8759,1030.8511,1178.9391,1351.0677
8760,1012.5186,1135.8728,1255.4967
8761,1015.6915,1112.9939,1206.3587
8762,1031.2036,1103.1245,1182.0152
8763,1058.7024,1106.7134,1162.1797
8764,1136.6155,1134.0784,1179.3103
8765,1239.9122,1177.1447,1231.6039
8766,1297.025,1212.136,1347.9121
8767,1304.781,1208.9958,1397.5008
8768,1294.2046,1216.6221,1480.4492
8769,1289.6215,1227.3886,1534.9968
8770,1266.3533,1239.9496,1577.8235
8771,1240.6173,1231.4261,1575.1186
8772,1208.8879,1219.3137,1567.0041
8773,1196.5487,1195.5375,1552.1275
8774,1191.2605,1178.0419,1549.8735
8775,1231.8036,1175.7988,1536.3493
8776,1348.1445,1273.5952,1561.5944
8777,1426.0576,1463.8045,1738.7615
8778,1401.0267,1482.646,1754.9905
8779,1369.2974,1468.7392,1713.9671
8780,1327.6967,1436.8881,1681.0582
8781,1241.6749,1379.915,1599.4622
8782,1139.4359,1304.1004,1473.2363
8783,1080.9129,1223.3512,1357.8298
