hour,Region_R1,Region_R2,Region_R3
0,4806.656,2330.4811,1660.0149
1,4514.038,2215.3131,1595.5907
2,4419.8818,2123.7337,1521.3321
3,4389.1387,2067.8664,1476.481
4,4464.6401,2094.3359,1470.1883
5,4661.7456,2161.2311,1504.1767
6,4848.8366,2251.4516,1581.2811
7,5076.6956,2298.1945,1668.4842
8,5271.1136,2386.893,1837.2204
9,5407.5102,2500.2863,1976.5678
10,5464.0567,2587.1207,2069.0833
11,5500.0131,2611.7971,2106.5635
12,5489.8497,2593.0247,2119.351
13,5478.5618,2561.8286,2132.2116
14,5531.5551,2541.4973,2133.338
15,5587.5355,2515.0068,2135.8039
16,6055.3143,2645.5505,2308.2822
17,6466.7484,3159.8413,2840.8314
18,6387.3883,3205.0384,2903.0852
19,6266.8445,3183.2561,2877.2038
20,6130.9068,3127.3152,2801.738
21,5833.4061,2970.4626,2599.7357
22,5344.7014,2676.9281,2255.7452
23,4988.6773,2448.4958,2020.1183
24,4551.1326,2032.4147,1554.5424
25,4474.0463,1962.2833,1490.3716
26,4264.6186,1847.3101,1460.8818
27,4205.3153,1841.0298,1513.9721
28,4226.8376,1851.8946,1557.9782
29,4327.1461,1917.1362,1660.7044
30,4479.5158,2013.4449,1787.3125
31,4759.5519,2212.1664,1878.1738
32,5024.3948,2440.404,1983.7785
33,5209.604,2605.0958,2069.1393
34,5288.4302,2617.6905,2111.3824
35,5318.3086,2585.2776,2137.9874
36,5252.1215,2496.9317,2082.9957
37,5178.848,2423.9615,2039.8702
38,5141.0428,2368.1127,2078.2981
39,5185.9639,2396.0226,2268.8981
40,5699.8227,2673.8209,2237.9205
41,6229.897,2907.2194,2318.5177
42,6293.0348,2946.1125,2248.0962
43,6237.8308,2918.0947,2089.4774
44,6046.6128,2806.234,1898.7327
45,5798.812,2670.9794,1787.5886
46,5267.2791,2428.5013,1664.3433
47,4744.0696,2147.2774,1563.922
48,4654.7995,2069.3516,1617.5479
49,4594.3995,1948.206,1484.4465
50,4696.6244,2039.8434,1550.6307
51,5043.0364,2247.9628,1719.7182
52,5633.5332,2634.6172,2090.7055
53,5903.4526,2858.4335,2421.8696
54,6035.8157,3048.0042,2395.193
55,6315.0581,3054.3661,2357.621
56,6472.255,2976.8218,2397.0991
57,6564.9041,2905.45,2422.6897
58,6565.8,2838.6495,2430.8076
59,6534.0727,2801.3415,2448.1341
60,6460.588,2760.8553,2463.6058
61,6393.2402,2742.1276,2441.6299
62,6411.7477,2723.621,2454.7595
63,6961.7552,2983.1416,2663.8725
64,7061.7833,3076.2299,2649.1073
65,6698.5336,3110.4754,2451.504
66,6525.8578,2944.4379,2458.5297
67,6212.0239,2719.2496,2312.3299
68,5754.1333,2476.903,2031.3294
69,5354.3506,2245.3556,1757.7309
70,5015.9088,2037.1466,1572.3966
71,4835.8419,1929.8915,1499.0857
72,4841.7017,2055.3769,1778.7156
73,4567.1109,1951.3659,1572.5583
74,4436.5994,1980.7426,1519.2923
75,4370.6703,2106.3596,1502.7455
76,4420.5078,2332.9463,1565.1268
77,4769.1841,2446.5869,1711.1136
78,5342.0485,2590.1122,1927.0377
79,5648.557,2696.09,2109.7437
80,5867.0653,2711.5683,2234.4831
81,6096.7489,2702.2834,2418.806
82,6276.4072,2741.0792,2552.7228
83,6442.7384,2740.9687,2638.9083
84,6470.2521,2699.0341,2706.7295
85,6454.9671,2734.6226,2744.3217
86,6353.1785,2850.8522,2681.9186
87,6129.7037,3018.3091,2514.2358
88,6230.0885,2871.0782,2562.1148
89,6747.0373,3059.2453,2724.8833
90,6679.4332,3002.185,2649.7035
91,6534.9938,2856.3235,2540.5743
92,6331.0329,2640.5806,2404.8447
93,5932.1132,2413.8203,2185.4506
94,5467.1501,2203.8946,1946.6263
95,5054.4818,2113.4688,1789.4207
96,4924.731,2137.9162,1747.8126
97,4864.5977,2196.6197,1674.312
98,4710.7878,2300.4649,1625.8088
99,4669.3888,2517.593,1626.0219
100,4729.5075,2899.2234,1678.5735
101,5031.3239,3098.2343,1871.2756
102,5550.429,3066.6766,2179.5784
103,6026.2609,3102.8941,2318.1476
104,6308.8599,3108.9954,2373.1254
105,6532.1452,3110.5306,2384.0659
106,6683.0166,3082.576,2395.9276
107,6727.7957,2984.711,2378.4518
108,6733.7369,2882.1614,2343.5734
109,6688.7223,2788.9468,2302.3152
110,6679.7213,2842.9736,2260.3053
111,6686.568,3126.5863,2208.6322
112,6910.2585,3348.5279,2255.4765
113,7598.1485,3447.0192,2601.0356
114,7478.7985,3300.1067,2759.628
115,7270.1922,3095.3602,2699.8578
116,7050.002,2803.7056,2615.1834
117,6775.5678,2580.0236,2460.7506
118,6326.8582,2438.2414,2244.9913
119,5671.2259,2267.0984,1970.7609
120,5142.2985,2398.5141,1694.7954
121,4910.4181,2284.9945,1622.3061
122,4935.7107,2238.2938,1589.1534
123,5147.9004,2180.8072,1610.1272
124,5571.6678,2218.0257,1727.4132
125,5998.2934,2475.89,2010.8787
126,6451.6286,3108.0087,2279.935
127,6635.7169,3446.6613,2363.6758
128,6675.4766,3415.7283,2383.8995
129,6645.8301,3319.5801,2383.9244
130,6532.5096,3255.95,2371.1618
131,6502.7263,3142.5857,2362.8775
132,6420.9443,3040.1098,2345.4344
133,6424.9173,2965.5202,2310.601
134,6508.5273,2849.0854,2254.629
135,6909.307,2699.9535,2188.4278
136,6635.4624,2631.9863,2287.4692
137,6738.5668,3065.7282,2519.0905
138,6978.5853,3393.2634,2600.8381
139,6759.0876,3329.6833,2522.0032
140,6439.3039,3326.5761,2412.9051
141,6064.9888,3223.9292,2262.3793
142,5624.1333,2981.2985,2042.8825
143,5326.3937,2715.5292,1899.4788
144,4858.4989,2138.1504,1709.3988
145,4801.1328,2092.9191,1663.3155
146,4773.671,1976.5133,1571.5579
147,4819.0128,1861.7189,1482.5902
148,5024.9939,1819.9317,1452.3736
149,5493.325,2056.0927,1662.5218
150,6028.5728,2557.944,2100.3206
151,6253.3893,2880.9894,2320.6468
152,6322.773,2914.9875,2366.5575
153,6325.6977,2966.1964,2407.7644
154,6293.9652,3015.7834,2442.5635
155,6254.1034,3052.9651,2442.5371
156,6277.4225,3108.6981,2446.1736
157,6317.1545,3100.8642,2449.7914
158,6459.0595,3085.2806,2398.3817
159,6707.5017,2920.7494,2221.3301
160,6646.2699,2940.9596,2219.4691
161,6781.1283,3281.1974,2648.0935
162,6998.8083,3472.4507,2897.7106
163,6851.3957,3463.1501,2880.2332
164,6552.6356,3442.8477,2838.9128
165,6098.6504,3247.0809,2657.2275
166,5583.5287,2916.0438,2308.5814
167,5161.785,2543.2325,2036.0176
168,5033.169,2294.6478,1718.5903
169,4849.42,2126.9146,1589.1269
170,4905.1926,2052.4828,1573.4251
171,5114.2238,2015.388,1610.0153
172,5554.0059,2049.7466,1764.909
173,6131.7581,2239.1963,2033.5487
174,6377.0799,2701.6808,2228.9505
175,6501.9809,2894.3088,2215.3709
176,6715.0016,2931.8247,2225.7867
177,6827.8609,2992.3949,2263.609
178,6843.4419,3024.9446,2276.5629
179,6729.1874,2990.7544,2260.1452
180,6598.5357,2965.8702,2270.1847
181,6487.2111,2934.9082,2251.7613
182,6602.403,2882.2693,2208.5784
183,7121.6594,2792.5698,2176.4153
184,7237.6183,2964.977,2396.6233
185,7455.3495,3477.0511,2630.1227
186,7419.8813,3548.144,2607.4386
187,7111.5499,3506.0068,2528.568
188,6617.4701,3491.7242,2385.4847
189,6150.6962,3371.9191,2164.3586
190,5721.4125,2986.942,1912.8945
191,5310.1948,2626.7676,1732.8183
192,4872.4043,2449.6547,1581.1536
193,4383.8156,2188.8858,1446.9974
194,4216.1574,2098.8889,1458.7626
195,4131.262,2072.6141,1566.8276
196,4183.2123,2083.6658,1703.3727
197,4444.5418,2162.9531,1846.4078
198,4814.1032,2277.8369,1951.8959
199,5141.8639,2405.1628,2044.5452
200,5489.4401,2575.9954,2116.3139
201,5733.8729,2665.9923,2151.3385
202,5918.9696,2658.2505,2178.0523
203,5997.6694,2610.0751,2178.1052
204,6022.2133,2541.7341,2152.4618
205,6002.732,2468.8508,2129.557
206,5960.7322,2405.3812,2185.3999
207,5922.7313,2374.9219,2408.0356
208,6089.556,2553.691,2420.3264
209,6571.5725,3067.3029,2356.0912
210,6576.0822,3121.4086,2246.1155
211,6425.0291,3094.8365,2099.4501
212,6227.0312,3055.725,1936.272
213,5936.6862,2928.0964,1752.6526
214,5551.1091,2771.0859,1642.2213
215,5164.522,2541.3,1580.4253
216,5202.6032,2443.4139,1684.5817
217,4876.6307,2347.0894,1546.8543
218,4795.9714,2410.4668,1504.521
219,4802.2173,2590.1528,1520.8532
220,4915.9742,2828.9,1609.6716
221,5470.0464,3001.5046,1849.1216
222,6214.9954,3137.5327,2064.1851
223,6490.0693,3240.6112,2223.16
224,6549.2929,3186.3528,2307.7582
225,6545.2507,3091.8951,2378.5374
226,6531.9375,2994.359,2430.8947
227,6446.1548,2913.747,2440.0395
228,6355.216,2819.1313,2427.2038
229,6258.3879,2795.8217,2424.4201
230,6232.0333,2912.0828,2405.0413
231,6189.3056,3232.7141,2365.3036
232,6577.1944,3266.8385,2564.3901
233,7225.8563,3489.5037,2769.6598
234,7150.5211,3438.6395,2677.3588
235,7035.851,3283.5194,2590.3298
236,6849.4897,3063.3051,2442.7728
237,6432.3395,2816.3872,2207.9333
238,5818.1011,2547.3239,1934.2462
239,5259.1134,2362.1008,1706.3625
240,5127.9284,2321.2515,1834.1505
241,5092.9492,2116.1708,1705.4793
242,4984.8402,2044.6937,1635.7178
243,5052.5931,2027.5486,1621.8971
244,5315.7517,2097.4194,1669.5802
245,5941.316,2327.3896,1854.0866
246,6502.9982,2759.3201,2206.5977
247,6615.4731,3037.3367,2388.3375
248,6711.6079,3102.6178,2469.1748
249,6776.9615,3201.9285,2510.5621
250,6699.3446,3254.5622,2505.1843
251,6560.463,3251.2339,2456.6516
252,6459.3279,3223.124,2398.0203
253,6324.5629,3125.2038,2344.8988
254,6309.2849,3052.1599,2289.8418
255,6467.0462,3053.5898,2249.3912
256,7064.5566,3117.5541,2271.4635
257,7389.455,3414.9615,2601.0993
258,7470.7972,3553.1285,2752.4203
259,7328.4248,3503.51,2713.8261
260,7070.4743,3450.7843,2675.1868
261,6576.7225,3252.1128,2554.8201
262,6008.4776,2894.8509,2314.1333
263,5395.393,2635.0909,2019.3915
264,4559.0525,1972.0971,1754.1146
265,4403.7962,1895.6434,1529.4174
266,4431.7947,2089.5645,1574.5437
267,4647.1351,2485.317,1707.0178
268,5050.0946,3087.5958,1972.7767
269,5155.1396,3139.1942,2238.8052
270,5414.5362,2926.8691,2280.6892
271,5652.9905,2807.4508,2292.442
272,5754.8916,2711.2368,2336.3782
273,5822.0386,2602.449,2370.2111
274,5817.6381,2580.5036,2349.9516
275,5817.4684,2530.993,2334.3337
276,5785.729,2478.1699,2305.8537
277,5778.5197,2471.9343,2247.14
278,5949.1303,2701.7282,2291.2145
279,6408.0424,3353.7308,2484.5215
280,6265.548,3267.0254,2491.1065
281,6493.3472,3128.9583,2612.6593
282,6364.0439,2942.629,2521.6052
283,5993.8384,2684.8541,2336.0594
284,5615.1278,2360.2709,2088.0609
285,5241.712,2110.1984,1825.5366
286,4973.9149,1970.3619,1636.5503
287,4720.7996,1942.2836,1596.2117
288,4624.02,2249.2981,1566.0464
289,4488.4614,2357.8516,1629.3707
290,4728.2513,2447.8564,1645.8739
291,5278.6473,2654.3486,1738.5543
292,6246.7934,2991.3134,1907.4677
293,6655.7035,3277.1218,2049.86
294,6385.8751,3531.7974,2197.7327
295,6299.5463,3609.51,2268.431
296,6332.3305,3486.9528,2300.5568
297,6328.335,3339.6061,2320.7246
298,6255.921,3226.3312,2315.2287
299,6231.455,3094.4076,2306.0621
300,6149.8375,3040.023,2280.386
301,6146.7396,2970.1442,2271.2163
302,6341.7625,3018.1828,2310.6415
303,7216.9548,3307.0169,2521.6394
304,7494.3855,3049.7841,2482.2453
305,6866.3154,3355.6713,2435.8239
306,6414.3306,3361.62,2451.3252
307,5894.4509,3178.3137,2318.2005
308,5211.1682,2943.7984,2147.437
309,4658.4472,2695.2664,1961.9192
310,4502.6992,2501.1321,1849.756
311,4598.1951,2381.4111,1730.368
312,4475.4321,1932.8882,1837.434
313,4306.8019,1803.9218,1700.7584
314,4236.1242,1777.4129,1631.9211
315,4264.5095,1809.8969,1592.4446
316,4418.6137,1915.3694,1578.7157
317,4909.7931,2210.2312,1677.8769
318,5552.9362,2458.8791,1973.543
319,5855.0953,2567.7773,2128.768
320,5941.2104,2602.1306,2177.5292
321,6079.3312,2650.4955,2260.1654
322,6220.3853,2712.6904,2341.8897
323,6267.3941,2756.1471,2374.9693
324,6283.6356,2794.9244,2364.9173
325,6227.463,2799.5353,2389.6738
326,6143.64,2793.2182,2382.3091
327,6084.3194,2776.0915,2375.8158
328,5978.0246,2715.6003,2335.3762
329,5887.877,2696.0926,2261.5639
330,6302.4894,2902.4769,2311.1235
331,6165.4324,2817.0514,2427.3251
332,5944.6892,2691.287,2417.9999
333,5612.559,2466.1224,2327.0048
334,5210.7076,2245.4108,2168.0936
335,4924.3096,2048.0535,1957.0553
336,4758.4397,2077.2355,1568.2946
337,4493.6695,1948.327,1581.0075
338,4298.354,1873.8269,1511.2428
339,4191.9968,1839.7235,1475.4136
340,4272.4917,1918.9214,1513.8586
341,4399.1429,2079.0444,1595.5471
342,4648.3077,2223.4549,1686.4193
343,4781.3658,2296.4988,1722.2143
344,5115.646,2471.8896,1862.643
345,5398.7783,2552.5516,1976.4589
346,5632.7863,2558.6766,2033.3568
347,5716.5712,2552.3727,2051.6697
348,5673.6686,2491.7472,2029.6161
349,5603.0498,2435.7905,1988.291
350,5532.3721,2362.844,1943.2906
351,5505.4235,2334.8183,1912.8781
352,5433.992,2271.6487,1900.0828
353,5755.5718,2383.7173,2098.6586
354,6351.552,2852.34,2289.6023
355,6230.0657,2829.0173,2244.6626
356,6121.8355,2740.4924,2191.4618
357,5929.7477,2605.2958,2110.6836
358,5672.1972,2456.0508,2000.4404
359,5291.8612,2278.9248,1872.7525
360,4837.9591,2100.2899,1789.0739
361,4567.8925,1988.4028,1634.8899
362,4429.8514,2000.6581,1582.5528
363,4337.8228,2025.3766,1544.8984
364,4314.2439,2118.436,1542.1271
365,4377.6414,2281.4321,1595.3621
366,4535.0304,2385.5273,1671.5081
367,4691.3107,2506.6335,1749.4295
368,4959.2116,2576.7017,1876.0936
369,5240.3843,2555.3194,1981.633
370,5466.1815,2526.0927,2032.1713
371,5570.4266,2470.3465,2038.6023
372,5615.365,2433.1306,2022.9751
373,5624.4664,2386.522,2000.8997
374,5616.1743,2363.194,1980.6776
375,5693.4346,2395.5937,1949.3998
376,5870.9843,2721.3569,2074.0832
377,6418.3043,2911.4224,2484.4817
378,6469.5207,2900.9233,2540.7585
379,6408.4084,2829.6067,2498.6304
380,6216.5267,2663.5955,2421.6239
381,5960.0919,2458.6017,2271.1432
382,5532.6639,2239.3937,2090.2717
383,5141.8961,2116.2576,1902.9365
384,4651.2386,1999.4124,1565.332
385,4529.2987,2013.116,1462.4722
386,4736.4759,2196.3118,1489.9595
387,5228.5424,2528.55,1606.4177
388,5998.4274,3051.7388,1845.779
389,6248.9798,3118.7025,2126.4483
390,6212.9776,2970.0284,2235.8185
391,6219.691,2881.8772,2302.0322
392,6272.1123,2843.2814,2376.4447
393,6242.684,2799.8826,2404.9418
394,6166.1655,2761.0632,2399.4832
395,6168.0939,2711.3841,2389.4032
396,6165.8763,2658.6005,2383.8622
397,6133.9638,2647.7488,2371.915
398,6217.5687,2702.2334,2409.4435
399,6685.131,3030.2028,2579.9893
400,7202.762,3323.3926,2821.1028
401,6982.0596,3166.3268,2774.6052
402,6636.3402,3000.0077,2627.0513
403,6188.0028,2766.875,2450.0169
404,5614.9602,2437.4441,2198.6508
405,5111.0639,2184.1223,1935.3344
406,4858.2333,2092.3481,1744.4141
407,4848.3147,2078.2734,1650.6959
408,4607.8946,2296.9604,1673.4375
409,4471.794,2106.2544,1597.2713
410,4554.4044,2191.6536,1704.4913
411,4804.5828,2371.8368,1938.2634
412,5241.7379,2736.8984,2343.5414
413,5561.8281,3145.5008,2520.7453
414,5740.3699,3313.1709,2537.6233
415,5844.0586,3268.0106,2557.0441
416,5897.2388,3238.4155,2583.632
417,5795.2546,3165.3848,2526.7886
418,5748.3029,3112.4985,2488.2612
419,5689.0342,3061.1869,2458.8678
420,5630.767,3003.745,2409.3191
421,5607.2834,2941.6185,2411.1365
422,5716.4666,2957.1706,2562.3347
423,6099.1664,3250.4524,3012.3286
424,6526.2082,3541.3454,2961.2609
425,6208.0943,3439.0116,2765.462
426,5956.5553,3316.3097,2620.6886
427,5720.5599,3185.8003,2374.0062
428,5528.2367,2910.925,2053.0123
429,5438.7485,2576.9517,1775.0163
430,5390.0024,2297.4445,1601.5002
431,5205.5332,2182.5187,1566.4476
432,4578.371,1836.6189,1550.7193
433,4135.3024,1797.881,1488.3349
434,4162.27,1884.7786,1610.2609
435,4323.4841,2074.2125,1878.0105
436,4631.2444,2404.9944,2221.0378
437,4845.0882,2662.7429,2349.5131
438,5123.2901,2656.9258,2348.8438
439,5318.069,2731.5417,2345.3116
440,5436.5457,2782.6718,2326.1225
441,5574.218,2799.78,2285.8072
442,5607.7405,2756.3312,2268.389
443,5589.3697,2725.2562,2248.2197
444,5567.8284,2711.2183,2245.4547
445,5547.4219,2687.8351,2245.4329
446,5605.7739,2788.5626,2394.8198
447,5844.8439,3071.1612,2795.5386
448,5812.3679,3174.9433,2698.3209
449,5936.1176,2895.8572,2464.7835
450,5904.7961,2762.7589,2341.0136
451,5678.3825,2612.0418,2140.0801
452,5426.33,2417.8602,1894.2239
453,5113.2795,2157.0123,1668.5386
454,4869.0648,1975.2149,1520.7515
455,4639.3293,1857.0449,1519.6686
456,4509.7274,1780.7964,1595.6093
457,4482.2345,1802.3077,1591.8313
458,4436.3657,1781.9922,1536.723
459,4495.9841,1848.6295,1490.8325
460,4825.5392,2051.9224,1535.7847
461,5434.0978,2449.6442,1706.6757
462,5832.3025,2641.1685,1949.1084
463,5953.6105,2678.6054,2092.2711
464,6030.9971,2675.4535,2173.8492
465,6138.9936,2694.1153,2234.3509
466,6145.9588,2735.9763,2265.512
467,6140.6849,2754.5119,2275.5407
468,6134.5619,2766.9277,2270.9628
469,6096.8224,2776.1599,2269.122
470,6049.959,2740.4266,2235.1819
471,5927.5457,2709.1937,2200.1417
472,5708.9709,2594.5888,2115.9602
473,5753.2973,2621.6556,2151.3565
474,6296.9454,2840.6347,2277.9366
475,6637.4272,2981.7642,2513.4639
476,6371.3491,2823.4159,2566.4999
477,5782.5574,2517.4472,2402.1394
478,5178.6764,2177.1041,2123.1119
479,4755.8412,1945.5645,1910.2001
480,4621.0278,1859.9995,1564.4964
481,4678.1273,1937.4149,1487.4028
482,4582.0323,1990.0906,1516.675
483,4523.8482,2179.3904,1641.3427
484,4574.1921,2519.3151,1872.454
485,5077.9983,2763.3336,2082.6614
486,5686.0964,2815.1031,2151.6961
487,6033.7193,2778.0425,2138.9988
488,6100.1955,2746.9753,2147.3111
489,6231.0187,2728.274,2158.3402
490,6331.1022,2706.4601,2161.0835
491,6368.8434,2616.3948,2169.29
492,6383.094,2555.8351,2167.3824
493,6393.2402,2571.3108,2161.8196
494,6346.1621,2634.9093,2157.1796
495,6228.6314,2681.4601,2109.439
496,6275.9571,2681.6837,2075.687
497,6333.7041,2682.0811,2200.7808
498,6773.4689,2843.484,2337.3973
499,6894.666,2758.0664,2241.0867
500,6730.014,2540.7726,2006.3499
501,6258.0078,2261.3654,1741.2985
502,5746.0497,2105.7533,1589.8344
503,5263.7917,1978.1642,1529.1384
504,4534.6834,1816.5692,1764.5041
505,4312.8799,1814.8551,1662.6229
506,4170.7966,1754.3401,1585.5076
507,4114.6362,1715.6233,1535.9557
508,4110.7377,1745.2552,1511.2226
509,4202.0262,1784.4299,1528.7465
510,4328.8522,1820.158,1572.8149
511,4513.1241,1969.2688,1637.983
512,4802.2772,2138.2373,1742.6215
513,5061.5276,2249.8585,1857.2684
514,5195.1439,2330.3864,1936.1125
515,5235.9293,2333.3989,1960.8255
516,5269.5296,2334.8209,1953.4328
517,5268.3689,2314.6002,1911.2052
518,5236.5776,2261.8191,1870.8309
519,5267.8374,2257.0293,1841.3317
520,5265.671,2262.2349,1820.5336
521,5181.1868,2211.6232,1770.821
522,5375.9224,2304.6011,1883.624
523,5621.6726,2396.0437,2120.9719
524,5767.2596,2496.687,2146.5858
525,5510.5911,2460.7116,2057.5373
526,5154.8354,2243.2888,1925.3353
527,4738.9619,1979.4311,1705.9816
528,4691.5773,1875.3858,1529.6988
529,4585.0852,1745.0079,1522.1242
530,4450.0969,1740.2628,1482.6228
531,4369.3042,1746.4273,1467.8826
532,4370.252,1817.8518,1468.7944
533,4547.9109,1977.8011,1537.5975
534,4728.7957,2070.9368,1589.9408
535,4944.3117,2254.0221,1662.4177
536,5355.1364,2465.162,1786.3649
537,5677.1446,2559.8539,1884.594
538,5878.4533,2562.948,1945.161
539,5990.9023,2514.8594,1963.5081
540,5978.7602,2471.3186,1962.5807
541,5908.3595,2427.8145,1943.3124
542,5802.0993,2387.4704,1907.5128
543,5758.8557,2395.249,1878.9441
544,5841.1803,2440.6093,1913.6547
545,6048.3758,2479.663,2033.3117
546,6603.626,2745.0849,2254.6119
547,6630.2958,2861.4354,2237.2559
548,6436.5998,2720.3559,2151.1621
549,6077.1014,2475.0205,2022.6759
550,5514.9363,2158.1896,1847.2521
551,5048.7864,1963.9896,1679.1853
552,4715.4194,2168.4887,1501.0975
553,4528.1345,2093.9017,1518.3214
554,4410.4307,2067.477,1499.0188
555,4347.8703,2048.8704,1533.8444
556,4372.2116,2117.3166,1654.0665
557,4622.7329,2342.789,1892.8052
558,5320.2049,2825.6232,2088.4014
559,5925.406,3042.8802,2228.8534
560,6073.6954,3010.3331,2309.5586
561,6208.6941,2982.4416,2338.966
562,6277.2667,2956.1169,2334.4503
563,6303.843,2934.3636,2325.3288
564,6256.9121,2875.3075,2310.6524
565,6241.5665,2838.0574,2266.6275
566,6189.3115,2788.3705,2272.0861
567,6084.8378,2710.7921,2284.9016
568,6021.2551,2644.31,2382.2967
569,6852.2309,3093.1803,2742.034
570,7020.4206,3333.5969,2704.4201
571,6932.7199,3285.4215,2613.5556
572,6815.4628,3235.603,2446.5203
573,6491.5105,3039.7072,2198.629
574,6032.3587,2729.0277,1953.481
575,5516.773,2450.9847,1767.9633
576,4417.5267,1853.5509,1519.3234
577,4377.9963,1875.1305,1465.158
578,4498.4725,1918.6398,1565.1999
579,4864.2047,2069.3727,1824.0363
580,5529.2742,2330.3995,2263.6355
581,5946.4608,2512.3443,2344.4044
582,5960.3523,2721.9358,2264.6422
583,6011.5851,2807.3139,2296.7897
584,6112.8328,2867.8052,2339.9276
585,6249.7963,2881.7536,2346.3462
586,6369.278,2908.0099,2326.1614
587,6478.2741,2923.4645,2339.9431
588,6598.5201,2921.8451,2321.6006
589,6667.831,2903.1832,2301.3894
590,6695.3499,2892.2921,2284.01
591,6753.8127,2968.5564,2343.0565
592,7299.3088,3276.2524,2653.1441
593,6928.0544,3330.4528,2548.4357
594,6488.9397,3195.3588,2365.8478
595,5987.4099,2996.5742,2107.9465
596,5416.2888,2740.3188,1804.1329
597,4972.5553,2480.835,1568.2044
598,4594.243,2230.7625,1443.3593
599,4407.2923,2041.4259,1409.4145
600,4873.7026,2288.0676,1651.4134
601,5005.335,2402.9198,1574.4613
602,4863.1322,2384.3342,1520.3239
603,4807.6409,2432.6333,1515.7211
604,4987.0291,2585.0382,1586.4552
605,5398.8708,2918.8405,1773.0465
606,6119.842,3418.4725,2123.5893
607,6747.5131,3630.9449,2305.1316
608,6834.595,3486.7476,2355.5952
609,6950.0761,3347.2979,2419.7676
610,6938.0447,3223.2819,2442.7159
611,6853.2705,3089.8099,2467.4133
612,6811.2915,2995.1048,2514.1394
613,6722.3954,2889.5111,2501.2773
614,6648.7618,2847.6344,2438.9193
615,6642.0536,2847.8712,2348.9791
616,6848.0856,2770.3744,2403.4664
617,7329.8702,3421.8244,2774.8353
618,7495.4918,3549.3372,2834.6926
619,7380.409,3510.4624,2749.436
620,7212.0316,3416.9951,2625.4624
621,6848.2105,3230.4737,2414.225
622,6324.6841,2919.9336,2159.9058
623,5771.4247,2626.4834,1995.5593
624,4974.3557,2223.0075,1752.5102
625,4478.6581,2061.6519,1645.1767
626,4322.3206,1998.2455,1586.4474
627,4224.2227,1970.6909,1538.7628
628,4231.432,2022.4498,1537.8914
629,4508.6058,2244.5177,1669.2188
630,5134.3467,2630.8537,1959.2693
631,5705.5769,2894.472,2184.9328
632,6070.0549,2968.9116,2239.12
633,6276.2462,2987.4682,2283.2101
634,6358.931,2987.4235,2290.5826
635,6395.6707,2923.7224,2288.7294
636,6386.4707,2861.6696,2267.5907
637,6287.4804,2793.4655,2249.2233
638,6156.7749,2685.0173,2193.2824
639,5974.8696,2578.2305,2099.7073
640,6100.3496,2679.1949,2148.2618
641,6770.4403,3198.5555,2469.1375
642,6932.5208,3328.965,2569.5153
643,6892.7438,3288.3866,2557.6396
644,6715.9704,3241.4228,2504.3938
645,6387.9015,3073.5159,2357.5309
646,5890.0174,2792.4893,2124.3751
647,5361.5478,2500.6953,1883.9232
648,5129.1393,2049.2414,1636.1874
649,4732.6363,2032.1542,1657.9658
650,4756.8721,1987.2386,1624.8286
651,4952.6108,1993.5978,1649.4187
652,5297.6144,2083.8447,1715.3432
653,5614.9305,2343.2811,1898.916
654,5946.7153,2849.2328,2054.3493
655,6181.749,3111.4422,2172.8223
656,6180.9622,3069.7391,2207.7941
657,6140.3569,3007.7258,2283.0593
658,6023.143,2995.2232,2241.9473
659,5937.4071,2939.2849,2219.9885
660,5866.0067,2881.8483,2193.413
661,5838.5104,2804.2646,2170.4818
662,5987.616,2720.6506,2154.8654
663,6514.8546,2618.2194,2232.493
664,6557.0068,2637.0971,2609.0095
665,6560.373,2989.2008,2722.8301
666,6477.201,3139.9442,2698.778
667,6293.2823,3085.4727,2621.7668
668,5974.6213,3010.7331,2459.5395
669,5576.1032,2832.0482,2243.0643
670,5240.709,2549.4917,2017.3246
671,4877.8202,2273.2181,1863.8736
672,4642.5683,2119.5464,1835.9711
673,4379.8478,1951.9816,1681.686
674,4334.5909,1840.313,1604.5846
675,4326.0183,1759.7062,1537.6193
676,4412.6725,1728.7574,1505.5712
677,4493.6695,1800.2425,1537.8385
678,4741.8727,1933.6908,1606.6789
679,5001.2928,2054.6443,1677.3616
680,5204.9334,2267.2773,1826.0186
681,5359.4756,2487.5916,1970.9848
682,5427.033,2613.1876,2077.3722
683,5386.2389,2623.9235,2109.453
684,5411.6406,2597.4172,2121.324
685,5359.4393,2456.1534,2091.0265
686,5511.3605,2315.0107,2070.7966
687,5913.9648,2152.0567,2002.7716
688,5949.2055,2140.0198,1987.4336
689,5834.3089,2292.6773,1970.7447
690,6156.1994,2486.7905,2205.5141
691,6118.3231,2534.7528,2402.4768
692,5814.1153,2536.1249,2356.5397
693,5429.9725,2501.7584,2258.2204
694,5046.5837,2354.1275,2096.5691
695,4640.626,2114.954,1891.8467
696,4560.2773,1891.3009,1501.1348
697,4519.9844,1860.0338,1487.2193
698,4368.8984,1909.526,1520.215
699,4298.4232,2024.2177,1601.8538
700,4254.6837,2152.9814,1703.7381
701,4349.9469,2215.221,1796.4837
702,4559.2534,2316.1459,1877.2604
703,4747.4981,2390.8487,1928.7494
704,5020.3353,2442.2787,1971.0003
705,5292.9146,2440.9408,1975.5611
706,5431.6368,2420.8122,1969.0367
707,5407.0964,2399.143,1965.2867
708,5357.026,2360.3367,1949.6362
709,5264.112,2357.1347,1959.6991
710,5178.4402,2499.839,2044.1076
711,5091.8327,2744.8823,2278.1596
712,5218.8311,2768.6313,2301.7035
713,5837.7634,2806.4787,2357.6071
714,5923.2829,2747.5779,2290.5608
715,5867.0394,2656.059,2162.9865
716,5861.6668,2474.5036,2006.0032
717,5788.5118,2278.7894,1823.2878
718,5567.2578,2116.9313,1672.6873
719,5175.8278,1987.736,1570.7829
720,4496.802,1931.524,1532.1809
721,4190.3766,1904.8704,1459.6745
722,4095.2467,1980.6689,1416.4464
723,4077.7562,2180.5598,1403.477
724,4124.8516,2453.5104,1447.4194
725,4378.8966,2658.5726,1618.1378
726,5077.0948,2791.2015,1950.4827
727,5565.5848,2898.7539,2142.43
728,5597.622,2911.1461,2206.7547
729,5662.246,2864.7216,2238.034
730,5720.4993,2810.4975,2248.1964
731,5787.6342,2774.8905,2252.8147
732,5873.2766,2715.945,2239.9727
733,6097.7002,2667.8275,2208.8085
734,5979.2425,2768.5681,2168.4015
735,5894.1739,3107.9613,2120.5459
736,5914.5146,3097.0096,2227.598
737,6599.8834,3074.2974,2589.8749
738,6748.8549,3008.2679,2642.0745
739,6663.1675,2836.179,2581.6693
740,6491.5191,2572.5213,2489.09
741,6171.3407,2334.9251,2298.1572
742,5691.6075,2177.6409,2024.512
743,5243.6137,2065.2934,1822.4024
744,4840.7314,2170.1765,1588.3193
745,4618.8015,2062.803,1473.5402
746,4731.0064,2189.9973,1600.0146
747,5053.6317,2456.8623,1857.6127
748,5588.7704,2920.9162,2233.5688
749,5896.573,3273.4225,2324.5778
750,6221.9925,3261.6067,2276.3717
751,6487.9407,3153.3084,2226.2345
752,6436.2051,3159.4939,2185.9441
753,6356.8,3140.9268,2126.4056
754,6304.8843,3068.0197,2060.4018
755,6218.1712,3016.8029,2014.5549
756,6134.5248,2940.7333,1995.2617
757,6075.36,2909.6609,1992.4484
758,6212.2005,3015.1229,2174.8388
759,6708.349,3452.6969,2799.015
760,6629.8571,3615.8192,2764.3184
761,6456.1625,3198.8423,2432.8956
762,6420.677,3020.4758,2289.0015
763,6155.1702,2872.8923,2109.2206
764,5796.4049,2622.8908,1863.3552
765,5420.092,2355.7074,1631.1937
766,5090.7776,2148.9679,1497.0996
767,4916.6796,2103.705,1550.0578
768,5000.8998,2072.5141,1724.052
769,4808.7306,2139.0883,1616.7138
770,4627.9895,2174.6374,1598.2857
771,4603.449,2425.8004,1659.592
772,4664.8954,2815.0674,1841.9606
773,5049.6043,3048.0659,2185.8966
774,5816.1813,3073.7422,2365.1652
775,6332.9475,3016.795,2390.2871
776,6469.8504,2985.8673,2386.6833
777,6529.0862,3027.7887,2335.443
778,6510.8419,3003.115,2304.3706
779,6429.1516,2942.4974,2259.4261
780,6325.0121,2868.0025,2226.3776
781,6316.8619,2777.9635,2185.1116
782,6232.0375,2768.5102,2158.4444
783,6128.7903,3036.6394,2181.2295
784,6237.1988,3128.0321,2454.3133
785,6919.4005,3103.6109,2576.6109
786,7216.0797,3096.6454,2604.6161
787,7190.4304,2944.7036,2521.2422
788,7107.3959,2660.8145,2342.493
789,6826.0207,2426.3808,2087.5091
790,6237.1961,2242.7272,1843.3274
791,5693.4467,2162.9794,1703.4917
792,4353.9683,1801.0751,1646.1709
793,4207.8012,1794.6001,1582.6228
794,4219.2259,1817.9728,1617.4934
795,4363.6964,1906.6871,1734.0884
796,4613.5538,2094.9832,1940.6842
797,4876.4007,2307.8872,2134.3509
798,5326.6942,2578.02,2217.9518
799,5705.6635,2641.6264,2252.8178
800,5768.0543,2643.0563,2305.1378
801,5818.2163,2641.4922,2356.5537
802,5757.0106,2652.2702,2371.3002
803,5698.8611,2621.2004,2360.3612
804,5636.5759,2587.0128,2365.8991
805,5588.5206,2543.5272,2362.2564
806,5665.0461,2549.7575,2396.1919
807,6010.8582,2728.7239,2534.9338
808,6054.9302,2794.0523,2493.6632
809,5899.2583,3021.94,2410.2769
810,5930.6047,2944.1537,2498.0264
811,5984.1909,2791.783,2380.375
812,5694.6448,2626.9807,2187.5253
813,5453.0674,2328.7959,1966.2841
814,5078.0364,2201.3068,1795.5112
815,4752.0795,2075.4951,1705.5229
816,4852.8164,1959.0892,1576.2181
817,4598.5768,1875.3147,1492.7837
818,4634.3479,1845.8538,1463.4276
819,4838.8428,1864.5946,1468.0692
820,5335.644,2015.3827,1569.11
821,6013.4426,2448.6563,1899.4804
822,6236.1281,2759.3911,2116.1717
823,6270.6918,2756.3655,2164.8848
824,6285.9786,2779.5724,2173.1722
825,6251.3335,2819.835,2207.1139
826,6183.8644,2801.1679,2212.6176
827,6142.9059,2794.8271,2200.689
828,6118.3602,2797.8606,2214.4459
829,6071.2926,2749.68,2189.6832
830,6056.9744,2707.6795,2172.2059
831,6107.2663,2737.201,2206.1383
832,6480.9194,2906.751,2353.1225
833,6728.0554,2867.9552,2386.2286
834,6556.87,2971.961,2545.6815
835,6305.4927,3018.3881,2519.8779
836,5922.2718,2855.3025,2363.8422
837,5380.6378,2547.9013,2099.5503
838,4975.8617,2232.6661,1832.5166
839,4704.0069,2012.1071,1660.8054
840,4806.8645,2401.1767,1603.7366
841,4574.0986,2255.2757,1462.4971
842,4609.7746,2199.4848,1487.3639
843,4723.1557,2181.0045,1571.9279
844,4937.5509,2192.0219,1661.0993
845,5171.4238,2306.9347,1764.7886
846,5393.4715,2463.9768,1890.6419
847,5619.5301,2642.609,2012.6628
848,5609.5364,2777.6057,2042.8359
849,5473.9847,2838.0285,2018.8808
850,5340.3354,2839.4927,1974.7892
851,5253.6085,2768.0287,1944.4248
852,5238.3235,2738.4862,1943.4663
853,5306.8598,2646.9567,1962.7627
854,5587.7727,2611.3813,2101.3693
855,6381.2677,2692.3407,2451.3096
856,6959.3748,3064.7967,2642.4757
857,6235.9646,3166.9331,2330.3607
858,5994.6383,3137.5775,2187.8658
859,5796.334,3083.2349,2049.1939
860,5451.8436,3014.6809,1866.3914
861,4993.0623,2849.9365,1660.695
862,4562.8498,2598.3235,1499.1354
863,4462.4409,2374.7467,1477.1394
864,4721.3502,1890.6825,1665.1298
865,4565.9554,1851.7841,1639.5393
866,4417.6452,1786.511,1544.1094
867,4348.0434,1758.5274,1491.7941
868,4490.8615,1867.1098,1514.6865
869,4669.527,2022.3246,1548.6328
870,4807.5456,2114.0251,1578.0403
871,4966.0106,2210.3549,1595.5378
872,5267.7179,2378.1934,1763.4927
873,5451.9482,2486.9864,1902.062
874,5518.5092,2494.865,1993.7761
875,5525.7687,2473.1722,2035.0436
876,5492.1286,2414.1898,2038.6987
877,5414.548,2339.6976,2003.8452
878,5405.2181,2297.7314,1970.8199
879,5414.2139,2258.7908,1919.3651
880,5511.827,2230.6441,1875.2159
881,6095.672,2333.4252,2036.9637
882,6341.4163,2672.2594,2297.6845
883,6198.7315,2746.8016,2237.2901
884,6062.0519,2681.6232,2200.6533
885,5777.9771,2523.2038,2116.1453
886,5450.4889,2339.6949,2025.0585
887,5046.5151,2102.004,1798.2981
888,5111.1277,2124.9662,1773.2042
889,4674.9723,2002.217,1609.8193
890,4516.8173,1960.185,1551.0854
891,4402.6891,1952.2959,1510.7266
892,4428.6968,2034.4483,1536.5006
893,4718.2499,2276.7607,1660.5924
894,5351.4294,2747.4132,1925.8398
895,5833.5107,2968.0117,2073.6518
896,6106.1489,2929.3106,2137.9703
897,6341.9866,2856.5167,2183.9945
898,6507.4029,2858.1519,2219.8517
899,6545.1234,2806.9482,2226.3232
900,6535.8419,2777.4925,2224.5321
901,6520.5898,2744.8875,2245.6039
902,6471.7702,2698.2973,2226.3169
903,6417.7963,2671.6331,2188.535
904,6243.5988,2614.1491,2107.8812
905,6405.9554,2871.9582,2228.4283
906,7002.3882,3130.212,2447.7198
907,6965.3645,3097.7964,2421.0433
908,6819.8579,3048.1516,2362.1429
909,6452.6498,2849.3722,2225.1688
910,5936.4608,2540.0963,2029.4653
911,5422.5656,2305.3653,1846.7235
912,4665.999,2033.5315,1479.8795
913,4491.277,1968.1136,1472.4076
914,4525.8684,1899.749,1486.1038
915,4743.3026,1859.3654,1610.7856
916,5207.9004,1902.83,1797.013
917,5669.8713,2126.3778,1939.3556
918,5916.6447,2510.0749,2003.8296
919,6104.8756,2693.4707,2089.3288
920,6238.7672,2729.2355,2143.5486
921,6284.7503,2813.0706,2195.019
922,6211.3972,2831.7456,2212.5025
923,6143.0808,2800.739,2212.4947
924,5994.0288,2778.9988,2198.6819
925,5909.3515,2730.8839,2153.7359
926,5937.8459,2657.9295,2118.8761
927,6206.2929,2595.7925,2160.1732
928,6402.6324,2563.1849,2360.1264
929,6584.7196,2783.5833,2443.9247
930,6619.6313,3130.0883,2441.2779
931,6161.1617,3051.0404,2226.6715
932,5763.7074,2945.4757,2013.7348
933,5347.5932,2810.237,1815.3533
934,4978.4342,2547.6855,1658.2534
935,4794.1451,2294.4794,1576.3876
936,4534.4964,1948.2955,1515.6854
937,4516.864,1879.8651,1534.7998
938,4469.7946,1814.7051,1528.3329
939,4572.9257,1786.9057,1577.8474
940,4894.7885,1818.2044,1726.4889
941,5285.7243,1966.2826,1943.2611
942,5694.9703,2157.7122,2093.1021
943,5876.004,2326.8359,2154.6338
944,5965.9535,2363.9676,2170.2952
945,5999.8048,2405.7628,2164.8615
946,5917.1755,2449.0563,2131.9186
947,5742.54,2450.5731,2067.7836
948,5670.1105,2472.1922,2050.3685
949,5526.1541,2451.9241,1982.5084
950,5484.3932,2440.8935,1932.913
951,5458.3752,2451.6215,1908.0197
952,5456.0762,2511.9943,1909.7905
953,5455.8702,2539.9358,1941.0698
954,5744.7022,2554.7709,2185.4428
955,6159.3388,2603.0306,2335.7727
956,5929.4215,2776.5441,2198.0826
957,5424.5047,2659.8094,1952.9564
958,4973.5031,2378.5118,1734.3527
959,4688.0615,2092.7033,1590.1398
960,4223.2594,1737.2477,1480.8893
961,4222.0155,1797.6073,1485.4003
962,4300.6304,1872.0759,1541.3335
963,4557.2279,2092.5902,1704.6064
964,4983.277,2477.5804,2027.4084
965,5134.7716,2682.5664,2180.6417
966,5471.2469,2724.8799,2225.7307
967,5857.5571,2756.1207,2246.958
968,5902.5595,2810.3949,2293.8334
969,6010.6702,2813.5258,2295.7551
970,6077.9505,2754.5513,2261.9486
971,6107.4775,2735.8473,2249.186
972,6085.9535,2679.8696,2223.5161
973,6098.0662,2654.938,2201.5527
974,6023.4225,2609.954,2175.9217
975,5889.846,2630.2511,2214.4304
976,5902.9092,2911.4803,2485.9377
977,5981.9397,2902.4243,2465.6752
978,5982.8199,2728.5766,2289.722
979,5752.6792,2553.0173,2132.8383
980,5529.5609,2349.4666,1924.4841
981,5408.4043,2105.5402,1695.0193
982,5397.7405,1892.7098,1539.883
983,5007.5474,1797.8836,1445.2545
984,4714.3625,2067.627,1624.7197
985,4566.1181,1896.926,1496.3346
986,4437.2528,1844.0949,1447.8175
987,4411.5447,1826.9946,1427.869
988,4514.5962,1917.0231,1471.3271
989,4853.8196,2115.9182,1630.0393
990,5487.7453,2471.8817,1897.834
991,5936.5796,2610.2303,2073.0074
992,6264.6346,2704.9249,2184.9592
993,6533.4089,2816.6409,2267.5347
994,6688.7639,2839.94,2304.2291
995,6685.7474,2872.4818,2307.9091
996,6607.0286,2872.4082,2292.2772
997,6550.8543,2841.3384,2261.9719
998,6482.3042,2782.3376,2204.2322
999,6458.5661,2751.1941,2177.9957
1000,6506.2716,2751.0599,2174.3655
1001,6710.8946,2791.6067,2302.679
1002,7087.2456,3083.7323,2607.814
1003,6998.3045,3058.8454,2577.3098
1004,6798.0353,2973.4093,2481.6809
1005,6445.6164,2743.6707,2279.7329
1006,5888.7165,2473.3906,2021.9156
1007,5284.5792,2184.4117,1761.4887
1008,4932.5297,1948.2244,1605.6395
1009,4752.2585,1974.3571,1575.4074
1010,4675.7054,1941.8994,1533.2715
1011,4673.8635,1948.3586,1533.371
1012,4785.2452,2037.0308,1578.359
1013,4953.8719,2163.0899,1661.0014
1014,5155.6031,2279.6984,1751.9016
1015,5333.558,2431.898,1830.8686
1016,5492.95,2509.1791,1927.1947
1017,5604.2832,2634.5936,1994.0995
1018,5669.7043,2683.9595,2051.7646
1019,5636.0278,2668.3206,2069.1066
1020,5606.3935,2640.2949,2085.5415
1021,5572.7274,2615.4528,2087.3201
1022,5613.582,2626.3123,2145.9545
1023,5667.9836,2691.6986,2177.2136
1024,6099.5438,2973.2751,2352.5861
1025,6421.9181,3238.505,2388.2411
1026,6283.7454,3024.0052,2176.5847
1027,6065.9286,2896.6109,2320.4011
1028,5865.3548,2767.5472,2299.107
1029,5569.8553,2612.0587,2141.2181
1030,5235.6946,2410.1853,1944.9106
1031,4902.7811,2242.6862,1793.6005
1032,4732.2519,2090.7971,1647.8329
1033,4428.0579,2017.9637,1486.4785
1034,4315.635,1968.2005,1448.8008
1035,4254.2941,1943.2978,1422.1398
1036,4242.0152,1938.6053,1410.1724
1037,4363.7872,2020.9683,1440.4963
1038,4454.8507,2120.4369,1415.872
1039,4641.9174,2222.8786,1485.5931
1040,4939.3609,2404.6549,1625.1551
1041,5099.7976,2566.1737,1735.3345
1042,5197.9076,2632.9663,1824.3209
1043,5242.8425,2674.8509,1900.3985
1044,5258.0739,2656.1864,1945.2605
1045,5237.6898,2597.1067,1961.6565
1046,5200.9933,2551.9543,1959.7193
1047,5200.0283,2559.5908,1946.7856
1048,5415.7971,2666.5828,1944.0299
1049,6179.2017,2969.4811,2142.5684
1050,6265.4639,2959.4715,2167.7944
1051,6147.9263,2844.8824,2071.6378
1052,6001.8233,2736.3499,1981.8391
1053,5657.5078,2567.1499,1842.3906
1054,5253.65,2385.1947,1721.9819
1055,4932.3524,2231.0651,1649.1926
1056,4514.2405,2010.3167,1591.1201
1057,4411.8356,1918.5319,1454.3745
1058,4647.8257,1946.5655,1492.9205
1059,5191.402,2046.1815,1621.4005
1060,5994.5663,2239.1016,1868.2011
1061,6292.3266,2416.396,2157.0365
1062,6212.0915,2686.4841,2253.5835
1063,6331.6164,2830.6156,2302.3447
1064,6407.3845,2818.2103,2317.0352
1065,6363.5913,2835.2239,2329.8461
1066,6269.7035,2818.1367,2311.5347
1067,6282.7155,2782.5139,2293.2108
1068,6197.8529,2774.7142,2263.8267
1069,6193.6324,2785.5132,2217.0757
1070,6314.9837,2800.9363,2203.2722
1071,6951.5329,2922.2135,2288.7262
1072,7559.0839,3049.2868,2381.2371
1073,7047.8373,2903.228,2365.7778
1074,6456.4828,2977.8755,2494.1598
1075,5927.3181,2923.5435,2348.2679
1076,5326.4934,2741.6724,2139.9868
1077,4833.7655,2534.9197,1869.3711
1078,4639.1952,2320.5226,1679.3905
1079,4615.3843,2199.4059,1675.4555
1080,5071.4269,2297.0709,1633.046
1081,4694.8414,2127.9367,1576.9387
1082,4590.7105,2051.7092,1497.9919
1083,4549.8057,1961.5518,1440.1853
1084,4680.7829,1969.241,1440.2771
1085,5287.6493,2222.3576,1621.1828
1086,5874.4606,2682.3453,1936.0908
1087,6075.0674,2910.8066,2221.4545
1088,6149.744,2910.8487,2311.3823
1089,6111.9837,2929.5053,2379.3233
1090,6141.689,2966.7791,2388.5474
1091,6129.3703,2929.5159,2423.3247
1092,6105.9075,2875.2049,2442.506
1093,6102.8771,2796.0886,2446.1503
1094,6044.7588,2861.1486,2422.2714
1095,5933.5762,2867.0816,2317.7029
1096,6068.1074,2803.2594,2203.1245
1097,6459.4231,3006.8733,2303.6515
1098,6720.113,3348.9042,2687.0034
1099,6700.443,3408.0076,2721.7699
1100,6492.8364,3375.521,2649.1826
1101,6078.817,3238.7944,2470.0773
1102,5575.0246,2914.0639,2169.9002
1103,5169.0185,2581.5231,1903.7193
1104,4430.4175,1737.2582,1504.7464
1105,4397.3408,1805.2439,1513.7326
1106,4425.1055,1907.7829,1531.098
1107,4697.0884,2193.5624,1648.4306
1108,5232.918,2665.7028,1890.5119
1109,5614.3905,2738.9783,2064.0561
1110,5759.4834,2616.4395,2126.8603
1111,5817.8372,2613.356,2186.6709
1112,5948.6101,2631.9915,2228.9032
1113,6064.9559,2613.3533,2221.6023
1114,6027.1367,2545.1071,2204.2245
1115,6013.8114,2520.1992,2206.9709
1116,5929.9364,2439.5793,2161.1146
1117,5943.1718,2410.0631,2151.9231
1118,6095.3112,2526.5058,2234.4069
1119,6456.088,2804.4988,2538.6969
1120,6055.8658,2826.7231,2716.567
1121,6070.8496,2798.6027,2604.1185
1122,5852.0244,2646.3925,2469.6537
1123,5571.8446,2445.9227,2306.3979
1124,5238.2819,2124.3599,2064.2233
1125,4899.6566,1897.4917,1822.8409
1126,4597.0794,1822.7521,1683.1218
1127,4477.5925,1807.1948,1634.2206
1128,4857.3122,2347.0131,1626.6414
1129,4709.3691,2199.7374,1609.9717
1130,4798.8978,2156.2518,1597.953
1131,5012.0353,2151.5752,1632.7024
1132,5355.01,2202.8789,1767.4517
1133,5779.0596,2498.088,2094.9217
1134,6156.1395,3021.7216,2314.5025
1135,6259.4864,3229.9253,2338.6488
1136,6265.8483,3167.8804,2306.7609
1137,6271.1949,3091.8161,2298.6476
1138,6326.2413,3097.9648,2317.9626
1139,6325.1135,3071.4033,2329.8709
1140,6388.3516,3068.2013,2342.6693
1141,6436.213,3046.3585,2345.3924
1142,6594.2694,2964.0481,2324.2631
1143,7010.3999,2802.661,2304.0036
1144,7000.162,2841.5094,2574.3737
1145,7225.8078,3380.2819,2790.9794
1146,7022.3639,3466.1047,2731.8887
1147,6735.4405,3410.2059,2635.5875
1148,6320.8542,3334.1127,2444.821
1149,5739.618,3132.0813,2170.4709
1150,5224.3024,2762.4326,1896.9081
1151,5012.9643,2533.8923,1734.2594
1152,4526.1932,1922.3418,1560.6858
1153,4554.0851,1936.0349,1574.2156
1154,4657.0344,1957.7882,1568.6917
1155,4921.4981,2026.1713,1631.0637
1156,5585.3636,2287.127,1841.1467
1157,6319.1201,2756.2497,2182.4965
1158,6512.9815,2924.3829,2293.681
1159,6580.7899,2874.8328,2265.3363
1160,6749.0167,2855.9867,2258.9099
1161,6912.2085,2889.8901,2286.4874
1162,6921.2874,2889.7243,2290.1472
1163,6792.4861,2858.4887,2258.9332
1164,6777.0817,2866.1147,2305.6625
1165,6782.0803,2786.8695,2306.5494
1166,6803.4381,2710.7473,2293.6546
1167,7012.5663,2743.2971,2297.2693
1168,7540.5823,3010.4279,2467.9069
1169,7214.082,3219.0499,2662.655
1170,6762.0141,3087.1053,2551.9462
1171,6423.014,3003.1913,2459.2705
1172,5893.9134,2801.3336,2262.9273
1173,5377.7781,2521.7449,2014.1926
1174,4981.0206,2256.0572,1788.3254
1175,4773.3898,2080.5743,1621.2481
1176,4315.9597,1940.9589,1501.0353
1177,4321.9546,1933.325,1487.2535
1178,4264.6819,1959.9155,1464.4078
1179,4271.931,2009.8866,1474.6573
1180,4460.8846,2205.685,1562.8702
1181,4800.9035,2511.4011,1761.0386
1182,4989.1707,2868.3341,1980.4033
1183,5168.1219,2989.3376,2111.6265
1184,5383.6847,2961.1751,2191.2504
1185,5443.0486,2873.9828,2226.8572
1186,5444.0224,2791.4777,2277.0954
1187,5388.808,2722.9895,2293.4525
1188,5340.8462,2679.4118,2290.6843
1189,5270.3953,2631.2679,2285.1868
1190,5270.5113,2620.5715,2306.4686
1191,5503.684,2766.9145,2403.2783
1192,6123.0631,3178.9689,2684.3301
1193,6328.3222,3254.6832,2768.3405
1194,6294.4777,3196.9335,2693.7803
1195,6140.0428,3094.3234,2585.3779
1196,5855.8294,2910.8856,2403.5386
1197,5528.7187,2668.5496,2163.054
1198,5112.814,2367.4364,1905.2786
1199,4869.4553,2212.3374,1760.4027
1200,4694.5377,2106.9859,1656.8627
1201,4348.2279,1995.4488,1502.0202
1202,4197.8923,1919.495,1512.0909
1203,4095.6345,1888.6515,1583.6606
1204,4068.9301,1904.2983,1668.0753
1205,4164.9835,2012.9781,1748.8613
1206,4399.0036,2172.88,1867.283
1207,4545.1239,2287.6296,1919.6279
1208,4869.1974,2492.3735,1974.6959
1209,5166.7222,2650.4797,2014.1413
1210,5361.9928,2710.8499,2025.0973
1211,5422.372,2650.2429,2009.4359
1212,5443.7782,2578.7711,1994.6972
1213,5393.6491,2513.569,2025.8335
1214,5290.3673,2425.2257,2167.031
1215,5098.2206,2343.1758,2421.2041
1216,5244.031,2522.0186,2482.0478
1217,5998.9721,3063.6115,2600.3996
1218,6254.4081,3085.4595,2537.22
1219,6145.2717,3032.4996,2410.5217
1220,6006.4351,2976.3087,2226.9551
1221,5782.6737,2831.7588,2004.8845
1222,5468.7394,2623.5998,1841.5448
1223,5089.1746,2400.0178,1756.1684
1224,4546.3193,2002.7827,1566.3465
1225,4453.799,1890.9588,1584.5802
1226,4342.49,1848.9321,1568.883
1227,4296.6246,1830.236,1604.5333
1228,4353.0292,1884.5838,1716.3421
1229,4602.3983,2066.3786,1937.3749
1230,5260.0854,2457.6175,2164.8652
1231,5773.9928,2715.3845,2214.543
1232,5833.7012,2667.7011,2272.6046
1233,5954.4821,2686.6051,2305.8366
1234,6006.6886,2717.767,2339.8778
1235,5990.3572,2725.4614,2341.7264
1236,5947.5637,2726.9151,2340.7912
1237,5894.4042,2734.4727,2326.9644
1238,5883.1007,2700.1483,2284.6793
1239,5822.0196,2701.4177,2267.0682
1240,5742.7236,2673.292,2249.4852
1241,5512.3882,2599.2971,2297.4792
1242,5820.8477,2910.4319,2416.3224
1243,6270.5543,2995.8863,2393.4922
1244,6156.7888,2947.8766,2285.3743
1245,5878.5132,2753.7503,2098.2428
1246,5402.096,2441.354,1885.2284
1247,4939.1219,2198.7285,1716.175
1248,4583.5151,2058.5842,1680.0785
1249,4404.7146,1892.3309,1557.068
1250,4493.5812,1929.6625,1605.6924
1251,4832.7752,2134.6353,1779.982
1252,5290.806,2426.7319,2091.0467
1253,5504.7434,2604.0474,2299.3231
1254,5699.1821,2776.581,2282.9753
1255,5796.4915,2778.1346,2244.4915
1256,5897.4587,2774.9089,2276.594
1257,5949.3969,2670.8847,2326.051
1258,5969.6407,2706.4206,2355.3402
1259,5974.6238,2695.4663,2370.8617
1260,5983.7459,2661.2262,2392.7987
1261,6002.0717,2653.4265,2421.187
1262,6205.1686,2731.0102,2526.6346
1263,6692.4667,3021.3058,2752.2873
1264,6410.3057,2967.258,2633.288
1265,6462.5712,3072.7464,2646.0957
1266,6312.5507,3007.7732,2573.8412
1267,5923.2032,2818.313,2364.7385
1268,5517.3755,2648.884,2102.3293
1269,5169.6383,2457.7307,1845.4036
1270,4886.513,2260.4076,1699.4743
1271,4698.1297,2150.011,1669.8819
1272,4939.4308,2252.1869,1661.4063
1273,4784.036,2255.1915,1631.0622
1274,4947.5343,2331.1953,1661.4281
1275,5401.2026,2506.5019,1763.5067
1276,6134.1602,2827.8911,1946.4491
1277,6659.4956,2941.5317,2049.3307
1278,6783.1095,3041.4477,2195.0594
1279,6640.319,3088.2563,2286.6958
1280,6516.88,3082.0023,2270.2143
1281,6383.1425,3024.5394,2248.2057
1282,6302.4226,2960.8988,2233.5184
1283,6248.2062,2859.9687,2205.0492
1284,6138.8741,2731.1496,2156.4015
1285,6030.689,2617.8563,2119.7087
1286,6090.013,2582.1283,2125.2683
1287,6640.8402,2833.486,2275.0253
1288,7223.4431,3056.9602,2336.0261
1289,6833.3297,3224.9092,2337.7487
1290,6514.4591,3130.504,2363.1838
1291,6167.9121,2995.439,2248.2446
1292,5682.236,2818.4261,2089.1951
1293,5212.8948,2644.3495,1935.7052
1294,4935.7973,2518.2772,1803.4737
1295,4824.3861,2381.4243,1723.6352
1296,5062.2043,2207.4608,1768.5377
1297,4694.9401,2015.0328,1663.1724
1298,4435.7711,1908.096,1573.3722
1299,4204.2283,1796.7063,1495.6871
1300,4051.6518,1752.1407,1462.9402
1301,4404.4309,2003.6537,1667.49
1302,5231.9574,2526.6295,2098.5436
1303,5888.7053,2860.366,2312.3159
1304,6117.6022,2914.6533,2393.0801
1305,6310.4906,2982.7732,2460.9263
1306,6409.5207,3039.8914,2535.191
1307,6359.4002,3033.6348,2495.7627
1308,6306.2597,2997.9173,2460.8563
1309,6393.9241,2983.8874,2467.2236
1310,6354.1453,2926.5376,2429.6003
1311,6026.859,2736.1263,2293.1206
1312,6068.0911,2725.6246,2317.3929
1313,7094.1304,3253.2007,2784.089
1314,7352.2997,3403.673,2952.6697
1315,7388.4317,3394.0855,2925.7334
1316,7407.2239,3345.6549,2873.1211
1317,7136.0624,3134.3781,2660.1611
1318,6445.5635,2760.2422,2307.0026
1319,5721.3863,2367.5128,2012.6355
1320,4850.3228,2007.4068,1640.4496
1321,4754.9748,2039.7802,1575.3203
1322,4623.0913,1997.8166,1523.9152
1323,4603.61,2014.8775,1524.8053
1324,4711.8419,2100.3135,1581.669
1325,5028.7494,2361.3641,1753.3396
1326,5718.6572,2821.1729,2079.1057
1327,6172.5783,3009.1768,2247.0684
1328,6242.2632,2953.307,2349.7339
1329,6236.2389,2796.5491,2408.4212
1330,6210.7749,2903.5648,2417.6251
1331,6135.1938,2830.6446,2386.4516
1332,6032.0142,2752.9661,2348.8392
1333,5970.6526,2690.7634,2318.5681
1334,5887.8777,2608.4346,2252.5364
1335,5865.264,2580.4273,2234.1612
1336,6057.0783,2671.9594,2280.92
1337,6779.906,3091.003,2535.0729
1338,6682.0688,3107.2892,2637.167
1339,6483.047,2994.1985,2555.5376
1340,6280.7351,2905.6394,2455.561
1341,5993.507,2750.172,2288.5241
1342,5593.6516,2537.068,2077.3443
1343,5204.2938,2302.6027,1885.5245
1344,4682.47,2179.9929,1527.9109
1345,4578.1348,2176.8331,1564.4653
1346,4442.178,2108.3869,1488.338
1347,4367.614,2100.453,1444.352
1348,4473.7772,2196.5249,1472.8554
1349,4704.7098,2354.9075,1553.7518
1350,5269.4829,2656.0101,1729.0776
1351,5703.6302,2868.6668,1871.3269
1352,5843.1264,2973.0409,2004.3925
1353,5944.8536,3054.1345,2111.7493
1354,6037.9875,3100.9826,2197.037
1355,6049.1802,3070.0733,2226.3325
1356,6026.6131,3023.4305,2215.2287
1357,6046.7894,2982.9205,2200.4496
1358,6000.6245,2916.0227,2175.6651
1359,5826.8209,2852.0506,2120.7775
1360,5768.7389,2895.4362,2171.4076
1361,6534.9142,3333.5943,2623.5859
1362,6552.6747,3332.6353,2632.897
1363,6364.6516,3272.1204,2505.3398
1364,6258.2512,3262.7934,2409.8322
1365,6056.7624,3137.0053,2281.2729
1366,5732.6007,2944.2168,2146.2266
1367,5249.1508,2599.3234,1969.9128
1368,5295.3995,2333.5699,1602.0933
1369,5059.1739,2193.6387,1577.1548
1370,4890.6546,2224.6533,1541.3972
1371,4824.329,2317.8337,1546.9553
1372,4815.2518,2469.9597,1605.6924
1373,4906.2374,2604.9721,1724.9514
1374,5151.5661,2778.8488,1857.0802
1375,5399.8299,2965.0202,2052.3794
1376,5709.3827,3048.9079,2194.5292
1377,5976.0086,3045.8296,2248.676
1378,6047.4436,2985.2541,2227.5808
1379,6062.6992,2943.3222,2186.3118
1380,6054.5075,2907.5652,2103.8078
1381,5970.8264,2923.0277,2031.4087
1382,5886.1907,2964.9466,1993.9036
1383,5803.6409,3118.5577,2017.9535
1384,5856.3652,3070.9296,2262.1321
1385,6385.7618,3085.3096,2382.4584
1386,6750.3159,3079.2319,2389.8557
1387,6669.4782,2939.4875,2326.4242
1388,6537.3939,2745.3112,2219.805
1389,6332.5182,2552.6095,2059.0546
1390,6071.5461,2424.9231,1913.0258
1391,5617.8136,2460.2775,1829.3737
1392,4659.0287,2129.7113,1648.6483
1393,4578.9743,2024.0835,1554.1645
1394,4536.7356,1977.3748,1494.6167
1395,4566.0254,1971.0498,1456.2992
1396,4823.0426,2073.3757,1496.8851
1397,5417.637,2349.8519,1626.3857
1398,6045.6925,2822.2002,1917.1816
1399,6242.6362,2996.3874,2094.1912
1400,6367.7207,2928.2806,2177.6225
1401,6420.1939,2849.317,2231.6745
1402,6478.6897,2832.3245,2270.1443
1403,6463.4341,2796.5544,2264.6142
1404,6402.1106,2746.7964,2248.0689
1405,6434.7891,2721.899,2237.9734
1406,6415.2767,2707.8743,2209.5711
1407,6406.7456,2693.8417,2195.0563
1408,6407.5358,2737.3194,2181.6042
1409,6779.6629,3032.4127,2309.1163
1410,7351.2913,3448.7201,2399.987
1411,6869.648,3230.0279,2497.7854
1412,6423.7031,3014.435,2463.5265
1413,5951.7557,2834.2281,2326.5896
1414,5462.8,2557.5703,2098.0507
1415,5147.286,2339.816,1931.907
1416,4550.2766,1973.2429,1684.2676
1417,4405.7212,1882.9407,1652.0796
1418,4421.9626,1909.2707,1656.6248
1419,4610.828,2038.1292,1730.8957
1420,5034.8724,2326.9397,1929.9885
1421,5760.444,2741.6619,2253.9293
1422,5919.5029,2804.1278,2327.6663
1423,5839.4339,2779.3935,2396.5673
1424,5900.8284,2805.7261,2522.2045
1425,5972.4764,2808.9202,2611.2048
1426,5931.7949,2810.4896,2639.7082
1427,5851.2879,2799.6537,2636.1059
1428,5918.7154,2829.1278,2670.9937
1429,5910.5773,2812.0353,2605.9639
1430,5861.576,2777.8478,2547.2828
1431,5794.1243,2756.1155,2482.1458
1432,5760.285,2762.2168,2459.2005
1433,6160.2745,2914.1244,2569.4422
1434,5855.6452,2961.1172,2611.7926
1435,5564.7021,2792.1435,2454.056
1436,5350.8289,2566.9684,2246.5935
1437,4991.764,2273.3944,1978.5236
1438,4624.4729,2069.7648,1784.6951
1439,4490.1917,1945.3961,1683.5657
1440,4861.3059,2072.401,1688.861
1441,4640.6926,2045.9289,1532.0207
1442,4520.1644,1999.3124,1475.1446
1443,4466.2493,1979.1679,1447.7133
1444,4566.667,2081.6543,1479.9993
1445,4867.6238,2292.9758,1598.6682
1446,5417.6053,2625.585,1852.9533
1447,5954.8076,2815.0715,2025.5374
1448,6137.4564,2797.9975,2109.9148
1449,6250.7008,2751.3836,2192.4545
1450,6277.22,2718.7575,2267.6202
1451,6258.7471,2670.5768,2306.9895
1452,6215.7978,2616.1843,2314.3059
1453,6188.059,2580.4405,2327.9944
1454,6127.7438,2515.2147,2305.0165
1455,6060.4982,2498.0959,2269.2029
1456,6103.8093,2561.6997,2243.4942
1457,6495.8193,2844.4114,2273.0057
1458,7146.3785,3223.6582,2409.3293
1459,6776.0882,3046.6006,2524.5942
1460,6543.6675,2928.4727,2460.0782
1461,6214.2925,2749.8194,2281.852
1462,5804.1438,2522.8591,2049.518
1463,5385.1897,2300.6544,1844.0175
1464,4720.5617,1987.0676,1675.3233
1465,4673.4957,1901.6395,1521.3306
1466,4795.8848,1897.0549,1558.817
1467,5137.8633,1953.2142,1697.1577
1468,5603.6322,2161.5153,1917.1512
1469,5927.9689,2516.8025,2053.8968
1470,6034.0327,2658.0479,2120.3764
1471,6204.8995,2710.9289,2163.7459
1472,6280.5394,2726.3862,2203.2069
1473,6337.7584,2748.0211,2234.4038
1474,6295.8972,2741.7145,2229.8383
1475,6344.7323,2729.2303,2237.1595
1476,6351.6178,2741.5961,2238.963
1477,6219.762,2685.7368,2205.0368
1478,6230.8456,2654.7012,2181.147
1479,6270.6364,2597.2435,2140.74
1480,6555.5067,2558.4187,2104.9404
1481,6519.1825,2490.2252,2252.5939
1482,6436.0572,2699.993,2357.4671
1483,6294.2578,2910.8435,2269.5341
1484,5732.5982,2707.3164,1996.329
1485,5326.7219,2430.8613,1746.855
1486,5016.6238,2207.2345,1614.5489
1487,4777.1307,2067.4586,1550.0454
1488,4548.0538,2115.4235,1638.6352
1489,4304.9219,2073.4757,1604.5116
1490,4278.3889,2129.2561,1578.7919
1491,4231.7073,2299.8887,1581.5539
1492,4371.0425,2469.1334,1657.7589
1493,4732.7671,2559.5829,1808.4838
1494,5282.1548,2710.5473,1984.7992
1495,5595.7514,2845.6387,2138.0341
1496,6241.981,2827.1058,2166.5172
1497,6334.0858,2817.8577,2181.2497
1498,6422.9992,2788.4994,2192.313
1499,6480.1991,2752.8451,2208.8552
1500,6449.3833,2710.9578,2188.6859
1501,6407.5012,2723.3368,2182.247
1502,6257.6071,2824.0775,2140.9593
1503,6170.8819,3036.4894,2207.8034
1504,6155.5761,2979.0449,2457.9497
1505,6378.4746,2977.5439,2485.5397
1506,6245.8996,2900.3339,2415.3872
1507,6071.9383,2756.1497,2331.9092
1508,5840.7806,2540.4568,2206.1539
1509,5553.3569,2321.4014,2023.44
1510,5154.754,2167.4061,1827.875
1511,4715.4834,1985.5613,1669.9223
1512,5033.5679,2106.2412,1773.243
1513,4876.2377,2093.6307,1718.1113
1514,4789.4502,1975.6607,1631.0373
1515,4801.7204,1879.5125,1565.1221
1516,4889.6514,1815.9877,1523.1138
1517,4984.7622,1842.6124,1524.1889
1518,5225.9328,1959.0998,1577.5856
1519,5361.0024,2052.4881,1638.3096
1520,5476.5406,2217.1641,1777.73
1521,5543.0549,2429.8629,1888.6612
1522,5559.3916,2532.2598,1957.374
1523,5555.2213,2586.4576,1975.6233
1524,5511.248,2581.6915,1947.1184
1525,5535.6725,2524.1733,1910.3789
1526,5740.8347,2475.9268,1874.6057
1527,6233.0847,2393.6664,1835.2054
1528,6019.5327,2434.2238,1873.8214
1529,6220.8085,2876.798,2267.4134
1530,6165.1138,2904.9395,2304.2773
1531,6079.8461,2900.0707,2283.8359
1532,5900.7305,2916.9737,2347.705
1533,5643.0155,2896.5477,2322.6748
1534,5341.4727,2758.2228,2198.6794
1535,5052.3525,2519.1598,1987.694
1536,4850.0718,2267.7468,1680.5425
1537,4622.2941,2166.8219,1588.8237
1538,4525.0765,2067.4665,1507.23
1539,4489.2343,1999.1834,1455.0173
1540,4570.8865,2002.3696,1441.3335
1541,4731.4825,2073.8862,1490.0108
1542,4870.4887,2182.4634,1542.3542
1543,5035.0611,2213.6174,1624.9716
1544,5256.9737,2407.7359,1788.2398
1545,5366.5499,2521.0239,1911.0498
1546,5374.9199,2555.172,1986.2108
1547,5320.8801,2519.5124,2024.69
1548,5246.3144,2449.6231,2030.1796
1549,5200.2776,2373.5825,1986.189
1550,5193.0198,2317.6995,1936.7118
1551,5138.8605,2238.6016,1892.7679
1552,5121.6003,2203.0289,1882.7734
1553,5871.1221,2607.9952,2183.7146
1554,6237.784,2898.6118,2487.3198
1555,6131.787,2887.8602,2490.821
1556,5928.6797,2875.3049,2443.8135
1557,5485.4328,2772.6501,2305.1167
1558,5059.0513,2572.1382,2054.664
1559,4763.325,2337.6282,1803.4426
1560,4741.2124,2028.7601,1642.1115
1561,4551.9488,1933.9866,1533.9377
1562,4601.7837,1913.6816,1465.0958
1563,4843.4986,1969.391,1426.4984
1564,5356.7982,2152.3657,1442.9597
1565,5744.4544,2470.6265,1566.8898
1566,5926.2672,2651.3071,1842.2871
1567,6059.45,2661.1446,2019.5097
1568,6069.9233,2658.0216,2130.5963
1569,6051.6461,2645.6242,2220.5645
1570,6041.396,2603.8395,2307.7287
1571,6020.8891,2555.7246,2301.3194
1572,5973.7695,2515.3436,2333.3457
1573,5957.2926,2485.8327,2338.8292
1574,5981.6565,2465.6409,2291.1026
1575,6207.0641,2450.0231,2225.0304
1576,6486.5687,2601.9254,2169.0988
1577,6418.5605,2833.0913,2263.8283
1578,6390.1658,2893.8457,2588.7758
1579,6137.4799,2824.559,2575.0469
1580,5719.8649,2697.6278,2482.463
1581,5268.0939,2466.3093,2294.3854
1582,4956.9147,2245.4977,2053.8059
1583,4754.9533,2055.7216,1815.005
1584,4464.3745,1866.0535,1624.8348
1585,4374.1169,1720.0078,1602.5557
1586,4360.8434,1665.7574,1551.2315
1587,4450.8345,1656.6357,1535.7474
1588,4759.6212,1733.071,1592.8893
1589,5299.4843,1927.5342,1726.3545
1590,5682.9112,2230.1825,1876.0198
1591,5981.1207,2430.2681,2033.7673
1592,6256.7857,2541.9052,2183.1806
1593,6489.5914,2633.3767,2287.7289
1594,6583.4394,2748.0869,2369.3195
1595,6603.8511,2797.6659,2391.2891
1596,6635.4797,2800.7153,2410.5046
1597,6627.2274,2796.0176,2452.5736
1598,6553.6665,2764.9346,2461.6624
1599,6480.2424,2749.5037,2455.2158
1600,6341.3643,2726.4704,2398.3615
1601,6184.9161,2627.5043,2282.0697
1602,6513.9969,2604.1842,2239.4947
1603,6774.4669,2658.4057,2334.7427
1604,6326.9752,2797.6501,2381.2045
1605,5756.8001,2638.9887,2259.7222
1606,5185.5248,2331.4584,2036.5812
1607,4828.8005,2121.859,1822.7964
1608,4994.7647,2086.1099,1542.2329
1609,4663.8819,2002.3354,1496.3579
1610,4768.8307,1963.5186,1447.7304
1611,5028.1053,1974.4834,1419.3592
1612,5585.8059,2067.9691,1463.6188
1613,6126.8453,2324.6087,1640.1721
1614,6319.5927,2698.6578,1908.0974
1615,6444.2981,2873.7723,2070.3901
1616,6581.156,2940.3938,2207.8547
1617,6619.0963,3011.721,2305.0647
1618,6589.4966,3022.5253,2346.3151
1619,6541.45,2934.0583,2319.6992
1620,6461.8111,2845.6177,2280.2678
1621,6406.6694,2763.3678,2245.4002
1622,6421.9163,2730.7628,2194.0185
1623,6562.3732,2760.0343,2142.5264
1624,6797.8716,2857.6256,2123.1648
1625,6789.789,3066.9856,2332.2566
1626,6574.2098,3225.6208,2501.4934
1627,6243.9018,3159.3282,2432.8272
1628,5857.8116,3101.7705,2380.3486
1629,5448.7561,2957.0995,2272.6761
1630,4970.2737,2632.4295,2038.5619
1631,4751.0607,2383.9342,1808.1712
1632,4502.4575,2163.491,1571.4506
1633,4324.6152,2000.5265,1519.0575
1634,4306.4556,1964.7932,1482.3834
1635,4445.6592,1975.6502,1486.124
1636,4851.9302,2124.7268,1568.9079
1637,5580.7642,2393.5217,1745.4767
1638,5878.8196,2726.023,2027.0656
1639,5861.6425,2869.0562,2187.5781
1640,6117.989,2901.6059,2294.8914
1641,6271.2476,2932.6599,2368.3221
1642,6319.315,2941.9869,2448.1014
1643,6314.1831,2935.7777,2495.7596
1644,6351.9173,2904.7948,2525.1079
1645,6237.5728,2827.2268,2525.0566
1646,6108.756,2757.3007,2480.0018
1647,5914.88,2707.6348,2426.7871
1648,5670.0551,2740.1688,2358.9129
1649,6076.4134,3110.7949,2404.7443
1650,6247.0447,3146.6334,2535.4274
1651,6016.8919,3071.0454,2496.942
1652,5671.9548,2934.4451,2371.915
1653,5120.9892,2729.3671,2156.9417
1654,4633.5923,2393.9296,1874.3025
1655,4353.6982,2115.9024,1682.5154
1656,4579.1544,1962.0386,1544.8984
1657,4442.3952,1958.7656,1538.4176
1658,4548.4355,1899.8674,1516.4106
1659,4750.6919,1867.4598,1530.2499
1660,5315.6451,1917.5599,1693.6969
1661,5906.6284,2214.5936,2022.3727
1662,5997.9758,2672.2357,2182.9598
1663,6055.1896,2833.3624,2213.2309
1664,6095.0515,2828.6068,2237.1113
1665,6136.9682,2809.9423,2256.434
1666,6104.2516,2809.8502,2246.3712
1667,6089.8797,2764.8004,2233.5261
1668,6041.9075,2722.85,2239.0174
1669,6008.1566,2696.3911,2203.182
1670,6043.8273,2625.0403,2192.1871
1671,6254.0851,2518.1088,2141.7701
1672,6439.2874,2526.4216,2300.4604
1673,6726.6228,2905.521,2627.8714
1674,6546.478,3205.8237,2573.8226
1675,6248.3378,3238.0734,2494.8493
1676,5798.9193,3169.543,2317.7092
1677,5294.0961,3006.3128,2081.7868
1678,4905.6705,2667.8496,1846.823
1679,4737.8548,2400.8978,1711.9648
1680,4602.8163,1890.5352,1711.9322
1681,4243.337,1806.7159,1537.753
1682,4203.2864,1850.0331,1481.6846
1683,4232.7632,1950.8001,1475.1804
1684,4370.7731,2045.5947,1496.2989
1685,4668.0418,2204.0588,1570.5932
1686,4818.2891,2359.3131,1624.7166
1687,5161.4456,2550.248,1703.5655
1688,5367.077,2624.9797,1820.2459
1689,5442.9056,2656.1837,1880.97
1690,5470.5717,2653.0949,1911.3701
1691,5470.5838,2608.0794,1924.2711
1692,5472.5677,2594.0205,1927.0268
1693,5464.2721,2614.057,1897.6396
1694,5406.088,2700.8414,1868.2555
1695,5444.8826,2804.692,1849.8384
1696,5748.1374,2939.5808,1830.5172
1697,5976.6976,2860.6539,1945.3538
1698,6345.5139,2904.6553,2220.7464
1699,6161.5814,2602.3385,2187.6496
1700,5780.7027,2287.377,2106.9351
1701,5285.2786,2079.2759,1976.6486
1702,4781.6179,1944.0293,1780.3629
1703,4528.8703,1904.852,1673.6645
1704,4413.9354,1853.2983,1420.2757
1705,4257.3781,1867.0414,1402.5543
1706,4243.0634,1891.9178,1409.8863
1707,4245.281,1861.0243,1411.7955
1708,4234.1421,2013.1739,1424.7121
1709,4457.8741,2197.9865,1538.4705
1710,4738.1301,2297.6366,1674.3835
1711,5024.3325,2439.1083,1802.9443
1712,5262.4208,2496.6081,1899.2876
1713,5398.2928,2521.4055,1935.9913
1714,5504.4993,2527.5068,1966.239
1715,5545.366,2507.1992,1965.3209
1716,5610.6001,2547.4802,1958.8728
1717,5677.851,2536.5259,1951.519
1718,5774.873,2566.0184,1967.1586
1719,5867.331,2561.6444,1999.4275
1720,5890.665,2603.8974,2029.0463
1721,5818.2233,2729.4513,2079.3996
1722,5856.8776,2796.2149,2266.4487
1723,5889.8962,2519.9019,2156.2677
1724,5485.0024,2209.2434,1932.2491
1725,5052.4633,2038.1529,1728.3919
1726,4725.3837,1924.6307,1587.9165
1727,4454.6325,1831.5028,1479.6681
1728,4575.9266,1826.8972,1445.745
1729,4476.9364,1876.5657,1447.5889
1730,4428.0631,2020.7184,1485.1344
1731,4535.6537,2219.2451,1626.3444
1732,4911.1764,2479.9377,1850.1998
1733,5441.6437,2618.3285,2045.7804
1734,5895.995,2722.9079,2156.9152
1735,6125.9487,2777.6004,2217.6004
1736,6232.292,2793.0866,2253.5073
1737,6332.3928,2797.7238,2265.5462
1738,6294.5615,2814.8373,2239.0687
1739,6216.9273,2820.9939,2210.7146
1740,6240.3071,2839.5926,2205.2529
1741,6195.3098,2838.0048,2194.2284
1742,6083.0219,2813.1785,2163.0082
1743,5989.0943,2709.2121,2143.7057
1744,5907.5373,2651.7965,2129.0059
1745,5829.3813,2741.6408,2211.4414
1746,6189.7876,2805.2156,2428.0348
1747,6730.4365,2633.5767,2374.1259
1748,6321.4883,2284.6803,2066.8127
1749,5706.2294,2050.1966,1789.6166
1750,5132.8612,1907.0003,1606.7737
1751,4723.1869,1785.5415,1476.3193
1752,4487.2764,1777.3813,1513.7109
1753,4414.788,1879.4756,1557.6175
1754,4374.966,2085.6757,1541.1142
1755,4411.8875,2420.6738,1553.1283
1756,4618.5186,2624.0193,1630.4473
1757,4979.8408,2664.7266,1752.93
1758,5477.4115,2676.0598,1885.9941
1759,5806.1927,2636.0235,1988.6658
1760,6005.4413,2632.8978,2084.8955
1761,6144.4562,2634.5436,2155.4989
1762,6232.3179,2640.8791,2216.0037
1763,6231.3407,2631.6758,2236.1932
1764,6215.0456,2620.9162,2241.7171
1765,6185.3438,2617.8484,2246.2763
1766,6156.6693,2639.5597,2243.4724
1767,6159.5438,2622.4146,2226.896
1768,6237.9337,2701.3888,2181.0289
1769,6429.4726,2831.5272,2120.4603
1770,6740.3004,2614.3491,2070.4771
1771,6851.0615,2386.7798,2185.1785
1772,6566.8569,2081.2322,2255.4491
1773,6150.5176,1882.3318,2104.6481
1774,5619.9724,1782.5658,1921.8503
1775,5216.3397,1752.6786,1802.4965
1776,4700.7013,1913.7158,1622.781
1777,4750.5448,1817.5123,1570.5123
1778,4617.7256,1808.4564,1610.7825
1779,4550.402,1835.2653,1728.1229
1780,4592.6442,1987.4491,1911.6195
1781,4818.0131,2254.2036,2039.3836
1782,5339.5937,2414.1793,2187.2563
1783,5913.4145,2533.8055,2209.4622
1784,6063.6237,2639.3939,2248.9761
1785,6251.4772,2707.6585,2237.1486
1786,6420.9045,2737.1589,2229.8477
1787,6513.6627,2737.151,2227.0982
1788,6443.1252,2727.8582,2184.8737
1789,6420.5946,2698.4026,2157.3024
1790,6377.6037,2622.3409,2133.4127
1791,6354.0595,2626.9465,2126.0464
1792,6440.7293,2673.5946,2165.4639
1793,6680.6248,2735.821,2428.6372
1794,7129.5526,2977.6992,2570.2685
1795,6892.0755,2966.4186,2386.0886
1796,6569.2909,2737.9863,2155.8037
1797,6272.5926,2470.916,1943.6809
1798,5898.0541,2196.1276,1750.7643
1799,5413.6183,1999.065,1639.6077
1800,4710.0347,1960.285,1646.7873
1801,4517.9209,1924.5885,1569.6751
1802,4504.5332,1831.3976,1489.7512
1803,4602.548,1747.5599,1418.0695
1804,4842.7517,1727.4944,1371.2579
1805,5148.5392,1925.0069,1484.2148
1806,5691.1625,2502.4647,1803.6945
1807,5962.1423,2767.9471,2009.3815
1808,6100.0709,2785.1633,2129.6596
1809,6150.1014,2780.6313,2203.1276
1810,6189.9061,2859.7924,2282.0526
1811,6266.383,2884.5661,2323.2984
1812,6232.6372,2895.3625,2303.1089
1813,6214.2094,2844.1246,2300.3376
1814,6230.5408,2771.1386,2259.9166
1815,6344.9287,2687.2404,2172.6948
1816,6411.63,2522.5749,2045.1096
1817,6413.967,2673.121,2278.8926
1818,6793.3501,3184.0072,2522.1501
1819,6628.8314,3227.9533,2553.8585
1820,6285.5294,3196.8887,2531.2134
1821,5879.6808,3064.6888,2443.9994
1822,5351.2822,2671.6752,2175.8937
1823,5053.5755,2399.8178,1949.871
1824,4644.785,1954.4521,1535.0874
1825,4469.9296,1864.4841,1487.0592
1826,4458.6868,1846.1038,1510.7825
1827,4556.9146,1899.2795,1619.8293
1828,4860.81,2028.2985,1794.1578
1829,5169.7422,2250.1901,1994.3987
1830,5557.9912,2456.5849,2119.3386
1831,5770.6137,2600.9954,2206.6163
1832,5935.1982,2703.4108,2265.4358
1833,6056.8299,2822.8475,2289.3691
1834,6043.7418,2891.1042,2284.8052
1835,5983.5721,2891.0148,2290.2716
1836,6011.1273,2945.2626,2277.467
1837,5878.5592,2942.2501,2251.808
1838,5810.2463,2895.7493,2219.6713
1839,5732.941,2884.9003,2180.1886
1840,5657.6058,2804.4751,2151.6417
1841,5611.0149,2745.3901,2213.838
1842,5724.0896,2756.0339,2394.795
1843,6074.291,2805.5156,2293.3383
1844,6024.5694,2749.2563,2038.3809
1845,5538.9244,2517.8404,1801.5809
1846,5058.5274,2238.4569,1633.4767
1847,4688.8188,1999.5492,1511.291
1848,4749.9969,2157.7528,1752.1215
1849,4681.5714,2046.0578,1664.9153
1850,4673.1183,2027.3039,1668.4989
1851,4740.2584,2044.3016,1732.637
1852,4938.1056,2165.2973,1822.5103
1853,5085.2603,2317.4943,1896.9555
1854,5247.9527,2406.1823,1976.8638
1855,5436.908,2538.0611,2054.0087
1856,5431.4897,2570.9582,2074.3973
1857,5430.0079,2543.2588,2085.4902
1858,5348.7574,2475.1179,2073.5476
1859,5257.1236,2400.6335,2046.8897
1860,5176.6079,2340.1054,2019.3324
1861,5136.7773,2285.6997,2009.2385
1862,5220.2956,2276.2964,2062.363
1863,5417.2244,2350.7729,2235.5821
1864,5849.0572,2614.4859,2433.5749
1865,5968.9751,2821.1439,2425.4725
1866,6126.8473,2927.0507,2456.2209
1867,6114.2983,2926.8823,2362.7298
1868,5817.0989,2779.4277,2168.2849
1869,5418.8007,2518.7272,1947.1743
1870,5051.771,2251.5911,1780.0566
1871,4823.377,2082.1358,1728.4432
1872,4629.7389,2080.227,1626.475
1873,4644.5495,2002.4222,1533.7495
1874,4476.1479,1921.6944,1497.0365
1875,4365.9961,1865.7851,1489.6874
1876,4332.4425,1868.8634,1533.7184
1877,4429.6048,1952.7748,1637.4419
1878,4600.4023,2049.1625,1725.5413
1879,4753.6627,2128.4077,1870.481
1880,5153.9707,2322.6182,2010.8755
1881,5465.5384,2465.6646,2088.9525
1882,5572.8139,2555.822,2106.5013
1883,5639.2832,2565.2463,2111.2393
1884,5626.0288,2524.8916,2092.945
1885,5505.6098,2473.6353,2050.789
1886,5382.2989,2414.5398,2021.4935
1887,5272.5298,2338.3965,2048.1592
1888,5223.4256,2282.5662,2213.2915
1889,5683.9933,2417.9023,2372.0767
1890,6176.625,2801.5389,2429.113
1891,6128.0884,2784.3754,2371.2426
1892,6029.459,2757.8928,2249.1145
1893,5831.8514,2647.6409,2079.2317
1894,5495.4263,2490.5515,1882.6801
1895,5112.4131,2310.213,1716.5971
1896,4695.9693,1731.3253,1510.3185
1897,4735.8242,1831.8712,1537.7841
1898,4789.9921,1988.387,1509.2838
1899,5068.9436,2261.2744,1544.9482
1900,5699.4356,2436.6784,1707.219
1901,6304.6263,2576.8438,2031.0946
1902,6337.6182,2687.7509,2169.9127
1903,6277.4121,2753.0661,2236.1419
1904,6309.0113,2802.6899,2284.8068
1905,6343.6304,2815.0426,2283.0469
1906,6258.7575,2849.1117,2228.9996
1907,6144.271,2875.4101,2181.3041
1908,6014.4977,2892.4316,2181.245
1909,5927.6288,2912.5392,2155.5425
1910,5953.0617,2864.3374,2114.2081
1911,5962.1821,2788.1416,2095.7039
1912,5973.4994,2863.8375,2090.8959
1913,6083.0375,2867.1658,2085.5866
1914,6264.4105,2754.8224,2344.6796
1915,6171.6437,2615.628,2389.8526
1916,5840.3419,2347.2804,2278.9075
1917,5415.9148,2142.126,2081.5452
1918,5023.2254,1970.8777,1865.7564
1919,4840.9738,1888.1305,1770.9382
1920,4533.4482,1924.9464,1531.3779
1921,4273.1479,1830.1176,1408.3503
1922,4365.2371,2109.309,1437.6722
1923,4702.5268,2636.7772,1566.0526
1924,5254.8696,2955.2354,1793.7
1925,5854.5787,2831.7903,1963.7476
1926,6233.3142,2748.2369,2047.3593
1927,6266.0429,2734.2358,2084.077
1928,6353.8527,2689.2624,2128.9514
1929,6371.0852,2673.8498,2146.3261
1930,6338.3548,2596.3056,2120.6516
1931,6305.581,2563.6638,2097.6986
1932,6300.3348,2503.1409,2096.7588
1933,6281.9017,2517.0867,2089.3801
1934,6175.8112,2518.6061,2073.7778
1935,6133.158,2526.2663,2059.0515
1936,6138.5739,2780.4761,2082.8262
1937,6492.2124,3118.9077,2240.782
1938,6689.9281,2908.2546,2405.2761
1939,6346.4322,2394.9769,2247.5955
1940,5667.9629,1961.9401,1978.7786
1941,5041.5286,1710.1614,1742.8174
1942,4640.819,1647.6428,1588.4468
1943,4463.8949,1664.4459,1503.8392
1944,4731.1431,1968.3399,1587.056
1945,4538.3655,1887.6727,1555.8109
1946,4544.7672,1827.1919,1488.0021
1947,4718.8981,1779.1902,1430.3806
1948,5259.9843,1853.9166,1448.158
1949,5947.9342,2188.0952,1645.0112
1950,6169.6286,2557.994,1895.4779
1951,6237.713,2688.385,2054.9308
1952,6338.5383,2691.3475,2136.498
1953,6352.5604,2725.3588,2202.5065
1954,6297.0881,2726.773,2262.9724
1955,6241.7421,2692.4933,2269.3242
1956,6190.5595,2679.9038,2279.3731
1957,6148.4905,2662.7087,2272.8705
1958,6140.2693,2642.3801,2253.5275
1959,6058.889,2617.4564,2227.7643
1960,6070.769,2594.1599,2196.5037
1961,6260.8089,2578.9158,2113.1594
1962,6445.928,2834.1334,2165.1165
1963,6186.1046,2917.8842,2349.301
1964,5866.7994,2864.9137,2471.7377
1965,5451.5534,2707.8769,2359.4329
1966,5083.6244,2395.6464,2091.4345
1967,4815.9607,2140.913,1840.0794
1968,4694.438,2042.9427,1579.6711
1969,4638.3884,2004.0259,1532.8859
1970,4733.4923,1976.087,1497.1392
1971,5123.9226,1983.9209,1510.0682
1972,5778.2514,2143.9544,1615.7833
1973,6540.9402,2465.6698,1870.1445
1974,6488.281,2742.4907,2092.2042
1975,6384.2437,2818.684,2206.8185
1976,6436.3238,2816.9909,2288.4479
1977,6380.2396,2835.4659,2330.6506
1978,6278.9243,2838.4943,2356.3112
1979,6166.4165,2776.3915,2342.5745
1980,6107.063,2763.8836,2339.8592
1981,6035.5102,2698.542,2309.5679
1982,6082.3113,2640.9975,2273.759
1983,6254.7464,2575.7954,2193.0383
1984,6576.3288,2555.6878,2144.42
1985,6360.3324,2687.793,2214.0976
1986,6302.8339,2840.6294,2456.5334
1987,6151.0709,2821.9702,2438.2329
1988,5786.6387,2747.1753,2348.0284
1989,5346.7622,2579.221,2172.4834
1990,4933.7597,2350.6676,1942.0243
1991,4737.4826,2176.5278,1774.0694
1992,4621.0537,1859.818,1564.089
1993,4678.2329,1937.1859,1487.0934
1994,4582.3284,1989.8538,1516.4588
1995,4524.475,2179.1246,1641.2899
1996,4575.2205,2519.0388,1872.6468
1997,5079.1687,2763.1389,2082.8168
1998,5686.6435,2814.6505,2151.7241
1999,6033.8318,2777.5241,2139.0516
2000,6100.3894,2746.5911,2147.4479
2001,6231.2386,2728.1213,2158.4599
2002,6331.2597,2706.518,2161.1737
2003,6368.8798,2616.5948,2169.3491
2004,6382.9365,2556.2377,2167.4477
2005,6392.9545,2571.7529,2161.86
2006,6346.0652,2635.3461,2157.2091
2007,6228.6712,2681.8416,2109.5229
2008,6275.5433,2681.7179,2075.6108
2009,6332.7519,2681.3943,2200.5025
2010,6772.7902,2842.9367,2337.1159
2011,6894.344,2757.9691,2240.8628
2012,6729.524,2540.6015,2005.9425
2013,6257.4087,2261.0312,1740.7372
2014,5745.3849,2105.3875,1589.2031
2015,5263.1442,1977.8564,1528.4667
2016,4550.4591,1813.2409,1464.1404
2017,4458.4219,1870.5091,1465.8879
2018,4402.284,1935.5718,1479.6432
2019,4418.7903,2030.1848,1534.75
2020,4445.7181,2100.0767,1569.6953
2021,4558.3212,2139.0383,1640.4589
2022,4689.4577,2246.225,1791.9183
2023,5034.1957,2313.3149,1951.6325
2024,5352.971,2329.1511,2074.5559
2025,5507.1843,2304.5063,2144.2552
2026,5512.1743,2257.9635,2174.4656
2027,5421.1437,2198.9337,2157.9281
2028,5329.1896,2149.1837,2163.393
2029,5335.162,2184.6775,2213.7727
2030,5216.6333,2150.4294,2207.3789
2031,5142.1869,2151.9251,2187.3946
2032,5163.7335,2187.5663,2174.0778
2033,5201.8988,2311.7824,2273.0368
2034,5469.8656,2462.9441,2319.7925
2035,5786.9555,2425.9151,2235.2254
2036,5562.7855,2222.538,2011.2145
2037,5318.1726,2059.4025,1810.1489
2038,5003.2369,1916.3536,1651.3419
2039,4644.6915,1816.6692,1527.4988
2040,4734.3345,1903.1326,1611.7798
2041,4411.7957,1800.4909,1568.6855
2042,4459.7177,1834.539,1548.4602
2043,4550.5977,1904.3204,1568.6078
2044,4634.528,2017.6216,1565.9205
2045,4825.5295,2135.5758,1608.1574
2046,5116.6908,2309.4288,1686.1581
2047,5277.2002,2407.478,1734.9147
2048,5271.2417,2368.9795,1800.1062
2049,5181.5484,2341.288,1860.6809
2050,5082.4993,2302.6343,1892.8083
2051,5031.431,2259.2961,1900.1823
2052,4960.9091,2226.7753,1885.4747
2053,4945.5514,2243.8467,1885.4265
2054,4983.348,2254.7773,1883.564
2055,5098.8394,2355.6258,1904.6093
2056,5254.2654,2503.0252,1928.468
2057,5625.0759,2935.6593,2034.8244
2058,5862.3306,2923.383,2034.3479
2059,5885.79,2602.6938,2008.9439
2060,5331.0973,2247.3249,1969.3741
2061,4857.9407,1947.6102,1830.6929
2062,4526.6406,1796.6984,1705.6877
2063,4440.3576,1740.4865,1601.8864
2064,4994.1102,2086.0652,1542.1645
2065,4663.3538,2002.096,1496.2491
2066,4768.6991,1963.1817,1447.6076
2067,5028.3633,1974.0702,1419.2193
2068,5586.4984,2067.3007,1463.3296
2069,6127.6936,2323.7088,1639.5906
2070,6319.9702,2698.2052,1907.6247
2071,6444.5059,2873.6723,2070.0495
2072,6581.3135,2940.2991,2207.6137
2073,6619.008,3011.6131,2304.8019
2074,6589.3927,3022.4595,2346.0866
2075,6541.4759,2934.0425,2319.5251
2076,6461.8024,2845.7808,2280.1481
2077,6406.5985,2763.602,2245.3163
2078,6421.8904,2731.0391,2193.9579
2079,6562.7091,2760.4974,2142.587
2080,6798.5295,2858.194,2123.3171
2081,6790.9126,3067.504,2332.3064
2082,6575.259,3226.076,2501.2586
2083,6243.7356,3159.5545,2432.6251
2084,5856.9459,3102.1047,2380.3128
2085,5447.7,2957.4626,2272.7989
2086,4969.3699,2632.8057,2038.7703
2087,4750.9014,2384.2658,1808.406
2088,4776.6027,2044.3227,1586.3432
2089,4670.552,2014.6618,1490.8605
2090,4620.1354,1943.2004,1463.356
2091,4695.3287,1940.0906,1495.5767
2092,4965.6626,2017.8558,1625.9705
2093,5517.2904,2247.9813,1900.2756
2094,6069.4185,2642.3459,2107.6246
2095,6344.6932,2850.2943,2221.3939
2096,6522.4923,2896.9082,2277.397
2097,6683.837,2927.9833,2310.4362
2098,6739.0115,2909.3688,2309.5337
2099,6685.807,2889.1559,2292.0968
2100,6565.1802,2879.7868,2294.7857
2101,6463.0539,2901.427,2272.7461
2102,6411.9527,2791.2804,2252.5628
2103,6409.9481,2755.6576,2229.6207
2104,6524.3238,2766.6566,2224.1154
2105,6890.9501,2822.4528,2249.2015
2106,7040.4411,3179.4174,2551.1354
2107,6895.8261,3224.7303,2530.722
2108,6621.2906,3179.5647,2384.631
2109,6173.8284,3005.4223,2145.024
2110,5603.5754,2710.2395,1894.4812
2111,5159.5874,2393.5033,1710.9286
2112,4495.2336,2066.0365,1625.5445
2113,4309.898,2014.7512,1427.5487
2114,4341.6548,2017.819,1498.222
2115,4553.0074,2132.6265,1690.0574
2116,4955.765,2294.1715,1952.7713
2117,5494.5695,2528.7421,2067.5955
2118,5763.51,2864.2717,2105.169
2119,5804.2002,2934.132,2163.7926
2120,5951.2163,2881.3194,2223.3948
2121,6041.9612,2811.417,2239.8857
2122,6067.2815,2752.4451,2246.295
2123,6012.0533,2699.6351,2275.5935
2124,6006.9525,2637.5219,2238.8681
2125,6003.8495,2608.0136,2192.9698
2126,6060.9992,2589.4412,2188.392
2127,6095.8902,2662.4088,2225.9811
2128,6428.9421,2920.0547,2406.6831
2129,6238.2574,2971.3794,2553.801
2130,6320.8937,3086.108,2426.3977
2131,6154.7461,2945.1889,2156.574
2132,5761.3028,2765.3293,1871.0672
2133,5199.1757,2541.721,1644.3053
2134,4757.549,2319.5084,1542.2951
2135,4570.1413,2146.859,1507.2534
2136,4204.3692,1735.4125,1410.8899
2137,4199.1663,1746.0115,1442.9442
2138,4481.1638,1823.6032,1462.2949
2139,5121.8071,2036.3072,1552.3922
2140,6098.4305,2384.1974,1720.585
2141,6361.8997,2593.981,1849.8913
2142,6272.1892,2611.2656,2018.6709
2143,6353.174,2681.168,2193.9485
2144,6360.6534,2707.6585,2300.5351
2145,6317.0039,2743.4576,2395.1386
2146,6254.9178,2653.5738,2481.4579
2147,6285.8636,2811.8959,2554.9694
2148,6267.5707,2813.4837,2557.806
2149,6241.01,2779.3356,2548.7311
2150,6329.8992,2756.0655,2501.1056
2151,6724.9056,2814.9321,2401.0901
2152,6968.2106,3137.4196,2490.7037
2153,6406.0516,2910.9435,2625.7034
2154,5998.1257,2730.9944,2572.3923
2155,5675.5392,2568.1878,2448.0921
2156,5031.5452,2342.8758,2245.886
2157,4542.0624,2100.4477,2030.0661
2158,4299.6982,1917.0073,1812.5936
2159,4231.2485,1798.9505,1668.6326
2160,4533.4586,1966.4548,1639.3371
2161,4310.1266,1988.2844,1556.8954
2162,4278.453,2022.572,1533.9455
2163,4350.3001,2173.4206,1560.7029
2164,4594.9909,2463.6347,1686.5966
2165,5142.7635,2558.4503,1918.7394
2166,5493.0324,2481.1403,1972.1407
2167,5542.1653,2548.0039,2092.4406
2168,5698.3278,2676.8308,2280.5368
2169,5901.4732,2773.0737,2409.0292
2170,5936.1633,2847.6002,2542.0077
2171,5900.3402,2926.7349,2659.3637
2172,5542.1237,3018.2881,2761.1376
2173,5496.2081,3094.355,2825.2881
2174,5522.7221,3129.9778,2848.1681
2175,5509.5889,3061.5711,2826.9501
2176,5413.0794,2987.1788,2695.6569
2177,5323.8457,2825.81,2576.5627
2178,5479.7104,2735.6342,2621.4854
2179,5361.6129,2603.7922,2517.0149
2180,5135.5923,2400.2072,2357.2416
2181,4818.6814,2178.1472,2143.3403
2182,4482.2649,2018.0821,1924.8502
2183,4405.1803,1941.8152,1777.0412
2184,4678.2572,1874.9306,1581.6674
2185,4347.3415,1811.261,1530.2577
2186,4375.7925,1905.9477,1505.4825
2187,4413.5389,2011.6098,1490.8511
2188,4598.3292,2156.0729,1534.0636
2189,4825.0863,2292.7311,1622.1661
2190,4979.5732,2417.0839,1679.1246
2191,5397.318,2513.4137,1814.0403
2192,5632.395,2499.4759,1952.6189
2193,5713.3071,2434.258,2042.5296
2194,5620.5801,2341.1038,2073.7109
2195,5515.4495,2274.3086,2080.1513
2196,5413.3388,2215.2842,2076.4884
2197,5320.4127,2210.6207,2051.7615
2198,5275.4847,2199.7743,2029.77
2199,5249.9653,2226.1937,2010.5437
2200,5314.3953,2286.7402,2015.1309
2201,5438.3416,2462.2126,2067.4011
2202,5779.6476,2715.2582,2187.6123
2203,5925.3766,2490.0883,2272.7678
2204,5684.1125,2250.8833,2272.5051
2205,5338.7246,2047.3036,2133.8472
2206,4989.2096,1893.503,1962.2091
2207,4803.8584,1795.6564,1772.3032
2208,4559.3666,1742.8833,1433.0694
2209,4277.3414,1680.8647,1369.7607
2210,4211.0522,1674.716,1399.9914
2211,4208.1656,1659.3745,1454.107
2212,4154.2695,1642.4873,1461.5479
2213,4359.6169,1754.3243,1616.5489
2214,4707.1549,1842.9913,1849.4948
2215,4970.8648,2026.095,2009.1032
2216,5213.9413,2182.7134,2051.3199
2217,5429.3361,2325.3755,2064.1867
2218,5521.1431,2395.099,2040.3451
2219,5589.4785,2427.6198,2032.9867
2220,5644.5769,2435.3327,2028.3777
2221,5716.0795,2443.0718,2043.0278
2222,5777.3857,2458.6028,2081.5287
2223,5847.0308,2457.1281,2152.1695
2224,5930.0272,2447.9379,2224.7194
2225,6209.1952,2504.1578,2420.1523
2226,6425.8529,2586.5865,2576.2844
2227,6084.2942,2401.6845,2207.864
2228,5739.4229,2415.1803,1837.239
2229,5333.4756,2245.7303,1559.142
2230,4975.9213,2045.4316,1416.7605
2231,4618.7063,1882.5197,1423.9122
2232,4854.5319,1870.1671,1667.6181
2233,4701.4672,1839.2657,1518.1985
2234,4480.7587,1738.5855,1461.3536
2235,4293.7872,1672.0745,1444.0037
2236,4168.4578,1636.4465,1502.8092
2237,4353.9631,1770.0369,1722.1225
2238,4956.094,2080.5927,1907.6061
2239,5585.2815,2369.3295,2081.0429
2240,5941.6249,2479.4472,2210.3881
2241,6187.8374,2580.3668,2272.8363
2242,6381.8969,2668.8548,2270.1676
2243,6479.9325,2709.1753,2289.4608
2244,6422.7239,2679.6723,2278.4581
2245,6346.1621,2606.7573,2229.8912
2246,6256.2836,2586.5813,2232.6065
2247,6184.7586,2572.5408,2205.9502
2248,6067.2954,2529.1552,2183.9059
2249,5832.0591,2400.523,2149.1394
2250,5650.3373,2355.2417,2305.9268
2251,5953.7906,2538.1875,2413.2121
2252,6642.9989,2950.6193,2400.2162
2253,6539.267,2911.6287,2192.7568
2254,5998.5427,2627.5976,1933.9483
2255,5384.4861,2281.5294,1707.3077
2256,4551.1777,1853.3325,1516.5039
2257,4346.6603,1729.2769,1421.1098
2258,4271.9214,1726.4118,1385.3864
2259,4248.3979,1835.2153,1387.3796
2260,4412.7712,1973.4087,1468.332
2261,4851.1044,2088.1635,1664.6161
2262,5436.7168,2302.4975,1905.0354
2263,5813.7698,2501.2005,2069.2434
2264,5997.8338,2617.6195,2177.4997
2265,6102.1396,2675.0061,2220.5878
2266,6190.1121,2716.9486,2237.1206
2267,6135.0449,2760.3816,2227.0982
2268,6057.357,2737.1378,2188.6283
2269,5964.5174,2724.7089,2157.4486
2270,5913.6378,2752.6635,2118.9539
2271,5854.5735,2760.3448,2070.3419
2272,5886.2557,2702.9634,2085.0168
2273,5841.2741,2697.0226,2154.0329
2274,5706.478,2716.8197,2209.8634
2275,6146.8798,2708.8516,2353.6736
2276,6287.7314,2603.1659,2343.3464
2277,5928.0668,2393.5059,2145.0131
2278,5472.0822,2159.0775,1884.3887
2279,5039.5153,2005.34,1664.3175
2280,4644.7832,1915.2221,1554.3278
2281,4496.2047,1873.1954,1515.7958
2282,4383.6865,1824.9621,1489.0259
2283,4335.6312,1818.6292,1520.0331
2284,4357.3785,1862.0516,1637.2771
2285,4525.3189,1987.8818,1802.2835
2286,5129.2467,2259.8287,1976.6415
2287,5592.1498,2421.5237,2071.3632
2288,5781.4358,2469.7965,2137.664
2289,5870.602,2502.541,2174.4905
2290,5891.2249,2530.6799,2190.2032
2291,5949.4142,2510.6222,2189.38
2292,5890.2044,2478.0672,2186.6569
2293,5934.0409,2467.184,2199.4693
2294,5932.9962,2364.7292,2187.5439
2295,5936.0352,2386.4115,2176.5319
2296,5984.8426,2384.8368,2169.1532
2297,6020.0459,2414.0793,2136.9216
2298,6004.5687,2430.8718,2215.6508
2299,6225.8469,2657.5426,2345.3038
2300,6418.9224,2769.8823,2268.644
2301,6154.9476,2630.209,2027.571
2302,5705.0687,2409.5237,1811.9454
2303,5167.4595,2139.1172,1650.221
2304,4288.1974,1695.0631,1577.3865
2305,4343.0898,1755.2964,1534.0263
2306,4436.3189,1811.2479,1567.9618
2307,4711.6178,1954.2863,1659.7537
2308,5085.3125,2167.2324,1825.7869
2309,5459.2693,2386.3194,2003.7503
2310,5743.1069,2526.0716,2226.7576
2311,6057.6323,2693.6522,2311.3045
2312,6240.4681,2754.2382,2383.786
2313,6275.2171,2785.3369,2392.0672
2314,6246.5928,2757.4244,2351.7488
2315,6269.1131,2788.531,2337.0957
2316,6162.9395,2742.0487,2301.3349
2317,6136.4065,2706.4206,2277.5152
2318,6138.4215,2662.9955,2231.6449
2319,6146.492,2650.585,2212.3393
2320,6218.7779,2672.2646,2213.2013
2321,6498.8348,2816.5067,2333.3068
2322,6599.2109,2917.35,2444.1913
2323,6082.7968,2687.7824,2499.2142
2324,5616.1518,2456.1771,2236.0937
2325,5166.1811,2218.2783,1991.1261
2326,4815.7269,2039.4802,1819.4865
2327,4588.9975,1938.4343,1698.2157
2328,4578.7717,1873.219,1551.3295
2329,4345.1273,1791.056,1430.236
2330,4393.122,1912.1438,1450.5032
2331,4651.4541,2230.4073,1565.3087
2332,5087.6372,2660.2473,1779.1634
2333,5606.8548,2807.8966,2080.0145
2334,5921.8216,2739.8504,2174.6942
2335,6076.3466,2653.1318,2207.6666
2336,6202.1798,2633.1373,2222.4006
2337,6217.8128,2586.676,2233.4002
2338,6249.4829,2538.5822,2237.9532
2339,6266.8124,2523.0617,2234.2638
2340,6303.6162,2478.1041,2236.9713
2341,6289.3465,2461.0669,2208.5178
2342,6233.0995,2426.9161,2162.6615
2343,6133.8928,2405.176,2106.7408
2344,6016.2132,2403.4934,2067.3607
2345,6124.1197,2704.3592,2193.2824
2346,6296.8543,2878.299,2519.5763
2347,6221.5087,2594.2178,2403.8138
2348,5654.5838,2199.8479,2092.7584
2349,5147.723,1921.7786,1796.3733
2350,4761.2692,1811.3847,1615.5656
2351,4504.6734,1742.9964,1510.0169
2352,4883.0142,1896.4892,1519.1119
2353,4538.9584,1787.9146,1442.1085
2354,4566.4132,1901.1474,1463.199
2355,4654.0637,1981.841,1539.3294
2356,4641.024,2039.4671,1545.8833
2357,4920.9129,2207.0924,1674.4068
2358,5219.0411,2391.8392,1884.468
2359,5491.0725,2387.5467,1995.5189
2360,5712.0338,2339.7765,2025.8895
2361,5830.7408,2291.8537,2021.3536
2362,5884.817,2265.4842,2016.7229
2363,5818.4862,2235.9602,1987.3761
2364,5651.0358,2225.069,1953.4328
2365,5589.688,2254.422,1962.5901
2366,5564.063,2296.2698,1976.3672
2367,5574.2264,2324.135,2004.9747
2368,5639.4865,2362.8703,2042.9867
2369,5906.8075,2617.43,2244.5475
2370,6239.9564,2605.3695,2337.9889
2371,6109.0563,2298.1576,2142.5746
2372,5778.3777,2018.7584,1930.5902
2373,5424.8708,1815.2577,1707.5813
2374,5016.0369,1717.2716,1547.8703
2375,4763.2929,1724.6898,1479.9542
2376,4706.5559,2056.299,1627.4895
2377,4601.0254,1967.7268,1566.0588
2378,4466.212,1904.202,1504.5536
2379,4401.9031,1894.9513,1477.0321
2380,4399.895,1910.5875,1480.6779
2381,4479.6533,1990.0617,1524.7835
2382,4680.8893,2064.7671,1575.1974
2383,4928.3213,2151.8146,1654.1303
2384,5350.2278,2279.1247,1758.8138
2385,5673.0817,2395.5332,1835.9867
2386,5769.2771,2401.7714,1859.9355
2387,5738.9252,2409.6447,1862.7845
2388,5781.9317,2375.5914,1849.0401
2389,5725.8145,2361.6403,1838.915
2390,5618.7538,2336.8613,1824.2152
2391,5574.1184,2319.8478,1828.8055
2392,5768.2662,2365.0239,1905.8182
2393,6299.9591,2514.0479,2140.457
2394,6902.3366,2904.7737,2500.7953
2395,6657.7593,2894.9573,2416.6371
2396,6485.8512,2753.3804,2271.0857
2397,6261.4838,2520.4082,2075.7072
2398,5822.8529,2236.4218,1868.2742
2399,5245.7992,2027.0065,1659.9729
2400,4398.5379,1943.2557,1790.8214
2401,4380.0113,1910.6402,1676.0906
2402,4407.3536,2065.5655,1594.3989
2403,4482.772,2299.6124,1537.4591
2404,4768.7943,2436.06,1507.1881
2405,5318.6321,2465.8183,1531.2239
2406,5915.5151,2629.238,1714.8714
2407,6154.8524,2634.162,1881.9782
2408,6214.3496,2626.6176,2026.062
2409,6297.2716,2589.5964,2090.3712
2410,6322.9226,2569.5099,2138.1553
2411,6329.0664,2572.7039,2168.4404
2412,6317.8807,2560.3855,2162.0544
2413,6367.764,2592.8984,2168.4684
2414,6298.2921,2560.2776,2154.7006
2415,6235.9204,2505.9035,2135.3918
2416,6156.2071,2543.0904,2110.567
2417,6048.6355,2687.1746,2105.801
2418,6127.24,2560.0039,2138.708
2419,6397.6892,2453.3935,2311.3263
2420,6169.3135,2227.27,2348.4265
2421,5676.6116,2033.2567,2274.0218
2422,5137.982,1893.2229,2164.5893
2423,4771.8412,1819.7633,1906.5761
2424,4492.5624,1777.3918,1677.0055
2425,4296.1606,1753.8902,1603.4131
2426,4283.7588,1693.6068,1564.9589
2427,4417.4253,1709.3377,1573.4018
2428,4764.8162,1785.5941,1637.9146
2429,5531.0936,2026.2055,1836.1546
2430,5851.4279,2349.0035,2063.6465
2431,5814.1974,2439.182,2152.7183
2432,5849.2857,2474.931,2184.8861
2433,5930.1875,2520.0045,2226.1754
2434,5978.2081,2560.3618,2244.5273
2435,5976.174,2552.6147,2228.97
2436,6040.4829,2597.5277,2221.6256
2437,6055.7748,2622.2646,2222.5001
2438,6073.9586,2620.6241,2183.9479
2439,6059.5937,2600.3613,2159.1696
2440,6076.7586,2479.4261,2135.3607
2441,6160.0744,2358.691,2199.799
2442,6262.4066,2428.4355,2401.5946
2443,6227.5375,2657.7163,2439.9198
2444,5840.5912,2725.5652,2348.7785
2445,5340.6488,2491.0473,2145.785
2446,4853.9349,2210.1312,1936.5128
2447,4597.1538,1966.5205,1721.8722
2448,4461.0014,1873.4269,1597.136
2449,4367.8051,1853.2983,1486.1909
2450,4346.0301,1797.5573,1444.9
2451,4436.5776,1791.4192,1446.8046
2452,4631.5503,1841.0956,1526.7067
2453,5015.9355,1932.7066,1694.6259
2454,5437.5192,2164.1568,1907.589
2455,5816.8469,2401.7793,2087.4631
2456,6038.6539,2569.3493,2203.0607
2457,6208.424,2716.8118,2280.1216
2458,6328.2017,2854.9815,2332.4541
2459,6421.2802,2952.7755,2344.4246
2460,6475.5953,3030.325,2336.2118
2461,6551.3374,3069.1366,2328.0115
2462,6563.7357,3076.9152,2298.6927
2463,6474.9695,3055.1355,2292.2601
2464,6261.4668,2990.0413,2297.7762
2465,6057.5267,2845.8755,2276.8552
2466,5917.2835,2651.6623,2289.6381
2467,5901.1175,2671.7594,2373.9673
2468,5707.6743,2769.3244,2310.5451
2469,5336.5851,2586.0971,2129.6425
2470,4977.1325,2370.2121,1900.1077
2471,4730.1669,2143.4834,1705.4715
2472,4611.0305,1811.3663,1657.5739
2473,4732.0044,1806.6659,1608.8795
2474,4698.1859,1830.1097,1573.1592
2475,4759.4574,1906.353,1565.1004
2476,4848.75,2126.7698,1635.0438
2477,5112.9187,2415.5066,1738.9415
2478,5635.8789,2496.2528,1959.0764
2479,6097.7754,2521.2608,2095.8578
2480,6318.6051,2602.0307,2211.5285
2481,6478.1235,2645.5268,2268.4745
2482,6584.3958,2657.9373,2290.5142
2483,6577.1831,2634.7146,2273.1255
2484,6578.0893,2657.9452,2271.2551
2485,6507.5449,2665.6923,2242.7767
2486,6370.5762,2667.2038,2184.0738
2487,6385.7695,2699.7036,2190.4582
2488,6511.1542,2671.8331,2167.4912
2489,6633.2819,2583.6003,2139.2009
2490,6832.7625,2639.2492,2142.1075
2491,6852.9692,2769.3008,2399.5314
2492,6559.6285,2545.5293,2403.6677
2493,6139.4081,2270.733,2252.9506
2494,5588.6398,2006.8858,2017.0081
2495,5163.4122,1913.75,1845.3918
2496,4295.4396,1740.0997,1541.9468
2497,4099.2438,1724.8213,1483.3294
2498,4224.9264,1888.1068,1532.0409
2499,4498.8863,2172.4511,1632.3114
2500,4867.3001,2531.2166,1783.1436
2501,5205.9133,2625.7613,1951.184
2502,5555.1807,2602.3517,2100.6394
2503,5802.3306,2611.484,2220.8039
2504,6014.8042,2648.6551,2331.8688
2505,6162.9308,2612.8376,2388.7215
2506,6261.9073,2553.7131,2434.5389
2507,6258.8111,2528.842,2452.8705
2508,6261.7947,2474.4337,2435.4072
2509,6161.706,2423.0984,2380.3906
2510,6098.2376,2392.0891,2360.17
2511,6031.7337,2385.8536,2357.3676
2512,6025.6038,2384.571,2372.9606
2513,6214.8309,2664.4044,2452.1919
2514,6142.3286,2812.9864,2467.8565
2515,5798.304,2389.2687,2346.3696
2516,5469.939,2094.0359,2138.6396
2517,5014.0011,1868.9529,1898.057
2518,4697.0677,1777.2129,1725.5164
2519,4591.5579,1769.3869,1639.2361
2520,4421.8986,1963.3001,1531.957
2521,4355.4102,1764.8708,1468.7213
2522,4297.1465,1809.96,1463.2456
2523,4227.7801,1865.9562,1460.5894
2524,4212.5177,1884.6865,1495.4756
2525,4350.4757,2069.3201,1568.9156
2526,4405.8043,2263.3754,1679.1526
2527,4610.4879,2403.0776,1830.6462
2528,4913.0962,2465.1436,1944.501
2529,5115.4167,2471.3054,1990.4444
2530,5274.6235,2469.6755,2015.2413
2531,5364.2734,2457.1676,2013.3803
2532,5430.4501,2461.7363,2007.8906
2533,5455.973,2454.0419,2006.1431
2534,5506.7972,2500.5137,2006.1322
2535,5552.5934,2528.4342,2033.5931
2536,5573.0397,2522.2907,2083.061
2537,5609.8418,2510.0933,2161.1317
2538,5669.4845,2704.2223,2341.7622
2539,5570.0139,2527.3463,2276.5474
2540,5651.2747,2219.9056,2033.2946
2541,5455.9453,2004.0416,1813.9097
2542,5101.2984,1878.1694,1651.4196
2543,4788.4176,1811.3084,1548.5613
2544,4503.1629,1936.8333,1589.6656
2545,4442.6418,1927.4774,1554.7871
2546,4486.5821,1927.4748,1520.9247
2547,4664.2825,1980.2084,1538.4596
2548,4862.6007,1994.3042,1552.3595
2549,5040.334,2098.3836,1604.7992
2550,5483.6485,2307.8384,1751.757
2551,5802.6575,2391.8865,1815.2492
2552,5909.1151,2500.7216,1929.0293
2553,5879.647,2575.3244,2001.4346
2554,5832.7593,2603.2869,2061.8928
2555,5770.4447,2584.6251,2106.7377
2556,5734.7134,2550.4375,2131.4304
2557,5715.4018,2562.8086,2127.7519
2558,5924.7689,2589.1675,2151.6152
2559,6684.3969,2693.1049,2234.2265
2560,7255.4246,2849.897,2343.5159
2561,6690.4222,2921.3899,2476.8505
2562,6224.7935,2919.7415,2430.0637
2563,5812.1876,2815.5858,2292.9309
2564,5208.194,2621.8251,2114.5695
2565,4677.5414,2395.1674,1910.6797
2566,4456.4831,2227.4158,1760.1819
2567,4501.1167,2143.3939,1636.3917
2568,4427.6649,1829.8624,1593.344
2569,4223.8107,1763.0409,1462.3602
2570,4374.219,1853.0378,1489.9378
2571,4700.356,2078.1655,1562.6292
2572,5182.3102,2418.1823,1684.1425
2573,5630.1776,2730.2181,1829.485
2574,5997.6634,2907.2205,2077.8574
2575,6112.812,2839.1348,2184.1049
2576,6343.4902,2823.7354,2209.7748
2577,6435.1967,2758.7149,2192.3332
2578,6442.1117,2661.0683,2178.4893
2579,6464.438,2588.1586,2150.8962
2580,6448.0183,2434.5921,2166.4021
2581,6333.6443,2350.7597,2144.305
2582,6320.3224,2432.9096,2103.011
2583,6242.8197,2422.0684,2085.627
2584,6212.4765,2468.6955,2103.1836
2585,6378.5629,2613.2191,2231.8595
2586,6401.1472,2814.7373,2297.3386
2587,6045.4503,2707.4454,2276.8117
2588,5448.3111,2384.6921,2181.8614
2589,4918.75,2024.4571,1977.9218
2590,4558.9833,1850.4015,1807.1583
2591,4397.3252,1778.7507,1708.0625
2592,4282.7729,1848.3295,1643.9072
2593,4168.4249,1877.722,1616.4603
2594,4254.3305,1930.5688,1655.8995
2595,4572.2757,2127.8735,1791.6617
2596,5064.8963,2446.2764,2009.9202
2597,5476.1243,2758.4728,2160.3962
2598,5713.6076,2816.1515,2186.3413
2599,5862.9816,2827.1137,2248.0036
2600,6013.1268,2850.4417,2267.4181
2601,6011.1048,2824.1143,2279.4306
2602,5926.2769,2794.6034,2275.8003
2603,5916.9435,2769.7955,2239.12
2604,5864.8096,2720.2006,2210.727
2605,5794.2912,2642.6353,2169.5093
2606,5813.4643,2614.6728,2138.3
2607,5854.0766,2606.8678,2120.8009
2608,6017.2822,2720.0348,2157.377
2609,6144.2329,2977.6202,2277.5354
2610,6110.1297,2852.1085,2254.5933
2611,5755.6559,2641.1159,2134.3898
2612,5205.6346,2361.4246,1947.3438
2613,4727.1071,2111.1494,1766.5656
2614,4358.9825,1909.0918,1652.6471
2615,4373.9939,1881.0345,1640.4884
2616,4520.92,2163.341,1721.8769
2617,4525.073,2064.1487,1604.4836
2618,4435.262,2036.2204,1562.3788
2619,4534.2904,2062.6319,1561.6318
2620,4804.0852,2188.5779,1610.5035
2621,5459.0969,2547.3302,1780.3661
2622,5924.0306,2890.3701,1948.2728
2623,6224.4715,3005.246,2049.2032
2624,6467.6259,2971.1952,2074.0483
2625,6679.0929,2934.0294,2092.3924
2626,6930.084,2935.5725,2108.8459
2627,7085.053,2895.202,2076.7139
2628,7273.7244,2830.042,2061.0447
2629,7421.7021,2738.5494,2051.8423
2630,7470.5598,2662.5956,2025.2513
2631,7613.3727,2614.5833,1984.9516
2632,7408.1794,2588.2217,1919.956
2633,6921.4716,2656.3679,1857.064
2634,7008.7924,3110.8765,1942.4061
2635,7103.9483,3166.9516,2096.0755
2636,6631.041,3048.8658,2172.6777
2637,5964.8921,2823.6486,2064.1509
2638,5345.6672,2533.1845,1910.8258
2639,4895.9458,2338.9266,1746.5743
2640,4269.8631,1710.5335,1446.7672
2641,4218.5939,1710.5309,1386.2765
2642,4240.137,1757.3947,1473.4702
2643,4452.801,1950.157,1704.7463
2644,4641.1237,2183.0423,1938.8139
2645,4968.527,2468.6481,2146.2188
2646,5199.7055,2577.2464,2172.97
2647,5565.4186,2643.989,2219.8159
2648,5743.2368,2720.0059,2265.7266
2649,5776.0261,2769.5823,2262.9677
2650,5792.2623,2777.232,2218.9025
2651,5852.3039,2836.1407,2204.1996
2652,5722.5878,2829.871,2145.4641
2653,5716.3938,2850.0286,2121.5837
2654,5706.0469,2854.6473,2097.7188
2655,5677.317,2851.4717,2066.5126
2656,5693.6727,2828.3463,2042.727
2657,5851.0047,2856.672,2136.5602
2658,5840.1151,2889.0901,2359.4385
2659,5499.2765,2823.3275,2118.8668
2660,5463.9268,2557.6135,1798.536
2661,5227.3134,2200.599,1557.0928
2662,4888.8231,1938.3475,1438.6431
2663,4554.8026,1814.3893,1377.1332
2664,4532.2529,1876.7078,1600.7367
2665,4496.4817,1842.9176,1475.1944
2666,4560.5966,1964.1817,1444.9747
2667,4713.7513,2195.5318,1436.891
2668,5070.4549,2585.0855,1509.5948
2669,5696.8112,2802.211,1679.4589
2670,6069.9466,2795.9755,1901.4394
2671,6147.766,2812.9785,2027.1372
2672,6199.9137,2808.2202,2149.9844
2673,6200.9065,2795.6623,2271.8591
2674,6139.6973,2756.7139,2367.135
2675,6103.7668,2710.1,2421.173
2676,5990.4739,2661.9377,2421.1279
2677,5900.6335,2640.0818,2411.9209
2678,5875.0396,2695.9753,2400.9057
2679,5952.6219,2813.8269,2370.6425
2680,6086.2642,2979.9539,2305.5536
2681,6468.59,2887.076,2204.9279
2682,6726.9948,2924.3393,2256.4605
2683,6635.8042,2769.3218,2488.2332
2684,6266.3951,2460.3801,2476.9833
2685,5736.2464,2191.9772,2281.4384
2686,5294.6422,2016.4075,2019.0106
2687,4956.3458,1915.4431,1779.7705
2688,4749.8688,2157.3502,1752.3609
2689,4681.2754,2045.6684,1665.3413
2690,4672.9469,2027.0302,1668.8612
2691,4740.2549,2044.1016,1732.9138
2692,4938.3272,2165.2236,1822.6845
2693,5085.5719,2317.4416,1896.915
2694,5248.0098,2405.9165,1976.6928
2695,5437.2837,2537.9796,2053.7444
2696,5431.5936,2570.6319,2074.0692
2697,5429.8157,2542.7694,2085.26
2698,5348.2259,2474.4811,2073.4808
2699,5256.4276,2400.0125,2046.9908
2700,5175.6453,2339.416,2019.4599
2701,5135.7644,2285.0761,2009.3209
2702,5219.307,2275.7386,2062.4065
2703,5416.2982,2350.2387,2235.5868
2704,5848.0305,2613.9176,2433.5111
2705,5967.3494,2820.1993,2425.1895
2706,6125.1125,2925.9166,2455.571
2707,6113.5019,2926.3323,2362.4934
2708,5816.3198,2778.8383,2168.3455
2709,5417.8225,2517.9851,1947.3843
2710,5050.7166,2250.7859,1780.3645
2711,4822.6775,2081.4833,1728.8397
2712,4308.0492,1733.9404,1527.942
2713,4136.3731,1727.6839,1476.4452
2714,4013.6343,1678.0048,1414.8793
2715,3944.0308,1645.4893,1386.334
2716,3901.2252,1661.0834,1372.5414
2717,3922.5847,1720.1289,1389.9456
2718,4068.5336,1831.8239,1484.2879
2719,4200.611,1925.0385,1554.8789
2720,4431.8172,2075.6609,1677.8863
2721,4732.3066,2227.8026,1822.0183
2722,4948.8466,2313.186,1916.5721
2723,5062.2364,2345.8226,1973.5057
2724,5095.7918,2322.4919,1997.341
2725,5107.0519,2288.3702,1987.2673
2726,5136.6135,2271.3014,1983.5453
2727,5151.8656,2269.7899,1979.8093
2728,5145.8015,2358.2568,1972.4415
2729,5106.8545,2656.0995,2009.9544
2730,5331.0945,2674.8561,2255.5742
2731,5626.7567,2583.2662,2282.5975
2732,5603.2672,2535.2539,2230.8715
2733,5431.6863,2435.8221,2126.53
2734,5018.6735,2229.1668,1917.2982
2735,4642.3762,2022.5772,1755.5863
2736,4650.8941,1792.8044,1710.2469
2737,4609.6032,1766.3191,1631.0871
2738,4442.0731,1698.0861,1540.2195
2739,4516.5576,1755.5596,1526.3149
2740,4465.9065,1782.1948,1437.3519
2741,4696.0541,1960.685,1487.8591
2742,5001.6824,2089.5224,1610.9893
2743,5335.1221,2306.9478,1840.5303
2744,5518.2419,2412.6309,1986.4814
2745,5631.8793,2524.5022,2106.761
2746,5784.3269,2605.3089,2245.3676
2747,5766.1154,2624.0734,2328.9016
2748,5786.683,2655.1196,2350.9474
2749,5816.3364,2650.5745,2376.6748
2750,5801.2158,2684.762,2386.7766
2751,5854.3719,2633.6004,2395.9167
2752,5871.691,2622.6645,2390.3773
2753,5715.2029,2483.057,2307.7054
2754,5461.66,2425.5862,2150.7967
2755,5633.9688,2523.1644,2191.4572
2756,5935.1999,2644.2047,2477.8945
2757,5829.5828,2470.1912,2457.6878
2758,5454.2298,2266.5195,2271.165
2759,5081.1741,2094.0254,1981.0134
2760,4498.0597,1968.1899,1727.5718
2761,4158.9176,1878.1273,1702.5028
2762,4036.1044,1882.7434,1605.3037
2763,3947.0438,1966.5758,1537.5586
2764,4039.0949,2162.2558,1509.3227
2765,4280.6013,2212.0269,1562.738
2766,4658.0473,2255.7204,1712.4422
2767,5093.5994,2384.7368,1932.672
2768,5465.4927,2439.1977,2033.6848
2769,5714.8065,2495.1571,2130.9493
2770,5991.627,2537.2048,2230.028
2771,6113.0042,2552.7516,2267.6156
2772,6131.2278,2547.9986,2249.2482
2773,6175.1491,2552.7095,2289.6163
2774,6233.2138,2611.6576,2309.7732
2775,6206.5769,2686.063,2319.8283
2776,6254.3725,2706.1759,2310.5948
2777,6044.6332,2789.8399,2252.8302
2778,5720.1313,2774.3221,2119.9466
2779,5886.4254,2667.3038,2196.8846
2780,6292.2307,2644.0574,2507.5373
2781,6029.5327,2437.5283,2487.0913
2782,5302.8609,2227.7263,2247.4843
2783,4805.9281,2039.7907,1942.8397
2784,4423.5095,1896.9339,1678.6162
2785,4234.2702,1932.483,1659.2576
2786,4174.0087,1864.1026,1582.3802
2787,4243.5222,1950.8501,1587.1835
2788,4566.8591,2112.2557,1634.2066
2789,5014.6105,2432.1465,1764.7
2790,5462.1403,2511.768,1970.2735
2791,5712.4659,2600.4428,2112.5306
2792,6324.9515,2668.789,2120.9548
2793,6405.5208,2778.9119,2194.3202
2794,6434.0602,2834.7871,2275.0082
2795,6420.6794,2878.1358,2326.3278
2796,6391.9963,2941.6475,2342.8077
2797,6313.3018,2967.9064,2367.5129
2798,6240.7268,3011.1131,2378.4036
2799,6204.9521,3034.3964,2371.9244
2800,6171.1527,2980.1302,2322.3741
2801,6221.1607,2862.2602,2234.5048
2802,6276.8581,3054.8171,2364.936
2803,6200.4954,3008.9479,2439.1183
2804,5968.319,2854.0515,2367.2625
2805,5629.8234,2611.905,2251.3711
2806,5184.2412,2341.5222,2074.1189
2807,4857.1339,2061.7625,1877.7213
2808,4567.9254,1799.1268,1448.6236
2809,4364.6242,1750.7277,1410.0434
2810,4260.5452,1713.5197,1422.8651
2811,4245.4264,1736.9398,1506.3695
2812,4380.645,1816.2824,1633.0258
2813,4741.4496,1963.8817,1768.9404
2814,5299.2834,2237.0928,1924.156
2815,5664.17,2435.7774,2016.995
2816,5898.2559,2570.874,2115.3283
2817,6067.6797,2657.84,2190.6588
2818,6249.341,2735.4632,2239.347
2819,6305.323,2864.1927,2260.453
2820,6308.201,2893.6405,2233.8573
2821,6439.8352,2952.6255,2255.8658
2822,6439.7919,2935.5435,2251.2569
2823,6412.2176,2913.7955,2224.5897
2824,6319.34,2828.4042,2186.0094
2825,6119.424,2724.4378,2216.3334
2826,5874.5108,2519.7571,2242.8715
2827,6121.4633,2637.6508,2173.0898
2828,6330.491,2846.9476,2090.3977
2829,6031.8366,2655.8706,1910.3976
2830,5509.8362,2374.7756,1736.8317
2831,5030.6605,2121.6406,1654.0696
2832,4747.5075,1850.0252,1692.3839
2833,4417.6192,1758.5379,1629.097
2834,4405.4373,1839.513,1598.0447
2835,4618.0234,2081.8306,1632.2383
2836,4986.0528,2372.1657,1686.679
2837,5480.7299,2470.0755,1772.2497
2838,5820.1629,2471.6291,1890.6015
2839,6061.3473,2527.5279,2035.4976
2840,6244.306,2566.3237,2148.3317
2841,6349.5508,2591.1211,2229.9176
2842,6473.021,2628.2764,2286.6864
2843,6553.6561,2656.1969,2305.9004
2844,6608.7545,2653.0423,2313.2091
2845,6635.2771,2628.1949,2337.9438
2846,6618.802,2614.2386,2326.854
2847,6484.9831,2561.4155,2266.3461
2848,6271.4665,2496.337,2182.8883
2849,6159.0971,2599.0602,2169.3227
2850,6308.2737,2876.6401,2187.0441
2851,6339.0377,2641.9906,2192.2322
2852,5894.5295,2287.8623,2214.6876
2853,5425.2005,2003.6259,2098.7681
2854,4977.5512,1854.5388,1950.9436
2855,4687.2512,1814.2051,1774.8553
2856,4172.6177,1629.7583,1444.8845
2857,4084.7127,1660.9702,1421.9703
2858,4089.8169,1613.0921,1418.2686
2859,4189.8762,1638.158,1460.4557
2860,4170.5456,1615.0668,1471.5408
2861,4295.2786,1714.5565,1550.4612
2862,4629.4982,1804.6481,1707.401
2863,4936.1297,1925.62,1859.752
2864,5124.2186,2093.048,1957.9967
2865,5247.9312,2204.593,1985.5991
2866,5323.514,2272.7471,1978.3246
2867,5213.2757,2236.9507,1914.1818
2868,5285.6932,2249.3428,1910.4971
2869,5335.599,2271.0751,1905.9099
2870,5428.423,2294.3952,1918.755
2871,5568.1848,2306.8478,1950.8543
2872,5682.4341,2364.4397,1995.791
2873,5893.811,2487.3442,2104.9264
2874,6154.1806,2642.3117,2346.1876
2875,6143.2754,2544.1677,2360.9123
2876,5462.335,2491.0815,2021.5666
2877,4854.5814,2329.4496,1756.3504
2878,4349.8066,2062.5135,1544.3193
2879,4078.9394,1817.3387,1402.0436
2880,4735.8769,1834.3233,1521.9703
2881,4525.5187,1806.3712,1478.8293
2882,4374.4379,1745.8905,1448.5754
2883,4313.2788,1722.6599,1466.9194
2884,4383.7471,1770.8248,1542.9814
2885,4542.2778,1885.8296,1653.1034
2886,4771.4326,2004.0048,1763.2564
2887,5032.1329,2202.8473,1936.6916
2888,5261.0557,2412.452,2011.9724
2889,5459.2163,2570.7977,2080.7957
2890,5599.108,2648.3551,2105.591
2891,5636.9115,2597.1751,2081.8117
2892,5573.6492,2522.6986,2031.4227
2893,5479.7597,2452.8435,1997.5509
2894,5407.3197,2387.7546,1974.6741
2895,5399.2353,2353.7065,1976.5475
2896,5723.8636,2493.3798,2092.9528
2897,6262.9839,2681.1654,2258.0074
2898,6293.8448,2715.4529,2322.3788
2899,6134.7194,2771.2175,2313.094
2900,5995.3098,2693.2391,2183.5716
2901,5720.9673,2529.922,1985.2725
2902,5322.3557,2298.4903,1768.7585
2903,4944.4953,2110.6547,1621.0304
2904,4691.3246,1791.1324,1481.6068
2905,4536.1652,1885.848,1489.8056
2906,4454.3728,2014.7854,1464.1653
2907,4568.636,2211.9427,1511.954
2908,4890.5386,2359.571,1642.3261
2909,5325.9609,2480.6693,1834.1241
2910,5765.6522,2547.6907,1977.4127
2911,5842.5533,2551.0032,2095.8873
2912,5966.3455,2568.2167,2169.4486
2913,5979.8648,2535.8091,2209.0511
2914,5995.2381,2500.2416,2201.8186
2915,5919.6362,2520.4308,2181.7053
2916,5958.3563,2532.8203,2207.3985
2917,5968.4073,2540.6094,2178.9946
2918,5899.9021,2534.3318,2145.9725
2919,5893.7462,2495.4728,2121.202
2920,5860.9483,2534.1397,2109.1242
2921,5759.5707,2693.939,2121.9102
2922,5826.8095,2648.5761,2328.125
2923,6205.6551,2470.0255,2432.5753
2924,5952.7614,2147.1774,2241.6798
2925,5486.641,1928.2063,2004.7912
2926,5026.5068,1799.2057,1783.5376
2927,4706.3318,1799.011,1632.187
2928,4448.5805,1913.6895,1638.6072
2929,4188.9804,1831.516,1525.9006
2930,4066.3437,1754.1454,1463.5022
2931,4073.463,1726.4276,1475.3996
2932,4284.942,1796.4826,1574.5095
2933,4768.172,1979.6468,1767.2069
2934,5250.6568,2339.6976,1916.077
2935,5546.1545,2526.0374,2113.4066
2936,5852.6561,2574.3102,2278.5499
2937,6201.9911,2673.6814,2473.9237
2938,6365.6417,2738.9546,2579.4615
2939,6516.8593,2790.3057,2654.6832
2940,6473.1595,2750.0141,2624.5101
2941,6510.0793,2570.194,2567.7553
2942,6418.3053,2664.7492,2464.1858
2943,6348.9511,2607.2599,2386.269
2944,6243.6404,2641.2738,2344.9237
2945,6589.2334,3171.9545,2584.861
2946,6587.8545,3089.5152,2671.8744
2947,6237.9354,2921.5346,2539.1354
2948,5935.2692,2821.9844,2387.0518
2949,5495.964,2638.7097,2158.5066
2950,5034.7383,2429.0366,1922.5625
2951,4733.012,2236.5875,1754.4676
2952,4720.3262,1948.0929,1679.0049
2953,4598.6235,1927.9879,1643.0514
2954,4632.1546,1904.7967,1615.4816
2955,4686.2982,1990.2775,1660.4229
2956,5023.356,2133.2027,1796.2505
2957,5491.211,2339.8949,1968.861
2958,5958.338,2588.227,2177.3178
2959,6143.4953,2743.5523,2316.9404
2960,6204.0684,2827.4637,2386.8543
2961,6217.792,2936.2671,2494.3962
2962,6237.6161,3003.1518,2566.0576
2963,6293.0001,3068.4986,2610.0902
2964,6352.6168,3068.7723,2671.6094
2965,6417.2356,3072.0953,2701.0355
2966,6428.7796,3078.5493,2705.6833
2967,6452.5126,3101.9509,2709.3462
2968,6415.8646,3052.2351,2640.5214
2969,6418.611,2958.9046,2558.7784
2970,6391.5222,2833.1902,2501.8946
2971,6593.5346,2964.7612,2584.6038
2972,6381.0125,2953.2202,2471.5038
2973,5850.3253,2640.8159,2203.3375
2974,5362.5146,2313.165,1973.7094
2975,4941.3845,2097.3352,1757.9859
2976,4094.9793,1621.0655,1656.041
2977,3969.2448,1631.9066,1504.7075
2978,3921.193,1633.5155,1476.2602
2979,3923.3552,1653.9073,1475.4121
2980,4107.5058,1796.9326,1556.3225
2981,4427.57,2011.2955,1719.8566
2982,4758.0331,2219.3071,1871.4295
2983,4834.9065,2270.6214,1928.4082
2984,5036.3017,2399.5746,2056.8353
2985,5214.2792,2426.1651,2160.4997
2986,5293.0655,2403.0713,2221.9319
2987,5331.886,2330.43,2274.2099
2988,5392.4505,2271.8423,2326.5268
2989,5482.1766,2241.033,2342.0358
2990,5560.6599,2193.2076,2328.237
2991,5676.7944,2185.5816,2322.6866
2992,5779.472,2292.3341,2288.6376
2993,5937.3812,2563.3706,2293.088
2994,5921.9265,2612.9075,2339.0033
2995,5911.2827,2477.8346,2406.3186
2996,5690.4391,2339.0623,2266.7146
2997,5343.5389,2173.8732,2092.0456
2998,4903.7299,1970.2119,1889.9297
2999,4749.9987,1895.4118,1786.0539
3000,4437.3498,2028.6207,1844.5468
3001,4304.522,1882.8855,1786.7667
3002,4277.982,1945.2645,1747.4161
3003,4433.2799,2119.3464,1743.9056
3004,4912.2496,2471.8606,1829.4841
3005,5590.4436,2610.1408,1988.4963
3006,5841.9421,2661.5182,2150.9802
3007,6017.0554,2712.7851,2256.5289
3008,6205.3105,2787.38,2382.2422
3009,6342.3537,2837.1485,2467.547
3010,6282.3294,2837.2932,2538.1007
3011,6138.5791,2859.1387,2563.7566
3012,6144.6986,2933.7204,2579.2687
3013,5993.6732,2988.1077,2624.1027
3014,5748.6596,3026.7561,2627.7019
3015,5598.3863,2993.7748,2624.8715
3016,5368.4447,2864.5953,2619.2435
3017,5438.7415,2917.5316,2637.6404
3018,6004.175,2998.0752,2659.1118
3019,5970.1972,2757.056,2588.4835
3020,5601.5022,2415.0856,2554.0738
3021,5150.9282,2143.1597,2407.9019
3022,4697.2235,1950.6843,2195.8444
3023,4456.8432,1916.5336,1972.9459
3024,4541.0998,1887.1201,1677.7494
3025,4354.0989,1836.0427,1575.0668
3026,4252.0731,1783.4221,1509.0413
3027,4252.3397,1805.1965,1484.361
3028,4279.9953,1889.1237,1501.8476
3029,4426.3303,1994.8988,1550.5405
3030,4622.8499,2154.9508,1657.0803
3031,4994.5718,2345.8068,1753.5185
3032,5422.2238,2578.4395,1943.3839
3033,5607.0279,2701.0414,2091.0731
3034,5643.6915,2680.8338,2173.5709
3035,5610.0046,2648.2551,2202.8959
3036,5538.6301,2573.8918,2189.1468
3037,5357.0399,2414.1898,2126.8277
3038,5203.0257,2330.4127,2080.9823
3039,5116.3749,2349.0246,2074.5543
3040,5102.145,2384.8105,2086.4844
3041,5263.533,2495.186,2064.5505
3042,5716.0147,2648.5788,2287.4956
3043,5690.0018,2615.5396,2435.1025
3044,5554.7002,2517.4299,2369.8177
3045,5441.7976,2327.917,2224.6992
3046,5177.0136,2081.1333,2006.2557
3047,4853.2015,1961.6202,1852.9571
3048,4365.2188,1733.5852,1483.4398
3049,4138.5863,1573.8016,1342.2128
3050,4161.0304,1567.5293,1366.0419
3051,4228.4907,1601.6484,1436.6764
3052,4324.4247,1682.3789,1490.7656
3053,4467.5874,1798.9084,1582.5979
3054,4686.4489,2014.7275,1790.9101
3055,5047.108,2233.7803,1903.8421
3056,5086.2194,2365.9276,1939.6977
3057,5075.1965,2406.3849,1941.5774
3058,5016.0837,2378.4644,1914.0512
3059,5003.8359,2330.3022,1892.9389
3060,4982.3413,2275.8859,1867.2286
3061,4986.4182,2213.7042,1858.0465
3062,5068.2019,2171.7065,1892.9032
3063,5225.5892,2194.9871,1967.2301
3064,5522.6553,2232.2056,2063.5718
3065,5970.7485,2444.7912,2378.1828
3066,6218.3381,2580.0168,2422.3663
3067,5974.1199,2513.6768,2041.7483
3068,5445.7957,2277.8,1729.7827
3069,4918.3657,2024.6334,1492.0289
3070,4618.7911,1796.1485,1389.1317
3071,4446.9696,1712.0713,1390.7859
3072,4765.1701,2115.2024,1595.9878
3073,4457.9752,1845.4328,1473.1841
3074,4489.7493,1889.2289,1546.6304
3075,5214.6976,1947.0892,1699.0685
3076,5270.5786,2254.5852,2062.3692
3077,5298.1192,2667.3091,2264.3172
3078,5419.0612,2789.8478,2334.9859
3079,5742.7035,2791.4199,2381.7882
3080,5979.7193,2856.5667,2403.8869
3081,6178.8658,2915.4464,2385.5522
3082,6309.4431,2963.4982,2347.0202
3083,6365.562,3005.3512,2323.1724
3084,6396.2532,3044.0734,2272.7243
3085,6435.0322,3064.2441,2239.71
3086,6458.5003,3115.4636,2223.216
3087,6538.1201,3110.7975,2218.6724
3088,6618.6635,3059.7043,2402.9315
3089,6698.266,3111.2712,2517.7308
3090,6503.7313,3167.0121,2396.9638
3091,6447.6816,2974.0288,2157.3397
3092,5771.1858,2692.6918,1898.3462
3093,5534.3854,2363.503,1674.2809
3094,5225.3926,2113.6462,1534.7314
3095,5043.2293,2012.8266,1539.2999
3096,4274.5275,1777.1761,1634.7173
3097,4252.028,1729.2664,1560.5847
3098,4452.1743,1774.4504,1577.9952
3099,4926.0033,1937.799,1628.4448
3100,5467.3863,2185.009,1703.6619
3101,6023.3471,2492.3919,1862.43
3102,6171.9551,2594.7309,2022.1208
3103,6221.3234,2641.258,2137.8039
3104,6204.3697,2667.6827,2177.3769
3105,6125.02,2708.0164,2204.0627
3106,6100.6422,2768.4366,2249.0227
3107,6149.6453,2813.3048,2271.067
3108,6187.4454,2862.7786,2269.1998
3109,6196.6091,2864.3269,2272.8611
3110,6159.8139,2847.3213,2252.6499
3111,6048.363,2813.2969,2214.107
3112,5949.184,2766.8014,2174.6662
3113,6096.8968,2790.2215,2225.9935
3114,6461.1861,2914.4796,2296.6078
3115,5955.0005,2851.9743,2216.0115
3116,5190.2041,2521.0608,2143.5393
3117,4623.0213,2180.9966,1987.5331
3118,4305.9822,1941.931,1828.7495
3119,4235.0154,1870.3618,1696.5195
3120,4286.7251,1837.6094,1449.7609
3121,4357.1015,1863.8947,1390.9787
3122,4363.5638,1905.8477,1475.3266
3123,4464.3762,2016.2443,1667.8778
3124,4570.4054,2191.9246,1953.9544
3125,4850.9644,2408.0332,2205.3453
3126,5103.2791,2557.1019,2237.6935
3127,5407.4713,2650.2403,2254.3865
3128,5648.28,2720.0796,2246.2048
3129,5788.974,2775.9836,2225.1703
3130,5892.003,2796.2491,2176.6718
3131,5990.0542,2861.467,2164.7946
3132,5987.0567,2935.9988,2129.9643
3133,5980.9493,2942.2053,2106.1415
3134,5954.354,2987.1551,2081.3617
3135,5953.1448,2983.9952,2064.7993
3136,5883.5828,2929.6316,2040.9034
3137,5906.2848,2855.2236,2183.965
3138,5937.518,2863.1891,2406.795
3139,5655.0011,2836.717,2268.2662
3140,5478.1782,2719.8322,1908.874
3141,5391.4953,2416.8129,1631.8256
3142,5084.8084,2127.9235,1474.8346
3143,4739.7598,1969.6015,1427.869
3144,4750.086,2002.1907,1591.7489
3145,4530.8567,1913.7921,1525.6425
3146,4393.1445,2054.7849,1500.8425
3147,4382.1372,2296.6183,1556.7616
3148,4482.65,2513.8016,1712.7694
3149,4807.957,2641.246,1960.5829
3150,5285.2146,2754.8629,2177.2136
3151,5688.6966,2769.2008,2265.3596
3152,5958.4031,2786.4511,2343.3899
3153,6106.599,2830.1078,2392.0797
3154,6236.2476,2867.5263,2406.7873
3155,6292.408,2859.8634,2398.5201
3156,6246.5894,2858.4282,2397.5942
3157,6180.2326,2839.9242,2350.8106
3158,6178.1587,2827.5479,2314.1256
3159,6196.3771,2764.0125,2288.4293
3160,6215.5121,2771.8675,2269.1718
3161,6197.9246,2906.7562,2281.9515
3162,6059.0794,2855.3841,2458.9906
3163,6072.5295,2577.7542,2548.1636
3164,6273.2201,2250.9111,2339.1153
3165,6048.8908,2016.5511,2058.247
3166,5494.0162,1879.4114,1790.1708
3167,5022.062,1804.2876,1618.5188
3168,4681.9565,1920.0908,1563.4026
3169,4373.6338,1781.8633,1512.9592
3170,4541.9783,1844.2291,1540.4574
3171,5004.3862,2024.5492,1669.745
3172,5608.7563,2301.0649,1870.5401
3173,5863.382,2656.4785,2145.7119
3174,6045.663,2769.7849,2241.2164
3175,6324.8985,2794.7455,2297.316
3176,6593.775,2839.9163,2337.8551
3177,6798.1157,2889.5743,2370.983
3178,6988.0344,2909.8293,2384.8192
3179,7061.6351,2917.6526,2392.2118
3180,7106.5233,2951.7876,2391.2378
3181,7115.6507,2883.5045,2371.0498
3182,7117.5809,2812.0301,2321.4949
3183,7032.746,2763.6625,2294.8152
3184,6825.3801,2741.6856,2311.1801
3185,6917.2494,2727.9845,2361.5785
3186,6772.3452,2881.5957,2530.2447
3187,6252.5625,2851.548,2466.0381
3188,5647.2931,2644.6321,2264.3996
3189,5107.9252,2349.5256,2004.7928
3190,4787.9736,2070.158,1790.1148
3191,4592.6234,1924.3912,1662.5358
3192,4515.7431,1814.3814,1440.585
3193,4354.2495,1871.8233,1418.4583
3194,4253.052,1966.3048,1410.104
3195,4258.0801,2094.9712,1453.1283
3196,4371.3729,2231.5188,1516.3904
3197,4538.9618,2313.766,1597.9623
3198,4687.0313,2349.4388,1750.1532
3199,5088.4585,2421.0791,1919.0448
3200,5436.8093,2419.7728,2015.5514
3201,5638.0869,2381.198,2058.8198
3202,5646.469,2323.9403,2048.8502
3203,5605.6854,2246.4198,2014.0464
3204,5523.9397,2218.4598,1983.7396
3205,5425.8089,2201.2674,1956.1279
3206,5309.4165,2202.7631,1939.55
3207,5280.8736,2224.3875,1958.7499
3208,5321.7144,2353.1197,1992.6605
3209,5382.7886,2563.9464,2153.9154
3210,5828.7681,2565.4737,2334.4821
3211,6007.5773,2359.6026,2212.951
3212,5721.2962,2127.2988,2007.9279
3213,5393.61,1934.9365,1782.3825
3214,5079.8748,1853.9982,1632.6908
3215,4864.9828,1875.37,1568.1609
3216,4626.6314,1834.7127,1596.2257
3217,4328.2418,1744.5079,1427.373
3218,4255.7136,1795.5906,1426.4736
3219,4238.3079,1882.4092,1459.5143
3220,4330.2482,1969.2673,1533.7682
3221,4434.4241,2200.4859,1632.9465
3222,4553.228,2312.2045,1766.1303
3223,4884.3879,2406.9623,1904.7431
3224,5166.5083,2449.1127,1998.3524
3225,5397.3907,2443.1481,2029.5446
3226,5550.6147,2423.1405,2042.3305
3227,5627.1366,2393.7691,2034.9114
3228,5667.9515,2384.5105,2011.96
3229,5689.3543,2393.8428,2001.8458
3230,5690.3696,2423.3721,1993.6206
3231,5762.8546,2457.5728,2016.6233
3232,5869.0714,2617.4274,2074.4517
3233,5929.3935,2794.3587,2295.5389
3234,6175.4536,2778.9172,2418.666
3235,6391.9884,2487.2548,2243.3278
3236,6066.3708,2169.4755,1980.7507
3237,5563.5973,1990.8485,1760.4167
3238,4970.9867,1857.066,1583.3076
3239,4543.9345,1758.9063,1466.8261
3240,4269.1861,1710.4888,1446.6631
3241,4218.1905,1710.4125,1386.1987
3242,4239.9257,1757.2895,1473.265
3243,4452.8356,1950.0622,1704.2814
3244,4641.5755,2183.1318,1938.1188
3245,4968.9512,2468.7034,2145.4756
3246,5199.9202,2577.278,2172.2905
3247,5565.4896,2643.9732,2219.2017
3248,5743.2143,2719.9559,2265.187
3249,5775.8859,2769.5244,2262.5261
3250,5791.9888,2777.2583,2218.5713
3251,5852.0858,2836.196,2203.9259
3252,5722.4528,2829.9552,2145.2557
3253,5716.148,2850.1549,2121.4546
3254,5705.943,2854.8526,2097.6162
3255,5677.4798,2851.7216,2066.4411
3256,5693.7991,2828.5515,2042.5762
3257,5851.2159,2856.8535,2136.03
3258,5840.4579,2889.3664,2358.7341
3259,5498.9476,2823.5933,2118.6958
3260,5463.1062,2557.7398,1798.8749
3261,5226.3941,2200.6227,1557.5873
3262,4888.0492,1938.3343,1439.0489
3263,4554.0806,1814.2604,1377.3384
3264,4836.6813,2115.2682,1496.2335
3265,4662.1792,2059.5957,1475.929
3266,4444.7953,1975.987,1433.7869
3267,4427.6788,1898.6085,1413.7778
3268,4565.8532,1912.8332,1496.4792
3269,5052.3888,2145.5922,1725.8787
3270,5704.2853,2595.732,1909.4655
3271,6043.6386,2898.3987,2079.2317
3272,6280.7445,2969.8548,2186.6056
3273,6515.6119,3019.5575,2285.6486
3274,6678.0983,3080.125,2350.7888
3275,6707.7431,3095.656,2380.1169
3276,6683.2649,3036.6894,2392.9293
3277,6683.3549,2980.888,2398.4532
3278,6678.3044,2920.3415,2373.7061
3279,6685.3544,2900.0918,2348.0237
3280,6700.4212,2887.6602,2290.2638
3281,6715.4275,2904.8947,2210.6477
3282,6761.1215,3132.7587,2381.2153
3283,6976.7604,3352.6783,2523.1148
3284,6937.8204,3417.6699,2463.3446
3285,6505.4752,3260.7646,2221.0332
3286,5925.0726,2891.3869,1948.4942
3287,5354.0172,2604.2274,1756.7024
3288,4398.4115,1892.123,1536.5924
3289,4361.4467,1786.4925,1499.8716
3290,4334.8911,1749.1477,1497.1423
3291,4479.9407,1786.361,1555.0095
3292,4867.2471,1896.7549,1748.7571
3293,5375.2011,2094.128,2037.7931
3294,5658.555,2300.7491,2145.2246
3295,5971.1727,2482.386,2198.4798
3296,6254.1128,2533.716,2239.7908
3297,6379.9027,2609.9067,2247.1819
3298,6350.4675,2661.2472,2246.2825
3299,6357.6404,2667.5248,2254.5155
3300,6394.4979,2631.9942,2245.3536
3301,6308.7551,2565.2779,2207.7552
3302,6089.2938,2537.3232,2179.3125
3303,6057.5353,2509.3423,2155.4974
3304,6075.636,2484.4238,2160.0441
3305,6110.9657,2457.8254,2263.7132
3306,6418.0879,2530.7167,2546.1611
3307,6350.4623,2549.9811,2480.2739
3308,5869.4101,2653.8501,2231.5019
3309,5375.6478,2509.087,1957.0195
3310,5007.4522,2283.6119,1744.0549
3311,4704.8162,2038.1213,1666.7638
3312,4258.5302,1826.9051,1502.492
3313,4196.1845,1811.2768,1479.5064
3314,4298.3626,1854.7545,1474.1333
3315,4625.5201,2048.923,1549.6535
3316,5146.68,2387.402,1698.5236
3317,5507.7304,2539.8516,1775.8177
3318,5764.4301,2572.6513,1974.7829
3319,5714.5087,2656.5285,2115.0842
3320,5803.5017,2740.4872,2190.337
3321,5863.7926,2748.4132,2248.0876
3322,5845.3509,2697.1252,2276.5023
3323,5888.1703,2686.4683,2303.9709
3324,5874.8086,2639.6939,2290.1659
3325,5838.0239,2596.2819,2269.9903
3326,5804.1586,2568.6378,2241.5507
3327,5761.166,2627.5675,2190.1955
3328,5827.4241,2954.7738,2209.4265
3329,6010.4988,2905.1895,2203.3126
3330,5941.593,2745.3349,2290.6386
3331,5673.8791,2591.7158,2247.9725
3332,5213.6133,2374.0904,2082.3861
3333,4734.1052,2157.9238,1917.9044
3334,4372.2957,1993.1295,1768.3107
3335,4535.3404,1837.8436,1624.3326
3336,4541.3941,1912.2175,1495.0962
3337,4407.6549,1816.0113,1459.3837
3338,4394.1996,1744.5553,1471.3309
3339,4475.8501,1738.3697,1546.635
3340,4792.7021,1899.8964,1762.287
3341,5244.5338,2134.438,1961.4621
3342,5643.3462,2334.9551,2079.9336
3343,5846.8275,2436.0037,2137.8708
3344,6001.2606,2523.0828,2178.3416
3345,6159.6979,2636.5971,2213.2635
3346,6253.6221,2729.8013,2223.3606
3347,6270.8494,2773.329,2214.1567
3348,6341.186,2857.2035,2215.9695
3349,6328.7565,2843.2867,2203.0903
3350,6296.953,2821.6254,2184.7073
3351,6224.4023,2784.4517,2192.9216
3352,6066.1225,2723.9578,2171.7814
3353,5837.4127,2587.2523,2233.3224
3354,5809.0187,2583.9135,2330.817
3355,6250.3459,2968.7616,2390.2342
3356,6016.3535,2940.7464,2154.3787
3357,5508.6453,2633.2399,1890.0775
3358,5027.233,2289.9475,1691.8344
3359,4691.9028,2033.6815,1511.9883
3360,4808.8241,1952.809,1677.7385
3361,4526.9115,1975.937,1714.3458
3362,4453.3783,2040.9865,1695.1381
3363,4514.6239,2169.6213,1698.9021
3364,4711.809,2386.8257,1730.1892
3365,4977.4092,2529.6352,1816.5955
3366,5261.6018,2684.7868,1937.9082
3367,5610.0496,2815.27,1999.4881
3368,5727.7534,2826.4348,2046.2951
3369,5719.7885,2803.391,2087.5175
3370,5625.9215,2705.8207,2078.3198
3371,5563.6242,2614.4202,2031.5269
3372,5517.6221,2538.5479,1986.5747
3373,5450.1374,2507.5729,1954.4519
3374,5394.9144,2600.7323,1930.5855
3375,5468.335,2956.0432,1925.1021
3376,6137.7868,3201.2338,2097.4514
3377,6566.3053,3086.4711,2369.7508
3378,6176.6126,2813.5074,2301.2572
3379,6013.7065,2678.3791,2247.9041
3380,5766.5913,2448.9273,2180.6977
3381,5417.0295,2231.6493,2067.6381
3382,5064.3215,2074.5888,1934.4994
3383,4794.4194,2005.9163,1794.2231
3384,4708.3701,1776.004,1695.2858
3385,4538.8216,1828.5166,1628.4184
3386,4433.7602,1885.9059,1605.4358
3387,4381.784,1991.3969,1599.9135
3388,4393.0441,2090.7471,1613.6564
3389,4411.8858,2140.5761,1638.5124
3390,4694.1689,2287.9886,1726.5667
3391,4936.5175,2379.7891,1811.9119
3392,5133.7632,2379.9707,1889.9842
3393,5286.9786,2350.6387,1940.5365
3394,5345.2302,2349.1193,1969.0585
3395,5405.3722,2301.0386,1973.683
3396,5396.2033,2299.4902,1952.6112
3397,5351.277,2308.7251,1934.2795
3398,5293.2037,2361.4877,1916.8535
3399,5289.2827,2511.968,1904.9343
3400,5393.4742,2788.0705,1926.017
3401,5992.4872,2910.6461,2113.0024
3402,6106.1714,2664.1966,2221.2322
3403,5916.1228,2487.6153,2167.2813
3404,5729.3183,2280.8731,2078.3945
3405,5425.4038,2018.3163,1938.8978
3406,5070.8226,1851.9473,1784.664
3407,4775.7266,1764.9024,1650.6726
3408,4303.2349,1794.3106,1572.6345
3409,4308.3824,1702.7785,1498.2827
3410,4204.2532,1629.7952,1440.4139
3411,4118.7095,1570.876,1390.8154
3412,4092.6024,1540.143,1373.3988
3413,4245.2959,1613.4763,1432.2027
3414,4864.4134,1874.4689,1654.3262
3415,5410.0203,2133.6948,1860.8831
3416,5776.7748,2313.7386,2071.8763
3417,6063.7795,2495.3255,2219.5935
3418,6293.4649,2659.4936,2350.7873
3419,6477.148,2797.8317,2452.5098
3420,6556.5774,2881.5588,2492.7955
3421,6631.852,2923.2935,2523.8727
3422,6687.8705,2965.1834,2515.5899
3423,6639.8308,2934.1583,2452.3077
3424,6567.2523,2856.5746,2384.4615
3425,6590.5767,2706.0259,2285.417
3426,6620.1244,2460.9011,2132.2256
3427,6734.6871,2633.5452,2423.9551
3428,6763.2144,2866.3095,2549.995
3429,6445.2934,2712.3694,2412.4698
3430,5845.5289,2409.3632,2144.4931
3431,5235.7275,2140.5735,1874.5311
3432,4757.7419,2030.1322,1653.1749
3433,4506.4841,1922.9928,1514.517
3434,4767.6959,2008.4288,1520.1419
3435,5301.5215,2211.9927,1586.4272
3436,6344.6566,2660.6446,1748.0832
3437,6869.734,3121.5439,1901.4518
3438,6643.9724,3045.698,2098.6415
3439,6598.7736,2994.6311,2187.6279
3440,6619.5454,3028.8924,2263.8034
3441,6581.9722,3030.4776,2323.3792
3442,6435.0443,2977.7465,2344.4199
3443,6358.493,2929.6922,2346.1923
3444,6190.9629,2921.8977,2322.2839
3445,6105.0678,2884.6924,2297.5305
3446,6087.6309,2870.8019,2272.7616
3447,6355.9204,2858.3861,2236.976
3448,6894.62,2873.7328,2231.4132
3449,7136.5081,2999.3736,2308.5721
3450,6876.2718,3153.2268,2303.3576
3451,6121.0114,2963.6587,2379.1056
3452,5313.0122,2586.1418,2225.5457
3453,4735.0367,2241.3326,2011.5806
3454,4555.857,2054.9612,1833.5721
3455,4453.1525,1933.8708,1631.9616
3456,4840.3627,2268.8899,1791.542
3457,4637.9279,2129.4087,1707.2812
3458,4701.1625,2053.6023,1631.9942
3459,4946.3631,2005.8321,1576.9138
3460,5295.8556,2012.1255,1549.4172
3461,5393.3312,2125.3662,1627.4413
3462,5384.4826,2516.3078,1859.581
3463,5666.7242,2839.1348,2078.9953
3464,5976.3219,2913.6981,2231.3588
3465,6064.2581,2935.4462,2289.268
3466,6149.1467,2895.2415,2375.6075
3467,6214.6872,2872.0477,2429.7729
3468,6221.9519,2828.6436,2464.5845
3469,6198.5237,2766.6198,2458.2265
3470,6251.6053,2727.8845,2451.8296
3471,6626.0424,2665.7976,2373.9315
3472,6474.9149,2690.6739,2322.5824
3473,5962.4782,2878.5858,2447.1196
3474,6073.7543,3076.8889,2576.1647
3475,5838.7569,3051.5652,2509.2941
3476,5466.0198,3020.2691,2422.615
3477,5212.2206,2993.647,2329.9751
3478,5154.2554,2829.0052,2178.3478
3479,4922.1568,2562.1218,1974.4098
3480,4751.5047,1902.9063,1658.7081
3481,4479.8871,1803.6034,1534.7298
3482,4412.283,1823.6768,1455.036
3483,4388.7561,1974.0729,1423.1465
3484,4489.8514,2158.6907,1416.1084
3485,4986.2423,2265.9616,1557.5438
3486,5586.9424,2402.7987,1827.1746
3487,5878.5347,2534.9697,2059.1961
3488,6136.2202,2573.9102,2186.7658
3489,6304.0705,2626.9123,2282.2003
3490,6367.7588,2637.9429,2361.0647
3491,6404.7427,2608.6056,2403.2534
3492,6442.6345,2562.1312,2391.3435
3493,6525.489,2568.322,2408.7742
3494,6473.5421,2574.5023,2394.0977
3495,6511.2851,2597.7329,2372.9761
3496,6512.2086,2636.5129,2351.8095
3497,6405.7268,2785.3554,2334.4239
3498,6350.187,2825.5232,2302.5251
3499,6570.7086,2699.8693,2493.8489
3500,6485.4973,2531.0219,2650.2118
3501,6074.7228,2366.4512,2532.4748
3502,5581.924,2186.1311,2269.1507
3503,5048.1891,2035.1246,1974.8132
3504,4638.0819,1953.9837,1804.3186
3505,4265.1249,1913.4711,1678.8168
3506,4255.1259,1906.0609,1628.5179
3507,4301.4674,1994.891,1619.5364
3508,4618.5549,2175.29,1663.7835
3509,5049.2366,2520.0045,1785.1025
3510,5483.7578,2701.6466,1995.9387
3511,5692.1442,2712.5983,2120.6532
3512,6329.1097,2759.099,2162.9414
3513,6396.5181,2869.1878,2196.9329
3514,6423.8916,2921.7767,2213.3941
3515,6414.5495,2986.8841,2216.1421
3516,6339.9681,2974.3656,2184.0458
3517,6285.75,2988.3061,2185.8602
3518,6177.4108,2946.3136,2158.3371
3519,6018.9977,2881.0115,2091.367
3520,5773.8144,2731.9981,1963.8938
3521,5962.5551,2895.0941,1951.9388
3522,6196.9578,3104.7409,2130.9741
3523,6048.1448,3012.7588,2253.868
3524,5788.8847,2804.171,2207.5266
3525,5520.6462,2541.6116,2128.2533
3526,5102.5378,2271.5525,1981.308
3527,4758.4248,2091.7534,1761.2119
3528,4483.9639,1879.4888,1810.6704
3529,4313.5888,1755.5438,1630.1223
3530,4278.6719,1674.737,1570.5216
3531,4374.5297,1665.3601,1559.5485
3532,4569.5405,1688.6381,1581.5757
3533,4835.9881,1812.8094,1685.3069
3534,5066.8566,1864.0263,1704.7618
3535,5307.2127,1960.3929,1826.8869
3536,5387.2913,2112.7057,1949.8679
3537,5427.4388,2232.3608,2004.9234
3538,5416.3986,2285.2445,2047.095
3539,5349.1131,2293.0363,2011.3063
3540,5303.0884,2275.9807,1984.6592
3541,5254.905,2266.5774,1957.0786
3542,5244.5234,2240.1553,1931.359
3543,5283.1431,2235.447,1913.9143
3544,5342.2768,2240.1211,1931.3388
3545,5469.8047,2250.9938,1969.9408
3546,5878.9752,2319.1689,2235.0108
3547,5725.4562,2385.9536,2264.2752
3548,5391.1995,2554.0421,2195.4768
3549,5024.7359,2450.2126,2087.149
3550,4697.5455,2262.248,1935.6803
3551,4546.0076,2047.8062,1766.8508
3552,4495.6153,1762.0319,1612.7399
3553,4430.0262,1735.4046,1530.1737
3554,4388.0108,1738.5066,1515.491
3555,4432.8263,1752.4629,1501.759
3556,4581.9735,1833.3643,1518.3354
3557,4749.0152,1909.4102,1561.411
3558,4886.0116,2007.291,1604.695
3559,5219.2315,2196.6618,1669.9705
3560,5278.9936,2286.7692,1726.9725
3561,5298.6775,2361.2404,1778.3558
3562,5263.0984,2378.3118,1790.3123
3563,5213.0905,2382.9621,1771.0455
3564,5141.5706,2337.9492,1753.576
3565,5101.6603,2303.8169,1741.621
3566,5116.8708,2319.3268,1741.6039
3567,5151.5263,2333.2778,1747.1107
3568,5302.6227,2398.3457,1779.2101
3569,5542.468,2476.1215,1859.0252
3570,5986.1987,2660.6025,1990.2718
3571,6143.2096,2736.5563,2045.377
3572,5789.4942,2534.7118,2052.5194
3573,5327.9856,2256.8741,1945.9375
3574,4860.8931,1999.1466,1808.1448
3575,4580.5748,1856.2529,1637.4388
3576,4647.3461,1777.0208,1512.642
3577,4407.1666,1705.6332,1494.2466
3578,4372.4281,1705.699,1456.6948
3579,4442.9015,1722.8125,1452.1761
3580,4677.7464,1874.9884,1524.6358
3581,4903.464,1994.7752,1589.0119
3582,5141.6285,2116.0787,1734.0729
3583,5412.5182,2302.408,1866.295
3584,5451.7179,2392.4733,1981.0321
3585,5427.4665,2440.5514,2041.5633
3586,5359.2367,2434.2606,2050.7237
3587,5285.7364,2417.1629,2058.0137
3588,5245.8521,2398.4957,2045.1485
3589,5222.3269,2367.5233,2031.4071
3590,5236.6087,2328.7801,2022.2716
3591,5391.8166,2410.9563,2056.232
3592,5825.6505,2570.7425,2179.9709
3593,6608.4592,2737.0115,2445.8875
3594,6147.3349,2650.1745,2481.9856
3595,5928.1541,2612.4639,2362.5992
3596,5655.5074,2450.6321,2264.9538
3597,5288.4499,2216.1115,2074.8551
3598,4921.396,2008.1289,1883.9891
3599,4713.6994,1899.5017,1728.0483
3600,4744.9973,2136.84,1749.0781
3601,4305.0594,1974.1255,1587.789
3602,4348.0936,2157.3976,1603.4396
3603,4562.8471,2388.7767,1700.7538
3604,4960.4849,2674.5141,1919.1801
3605,5286.892,2732.1402,2182.5571
3606,5529.2596,2780.405,2301.9311
3607,5729.669,2934.132,2335.0932
3608,5912.6416,3017.9618,2310.5202
3609,6058.677,3107.9087,2273.93
3610,6175.993,3245.9678,2222.626
3611,6320.9907,3358.998,2173.1535
3612,6330.0713,3481.521,2132.8196
3613,6299.4009,3590.0613,2073.2127
3614,6283.9791,3577.6297,2024.5525
3615,6183.8385,3469.0078,2012.5711
3616,6052.9945,3326.3088,2031.7539
3617,5988.5333,3408.7113,2164.6749
3618,5944.9132,3245.7705,2450.8945
3619,5869.3858,2690.1503,2337.978
3620,5497.1861,2267.8678,2135.9118
3621,5102.4141,2048.852,1916.4726
3622,4753.8088,1969.5936,1759.5126
3623,4584.0993,1926.1816,1669.5631
3624,4360.4764,1786.6636,1473.3769
3625,4271.5993,1803.7324,1492.6142
3626,4172.4221,1767.8833,1460.5428
3627,4244.8101,1811.2005,1471.6745
3628,4357.3387,1974.0571,1565.3678
3629,4648.8133,2231.7056,1732.4358
3630,5187.4914,2396.5,1891.2008
3631,5581.0922,2455.9429,1988.5818
3632,5943.872,2515.0752,2094.1632
3633,6258.5133,2569.5678,2152.0288
3634,6462.8905,2602.2912,2189.6459
3635,6605.7346,2630.3169,2201.548
3636,6681.3347,2627.2649,2201.5076
3637,6719.0136,2596.174,2205.1145
3638,6740.4527,2571.2503,2171.1821
3639,6722.9536,2569.6756,2135.4058
3640,6547.3029,2577.3674,2159.1852
3641,6246.8758,2547.8592,2238.0122
3642,5935.2422,2575.5612,2343.6169
3643,6057.1458,2789.6531,2403.0684
3644,6045.3222,2739.002,2316.6994
3645,5632.5327,2481.6981,2079.0233
3646,5072.4155,2212.9163,1870.677
3647,4681.8502,1970.383,1659.6386
3648,4877.2167,1996.2235,1581.5554
3649,4532.915,1891.9993,1487.039
3650,4338.8173,1918.4504,1422.8371
3651,4164.3723,2041.047,1399.0562
3652,4139.1957,2222.6628,1524.7711
3653,4494.8493,2317.3522,1724.7757
3654,5247.5399,2457.1886,1914.7422
3655,5680.8467,2530.3851,2035.084
3656,5815.7917,2525.8611,2081.9796
3657,5957.8075,2493.414,2153.6162
3658,6116.2136,2526.2084,2207.8096
3659,6196.9474,2518.5456,2257.307
3660,6217.4232,2513.9163,2290.2778
3661,6269.4791,2520.1545,2308.5861
3662,6261.3151,2529.4973,2312.2521
3663,6279.601,2582.1204,2320.5084
3664,6331.5202,2597.5461,2296.6327
3665,6362.9237,2608.4925,2210.4394
3666,6490.3131,2584.9014,2270.0976
3667,6931.455,2707.1612,2475.3633
3668,7020.5208,2614.107,2424.9478
3669,6714.8579,2421.6158,2195.5266
3670,6052.7044,2207.2977,1920.2132
3671,5423.5324,2044.3016,1700.8984
3672,4701.6889,2059.7694,1669.5538
3673,4455.4608,1960.5192,1458.6538
3674,4341.8252,1958.9971,1413.7156
3675,4319.4798,2087.9819,1404.7682
3676,4436.6451,2312.815,1485.5683
3677,4902.3327,2460.2038,1703.9184
3678,5545.9284,2570.4662,1926.7392
3679,5912.026,2684.02,2078.211
3680,6050.2645,2707.4664,2162.6599
3681,6159.877,2723.0895,2258.068
3682,6304.1969,2762.0142,2359.8839
3683,6427.8108,2779.0804,2438.7296
3684,6493.3098,2765.1135,2479.0449
3685,6616.9047,2822.5028,2514.8009
3686,6697.6056,2842.6894,2505.6483
3687,6746.69,2865.8858,2479.1257
3688,6902.7262,2868.9825,2432.3747
3689,7051.2327,2946.6531,2321.5898
3690,6647.4113,2875.0023,2438.9177
3691,6733.4035,2870.0809,2578.0925
3692,6605.622,2673.1262,2473.4214
3693,6192.16,2437.281,2222.9113
3694,5571.9717,2219.9056,1929.3518
3695,5150.7049,2042.8269,1720.1232
3696,4809.1184,1952.6511,1677.7525
3697,4526.9634,1975.8265,1714.2976
3698,4453.3939,2041.0838,1695.0759
3699,4514.6377,2169.916,1698.8321
3700,4711.648,2387.2546,1730.0912
3701,4977.1392,2530.2983,1816.4897
3702,5261.2365,2685.6868,1937.7434
3703,5609.6756,2816.1436,1999.3699
3704,5727.4556,2827.0611,2046.208
3705,5719.5496,2803.783,2087.4445
3706,5625.7293,2706.0391,2078.2514
3707,5563.5048,2614.4228,2031.4398
3708,5517.4905,2538.2874,1986.4798
3709,5450.0232,2507.2282,1954.3695
3710,5394.8175,2600.2639,1930.5389
3711,5468.3316,2955.4275,1925.0647
3712,6137.8665,3200.4655,2097.3829
3713,6566.5529,3085.9106,2369.7539
3714,6176.8065,2813.0785,2301.3007
3715,6013.613,2677.845,2247.9585
3716,5766.7281,2447.859,2180.7117
3717,5417.2338,2230.4388,2067.6366
3718,5064.5604,2073.5994,1934.4808
3719,4794.5942,2005.2663,1794.0894
3720,4710.4682,1840.8403,1623.5327
3721,4406.0942,1738.4987,1594.175
3722,4326.4709,1814.5393,1557.5273
3723,4323.4129,1848.6085,1563.0295
3724,4227.4668,1920.2119,1530.0571
3725,4386.0235,2153.1735,1596.2382
3726,4718.1606,2401.5003,1678.9536
3727,4919.6839,2524.268,1767.1556
3728,5190.52,2538.3243,1874.5498
3729,5427.5064,2494.9387,1956.1808
3730,5582.8025,2432.9096,1990.1427
3731,5664.5118,2350.6729,1988.3081
3732,5704.4221,2310.4156,1958.0527
3733,5788.2174,2299.5402,1942.4597
3734,5844.5094,2329.059,1940.6531
3735,5927.3258,2417.4576,1963.6201
3736,5882.4619,2495.0781,1988.4154
3737,6015.004,2816.3462,2070.9863
3738,6204.8829,2836.6222,2145.5402
3739,5976.3479,2370.8568,2099.5285
3740,5833.8127,1994.9909,2089.9841
3741,5478.9667,1768.2569,1950.3303
3742,5066.1305,1668.8015,1771.3743
3743,4797.28,1673.2966,1678.6239
3744,4429.6211,1890.3405,1499.8
3745,4385.7257,1787.9646,1449.3924
3746,4291.1603,1867.173,1444.0224
3747,4372.4741,2073.752,1510.2905
3748,4632.4499,2430.8534,1713.2281
3749,5046.6079,2702.6687,2058.2283
3750,5449.0262,2676.5229,2189.4127
3751,5676.7917,2597.5224,2205.0834
3752,5691.399,2577.5201,2250.1258
3753,5808.8275,2571.424,2301.4687
3754,5826.0878,2574.4812,2315.1618
3755,5827.1169,2570.0046,2322.4689
3756,5909.8017,2543.7298,2338.9598
3757,5902.769,2525.189,2313.3086
3758,5855.7671,2489.4452,2266.5249
3759,5837.3358,2456.8349,2229.8181
3760,5811.6467,2436.551,2184.8582
3761,5712.5646,2489.2215,2145.5247
3762,5880.344,2814.9715,2467.6465
3763,6028.9457,2647.4646,2542.4624
3764,5807.0702,2226.7042,2246.6424
3765,5388.6502,1934.5181,1932.7255
3766,5021.7555,1774.382,1676.7832
3767,4612.3547,1699.6845,1527.3247
3768,4526.676,1924.4886,1474.2033
3769,4299.2394,1859.4417,1466.0247
3770,4403.4257,1876.8078,1567.7955
3771,4674.1682,2043.319,1776.9013
3772,5033.9263,2229.9351,2021.8363
3773,5470.3432,2411.7641,2132.1245
3774,5842.2468,2598.0408,2213.0505
3775,6023.2909,2667.7985,2186.6554
3776,6269.609,2791.9751,2227.0842
3777,6371.8166,2897.4635,2234.466
3778,6457.6633,3033.8901,2229.9021
3779,6574.1995,3058.7375,2261.9486
3780,6652.8853,3068.0908,2234.4426
3781,6690.7027,3141.0478,2202.3557
3782,6631.4704,3137.9274,2183.9883
3783,6544.5928,3080.3435,2171.1059
3784,6371.087,2974.7472,2197.6534
3785,6329.5304,2967.2238,2495.6103
3786,6163.471,2824.8301,2508.6171
3787,5942.3521,2682.9663,2215.3889
3788,5569.7438,2574.9402,1964.986
3789,5091.6699,2309.1578,1730.8453
3790,4799.2666,2082.5685,1582.9555
3791,4629.5259,1943.0741,1522.2766
3792,4466.0467,1968.0663,1711.8886
3793,4411.839,1882.8644,1576.1653
3794,4378.0569,1901.3474,1529.307
3795,4477.2082,1862.6621,1525.6176
3796,4829.8678,2174.6427,1618.2887
3797,5472.1383,2567.2826,1892.5004
3798,5933.0731,2794.1113,2125.5722
3799,6022.2999,2856.4825,2225.7727
3800,6049.2623,2931.2695,2230.5776
3801,6081.3133,3051.0615,2237.2403
3802,5987.4705,3057.5207,2213.5356
3803,5863.7614,3084.027,2189.7221
3804,5784.2888,3171.085,2153.994
3805,5660.7165,3189.8864,2114.6186
3806,5567.7834,3216.3321,2066.0019
3807,5468.6338,3197.7492,2011.8971
3808,5492.8938,3224.1713,2009.0947
3809,5453.8569,3110.6754,2006.2566
3810,5729.1946,3170.7114,2120.6811
3811,5844.4672,3208.0851,2273.1239
3812,5647.6958,2888.4996,2283.5087
3813,5330.2672,2551.198,2161.2421
3814,4872.1152,2209.3328,1938.9802
3815,4529.6917,1994.8936,1725.958
3816,4903.9315,2455.3166,1713.7496
3817,4420.0636,2261.3402,1509.1999
3818,4457.6611,2199.2506,1489.9346
3819,4640.2112,2216.4352,1521.1626
3820,5035.4289,2371.8447,1671.7537
3821,5464.3629,2511.6496,1854.4396
3822,5930.3067,2831.5982,2069.2528
3823,6175.9176,3013.3483,2173.0276
3824,6433.5356,3191.999,2265.725
3825,6533.8823,3319.438,2313.506
3826,6571.9819,3403.4336,2331.8594
3827,6576.282,3450.1238,2315.3126
3828,6652.9044,3537.2187,2340.8752
3829,6668.2794,3602.5787,2347.2347
3830,6608.0231,3626.1382,2315.0669
3831,6468.1297,3663.6067,2271.8918
3832,6187.4055,3624.7846,2225.077
3833,5959.7162,3446.0997,2177.4188
3834,5892.0342,3220.8483,2224.288
3835,6012.4186,3166.5347,2411.5082
3836,5672.7287,3175.6801,2309.599
3837,5118.5069,2791.8882,2039.6899
3838,4644.2,2409.5842,1770.7936
3839,4344.3156,2205.9045,1592.7339
3840,4829.3103,1907.8303,2054.4899
3841,4536.997,1859.6233,1863.7856
3842,4619.7216,2016.2575,1791.3959
3843,4882.2084,2311.0666,1749.3486
3844,5377.6723,2475.7558,1785.3535
3845,5884.4067,2525.7216,1931.429
3846,6210.5679,2661.0288,2209.4591
3847,6430.4862,2669.0258,2347.1508
3848,6594.1351,2703.4397,2439.9089
3849,6609.7802,2740.9292,2532.5846
3850,6563.9494,2727.144,2573.8039
3851,6519.0509,2671.5425,2566.419
3852,6413.8389,2642.3,2544.3343
3853,6342.2515,2611.4986,2527.7268
3854,6263.4375,2577.5979,2494.6223
3855,6151.0647,2740.6018,2484.4397
3856,6033.4752,2838.2063,2468.7798
3857,6240.6073,2748.1147,2394.6923
3858,6330.5637,2696.6689,2437.1267
3859,6102.8398,2438.7546,2603.0138
3860,5743.447,2207.215,2641.1944
3861,5318.2747,2036.0351,2487.7683
3862,4898.2032,1902.0763,2215.22
3863,4656.8855,1884.697,1949.1728
3864,4640.2407,1946.5866,1817.0284
3865,4545.1766,2079.9033,1655.6632
3866,4547.2193,2283.0094,1597.0614
3867,4664.5873,2484.596,1580.6405
3868,5092.2358,2662.9598,1593.5555
3869,5726.3545,2723.6353,1688.3005
3870,6053.2955,2736.0721,1811.4152
3871,6216.9115,2661.7956,1951.8144
3872,6231.4738,2578.3158,2071.9261
3873,6272.4479,2471.4975,2110.3928
3874,6200.9955,2333.6173,2122.2591
3875,6131.598,2282.5372,2130.4408
3876,6134.5868,2232.9213,2125.8272
3877,6121.2303,2158.5212,2106.5573
3878,6056.8747,2186.5074,2095.5437
3879,5981.394,2177.2909,2085.4839
3880,5910.0421,2302.9632,2091.9104
3881,5852.0328,2523.2854,2131.4646
3882,6209.4625,2534.216,2229.8974
3883,6335.7986,2448.5326,2299.278
3884,6017.2587,2189.3384,2282.3596
3885,5592.1903,2102.4487,2187.599
3886,5125.3628,1911.448,2063.658
3887,4810.8184,1846.1406,1850.9499
3888,4805.6206,2122.0748,1567.7441
3889,4540.2299,1948.2165,1495.3513
3890,4370.7091,1811.5452,1445.8336
3891,4307.4017,1736.974,1455.0189
3892,4334.9656,1726.1144,1459.6138
3893,4396.8508,1704.2743,1498.1754
3894,4386.9973,1643.7646,1558.9321
3895,4638.5979,1757.2974,1644.3923
3896,5055.5525,2016.6417,1808.6299
3897,5373.3454,2251.2017,1928.8054
3898,5551.1583,2432.9412,2013.1672
3899,5565.5579,2515.3541,2037.9237
3900,5526.7719,2538.7216,2041.5944
3901,5467.4738,2565.1805,2045.2324
3902,5418.4448,2574.5575,2053.5058
3903,5352.1815,2565.3911,2073.7249
3904,5372.6608,2607.3783,2119.578
3905,5410.4366,2630.7326,2303.8885
3906,5473.5484,2588.7954,2313.2324
3907,5858.7566,2551.5427,2172.01
3908,6045.9082,2792.1382,2061.7668
3909,5798.2735,2865.0926,1856.9916
3910,5332.0458,2631.8994,1670.6195
3911,4967.1004,2372.2157,1600.7771
3912,4626.8547,1896.997,1616.266
3913,4440.8639,1806.6528,1493.4203
3914,4326.4224,1811.3163,1483.3216
3915,4271.2444,1853.2351,1502.6195
3916,4390.8663,2014.7933,1635.7566
3917,4847.5494,2331.5479,1970.6209
3918,5484.1194,2443.7034,2117.6393
3919,5935.8593,2554.1157,2236.9869
3920,6086.401,2635.0619,2387.4334
3921,6155.2593,2691.2239,2544.3047
3922,6177.0863,2640.3043,2641.4868
3923,6181.4124,2663.8613,2753.3437
3924,6022.4169,2591.3226,2783.6396
3925,5906.3118,2535.8106,2794.6299
3926,5797.2273,2539.3599,2771.666
3927,5680.9665,2603.3321,2669.8968
3928,5846.2166,2792.716,2562.5788
3929,6666.4877,2893.3856,2730.2601
3930,6866.2444,2869.7682,2797.2986
3931,6695.7585,2740.8413,2643.581
3932,6508.4054,2582.3693,2403.2099
3933,6134.4434,2320.8662,2091.0996
3934,5680.337,2138.5925,1846.8665
3935,5311.9976,2023.2061,1737.4792
3936,4982.6139,2212.0533,1561.324
3937,4688.2371,2129.7639,1513.6316
3938,4566.7698,2080.3822,1499.0997
3939,4629.1087,2074.4914,1525.9582
3940,4902.8608,2245.6555,1651.8721
3941,5326.9571,2488.1573,1842.0143
3942,5833.6431,2764.5967,2033.7735
3943,6265.0768,3003.8412,2171.4682
3944,6565.6667,3221.3693,2299.0675
3945,6929.441,3429.5046,2430.1756
3946,7218.6824,3656.3307,2505.3211
3947,7449.6877,3993.3639,2561.2636
3948,7712.1797,4296.228,2585.0834
3949,7941.0384,4529.1265,2595.9788
3950,8097.2425,4848.6462,2572.9651
3951,8131.9448,5067.0648,2543.5049
3952,7970.5897,5080.5764,2473.7247
3953,7661.2032,4779.2528,2377.4996
3954,7419.2788,4399.1128,2409.955
3955,7378.894,4061.6454,2491.2377
3956,6940.8206,3668.2213,2344.0017
3957,6165.6876,3172.7108,2111.6567
3958,5463.7554,2679.2012,1878.6067
3959,5043.6683,2392.1549,1723.6726
3960,4350.2343,2179.6403,1586.2468
3961,4231.4528,2131.5175,1556.0271
3962,4226.0196,2109.6511,1536.6654
3963,4264.6775,2134.4722,1566.8712
3964,4454.6152,2240.0974,1655.8326
3965,4683.6627,2398.5957,1777.9204
3966,5050.8638,2644.1889,1960.67
3967,5484.4407,2895.9098,2125.9874
3968,5827.7877,3105.6882,2284.7353
3969,6166.0425,3334.2126,2409.5492
3970,6366.4987,3522.4245,2461.9065
3971,6573.9754,3747.8943,2494.0634
3972,6737.5359,3981.2796,2492.3268
3973,6895.0376,4206.731,2472.2042
3974,7028.9309,4489.4717,2471.2799
3975,7170.9397,4689.8863,2468.5366
3976,7153.5324,4806.2263,2425.419
3977,6933.8806,4677.0073,2350.1911
3978,6615.8696,4386.0854,2301.4453
3979,6397.5413,4083.0345,2401.5059
3980,6320.2447,3910.3089,2325.7191
3981,5934.6365,3417.5109,2093.4877
3982,5384.5442,2997.8278,1878.5423
3983,4905.8765,2626.5255,1729.6101
3984,4433.4825,1999.5729,1582.5917
3985,4435.9311,2010.3061,1538.3523
3986,4356.1918,2039.8434,1557.5367
3987,4403.1902,2157.937,1643.7222
3988,4623.9854,2369.1979,1849.2071
3989,4980.7841,2760.4474,2184.0791
3990,5432.7889,2860.1055,2321.9014
3991,5813.0176,2951.9823,2446.7775
3992,6041.1485,3084.1875,2555.1566
3993,6284.6024,3200.7959,2690.0972
3994,6423.7419,3247.6888,2711.253
3995,6451.5084,3311.6609,2705.8986
3996,6588.7091,3402.042,2746.3491
3997,6608.3063,3431.8134,2714.301
3998,6562.4133,3428.8298,2656.5909
3999,6537.852,3433.3749,2590.5855
4000,6423.2529,3358.5853,2463.1356
4001,6362.6591,3257.3289,2414.424
4002,6568.3604,3475.6448,2727.0124
4003,6626.825,3412.9026,2608.0146
4004,6236.651,3044.6049,2348.3581
4005,5743.8556,2632.961,2037.1487
4006,5328.4624,2300.6386,1780.0551
4007,4982.7386,2149.9715,1698.1893
4008,4675.0485,1853.6588,1581.6239
4009,4324.7744,1786.9978,1521.9578
4010,4206.4327,1768.478,1468.7322
4011,4203.5773,1832.2212,1458.6756
4012,4323.4312,1993.8952,1513.8493
4013,4681.2833,2225.369,1659.8812
4014,5056.645,2475.502,1838.0949
4015,5510.2181,2620.0809,2051.8688
4016,5874.9506,2775.4852,2227.1464
4017,6176.3133,2968.1632,2354.7518
4018,6417.3973,3094.2749,2462.1102
4019,6573.5668,3175.2474,2497.843
4020,6693.116,3253.1917,2517.1144
4021,6815.6314,3326.3592,2520.7602
4022,6877.8231,3403.9008,2489.5245
4023,6902.097,3501.2974,2472.002
4024,6843.5233,3486.7728,2424.2552
4025,6648.4224,3315.8165,2344.4619
4026,6355.3189,3146.4744,2287.6278
4027,6140.1578,3139.6863,2329.1939
4028,6101.9353,3067.7829,2453.7591
4029,6046.1513,2716.7566,2330.6164
4030,5524.9013,2373.5825,2072.6467
4031,5033.445,2129.7534,1822.1194
4032,4588.119,1913.9474,1852.1416
4033,4284.8537,1840.9693,1688.8719
4034,4274.6937,1899.9911,1682.4035
4035,4300.3223,1994.6357,1697.0566
4036,4496.3397,2201.1779,1810.7077
4037,4645.6548,2246.6487,1853.9373
4038,5061.6582,2543.4404,2041.072
4039,5249.9756,2753.2135,2328.1708
4040,5474.813,2857.2956,2479.6333
4041,5581.1199,2907.1457,2607.2278
4042,5668.857,2992.5791,2704.4643
4043,5657.5813,3113.78,2777.8032
4044,5620.8484,3294.05,2816.301
4045,5615.8775,3492.8952,2845.6431
4046,5581.2342,3623.2204,2858.4337
4047,5490.5048,3570.3263,2796.9751
4048,5460.9467,3396.1575,2739.1826
4049,5643.6734,3515.3548,2741.0093
4050,5488.8326,3247.0941,2655.8803
4051,5503.1785,2830.8761,2509.2926
4052,5222.0751,2426.7267,2245.3925
4053,4961.0113,2137.6268,2035.2706
4054,4699.0792,1968.2584,1847.0967
4055,4390.4154,1916.9836,1740.5086
4056,4522.7879,2016.268,1669.7077
4057,4461.4211,1924.7964,1579.738
4058,4343.0326,1912.3332,1558.6086
4059,4293.0541,1921.6655,1560.4494
4060,4330.7312,1993.2558,1620.047
4061,4409.5677,2050.9608,1700.6869
4062,4551.0218,2096.3447,1758.6256
4063,4737.5753,2358.9883,1956.976
4064,5021.2433,2512.5574,2103.6647
4065,5312.3855,2674.0446,2236.735
4066,5533.9778,2790.5872,2296.4026
4067,5654.5094,2887.0275,2298.2869
4068,5734.285,2988.1656,2284.544
4069,5746.7786,3115.6809,2262.5635
4070,5768.5381,3250.8381,2246.0975
4071,5811.7021,3418.4187,2236.9589
4072,5835.319,3467.9267,2220.4992
4073,5845.505,3359.1969,2313.9996
4074,6222.0506,3529.7321,2589.0051
4075,6315.3178,3426.8931,2433.5789
4076,6073.6452,3086.429,2209.7188
4077,5696.9202,2685.621,1939.7692
4078,5266.5329,2337.844,1713.0104
4079,4825.114,2121.9932,1607.331
4080,4563.53,2185.447,1793.1993
4081,4162.4006,1904.7467,1543.8295
4082,4177.9366,1889.4578,1478.7733
4083,4448.816,1948.6718,1470.615
4084,4883.1502,2147.6827,1503.8128
4085,5387.3979,2503.4041,1675.5177
4086,5752.6221,2617.079,1845.4254
4087,6038.9925,2749.4183,1976.7886
4088,6424.5453,2971.6783,2160.31
4089,6730.1753,3200.2001,2359.3856
4090,6869.2888,3413.1699,2530.8604
4091,7168.737,3660.2905,2687.64
4092,7408.8593,3958.5542,2813.2025
4093,7693.8646,4270.6506,2936.9087
4094,7875.6332,4580.9775,3030.347
4095,7558.1017,4579.1713,2966.0954
4096,7235.1786,4566.416,2937.5749
4097,7050.9691,4398.367,2898.9854
4098,7319.9865,4356.093,2841.3576
4099,6768.5336,4091.4168,2728.8174
4100,6045.7049,3634.3732,2656.0902
4101,5357.7636,3062.9273,2434.7899
4102,4818.084,2578.6053,2142.0366
4103,4560.6669,2280.6099,1907.2407
4104,4531.1053,2669.8506,1843.0233
4105,4423.951,2598.5313,1792.558
4106,4420.5328,2479.1525,1735.5747
4107,4644.9217,2499.4285,1772.1182
4108,4924.6947,2611.4761,1865.5813
4109,5300.5765,2821.2571,1978.4403
4110,5623.8788,3046.7058,2159.2138
4111,5868.7185,3287.9224,2304.4039
4112,6147.2019,3615.9628,2459.6117
4113,6307.2466,4001.4241,2637.6901
4114,6325.2997,4281.3022,2752.5345
4115,6371.5841,4618.3934,2847.1132
4116,6424.9566,4907.3354,2968.1414
4117,6460.0345,5053.4916,3057.0951
4118,6511.4387,5241.3324,3137.8049
4119,6522.0211,5297.126,3175.4469
4120,6516.9965,5216.2561,3125.993
4121,6470.7433,4882.2854,2999.4518
4122,6435.1824,4513.9771,2847.1007
4123,6501.2362,4261.4536,2855.2762
4124,6481.954,4006.2308,2778.6382
4125,6464.0341,3513.9591,2561.3771
4126,6411.7972,3037.1315,2308.8784
4127,5996.0975,2768.3418,2077.4189
4128,4555.966,2335.3472,1820.3486
4129,4443.968,2319.7689,1745.807
4130,4535.8251,2364.8739,1722.8307
4131,4780.0295,2475.1731,1747.6089
4132,5140.7925,2626.1112,1860.4664
4133,5698.5138,2868.2762,2091.5449
4134,6016.7049,2954.2174,2284.3527
4135,6219.4445,3151.901,2511.0681
4136,6345.6153,3307.7947,2699.2436
4137,6351.1835,3513.2859,2876.3806
4138,6381.0066,3800.9505,3014.9204
4139,6457.7692,4138.0417,3103.8912
4140,6512.1656,4492.1384,3191.9766
4141,6583.7132,4883.2037,3271.7279
4142,6622.513,5123.5624,3302.9217
4143,6543.7994,5183.6169,3302.9637
4144,6313.6258,4962.6869,3231.4111
4145,6141.529,4598.9289,3086.4621
4146,6349.2523,4452.3596,3035.0073
4147,6230.9297,4099.2981,3125.0703
4148,5707.7807,3578.827,2908.6946
4149,5181.2239,3119.034,2570.986
4150,4793.6578,2808.4176,2248.8299
4151,4562.5226,2558.3451,2065.1125
4152,4265.2523,1968.7241,1644.128
4153,4284.4392,1971.7577,1667.8094
4154,4497.5264,2148.7416,1702.7127
4155,4898.5745,2321.1804,1807.4382
4156,5281.3937,2526.4347,1905.7777
4157,5892.1015,2869.6325,2093.9999
4158,6354.9526,3037.5236,2289.4873
4159,6540.3125,3178.9742,2435.4476
4160,6641.9168,3303.3718,2595.1447
4161,6636.3149,3342.4702,2686.8821
4162,6604.0623,3428.1983,2752.0005
4163,6703.3314,3588.3476,2787.7581
4164,6743.233,3692.656,2858.3398
4165,6752.5872,3790.6578,2916.0546
4166,6705.7429,3776.6831,2929.74
4167,6564.9415,3601.016,2909.4447
4168,6290.3316,3361.5583,2832.2439
4169,6077.9637,3252.3549,2751.5123
4170,6288.0206,3284.6283,2738.0011
4171,6092.6998,2930.3395,2694.7886
4172,5377.0052,2450.3441,2501.8595
4173,4824.5872,2167.5113,2231.9737
4174,4533.9427,2038.4608,2034.6564
4175,4418.7931,2016.5811,1870.4375
4176,4666.0666,2224.3717,2023.4158
4177,4495.2586,2145.3317,1837.3625
4178,4536.1981,2102.0382,1799.8434
4179,4687.5542,2100.6662,1789.9547
4180,5032.0533,2282.5583,1910.3043
4181,5485.874,2636.5629,2129.6767
4182,5779.4485,2714.4256,2254.6057
4183,5938.1125,2795.4191,2354.744
4184,6126.2725,2930.6131,2464.0287
4185,6229.5715,3084.2085,2560.372
4186,6247.9665,3188.6222,2597.958
4187,6199.0223,3275.6566,2564.9234
4188,6253.0084,3499.3465,2622.5667
4189,6233.5929,3665.5524,2625.2649
4190,6281.4664,3873.4798,2642.6132
4191,6264.9514,4073.2786,2643.4488
4192,6071.7358,4060.5523,2570.0088
4193,5779.6458,3757.7987,2405.0351
4194,5902.0332,3670.7433,2492.347
4195,5928.632,3663.8999,2558.1954
4196,5598.2554,3326.6141,2449.6499
4197,5220.9238,2929.0159,2289.7802
4198,4867.2714,2568.8836,2089.7073
4199,4499.6021,2289.5738,1916.3917
4200,4484.1907,2191.8325,1830.2311
4201,4560.7265,2224.4164,1797.2307
4202,4440.3195,2142.2087,1728.3981
4203,4380.1948,2115.834,1708.1573
4204,4372.0759,2145.5633,1734.7406
4205,4491.7532,2214.0779,1807.1677
4206,4620.8626,2276.4727,1902.5462
4207,4859.1118,2421.0306,2038.4095
4208,5147.2202,2616.6737,2247.6615
4209,5392.3498,2768.9392,2447.7438
4210,5543.4133,2967.758,2614.7356
4211,5705.6036,3151.0748,2746.8069
4212,5803.5578,3410.4717,2876.0883
4213,5954.6767,3694.6239,3005.3262
4214,6094.5407,3983.2764,3127.1994
4215,6183.3797,4223.6273,3146.4475
4216,6237.5233,4303.9051,3080.4624
4217,6186.3771,4143.7216,2994.2737
4218,6219.047,3859.5589,3012.5012
4219,6205.0041,3770.6577,2932.8384
4220,6002.5676,3473.8739,2761.7058
4221,5699.7567,3144.5798,2540.6605
4222,5290.928,2810.7881,2281.8831
4223,4849.6181,2429.0813,1997.4094
4224,4372.7518,2531.3783,1773.4638
4225,4255.2558,2450.6794,1659.6059
4226,4227.7057,2318.7453,1641.2432
4227,4243.0842,2242.7336,1641.2961
4228,4341.0228,2216.3299,1690.8573
4229,4275.8718,2180.5756,1677.9671
4230,4474.3977,2177.7394,1792.6669
4231,4887.1387,2323.9929,1994.5029
4232,5274.1872,2563.2296,2184.4337
4233,5631.5649,2790.0636,2322.102
4234,5901.0809,3023.1147,2392.7209
4235,6155.1786,3307.2695,2412.8934
4236,6366.5019,3577.5418,2417.507
4237,6583.9741,3919.1148,2430.3955
4238,6756.591,4311.7969,2454.2822
4239,6866.9852,4682.6361,2438.7623
4240,6796.6676,4921.4544,2432.3903
4241,6608.8228,4967.7184,2364.5457
4242,6251.7532,4895.8913,2337.9484
4243,6177.6012,4745.2137,2503.1974
4244,5942.481,4276.7726,2341.8617
4245,5434.449,3979.8993,2134.3945
4246,5089.8115,3493.7289,1953.4142
4247,4927.1121,3015.603,1838.5885
4248,4359.4784,2264.7211,1754.1178
4249,4212.4138,2145.2449,1680.7011
4250,4125.5951,2056.87,1643.9414
4251,4145.2339,2030.6032,1648.5504
4252,4306.9508,2099.1862,1766.051
4253,4723.824,2231.294,1988.0345
4254,5144.0877,2433.3622,2193.7588
4255,5428.4049,2719.2548,2404.8407
4256,5658.5248,2961.6014,2620.4165
4257,5813.9993,3217.9857,2803.0184
4258,5930.5909,3430.9898,2938.8179
4259,6004.079,3654.6902,3021.3375
4260,6014.4658,3883.1541,3061.8098
4261,6023.8183,4162.6139,3088.4988
4262,6073.9596,4417.0237,3091.3447
4263,6173.0676,4596.5596,3088.648
4264,6255.6294,4645.5992,3045.5351
4265,6217.6822,4494.7558,2919.8917
4266,6206.2628,4029.0641,2927.9303
4267,6108.319,3828.4864,2833.7715
4268,6143.614,3795.4762,2788.869
4269,5911.0324,3438.2196,2542.7998
4270,5374.3278,2984.9252,2223.3373
4271,5103.2373,2702.2609,2021.2043
4272,4509.9075,2405.7218,1612.052
4273,4542.3367,2315.6065,1572.4588
4274,4636.1414,2270.6725,1568.911
4275,4819.9388,2267.7573,1598.5019
4276,5124.2869,2351.8818,1674.9168
4277,5525.9513,2476.382,1827.4685
4278,5959.2183,2585.3303,1985.3792
4279,6241.4201,2802.532,2142.2443
4280,6462.3434,2990.2834,2248.7297
4281,6522.9043,3105.1461,2342.3157
4282,6570.0447,3221.4757,2419.3222
4283,6599.8349,3370.4654,2476.1454
4284,6648.9176,3482.1946,2479.7912
4285,6698.9966,3595.3932,2478.7985
4286,6688.7743,3682.2592,2444.7728
4287,6614.16,3784.514,2396.0831
4288,6521.1992,3832.4237,2339.1106
4289,6412.9638,3866.4191,2307.0268
4290,6453.5744,3821.3615,2334.8142
4291,6181.7386,3415.1126,2305.2808
4292,5939.558,3081.4734,2340.4585
4293,5474.8666,2987.7825,2180.4722
4294,5042.5838,2720.5543,1973.0905
4295,4740.0118,2478.3604,1796.081
4296,4646.7602,2147.9311,1686.9938
4297,4468.9334,1895.1724,1591.7256
4298,4438.192,1862.72,1541.4081
4299,4535.1395,1943.5741,1528.8181
4300,4843.4848,2117.5639,1601.5188
4301,5202.0856,2359.9288,1718.26
4302,5699.7497,2616.0027,1870.6483
4303,5988.3152,2783.6728,2023.8847
4304,6176.7417,2920.3099,2149.5996
4305,6347.4025,3095.6876,2269.7549
4306,6339.2108,3191.9516,2340.3894
4307,6273.8884,3314.5719,2374.356
4308,6304.4809,3534.8546,2422.9525
4309,6284.0189,3683.8391,2419.2709
4310,6198.2398,3795.563,2394.4787
4311,6120.6159,3885.5573,2370.5127
4312,5992.9824,3807.9104,2311.6699
4313,5853.1998,3640.3035,2265.795
4314,5782.8805,3413.9221,2236.7297
4315,6044.068,3511.5582,2316.2773
4316,5957.161,3256.5932,2371.7005
4317,5500.8414,2815.5437,2231.0214
4318,5067.0266,2435.1485,2057.4819
4319,4759.1928,2197.7207,1847.4923
4320,4761.4111,2352.8644,1676.1139
4321,4581.1642,2180.8124,1643.1555
4322,4495.3867,2120.3896,1611.0499
4323,4544.4452,2162.361,1635.8251
4324,4646.8727,2215.3342,1684.5708
4325,4555.3999,2209.1986,1669.1877
4326,4934.6548,2456.156,1833.5652
4327,5453.5556,2751.1178,2055.6249
4328,5845.845,2984.0163,2220.8117
4329,6194.3274,3241.8017,2337.3896
4330,6380.1364,3440.7599,2361.2793
4331,6515.8266,3665.8509,2375.9511
4332,6632.2139,3937.532,2367.7477
4333,6738.462,4252.5988,2365.9535
4334,6820.1505,4541.2592,2353.1396
4335,6838.5835,4777.0045,2352.2091
4336,6739.4322,4849.7878,2340.195
4337,6553.4363,4664.9937,2298.8809
4338,6227.5538,4293.9729,2244.8694
4339,6264.6554,4049.9728,2412.5817
4340,6162.4322,3728.4968,2337.2076
4341,5645.3041,3185.1819,2103.1043
4342,5170.985,2739.6504,1900.1792
4343,4875.6172,2461.8469,1763.4212
4344,4587.6179,2120.5948,1723.9229
4345,4450.741,2064.8039,1656.0581
4346,4405.6623,2111.3784,1640.4122
4347,4527.1071,2220.0003,1685.324
4348,4781.3727,2279.1932,1811.8808
4349,5143.1805,2493.4692,2002.7592
4350,5658.0668,2738.8414,2241.3206
4351,6041.4141,2956.5011,2437.7975
4352,6251.1552,3157.0024,2581.9591
4353,6422.0393,3328.0534,2699.4675
4354,6477.4493,3472.727,2737.1965
4355,6436.9807,3685.5916,2736.4246
4356,6513.7087,3965.083,2781.383
4357,6607.9254,4257.0217,2828.1962
4358,6582.78,4493.0406,2827.3419
4359,6653.4109,4691.6199,2829.1827
4360,6626.8294,4635.6948,2756.7199
4361,6410.2756,4421.4635,2639.3841
4362,6235.4081,4104.7615,2599.2399
4363,6334.1976,3923.9467,2739.2643
4364,6253.1227,3481.162,2601.5431
4365,5730.2005,2995.3179,2297.9317
4366,5201.6859,2653.6186,1998.7271
4367,4899.7622,2456.1929,1843.3638
4368,4954.1386,2477.5383,1744.8843
4369,4733.2343,2336.1509,1641.0753
4370,4701.4828,2278.6853,1629.1965
4371,4770.7297,2317.3943,1662.228
4372,4992.1142,2446.1528,1806.1641
4373,5250.7839,2562.7033,1986.2108
4374,5607.6484,2789.5268,2147.9586
4375,6004.3281,3067.6435,2277.5852
4376,6247.6937,3319.3617,2380.4621
4377,6588.9962,3640.9561,2484.212
4378,6850.6668,3919.1464,2536.5553
4379,7031.7507,4253.2014,2557.6847
4380,7233.1304,4574.9615,2488.1128
4381,7417.0196,4876.4377,2545.9443
4382,7569.9631,5134.4863,2530.4399
4383,7590.2467,5328.6311,2513.8931
4384,7512.4723,5376.7118,2464.2309
4385,7287.628,5174.8199,2404.4389
4386,6988.3288,4856.4643,2427.4821
4387,6698.1482,4503.7423,2560.187
4388,6494.6583,4149.3297,2412.1168
4389,6024.4628,3616.435,2144.9634
4390,5454.2219,3134.7255,1876.9867
4391,4970.1792,2654.9143,1665.1019
4392,4919.0988,2198.5996,1595.3885
4393,4723.1765,2190.6473,1580.7136
4394,4707.7461,2181.1624,1587.0918
4395,4831.1435,2250.8701,1669.5755
4396,5122.9253,2402.7592,1851.9519
4397,5688.6687,2601.4991,2071.1937
4398,6007.6552,2747.7448,2182.3643
4399,6327.7886,2870.8598,2246.8476
4400,6576.3347,3062.2131,2326.8369
4401,6807.5288,3244.3368,2380.2366
4402,7033.4905,3462.2622,2416.1451
4403,7202.2384,3653.776,2413.5231
4404,7411.8392,3967.6707,2450.2221
4405,7612.136,4278.3924,2449.2963
4406,7853.1404,4528.3412,2444.6811
4407,7905.1911,4677.3099,2450.1101
4408,7598.963,4502.0481,2471.1104
4409,7379.2265,4140.37,2529.6018
4410,7462.7136,4147.8724,2556.182
4411,7260.2424,3833.9145,2438.1039
4412,6829.0441,3447.0338,2245.4189
4413,6181.2677,3030.487,1998.5607
4414,5575.3889,2660.4698,1780.97
4415,5129.7859,2394.6848,1614.8388
4416,4631.2605,2479.6419,1675.1912
4417,4482.9918,2240.5631,1665.9702
4418,4442.1874,2161.26,1644.8906
4419,4539.2544,2189.0621,1677.0397
4420,4808.7791,2320.8831,1802.6753
4421,5140.0809,2482.3334,1945.0708
4422,5423.5352,2720.0638,2075.6201
4423,5766.0556,2999.8183,2238.2237
4424,6059.4725,3247.1204,2401.677
4425,6318.1421,3533.213,2557.7064
4426,6507.3935,3817.8652,2641.2606
4427,6630.16,4141.3526,2708.1949
4428,6730.3907,4449.2855,2743.0625
4429,6802.0214,4738.3143,2771.5068
4430,6804.0935,4977.6483,2758.6368
4431,6764.1694,5149.9924,2722.7937
4432,6619.8009,5120.471,2629.0864
4433,6342.5649,4991.4362,2507.895
4434,6103.3748,4710.0728,2467.659
4435,6318.4043,4572.9226,2659.9397
4436,6138.1781,4210.9735,2509.4387
4437,5680.3498,3685.7232,2264.3638
4438,5246.0069,3134.1139,2034.9316
4439,4935.4787,2776.402,1860.5503
4440,4487.408,2291.73,1930.964
4441,4434.3904,2241.7457,1860.3544
4442,4475.2711,2212.5243,1847.6291
4443,4580.7029,2274.8902,1892.7897
4444,4837.3714,2455.3813,2041.5462
4445,5351.6302,2684.2031,2273.9736
4446,5540.4913,2793.5802,2395.448
4447,5752.4257,3009.9178,2559.8971
4448,6024.4294,3255.7162,2737.1103
4449,6239.2003,3512.3401,2896.8105
4450,6536.5035,3903.7737,3027.9793
4451,6670.5336,4251.8086,3201.3104
4452,6909.7047,4715.9494,3300.3286
4453,7078.2847,5093.011,3356.2788
4454,7217.2719,5400.086,3391.9991
4455,7307.0724,5675.8281,3398.2763
4456,7215.9276,5665.9353,3310.9534
4457,6921.4798,5438.8014,3164.1387
4458,6761.0275,5197.9769,3214.7765
4459,6621.8966,4787.2393,3159.4411
4460,6237.2708,4227.4935,2870.8972
4461,5706.3325,3657.3328,2572.424
4462,5257.3269,3176.0549,2288.8544
4463,4966.1328,2782.0087,2097.1886
4464,4058.8542,2127.5856,1892.8192
4465,3964.8573,2006.7189,1812.184
4466,3958.208,1978.7431,1744.2601
4467,4083.385,2073.2904,1741.5402
4468,4469.1965,2304.5642,1824.1296
4469,4864.1943,2511.0248,1955.426
4470,5266.7892,2744.1128,2078.5702
4471,5615.5105,2982.0484,2271.4573
4472,5889.6781,3220.1077,2454.2302
4473,6147.6112,3520.2172,2646.9789
4474,6321.794,3832.7556,2827.8084
4475,6456.9381,4152.9674,2965.4798
4476,6744.1887,4626.5246,3129.6754
4477,6910.1141,4949.5963,3300.3332
4478,7039.1507,5286.3927,3423.1742
4479,7090.5965,5520.4791,3494.747
4480,6913.1887,5437.9529,3460.7789
4481,6468.9991,5066.7427,3326.8325
4482,6137.5415,4811.5988,3197.5869
4483,6145.6761,4663.1311,3112.0551
4484,5830.8435,4169.3058,2978.9397
4485,5191.7003,3484.8955,2775.1339
4486,4676.3327,2978.6649,2484.9964
4487,4457.4581,2698.8841,2235.2285
4488,4374.3031,2302.8896,1848.0816
4489,4306.911,2139.7514,1746.1118
4490,4374.1238,2152.1883,1705.7421
4491,4587.5244,2235.9891,1719.5752
4492,4873.6801,2286.0286,1803.1885
4493,5303.7436,2489.5083,1960.2402
4494,5910.5875,2818.8208,2241.1614
4495,6351.0517,3131.1803,2449.6555
4496,6619.9021,3387.6068,2592.0758
4497,6776.6204,3703.0735,2726.2056
4498,6882.1475,4043.4324,2829.0981
4499,6928.3003,4434.8108,2890.608
4500,7017.4162,4816.7885,2991.5089
4501,7068.7183,5108.7325,3034.6188
4502,7106.6724,5350.7975,3079.5585
4503,7106.8248,5491.7824,3122.6513
4504,7002.5277,5488.3383,3119.7432
4505,6903.1115,5314.0301,3069.1551
4506,6921.9055,4995.3824,2934.3747
4507,6624.9935,4603.7041,2900.3086
4508,6300.3237,4088.2149,2924.7634
4509,5704.314,3628.4219,2650.1598
4510,5203.2352,3100.4774,2334.3586
4511,4934.3016,2771.1912,2124.9962
4512,5386.1358,3001.9835,1890.1101
4513,5141.0668,2758.3938,1837.7606
4514,4979.5784,2612.7744,1812.1576
4515,4901.9199,2614.5754,1838.0249
4516,4981.5969,2767.0592,1962.0499
4517,5236.1811,3031.2565,2168.7358
4518,5627.5712,3219.5236,2334.1558
4519,6036.5367,3485.2823,2472.9132
4520,6428.1276,3872.0735,2612.4628
4521,6754.1417,4313.1178,2740.9443
4522,6990.324,4744.9272,2811.6006
4523,7151.9284,5150.3119,2871.2572
4524,7223.6387,5540.0657,2956.5169
4525,7381.0884,5853.6078,3035.3425
4526,7532.2921,6138.9663,3066.446
4527,7643.6202,6251.7649,3058.9119
4528,7673.1403,6127.0884,2973.3536
4529,7517.6866,5822.4575,2817.3039
4530,7171.2469,5320.9904,2795.4043
4531,7020.5962,5102.9308,2751.2364
4532,7112.9493,4588.6031,2535.418
4533,6891.1717,3941.0535,2262.7501
4534,6370.0724,3424.0633,2037.8242
4535,5941.7001,3009.5806,1889.0817
4536,4678.5809,2461.8469,1578.2237
4537,4686.1701,2345.4095,1571.7429
4538,4613.4843,2239.9474,1549.7717
4539,4564.438,2188.7568,1548.9485
4540,4516.4762,2125.4215,1544.4157
4541,4744.3335,2251.5622,1661.1289
4542,5092.5232,2518.8456,1822.8611
4543,5515.4069,2865.1426,2016.6522
4544,5848.6078,3208.2772,2166.316
4545,6179.6533,3596.3958,2309.4351
4546,6434.0921,4060.4707,2406.6062
4547,6649.7415,4498.2736,2481.7595
4548,6884.6903,4849.221,2504.7172
4549,7049.1796,5158.1312,2499.2601
4550,7147.3918,5299.3581,2480.0182
4551,7150.6628,5342.5937,2438.7538
4552,7104.8597,5342.049,2391.8753
4553,6910.859,5166.1056,2294.5051
4554,6796.4608,5016.8501,2295.5398
4555,6553.3116,4628.4552,2384.3116
4556,6230.3175,4224.4137,2254.5839
4557,5770.7495,3704.2189,2066.2467
4558,5344.5653,3184.282,1842.3089
4559,4952.2118,2850.727,1698.2919
4560,4373.2349,2531.2783,1773.4327
4561,4255.6349,2450.7163,1659.8096
4562,4227.9221,2318.8953,1641.4656
4563,4243.1881,2242.8178,1641.506
4564,4341.1804,2216.6562,1690.9941
4565,4275.7333,2181.2176,1678.2703
4566,4473.9926,2178.4551,1793.0898
4567,4886.7163,2324.6034,1995.0176
4568,5273.8721,2563.698,2184.9779
4569,5631.371,2790.3846,2322.5887
4570,5901.003,3023.3357,2393.2543
4571,6155.2756,3307.6274,2413.5278
4572,6366.6698,3577.997,2418.1787
4573,6584.2788,3919.728,2431.0673
4574,6756.9771,4312.4258,2454.9119
4575,6867.4526,4683.1098,2439.3593
4576,6797.2372,4921.6333,2432.8847
4577,6609.5136,4967.6815,2364.9593
4578,6252.0735,4895.9623,2338.4942
4579,6177.5683,4744.8269,2503.3031
4580,5942.7995,4275.7358,2341.5709
4581,5434.8351,3978.9178,2133.9529
4582,5090.1404,3493.1579,1953.1218
4583,4927.4394,3015.3661,1838.4298
4584,4574.1142,2039.8434,1927.2825
4585,4511.7096,2007.3857,1850.2604
4586,4412.5115,1950.0964,1751.1832
4587,4527.8004,2033.9288,1733.751
4588,4887.1966,2229.5115,1803.497
4589,5190.661,2280.9178,2033.7477
4590,5617.7981,2428.4803,2260.393
4591,5985.8032,2608.6846,2425.6871
4592,6370.9752,2784.1649,2580.8856
4593,6626.3513,2970.4916,2702.0708
4594,6866.4529,3183.2745,2824.1182
4595,7097.1449,3372.79,2883.7904
4596,7159.4387,3521.8956,2875.5637
4597,7236.0853,3711.3164,2886.4762
4598,7285.1576,3835.4903,2847.037
4599,7281.2245,3802.7432,2860.7908
4600,7231.2771,3791.5679,2861.8052
4601,7022.9582,3564.9234,2837.0487
4602,6615.6522,3282.5326,2815.9785
4603,6638.0322,3260.2083,2902.2231
4604,6333.0497,3050.3852,2795.8418
4605,5806.2152,2769.3902,2514.155
4606,5290.0556,2486.8916,2195.6541
4607,5008.7618,2252.5106,1953.3193
4608,4873.5381,2246.1908,1841.2416
4609,4557.8087,2167.0772,1743.0404
4610,4474.8625,2052.4276,1699.0576
4611,4476.6784,2009.1314,1717.5494
4612,4580.7919,2012.4729,1813.043
4613,5041.4238,2132.1754,2022.2779
4614,5481.7823,2406.9822,2140.7494
4615,5766.1775,2539.0979,2275.7257
4616,6039.1671,2695.961,2436.3657
4617,6214.9961,2840.3742,2540.0394
4618,6376.6161,2995.6679,2614.3493
4619,6458.6215,3118.4356,2637.2914
4620,6511.6875,3237.9539,2697.7402
4621,6676.021,3374.5226,2714.1906
4622,6769.9503,3546.693,2706.8228
4623,6838.3429,3743.4425,2706.756
4624,6816.0477,3916.8297,2656.2394
4625,6527.2045,3927.4735,2571.8729
4626,6370.8169,3620.2959,2592.2739
4627,6405.3217,3728.4652,2645.3269
4628,6223.8475,3763.7196,2573.5069
4629,5824.1385,3462.5723,2314.7622
4630,5322.214,3054.404,2093.5614
4631,4909.0315,2660.2526,1909.9793
4632,4612.2934,2076.9829,1608.2507
4633,4322.9499,1970.0014,1578.8448
4634,4309.5397,1951.5974,1534.0185
4635,4443.2443,2049.5572,1535.1714
4636,4856.7166,2287.2718,1624.3879
4637,5453.0456,2745.1875,1805.2889
4638,5714.7421,2795.1218,2004.4205
4639,6003.0531,2877.519,2173.2079
4640,6298.504,3039.0009,2315.4246
4641,6472.3735,3226.7654,2440.1079
4642,6458.36,3318.4212,2497.8772
4643,6436.077,3386.8884,2535.4927
4644,6529.0083,3584.0431,2591.4258
4645,6467.8527,3607.4316,2578.5854
4646,6348.4628,3590.3734,2511.6589
4647,6251.5187,3585.4757,2464.8302
4648,6018.8048,3459.3981,2378.5171
4649,5876.9016,3378.5414,2328.9964
4650,6092.0558,3634.4127,2364.1143
4651,6044.853,3402.8494,2469.3521
4652,5701.79,3068.7734,2405.6468
4653,5275.1065,2613.857,2199.8929
4654,4900.9801,2312.7334,2008.039
4655,4666.6483,2194.7661,1852.1245
4656,4586.5056,2058.3263,1573.5059
4657,4390.2267,1990.2617,1529.534
4658,4363.6573,2051.0582,1517.5775
4659,4470.9588,2245.3029,1565.2901
4660,4837.5262,2518.6298,1741.3411
4661,5415.5814,2669.3627,2059.5979
4662,5612.1339,2638.506,2128.5612
4663,5839.0901,2754.8987,2239.668
4664,6018.2023,2905.4131,2372.7927
4665,6153.0036,3048.1779,2484.8207
4666,6229.664,3156.7919,2538.138
4667,6240.9536,3279.3833,2540.0441
4668,6290.9806,3401.9747,2538.2189
4669,6303.2059,3533.843,2494.2236
4670,6338.9095,3676.492,2454.7953
4671,6339.8989,3679.3414,2405.2606
4672,6203.1518,3478.9953,2327.2785
4673,5983.7511,3344.0039,2430.7485
4674,6478.8012,3395.3576,2612.2255
4675,6229.5048,3030.4328,2460.0968
4676,5862.8404,2646.6673,2244.7558
4677,5413.5778,2323.6035,1956.669
4678,4936.4257,2138.8357,1737.2951
4679,4640.8553,2044.1227,1621.4922
4680,4830.1023,2121.6932,1694.5419
4681,4558.3046,2000.8844,1610.9768
4682,4560.3698,2109.7958,1566.9769
4683,4700.3723,2293.1968,1555.1246
4684,5023.1898,2509.2212,1616.6702
4685,5457.4687,2717.4591,1735.1728
4686,5959.0382,2885.2134,1916.8784
4687,6093.2622,2959.7557,2050.0466
4688,6276.3439,3059.0348,2183.1464
4689,6426.5774,3159.8597,2307.9355
4690,6422.62,3234.2599,2367.5502
4691,6363.5937,3322.7216,2373.1052
4692,6363.6993,3403.5151,2386.0249
4693,6348.4299,3490.4443,2364.0646
4694,6299.4684,3465.5547,2320.9656
4695,6254.4383,3353.5677,2283.3143
4696,6174.6176,3208.9809,2248.3659
4697,6100.9338,3170.1719,2215.2894
4698,6079.5431,3130.0488,2198.8249
4699,6343.6208,2898.5882,2254.7068
4700,6166.5963,2519.3861,2369.2324
4701,5619.1267,2204.0194,2236.0673
4702,5170.6353,2064.2198,2036.9186
4703,4912.1041,1988.237,1837.7404
4704,4679.1842,2169.8344,1557.0338
4705,4403.4551,1994.7252,1447.8206
4706,4422.6559,1932.7514,1416.6875
4707,4629.7777,1973.1008,1458.0312
4708,4985.8649,2097.351,1603.8159
4709,5300.5772,2166.0998,1763.5829
4710,5651.8995,2337.0745,1960.995
4711,5894.0317,2528.0884,2080.411
4712,6119.9916,2711.2262,2196.9391
4713,6235.6441,2914.4428,2290.4457
4714,6225.6226,3004.4186,2297.7482
4715,6122.6715,3058.7927,2256.4729
4716,6104.3371,3142.6804,2243.6201
4717,6090.109,3283.9994,2214.3122
4718,5999.3104,3380.2134,2164.8366
4719,5892.1925,3476.3143,2102.4864
4720,5710.5901,3511.7555,2032.7637
4721,5600.4644,3452.7995,2000.7825
4722,5697.6024,3308.7284,2074.3966
4723,5935.0985,3281.9432,2350.9801
4724,5547.22,3182.0615,2228.6824
4725,5031.7063,2776.8057,1942.329
4726,4659.7195,2439.9488,1699.1555
4727,4477.4644,2231.9793,1545.001
4728,5029.0098,2092.3428,1921.5922
4729,4743.9578,2083.0079,1835.4129
4730,4533.7554,2068.9727,1750.189
4731,4380.7548,2104.6271,1693.4186
4732,4412.4042,2287.5886,1728.2613
4733,4833.2849,2707.9412,1961.2833
4734,5455.2961,2936.1314,2316.2547
4735,6019.0954,2931.8126,2491.5945
4736,6252.1504,2958.511,2580.7767
4737,6587.0806,2991.3871,2649.6855
4738,6843.3145,3027.2914,2690.1034
4739,6958.6086,3018.1723,2685.5302
4740,7054.5703,3036.9605,2663.5653
4741,7148.5134,3051.1325,2664.5222
4742,7065.9291,3023.441,2597.6299
4743,6808.8201,2905.7631,2444.5443
4744,6946.5115,3205.1042,2547.1056
4745,7543.3329,3349.1779,3094.2908
4746,7527.4844,3280.7396,3133.0265
4747,7398.8165,3185.8581,3072.2978
4748,7223.4557,3038.2931,3003.0827
4749,6877.7214,2753.9593,2836.7851
4750,6289.4924,2475.9373,2568.9406
4751,5632.9539,2256.9083,2236.1488
4752,4713.277,2614.9791,1800.7972
4753,4449.0002,2301.6844,1644.1156
4754,4550.3916,2325.2492,1632.2601
4755,4787.8282,2493.0482,1683.7616
4756,5109.9351,2704.3302,1734.3356
4757,5485.4941,3018.2118,1869.3804
4758,6000.6107,3181.3499,2034.6822
4759,6374.4272,3361.5042,2187.9855
4760,6672.5848,3580.4043,2319.316
4761,6879.736,3847.2404,2428.5354
4762,6974.5871,4056.7688,2521.2127
4763,7164.5682,4450.9913,2613.8402
4764,7308.5262,4842.0171,2652.453
4765,7364.6694,5226.8284,2663.549
4766,7302.3392,5447.0453,2633.3278
4767,7091.8772,5471.5638,2568.2218
4768,6834.2453,5348.6304,2501.1864
4769,6592.0266,5177.8373,2476.304
4770,6548.5017,5111.2,2496.4438
4771,6136.9093,4648.405,2340.5651
4772,5751.9874,3923.2795,2329.2405
4773,5238.7595,3279.1397,2174.8108
4774,4847.4161,2877.2149,2004.0069
4775,4622.7121,2613.5097,1839.6744
4776,4435.9692,2115.6919,1757.8957
4777,4345.2624,2114.1777,1699.1073
4778,4312.7362,2098.5994,1678.8976
4779,4348.8502,2177.7973,1722.0199
4780,4512.828,2401.4714,1867.0576
4781,4856.3724,2589.3149,2034.0633
4782,5149.9347,2738.5652,2226.9442
4783,5478.8648,2892.3868,2403.2301
4784,5792.458,3089.6204,2578.5886
4785,6067.2496,3294.7169,2730.9971
4786,6297.9295,3498.1387,2818.2453
4787,6443.8853,3709.2707,2854.9863
4788,6507.378,3982.5607,2891.7584
4789,6524.9117,4294.7202,2916.5724
4790,6601.5774,4568.0918,2908.3752
4791,6535.2639,4714.2296,2894.525
4792,6426.8415,4734.5872,2821.9549
4793,6220.271,4495.5347,2679.6061
4794,6052.6822,4245.3727,2617.1144
4795,5994.7525,4113.507,2756.7167
4796,5856.147,3709.8812,2586.9475
4797,5736.6938,3125.7905,2277.6054
4798,5302.2799,2687.7456,2016.8504
4799,4958.1305,2395.6332,1846.9785
4800,4468.2938,2269.6425,1627.746
4801,4483.6376,2325.3124,1629.5075
4802,4646.7723,2509.9354,1699.1897
4803,5037.7434,2671.4042,1885.3737
4804,5454.4297,2919.8757,2075.3962
4805,5937.5939,3177.6664,2281.0164
4806,6361.6954,3410.7885,2458.2156
4807,6495.1171,3623.6031,2555.5547
4808,6654.9575,3830.3216,2631.7722
4809,6666.6193,4068.0125,2665.8943
4810,6697.6377,4349.1443,2681.5775
4811,6730.7335,4721.7977,2734.8
4812,6815.7709,5083.7862,2754.1647
4813,6816.0982,5305.9778,2731.2677
4814,6811.1688,5276.9958,2699.1667
4815,6639.8113,4949.8342,2590.0018
4816,6314.0829,4444.1562,2450.5051
4817,6035.3131,4077.912,2416.3939
4818,6184.1088,3817.1194,2583.1649
4819,5941.6165,3264.4275,2401.8262
4820,5430.4833,2782.8391,2149.4068
4821,4965.766,2449.9983,1923.4525
4822,4635.4691,2250.669,1764.5103
4823,4509.0663,2155.4297,1686.3851
4824,4756.1996,2463.6636,1840.2442
4825,4731.1241,2483.6818,1819.104
4826,4577.9642,2344.2584,1781.462
4827,4513.735,2279.2668,1814.5215
4828,4641.6646,2296.7382,1929.2834
4829,4871.8572,2411.9325,2074.3553
4830,5238.0309,2558.2992,2341.4201
4831,5613.2194,2710.8725,2606.5555
4832,5844.1746,2885.1412,2814.8598
4833,6021.2042,2983.443,3002.0318
4834,6213.1275,3255.3742,3141.373
4835,6303.1099,3499.3348,3212.8758
4836,6350.3594,3737.0652,3293.6245
4837,6412.8956,4033.607,3322.1341
4838,6394.9005,4345.4586,3351.5259
4839,6406.3719,4660.1122,3318.5598
4840,6402.3661,4848.9357,3203.9051
4841,6273.5025,4850.013,3030.5709
4842,5999.4215,4590.4688,2871.9054
4843,5903.2036,4260.6484,2935.2732
4844,6062.1644,4062.8596,2855.371
4845,6030.6491,3762.7633,2605.5954
4846,5717.3545,3231.8063,2335.6863
4847,5327.7751,2787.8969,2118.1189
4848,5616.0746,2944.4153,1826.4407
4849,5001.51,2716.4803,1744.7941
4850,4946.4739,2591.1027,1743.0653
4851,5001.8026,2509.1318,1767.1712
4852,5088.0163,2481.606,1807.7896
4853,5405.991,2658.9504,1939.1777
4854,5858.7601,2733.84,2110.8328
4855,6299.0148,2883.1587,2284.2153
4856,6602.5761,3123.9885,2446.5701
4857,6760.1348,3386.6663,2569.5075
4858,6839.8828,3635.3536,2622.7067
4859,6894.2931,3907.4084,2623.7025
4860,6949.7602,4247.6067,2652.1467
4861,6985.7911,4531.6879,2652.1483
4862,6931.9158,4840.3639,2662.1801
4863,6838.1977,5095.7405,2650.1334
4864,6614.6146,5281.1962,2586.6474
4865,6329.405,5265.0179,2462.8728
4866,6260.7302,5303.3506,2462.132
4867,6255.5048,4975.247,2525.1592
4868,5943.473,4380.2574,2287.3355
4869,5379.1456,4004.2994,2033.9934
4870,4993.5617,3488.9812,1813.7527
4871,4780.3879,2984.6147,1768.6372
4872,4546.2545,2162.3926,1625.5274
4873,4294.7449,2035.1141,1553.9779
4874,4315.1878,1976.1817,1517.3302
4875,4467.3514,2005.6137,1533.9206
4876,4908.2388,2140.7972,1627.4832
4877,5614.6537,2366.1486,1822.0183
4878,5809.7909,2548.1565,1986.4223
4879,5958.9606,2637.0945,2104.9669
4880,6159.0393,2769.397,2223.3979
4881,6309.0736,2929.5937,2328.9016
4882,6380.5519,3086.7857,2441.7077
4883,6419.3708,3203.6968,2496.7352
4884,6582.6959,3357.7264,2548.092
4885,6657.1595,3483.6355,2562.7639
4886,6624.4845,3620.1042,2563.7053
4887,6583.5952,3742.3772,2504.0874
4888,6424.2932,3794.474,2404.0875
4889,6334.3299,3826.4554,2361.9486
4890,6861.9079,3900.4872,2475.7598
4891,6371.0523,3657.8065,2521.417
4892,5798.2555,3425.8985,2398.1951
4893,5176.5318,3063.9152,2157.6514
4894,4824.331,2702.1503,1922.7031
4895,4513.5881,2407.3149,1752.109
4896,4700.7074,2246.0093,1611.8825
4897,4669.5332,2230.552,1642.1753
4898,4618.2814,2227.4632,1661.4405
4899,4616.1209,2241.3563,1709.1562
4900,4663.031,2226.0253,1742.1426
4901,4641.8031,2327.237,1822.0774
4902,4919.5628,2580.4352,2005.6922
4903,5319.8465,2804.1593,2171.8825
4904,5637.7883,3051.0641,2264.653
4905,5928.1126,3304.1728,2316.9839
4906,6105.092,3560.4204,2317.9704
4907,6215.6367,3833.7788,2328.0846
4908,6359.8164,4114.908,2360.2182
4909,6550.8803,4382.0256,2399.6636
4910,6661.3125,4495.4005,2416.1093
4911,6763.5634,4501.4887,2445.4126
4912,6771.762,4318.0509,2409.6207
4913,6665.4967,4001.2831,2383.0328
4914,6405.0699,3641.2324,2467.6357
4915,6368.0168,3421.877,2396.9281
4916,6231.2559,3079.8751,2179.2705
4917,5786.8257,2784.6791,1950.646
4918,5363.6269,2488.1374,1793.6782
4919,5062.9453,2340.7802,1738.5543
4920,4428.6674,2089.6119,1656.0177
4921,4396.6406,2063.2661,1627.6092
4922,4304.6068,1997.8929,1615.7226
4923,4307.5956,1993.1031,1668.1157
4924,4467.2265,2089.3514,1838.8217
4925,4837.1082,2291.0827,2103.1121
4926,5144.9351,2423.059,2275.7599
4927,5434.2319,2578.4316,2464.8566
4928,5812.101,2721.399,2685.0833
4929,6104.2412,2881.4641,2881.453
4930,6326.8332,3026.0299,3014.4626
4931,6415.712,3196.9493,3087.8839
4932,6390.3726,3349.3199,3177.7712
4933,6360.9599,3539.0512,3222.7545
4934,6380.3875,3731.9187,3238.3864
4935,6421.3547,3943.5033,3213.5864
4936,6375.3663,4091.3657,3110.7794
4937,6230.0778,4104.0157,2886.0495
4938,6240.7632,4187.4192,2958.4781
4939,6092.2462,3978.0303,2985.9825
4940,5997.6444,3802.4553,2702.4051
4941,5745.649,3463.7211,2334.2902
4942,5405.0709,3006.7774,2026.851
4943,4948.2909,2568.4667,1868.013
4944,4711.0517,2479.3209,1994.3225
4945,4524.9761,2235.4365,1948.4274
4946,4558.4465,2358.1147,1925.5288
4947,4716.6137,2545.9082,1930.2575
4948,5054.7595,2788.0863,1994.6164
4949,5335.9304,2776.0284,2076.476
4950,5636.6622,2915.8938,2229.7668
4951,5975.2062,3093.1566,2445.4965
4952,6205.4387,3349.5094,2653.874
4953,6389.7088,3667.9308,2840.1434
4954,6564.4948,3956.9333,3012.5332
4955,6708.5429,4221.2147,3151.062
4956,6896.3583,4592.3645,3294.049
4957,7057.7567,4972.8438,3410.4371
4958,7235.4415,5278.5915,3489.2331
4959,7268.172,5340.4811,3438.7446
4960,7147.7616,5174.1121,3379.9157
4961,6874.8949,4838.7219,3275.3193
4962,6563.3895,4535.7263,3135.228
4963,6547.8811,4247.8063,3101.0421
4964,6196.1097,3609.6758,3013.5934
4965,5593.4864,2967.137,2810.7118
4966,5085.3419,2610.054,2529.9228
4967,4708.932,2386.3746,2227.2108
4968,4614.3552,2386.1325,2058.3969
4969,4620.0402,2358.1358,1971.2498
4970,4666.8793,2466.8577,1901.6282
4971,4890.4918,2542.9299,1854.1472
4972,5211.3757,2718.5654,1869.9921
4973,5458.9445,2852.3821,1933.5465
4974,5910.9216,3099.5106,2136.4203
4975,6118.7636,3355.8555,2288.734
4976,6341.5738,3613.7908,2451.0671
4977,6518.5602,3960.3037,2617.0755
4978,6585.052,4311.3905,2793.0799
4979,6646.2855,4685.6765,2916.839
4980,6678.2067,5053.7085,3043.3335
4981,6670.0911,5232.3723,3170.7135
4982,6684.3972,5293.0004,3303.6065
4983,6667.208,5081.9263,3419.0704
4984,6562.2349,4686.0422,3479.4865
4985,6416.035,4305.5523,3407.9744
4986,6399.1807,3870.6304,3192.7936
4987,6329.7381,3402.8614,3143.1671
4988,5988.0661,2978.6991,3196.0195
4989,5515.7448,2666.2975,2971.9324
4990,5103.4252,2443.9902,2635.2289
4991,4875.9202,2448.2327,2324.27
4992,4445.5727,2716.3145,2108.7253
4993,4480.9526,2455.7376,1962.9468
4994,4435.2066,2370.7121,1913.5303
4995,4508.1712,2366.2512,1938.5278
4996,4742.3748,2548.0723,2083.5514
4997,5089.2283,2785.9448,2325.8908
4998,5428.8412,2961.6829,2551.6337
4999,5652.7031,3125.1105,2815.8665
5000,5888.8265,3353.6929,3102.9669
5001,6081.8812,3579.0996,3394.485
5002,6116.7998,3772.0986,3575.0657
5003,6150.8139,4041.0646,3648.4886
5004,6233.632,4373.4527,3740.1467
5005,6348.0441,4682.4287,3752.041
5006,6411.4069,5000.4237,3762.0868
5007,6456.1756,5165.9902,3731.724
5008,6402.7096,5106.4264,3587.6713
5009,6189.9261,4826.6403,3427.2147
5010,6060.2239,4518.9259,3501.719
5011,6008.8145,4291.3683,3408.88
5012,5833.2666,3848.3493,3100.4466
5013,5405.7417,3338.9667,2740.7683
5014,5001.0106,2888.8086,2392.2156
5015,4739.3418,2573.7076,2222.465
5016,4484.0089,2302.1896,1738.447
5017,4325.8573,2131.6754,1632.1357
5018,4410.8358,2270.0267,1644.1684
5019,4576.82,2481.235,1709.5558
5020,4810.2005,2756.1813,1829.0231
5021,5287.5932,3100.9379,2036.5012
5022,5755.7009,3347.94,2237.5156
5023,6066.1582,3587.153,2409.983
5024,6277.6718,3809.2945,2555.8361
5025,6441.9915,3975.6531,2625.5479
5026,6571.647,4210.3288,2678.7315
5027,6761.5155,4510.3015,2774.1381
5028,6834.1147,4737.3591,2840.159
5029,6900.4472,4988.9958,2918.9394
5030,6936.1561,5085.1072,3010.5353
5031,6872.5942,4912.3921,3056.1755
5032,6718.9668,4598.2343,2989.9509
5033,6447.041,4270.3543,2837.7538
5034,6351.3668,4088.4464,2783.0466
5035,6252.9884,3460.9097,2775.4067
5036,5944.9521,2800.9231,2538.5212
5037,5460.4471,2423.4694,2298.0148
5038,4980.2526,2221.5039,2064.9539
5039,4732.058,2238.4043,1928.2627
5040,4747.3673,2149.9768,1881.4869
5041,4750.5171,2119.0359,1836.6015
5042,4663.8161,2125.382,1820.1464
5043,4660.8256,2209.1065,1811.9819
5044,4802.7773,2409.3816,1879.8047
5045,5088.9191,2796.0912,2033.1126
5046,5421.0509,2855.5472,2223.174
5047,5746.0757,2857.4614,2300.4526
5048,6016.7663,2925.9365,2354.7394
5049,6113.9268,3106.1118,2430.9196
5050,6142.6531,3078.4624,2483.2084
5051,6115.1394,3057.0643,2496.9327
5052,6147.9288,3128.8283,2542.7578
5053,6185.8656,3163.329,2601.4172
5054,6213.5802,3216.2231,2655.4629
5055,6227.8724,3214.4379,2677.4092
5056,6193.0645,3144.0961,2647.0387
5057,6100.965,2968.3869,2558.9315
5058,6132.6524,3188.4722,2600.4976
5059,5973.418,3102.4231,2672.6883
5060,6029.9289,2859.7397,2542.0457
5061,5960.9546,2587.7244,2372.9581
5062,5595.0267,2368.7454,2175.672
5063,5151.7434,2199.5769,1954.72
5064,4681.0486,2489.6068,1641.2883
5065,4585.9793,2384.1658,1578.0698
5066,4481.7463,2267.8178,1530.3634
5067,4491.9876,2256.8004,1527.6574
5068,4467.4333,2258.4698,1525.8384
5069,4537.8305,2240.0316,1537.8774
5070,4835.2255,2462.1205,1652.7342
5071,5247.8021,2803.5489,1837.2079
5072,5600.2141,3118.6867,2008.8522
5073,5852.6673,3443.1988,2146.5687
5074,6000.9532,3716.6704,2231.9839
5075,6117.5655,4063.0754,2283.406
5076,6136.1977,4350.5374,2311.0084
5077,6175.2849,4740.3622,2360.6069
5078,6211.3608,5063.3155,2396.4485
5079,6218.809,5202.8573,2423.038
5080,6183.2543,5247.5018,2454.098
5081,6031.1564,5098.3304,2448.4933
5082,5798.4113,4761.1262,2416.3892
5083,5642.0618,4302.8841,2483.1742
5084,5601.826,3888.2698,2367.6746
5085,5345.9564,3397.6807,2129.9301
5086,5053.2899,2944.4258,1895.8175
5087,4782.3742,2606.0705,1736.9981
5088,4710.6881,2429.1577,1757.0072
5089,4378.9198,2196.5539,1655.1976
5090,4393.1584,2140.9156,1650.584
5091,4443.3378,2057.3305,1676.3316
5092,4771.3357,2118.1191,1828.7044
5093,5338.0441,2288.9149,2091.9228
5094,5835.7118,2621.1767,2173.7777
5095,5981.2444,2719.2627,2292.3705
5096,6170.4196,2829.6962,2496.0986
5097,6366.7574,3028.565,2676.0194
5098,6541.6335,3249.2871,2801.8198
5099,6686.69,3452.9799,2901.9503
5100,6860.3101,3684.6274,3024.9733
5101,6971.6226,3950.244,3118.6541
5102,6974.6875,4214.1176,3173.7189
5103,6941.9848,4386.0275,3161.809
5104,6809.2574,4449.1234,3070.9897
5105,6560.9485,4349.439,3061.6178
5106,6725.8991,4145.7173,3067.0889
5107,6601.4812,4076.758,2924.1936
5108,6232.053,3799.945,2688.2682
5109,5674.1378,3461.3502,2338.5377
5110,5178.4021,3000.3851,2086.0079
5111,4718.3822,2541.0605,1856.425
5112,4627.9566,2302.058,1943.1289
5113,4561.347,2376.4214,1828.3545
5114,4487.0877,2511.3312,1777.0334
5115,4545.8778,2702.3161,1783.5811
5116,4820.9932,2898.0593,1913.9361
5117,5148.5039,3084.6465,2045.4144
5118,5434.8552,3244.7616,2228.2635
5119,5776.1421,3578.6165,2518.345
5120,5986.8621,3912.4372,2768.978
5121,6198.4641,4275.7215,3003.0067
5122,6391.5638,4665.3937,3140.6828
5123,6460.2316,4994.7588,3290.2828
5124,6490.8501,5230.9224,3385.6613
5125,6507.2699,5321.3824,3406.7689
5126,6515.401,5300.0843,3436.0659
5127,6519.2562,5058.3483,3440.5303
5128,6491.1642,4700.0854,3350.4719
5129,6239.7627,4464.0902,3170.576
5130,6096.1232,4024.7889,3038.4751
5131,6286.2123,3529.2758,3144.7227
5132,6180.8972,3005.6711,2910.5649
5133,5713.6229,2638.7112,2592.0018
5134,5234.4628,2424.0299,2274.4422
5135,4923.1202,2352.3476,2050.5744
5136,4436.4557,2423.5379,2029.386
5137,4431.4259,2277.6448,1925.7651
5138,4522.034,2213.8779,1889.9468
5139,4787.3919,2240.2605,1915.6245
5140,5194.9992,2355.218,2044.1682
5141,5620.0624,2508.8765,2252.4881
5142,5985.9625,2645.6978,2437.0148
5143,6117.0177,2799.6221,2665.5382
5144,6306.1133,2959.7083,2920.5687
5145,6314.698,3122.9517,3141.7477
5146,6199.6533,3205.5857,3235.4036
5147,6209.8531,3336.2031,3328.0607
5148,6267.3127,3547.3114,3427.1519
5149,6335.8698,3769.8424,3490.4108
5150,6421.855,4020.1596,3533.502
5151,6382.2407,4198.9735,3517.8826
5152,6141.3576,4177.5043,3359.1922
5153,5952.1876,3995.7543,3134.3892
5154,6123.0222,3703.3919,3147.1083
5155,6069.2647,3588.2345,3121.7121
5156,5570.0737,3311.8082,2883.202
5157,5039.5891,2906.1604,2583.9539
5158,4670.3781,2568.8167,2297.557
5159,4542.22,2348.0051,2113.0008
5160,4612.2172,2274.6902,1709.4983
5161,4544.5941,2243.352,1685.5137
5162,4389.3188,2213.6095,1615.7802
5163,4315.8583,2241.4063,1583.7367
5164,4456.0097,2267.9599,1659.9169
5165,4848.2714,2400.0678,1802.1647
5166,5241.6852,2575.4981,1993.9844
5167,5557.4804,2820.8571,2191.3996
5168,5807.9376,3066.2003,2412.5537
5169,6026.6156,3305.3791,2640.0456
5170,6260.5041,3598.8162,2795.1353
5171,6370.7407,3929.3666,2871.3108
5172,6543.1031,4275.5005,2945.6191
5173,6747.2829,4686.7655,2931.9431
5174,6882.0357,5019.0615,3006.2311
5175,7039.3001,5286.3002,3082.304
5176,7138.2575,5367.1912,3069.3517
5177,6898.3758,5073.8883,2913.4528
5178,6466.5829,4625.068,2727.3933
5179,6622.7247,4324.1838,2875.6772
5180,6796.3535,4010.9759,2931.4828
5181,6327.6944,3545.2262,2682.8678
5182,5648.2392,3111.679,2321.3394
5183,5115.8399,2839.4716,2035.8824
5184,5154.058,2556.6099,1900.8205
5185,4679.1755,2199.6585,1764.1013
5186,4606.6334,2136.3679,1726.6273
5187,4708.7925,2204.843,1781.8881
5188,5003.9301,2369.6505,1945.2947
5189,5313.5331,2554.5315,2107.819
5190,5851.8095,2784.4227,2311.5502
5191,6136.0177,2941.3096,2475.8002
5192,6294.6229,3102.8546,2620.7897
5193,6541.9528,3245.872,2719.884
5194,6538.1807,3382.7538,2763.9462
5195,6503.7867,3522.8534,2772.3035
5196,6482.4444,3686.1652,2805.335
5197,6440.7615,3916.0275,2835.6045
5198,6322.5029,4131.7494,2799.8344
5199,6245.9567,4291.1803,2805.1717
5200,6139.8402,4366.6552,2705.9623
5201,5962.3181,4262.4705,2579.4304
5202,5806.0898,3975.2531,2504.5244
5203,6009.6082,3870.5342,2688.4555
5204,6114.3717,3697.5559,2584.4381
5205,5632.3908,3172.7161,2290.7201
5206,5145.0424,2683.849,2011.8418
5207,4825.9589,2434.0053,1833.9655
5208,4551.8328,2139.2857,1592.9375
5209,4426.9232,2083.4474,1528.787
5210,4399.3506,2013.6134,1557.0975
5211,4495.3192,1979.4784,1668.8503
5212,4841.4507,2022.9746,1830.1393
5213,5383.5892,2126.9356,2010.8118
5214,5802.4307,2277.7053,2161.2256
5215,5962.1413,2532.4308,2268.5576
5216,6148.2758,2694.0759,2354.0257
5217,6266.9897,2833.9965,2400.0623
5218,6317.1431,2942.9105,2423.1553
5219,6315.1974,3019.2748,2444.4168
5220,6376.4534,3060.0321,2451.8794
5221,6322.4222,3099.3779,2451.9789
5222,6229.5775,3149.5069,2438.2765
5223,6146.9048,3169.9618,2393.3771
5224,6004.9912,3196.3181,2340.1733
5225,5964.0621,3171.1786,2359.3203
5226,6196.8089,3060.6005,2470.1861
5227,6471.2785,2997.8767,2370.3324
5228,6173.9164,3025.1525,2146.5532
5229,5607.9895,3038.4851,1895.17
5230,5086.9629,2789.7978,1713.4022
5231,4762.2083,2463.7557,1632.512
5232,4631.5098,2251.0701,1844.0424
5233,4402.8207,2160.9969,1714.6879
5234,4289.2508,2035.2825,1645.8739
5235,4241.1038,1976.1633,1598.2018
5236,4288.1091,1935.9612,1591.8034
5237,4429.7752,1964.0869,1609.276
5238,4460.2863,2043.2953,1655.1774
5239,4651.2982,2065.1434,1697.4811
5240,4959.8443,2253.0895,1847.9758
5241,5237.7719,2487.5837,1970.0403
5242,5396.2179,2694.2338,2071.8934
5243,5521.9281,2869.8903,2130.6227
5244,5597.6114,3061.0752,2146.267
5245,5667.1959,3267.8043,2154.6089
5246,5778.7317,3541.068,2163.8781
5247,5903.5755,3831.2478,2174.9896
5248,6019.3578,4051.3148,2203.4665
5249,6046.1159,4142.639,2208.1019
5250,6097.8429,3867.6532,2152.3305
5251,6061.4009,3791.1837,2286.042
5252,5924.3778,3665.2535,2366.5808
5253,5580.2424,3379.5214,2277.3675
5254,5248.5718,3056.5155,2119.3775
5255,4857.7347,2674.6114,1870.7112
5256,4391.5415,2297.4735,1952.0685
5257,4290.9854,2182.6344,1719.1756
5258,4253.1213,2339.4713,1706.3787
5259,4323.5133,2500.8216,1734.924
5260,4565.7961,2611.2419,1832.3377
5261,4904.3037,2749.6694,1976.5506
5262,5244.6567,2943.9037,2199.5362
5263,5495.1832,3130.4383,2389.4545
5264,5685.3702,3223.8082,2549.077
5265,5790.899,3342.0834,2707.7767
5266,5912.6624,3520.8788,2763.8109
5267,6003.4679,3681.0228,2837.1809
5268,6170.9494,3918.7848,2911.4301
5269,6328.2952,4105.2825,2949.931
5270,6465.3331,4155.1431,2967.3773
5271,6589.1652,4015.4804,2962.8056
5272,6619.9602,3740.5236,2901.2833
5273,6469.6385,3647.0142,2763.7596
5274,6219.1622,3379.5861,2642.0077
5275,6236.9851,2988.1656,2710.6366
5276,5913.0398,2633.853,2537.0069
5277,5458.9836,2312.2192,2237.7821
5278,4953.8106,2153.6761,1971.6572
5279,4751.0226,2170.566,1831.1973
5280,4800.5856,2811.038,1758.6521
5281,4709.5793,2674.472,1693.5212
5282,4734.1198,2540.9237,1709.1127
5283,4926.2197,2509.9091,1814.6536
5284,5376.8006,2615.6396,1912.0067
5285,5598.9782,2781.9087,2040.6281
5286,5943.4426,3000.9193,2215.0188
5287,6112.1957,3250.9997,2375.6557
5288,6332.9424,3541.327,2521.599
5289,6495.3716,3871.9957,2598.6723
5290,6587.4365,4269.4097,2689.5026
5291,6694.7276,4657.5703,2750.9161
5292,6761.3475,5093.9301,2782.1394
5293,6795.2612,5479.1808,2792.2551
5294,6795.4049,5786.8426,2769.3379
5295,6699.4969,5979.5496,2706.0354
5296,6576.6854,6007.5937,2590.3632
5297,6477.3454,5718.8175,2512.3795
5298,6473.1751,5164.5088,2547.3699
5299,6174.255,4897.5911,2438.2951
5300,5845.9316,4521.6805,2276.5878
5301,5473.5639,3897.2168,2075.4568
5302,5154.3471,3353.4809,1907.3868
5303,4904.9762,3019.4838,1790.8152
5304,4442.6202,2279.3721,1699.112
5305,4261.0508,2186.1522,1585.4873
5306,4239.6999,2316.2906,1557.1177
5307,4375.6671,2533.424,1605.8339
5308,4681.2314,2688.6598,1734.3061
5309,5119.4745,2878.0464,1867.3826
5310,5647.681,3180.8263,2125.1812
5311,5977.8255,3505.3884,2336.1885
5312,6146.5024,3809.7561,2524.2365
5313,6222.2705,4115.8038,2657.2197
5314,6246.927,4451.1413,2713.1777
5315,6250.0664,4757.0968,2745.2662
5316,6409.4722,5092.7606,2814.964
5317,6594.2036,5341.3848,2876.3542
5318,6653.3961,5327.9574,2890.1018
5319,6668.6672,5075.6171,2864.4428
5320,6620.4631,4681.8813,2788.3077
5321,6369.9937,4406.9377,2656.2332
5322,6131.0391,3945.5306,2583.9756
5323,6295.5041,3473.7954,2715.0387
5324,6023.49,3037.5172,2576.3093
5325,5415.3954,2644.1641,2268.8639
5326,4934.0835,2437.0983,2021.1017
5327,4669.3012,2374.343,1855.0078
5328,4910.8464,2469.9623,1728.4012
5329,4833.1083,2500.7163,1644.0114
5330,4589.136,2334.8709,1566.0744
5331,4396.4069,2227.9,1513.9177
5332,4420.2471,2279.2274,1548.9143
5333,4522.8408,2347.7262,1653.6522
5334,4928.6478,2495.4281,1783.1607
5335,5480.1804,2795.177,1959.277
5336,5933.757,3085.649,2117.1442
5337,6330.028,3411.7858,2261.2343
5338,6692.4806,3796.9471,2360.3037
5339,6873.2373,4163.486,2388.7433
5340,6968.0867,4506.7153,2373.1441
5341,7126.3508,4873.1884,2366.7534
5342,7282.4753,5329.3295,2388.7542
5343,7439.6306,5679.6322,2423.5844
5344,7482.341,5885.3929,2462.9303
5345,7263.6769,5777.9772,2444.538
5346,6772.7556,5315.0428,2376.8505
5347,6434.9872,4897.2028,2473.9377
5348,6577.7378,4775.8046,2500.3577
5349,6460.7584,4513.2136,2423.0604
5350,5952.8148,3969.9908,2174.3335
5351,5464.3871,3442.2884,1959.5467
5352,4849.587,2322.213,1830.0771
5353,4487.0652,2143.7992,1735.5731
5354,4400.333,2122.3405,1720.0827
5355,4378.1712,2195.5134,1764.3097
5356,4466.4675,2403.6934,1924.9668
5357,4735.5205,2728.2687,2191.0778
5358,4928.0325,2798.429,2320.6079
5359,5164.3152,2817.404,2457.3924
5360,5401.4643,2890.7163,2594.1442
5361,5593.5573,2987.2119,2720.6668
5362,5672.3281,3071.4758,2779.3339
5363,5695.9415,3117.1282,2802.3025
5364,5720.7071,3201.5158,2861.9172
5365,5700.4062,3228.3326,2902.2309
5366,5697.4087,3296.6893,2930.5989
5367,5690.189,3321.2025,2915.8167
5368,5665.4546,3219.7409,2834.9669
5369,5640.5731,3026.9287,2692.8389
5370,5696.3751,3156.6935,2806.7466
5371,5640.0035,3152.5916,2819.3911
5372,5740.6227,2898.7881,2576.9972
5373,5590.8817,2556.9414,2265.8579
5374,5220.7905,2272.755,1996.0964
5375,4816.1321,2050.9029,1775.9894
5376,4554.4996,1965.6669,1491.833
5377,4333.8724,1968.8109,1508.3393
5378,4276.7313,1967.11,1511.0951
5379,4341.1734,2053.9523,1568.9188
5380,4503.5819,2282.0136,1740.3655
5381,4936.6169,2694.5585,2084.2844
5382,5449.5193,2730.5523,2196.4104
5383,5727.6235,2797.7054,2273.6315
5384,5912.7652,2943.9537,2385.5724
5385,6153.8942,3105.7856,2494.7234
5386,6285.8072,3235.0256,2544.2923
5387,6351.2837,3351.9366,2571.7952
5388,6429.9851,3561.8571,2597.4619
5389,6478.0577,3678.8392,2560.8034
5390,6478.0854,3820.4766,2527.7937
5391,6394.3022,3871.8645,2455.3728
5392,6349.1319,3800.5295,2373.734
5393,6498.9429,3783.2976,2625.7725
5394,6634.8737,3807.6108,2708.5035
5395,6269.1814,3509.0577,2496.6372
5396,5899.0728,3097.3348,2224.089
5397,5529.9865,2680.8853,1924.0549
5398,4940.6349,2400.9361,1730.3928
5399,4723.8784,2254.6036,1612.9016
5400,4287.8391,2184.4565,1633.8832
5401,4194.8263,2032.2489,1555.9478
5402,4276.4716,1956.1346,1505.5494
5403,4673.5796,2007.3068,1543.2131
5404,5222.6019,2036.8124,1583.6124
5405,5712.7365,2252.4158,1734.0557
5406,5797.072,2505.6509,1854.4411
5407,5957.8688,2605.4274,1988.515
5408,6184.8147,2703.5502,2169.2527
5409,6333.1266,2882.3851,2349.9314
5410,6433.3417,3023.9278,2497.5662
5411,6540.7262,3168.6961,2577.3922
5412,6637.9318,3336.7636,2649.8644
5413,6605.5389,3526.4633,2697.5723
5414,6538.3919,3671.1316,2713.1839
5415,6396.6497,3810.9602,2711.3478
5416,6185.2416,3877.558,2683.775
5417,6316.578,3722.1827,2613.4312
5418,6480.116,3588.3029,2595.0576
5419,6017.3844,3705.5703,2642.3084
5420,5329.5072,3331.1817,2573.0342
5421,4781.5961,2982.9495,2340.7313
5422,4460.6257,2613.2349,2078.3889
5423,4386.7999,2330.4364,1911.4112
5424,4568.2776,2371.9131,1906.7353
5425,4338.6684,2264.679,1897.5874
5426,4434.7652,2205.7756,1839.0851
5427,4773.1464,2266.5984,1844.99
5428,5408.5487,2450.0231,1917.8353
5429,5847.2091,2619.4994,2040.9749
5430,5941.8413,2697.4199,2149.4177
5431,6091.4993,2897.916,2304.5836
5432,6328.8025,3107.6865,2483.5801
5433,6413.8676,3317.407,2626.7039
5434,6484.5297,3527.0748,2811.892
5435,6590.8886,3733.8723,2932.9964
5436,6719.7313,4016.7024,3048.5598
5437,6736.1857,4229.7801,3146.6428
5438,6618.7849,4382.2087,3186.888
5439,6362.9309,4426.9348,3164.4581
5440,6047.0751,4254.5802,3055.0848
5441,6039.3862,3981.206,2932.4351
5442,6119.8932,3700.1873,2851.8154
5443,5663.4023,3442.0151,2702.8241
5444,5062.4511,3093.5592,2649.0123
5445,4502.3252,2670.7794,2413.9645
5446,4199.7377,2361.6088,2157.1585
5447,4193.3601,2246.4934,1973.8173
5448,4931.1128,2215.3105,1660.4183
5449,4700.5125,2227.7395,1662.3259
5450,4589.3351,2091.4576,1678.8681
5451,4546.7875,2011.0429,1768.8875
5452,4802.4822,2062.5098,1908.6423
5453,5074.666,2123.4194,2107.8454
5454,5461.8945,2207.4465,2311.4398
5455,5754.2753,2369.1495,2486.6552
5456,5921.9958,2532.4376,2643.4799
5457,6085.5078,2717.458,2783.8122
5458,6158.1504,2908.7955,2852.6402
5459,6214.3419,3092.2597,2912.2424
5460,6316.5288,3312.966,2953.4975
5461,6423.8094,3614.1318,2997.4959
5462,6446.2605,3935.3525,3027.7063
5463,6532.8489,4318.1945,2995.5199
5464,6493.7132,4623.2501,2901.9541
5465,6270.7645,4765.4438,2792.1929
5466,5952.4913,4558.5938,2806.8088
5467,6233.2969,4554.8182,2812.143
5468,6412.164,4369.4031,2588.9709
5469,5849.9382,4004.3046,2236.6044
5470,5406.4125,3442.5041,1994.3754
5471,5042.7507,2893.2379,1827.4722
5472,4362.8983,2320.841,1777.049
5473,4083.1409,2125.4767,1586.3945
5474,3987.0321,2071.4026,1543.196
5475,4058.4567,2130.5218,1576.1046
5476,4306.8971,2329.3827,1697.1437
5477,4809.6586,2588.6743,1881.5724
5478,5200.0473,2846.5308,2100.9028
5479,5559.6201,3084.1717,2313.7539
5480,5821.2318,3245.8983,2493.6685
5481,6028.8419,3370.5038,2666.2821
5482,6154.6335,3470.3434,2770.0833
5483,6269.9068,3517.3678,2862.7404
5484,6453.912,3651.2187,2945.3252
5485,6614.302,3831.4572,3017.7818
5486,6739.0281,4031.5981,3076.466
5487,6821.9587,4174.034,3098.5243
5488,6776.0241,4179.7222,3035.2856
5489,6475.6195,4011.8021,2834.4656
5490,6174.1581,3727.2736,2670.2265
5491,6214.2138,3546.5667,2752.0518
5492,6016.0497,3471.4903,2666.9849
5493,5638.4861,3094.005,2430.1679
5494,5093.6071,2688.8045,2136.3674
5495,4655.1821,2364.366,1868.3131
5496,4689.4913,2257.2056,1771.7459
5497,4507.6172,2195.1923,1700.9606
5498,4626.8703,2148.8784,1696.305
5499,4947.3975,2206.4834,1753.1608
5500,5457.0826,2396.0516,1930.2683
5501,5892.7732,2700.5877,2243.2189
5502,5929.2041,2677.7176,2325.0847
5503,6100.1453,2788.2247,2484.7896
5504,6279.0428,2982.5563,2692.1603
5505,6457.8936,3243.641,2897.6546
5506,6567.2845,3490.8352,3044.376
5507,6767.3026,3798.5207,3186.4947
5508,7018.3665,4239.5439,3346.9667
5509,7057.2321,4585.7568,3410.2816
5510,7040.8608,4892.8713,3381.8934
5511,6882.7265,5052.2601,3299.4127
5512,6590.7924,4946.0481,3120.5297
5513,6546.4728,4660.1712,2976.4366
5514,6896.5928,4628.6752,3183.6114
5515,6460.8685,4232.1201,3033.4572
5516,5793.2551,3708.5786,2703.247
5517,5246.4078,3237.955,2359.9943
5518,4894.4069,2879.2632,2074.503
5519,4649.7074,2528.4605,1897.2338
5520,4632.8288,2326.716,1833.7292
5521,4483.6314,2308.1804,1752.0562
5522,4351.2088,2178.1946,1725.5771
5523,4281.4695,2115.0329,1746.0294
5524,4358.0669,2132.4648,1868.2882
5525,4661.8584,2298.7576,2114.2019
5526,5130.6923,2471.1859,2245.5277
5527,5577.9884,2634.3214,2396.9172
5528,5911.9985,2817.6014,2558.4022
5529,6241.6358,3030.3002,2714.3104
5530,6448.8372,3212.1133,2748.2987
5531,6531.7124,3366.085,2740.1637
5532,6583.7614,3561.9413,2782.3726
5533,6660.1397,3802.5974,2798.8619
5534,6728.3539,4069.3545,2818.9659
5535,6737.1887,4340.3278,2765.6594
5536,6645.9348,4452.8923,2627.9211
5537,6314.5785,4279.013,2381.4175
5538,6127.0817,4092.6547,2460.498
5539,6237.4004,3883.8774,2511.3728
5540,6308.8916,3735.7728,2386.251
5541,6095.8795,3423.516,2219.0587
5542,5673.9609,3047.9764,2083.1549
5543,5194.4227,2723.7853,1933.768
5544,4805.8924,2238.3727,1623.1744
5545,4650.8664,2143.8044,1553.5512
5546,4478.9549,2030.5322,1488.2742
5547,4387.8256,1991.6706,1469.8136
5548,4416.2178,1906.4082,1489.9129
5549,4481.5073,1984.1787,1533.9113
5550,4587.5857,2082.0753,1602.6506
5551,4929.4569,2317.9416,1763.0884
5552,5285.1052,2617.5669,1909.0846
5553,5640.7969,2917.179,2052.3126
5554,5916.7857,3165.6584,2158.8307
5555,6132.4333,3420.3945,2213.0505
5556,6254.0339,3685.9611,2211.3015
5557,6375.6258,3886.3941,2218.6941
5558,6497.3354,4136.3008,2235.3187
5559,6536.4625,4289.8673,2246.4707
5560,6582.7901,4406.0284,2273.2094
5561,6531.8794,4331.5019,2290.6308
5562,6410.258,4030.1493,2307.9371
5563,6343.9549,3700.929,2333.7888
5564,6328.0996,3666.4204,2304.7857
5565,6213.8779,3537.3145,2239.5383
5566,5751.9555,3144.593,2029.2889
5567,5241.8497,2751.9399,1807.0753
5568,4892.9882,2125.1636,1692.1096
5569,4686.2099,1991.689,1605.6489
5570,4494.181,1880.0203,1534.0139
5571,4387.9347,1847.4101,1503.6775
5572,4372.6064,1816.3955,1514.6351
5573,4298.1895,1753.0602,1515.575
5574,4256.3732,1768.7543,1536.6126
5575,4444.521,1927.1631,1654.9099
5576,4762.3174,2125.9898,1784.3841
5577,5079.0621,2324.806,1894.6211
5578,5312.9852,2520.6018,1974.5715
5579,5394.7828,2673.0304,2000.3766
5580,5468.3108,2802.152,2003.1914
5581,5561.1608,2990.1797,2004.1453
5582,5650.0014,3209.1035,2006.9601
5583,5724.73,3376.5578,2013.4829
5584,5784.248,3520.5683,2044.7622
5585,5831.3676,3444.5803,2111.7696
5586,5746.6505,3233.1746,2272.1499
5587,5632.6003,3077.4257,2312.5771
5588,5821.5746,3078.4399,2219.4172
5589,5835.5465,2892.0263,2095.5928
5590,5615.3269,2665.3134,1946.7445
5591,5231.7459,2376.5398,1809.6211
5592,4810.5794,2244.4609,1981.3826
5593,4611.2858,2141.9666,1916.0046
5594,4672.8932,2067.577,1840.07
5595,4946.0923,2041.4391,1816.5535
5596,5602.2059,2106.9464,1865.4765
5597,6149.9421,2307.4346,2007.8393
5598,6360.6829,2569.8125,2239.1542
5599,6631.4704,2705.0381,2396.1468
5600,6931.7694,2778.2188,2537.4952
5601,7072.6798,2933.5783,2694.3463
5602,7148.2073,3076.5351,2840.159
5603,7222.9427,3173.0544,2949.352
5604,7345.6746,3311.5214,3047.4847
5605,7270.2026,3462.399,3173.0363
5606,7228.2235,3605.4559,3248.1087
5607,7077.8793,3740.5604,3296.4813
5608,6893.5884,3833.5488,3284.2729
5609,6912.7719,3777.4631,3142.2568
5610,6855.9113,3713.5147,3081.005
5611,6328.6145,3567.3216,3020.0851
5612,5643.5807,3355.4897,2893.8742
5613,4990.5857,2959.0636,2595.5659
5614,4690.0807,2666.9012,2342.373
5615,4545.0727,2367.2023,2143.3565
5616,4358.4613,2249.1533,1808.7985
5617,4264.809,2129.7008,1788.6945
5618,4317.0398,2146.8511,1773.2648
5619,4559.4767,2294.4741,1835.0297
5620,4993.9391,2524.3996,1926.129
5621,5577.379,2735.7789,2075.8424
5622,5905.7664,2922.203,2232.001
5623,6150.2461,3119.5366,2393.5948
5624,6380.3763,3343.3002,2560.7016
5625,6534.8944,3520.5288,2654.3825
5626,6618.7434,3686.9058,2768.1735
5627,6725.2303,3924.8151,2859.0519
5628,6780.5382,4130.1642,2889.3401
5629,6783.6291,4326.1126,2922.3684
5630,6729.5097,4503.3254,2921.4053
5631,6602.6162,4515.8491,2863.4603
5632,6357.1039,4414.79,2762.2904
5633,6048.4038,4150.6691,2633.9239
5634,6055.4711,3953.4355,2602.9028
5635,5963.4564,3566.5601,2455.7196
5636,5328.6037,3082.9522,2349.5769
5637,4837.7333,2678.7054,2204.2795
5638,4496.2784,2412.8835,2045.4959
5639,4379.7388,2238.9043,1859.5763
5640,4715.4748,2412.5862,1984.4804
5641,4508.2872,2266.9036,1865.492
5642,4501.908,2339.9502,1828.6562
5643,4552.843,2498.3669,1877.0971
5644,4832.609,2726.4493,2010.8382
5645,5191.4089,2763.9309,2140.2067
5646,5523.6689,2879.0542,2311.7903
5647,5912.0841,3098.2437,2509.0796
5648,6082.9769,3390.3456,2681.6139
5649,6397.7048,3770.8855,2859.6239
5650,6513.4975,4101.9358,2974.4294
5651,6750.5947,4462.3971,3093.7739
5652,7011.9467,4887.7631,3249.6354
5653,7204.0172,5308.3787,3341.4226
5654,7429.7175,5646.5761,3389.2503
5655,7528.9242,5756.5043,3404.1087
5656,7401.4014,5565.3273,3303.441
5657,7023.5219,5126.2787,3124.7882
5658,6618.9726,4779.5764,2955.0547
5659,6671.9365,4491.396,3004.2411
5660,6326.1063,3820.7815,2812.1003
5661,5744.8494,3162.6828,2478.4869
5662,5260.1695,2791.5751,2241.5827
5663,4883.7804,2547.7565,2072.3304
5664,4350.4022,2356.7874,1709.7004
5665,4263.2043,2240.3895,1597.4516
5666,4302.8238,2155.1403,1600.1187
5667,4533.5902,2167.6719,1715.6946
5668,4917.9892,2299.6507,1870.8153
5669,5482.8212,2546.4713,2103.828
5670,5978.1535,2937.6234,2317.6998
5671,6232.7654,3274.6435,2491.3155
5672,6464.7341,3637.9383,2655.6619
5673,6629.3879,3970.3396,2732.0209
5674,6700.8506,4298.1669,2753.2933
5675,6756.11,4678.6831,2780.9097
5676,6773.758,5045.2878,2787.4963
5677,6793.3674,5349.7292,2783.021
5678,6814.0631,5656.9805,2762.0285
5679,6734.6805,5796.4301,2694.1902
5680,6563.0944,5827.1315,2596.8682
5681,6359.5854,5611.2439,2549.1183
5682,6371.6168,5352.9112,2689.208
5683,6396.2646,5077.8018,2606.6465
5684,6040.7149,4883.357,2398.2706
5685,5452.9801,4254.5982,2128.3179
5686,4988.8556,3677.1826,1916.164
5687,4791.1026,3160.3029,1834.2578
5688,4629.2628,2221.6907,1978.8368
5689,4655.562,2181.3308,1968.6371
5690,4546.6697,2135.0879,1901.7277
5691,4537.9337,2164.9646,1873.4078
5692,4662.2885,2290.8711,1909.4391
5693,4921.2993,2452.5372,2007.0534
5694,5409.521,2817.3909,2197.037
5695,5902.8331,3169.9419,2466.828
5696,6278.5538,3488.3554,2688.0474
5697,6589.0613,3791.3194,2886.3154
5698,6830.0137,4088.2216,3061.5914
5699,6997.6666,4456.472,3191.9541
5700,7156.0814,4829.2438,3280.1515
5701,7337.9227,5146.001,3385.6598
5702,7497.1138,5462.353,3446.1848
5703,7638.6898,5674.3571,3506.5854
5704,7648.3685,5723.2889,3499.9288
5705,7487.8036,5538.3842,3441.0658
5706,7117.4208,5202.6704,3293.6907
5707,6940.1453,4880.5577,3172.3562
5708,7045.4048,4575.711,3099.4331
5709,6610.0154,3967.144,2942.1434
5710,5907.3622,3403.8057,2599.829
5711,5398.8327,2905.7511,2302.5709
5712,4460.8317,2108.4422,2036.5998
5713,4311.7676,2012.2097,1879.8016
5714,4343.3529,2053.9838,1916.4726
5715,4466.8803,2187.3663,2000.906
5716,4599.6717,2372.021,2112.8158
5717,5039.8295,2733.5122,2305.594
5718,5360.6943,3011.3947,2524.3034
5719,5779.5946,3123.4738,2714.5452
5720,6061.7358,3334.9005,2863.5054
5721,6200.9204,3450.1106,2982.9369
5722,6373.7052,3600.9961,3051.8224
5723,6539.241,3786.1034,3135.2475
5724,6595.5001,3901.5108,3172.8273
5725,6586.4264,4004.4524,3252.5491
5726,6546.6511,4025.1179,3283.6916
5727,6480.2719,3930.7916,3240.4589
5728,6372.9687,3924.5008,3110.051
5729,6275.8324,3896.2936,3013.7871
5730,6280.8276,3889.5344,2961.5915
5731,6059.3132,3702.863,2793.4531
5732,5845.5022,3301.8708,2532.6359
5733,5665.3263,2835.737,2279.2347
5734,5259.5366,2452.0004,2124.8998
5735,4926.3981,2305.7442,1963.3635
5736,5427.1626,2600.1271,1932.0702
5737,5470.8588,2447.959,1803.6976
5738,5339.1052,2353.2881,1759.6821
5739,5300.3123,2297.4893,1758.8076
5740,5322.8672,2317.6232,1799.1648
5741,5303.6128,2375.1204,1838.7828
5742,5643.6697,2473.2195,1983.1061
5743,6184.0165,2779.154,2243.8114
5744,6718.2265,3106.8287,2489.8183
5745,7211.5542,3453.1705,2680.7418
5746,7552.713,3836.8071,2799.1978
5747,7813.1778,4246.9132,2855.2833
5748,7952.1633,4612.0221,2864.6038
5749,8110.4828,4980.2488,2870.207
5750,8169.7827,5236.5832,2882.1387
5751,8160.6778,5387.1608,2866.4633
5752,7991.202,5355.9752,2787.4278
5753,7683.8219,5127.4008,2659.0723
5754,7404.6878,4822.9226,2612.2746
5755,7504.6258,4591.0883,2698.0201
5756,7198.9266,4168.3059,2574.6722
5757,6773.5535,3678.9756,2385.3905
5758,6228.9013,3217.7948,2158.6938
5759,5655.9676,2879.3553,1967.8854
5760,4913.8543,2500.7453,2070.4592
5761,4362.7286,2337.8255,1913.7215
5762,4273.9728,2246.2987,1834.9022
5763,4273.1323,2271.2303,1786.4395
5764,4449.1293,2390.9434,1796.804
5765,4668.2072,2554.0815,1887.9763
5766,5244.2993,2776.1599,2042.2412
5767,5819.4436,3061.8973,2287.2602
5768,6184.1605,3293.3948,2476.4455
5769,6512.0788,3588.5198,2664.663
5770,6775.6605,3883.621,2851.0397
5771,6965.6537,4228.4987,2986.7678
5772,7124.013,4627.7452,3064.8898
5773,7255.8359,4982.0551,3157.5235
5774,7339.6659,5336.2676,3241.8123
5775,7388.5945,5581.7293,3287.3607
5776,7267.9971,5670.1883,3298.9036
5777,6958.4392,5510.1364,3240.0763
5778,6577.5968,5115.6323,3123.7302
5779,6414.1506,4846.7979,3008.8936
5780,6297.0465,4462.9666,2976.4148
5781,5718.5308,3799.7623,2844.0278
5782,5166.7091,3205.0621,2530.198
5783,4817.1266,2785.4238,2276.8388
5784,4581.0049,2375.1967,1650.542
5785,4413.4558,2213.5464,1594.4829
5786,4569.6132,2201.5121,1615.6791
5787,4943.6427,2315.3106,1699.4028
5788,5257.7484,2438.2493,1833.5621
5789,5677.0314,2596.7398,2055.6965
5790,6015.5477,2780.1066,2202.6947
5791,6250.5398,2952.5638,2350.5751
5792,6439.8258,3165.3705,2496.5588
5793,6536.872,3367.3071,2620.4485
5794,6628.84,3623.573,2701.177
5795,6851.3593,3920.2779,2831.5086
5796,6899.3938,4032.4597,2868.2869
5797,6905.5757,4530.6722,2895.8054
5798,6834.9292,4865.6571,2881.0682
5799,6618.1901,5030.9894,2804.7372
5800,6325.9183,5067.5448,2672.3984
5801,6156.2555,4878.1004,2491.6731
5802,6408.7208,4641.8499,2629.3508
5803,6075.7139,4073.1824,2608.757
5804,5356.1683,3544.8748,2313.869
5805,4870.4454,3023.2079,2049.4324
5806,4608.6104,2646.1358,1850.2962
5807,4458.5068,2453.884,1698.1255
5808,4458.6418,2221.4039,1587.2986
5809,4355.6665,2219.9635,1547.9402
5810,4264.6255,2283.4514,1557.0167
5811,4283.9613,2317.5758,1641.3381
5812,4516.0443,2496.1528,1754.295
5813,4803.5581,2684.2305,1907.8067
5814,5344.8978,3003.916,2116.9778
5815,5693.2209,3303.5018,2262.9102
5816,5931.2572,3624.8147,2389.6287
5817,6103.0354,3980.2414,2465.9068
5818,6219.5906,4345.0003,2521.9255
5819,6229.7887,4635.246,2549.433
5820,6369.7877,4930.2551,2583.3981
5821,6545.5718,5160.1911,2609.9394
5822,6651.9566,5244.3656,2585.1502
5823,6764.5164,5139.2325,2554.8481
5824,6810.4389,4874.05,2487.8765
5825,6701.9126,4569.6875,2443.9356
5826,6379.2994,4147.5367,2508.3987
5827,6456.2006,3696.2485,2469.8216
5828,6552.8157,3267.7174,2280.7218
5829,6173.2682,2916.4069,2037.3555
5830,5560.9582,2611.7024,1823.3344
5831,5113.4024,2448.4247,1698.5298
5832,4484.4815,2485.4091,1687.5287
5833,4312.8574,2192.114,1616.0383
5834,4336.0865,2184.1749,1584.7139
5835,4540.0741,2264.7895,1608.4155
5836,4775.1666,2336.3693,1727.5889
5837,5170.8673,2515.1726,1929.3954
5838,5635.9239,2762.0037,2166.2047
5839,6012.0741,3008.9821,2380.9339
5840,6169.8146,3184.6598,2541.535
5841,6283.4365,3402.1378,2664.5129
5842,6348.031,3608.7511,2723.3448
5843,6439.0373,3858.771,2771.0854
5844,6498.602,4129.1221,2820.6932
5845,6508.0428,4402.6358,2874.9612
5846,6494.875,4655.9393,2854.8883
5847,6438.9137,4769.5326,2888.8581
5848,6343.9379,4730.8552,2830.2236
5849,6224.8465,4480.5406,2701.711
5850,6286.9325,4145.032,2626.3431
5851,6182.2434,3844.2083,2743.1418
5852,5889.9855,3476.1658,2675.3205
5853,5416.5693,2997.6188,2387.2213
5854,4978.7389,2649.3735,2071.4761
5855,4664.6281,2426.9082,1854.6339
5856,4308.9329,2209.2828,1752.42
5857,4218.8363,2125.2636,1723.7379
5858,4161.6848,2255.531,1705.4933
5859,4246.5751,2430.8981,1755.2395
5860,4578.7225,2640.5502,1946.2345
5861,5169.3751,2918.4353,2269.9903
5862,5432.3225,3039.7019,2437.9577
5863,5752.2343,3252.5297,2620.586
5864,5989.5133,3411.1227,2763.8031
5865,6205.3063,3592.9991,2917.0193
5866,6331.0911,3785.7455,3051.8526
5867,6347.6147,3915.046,3094.102
5868,6468.271,4125.0718,3183.9675
5869,6542.9043,4287.0641,3247.2218
5870,6542.8974,4279.8986,3261.8128
5871,6552.9864,4092.6209,3228.6305
5872,6395.4674,3742.1497,3074.3687
5873,6106.0962,3574.3639,2856.3342
5874,6073.3484,3429.535,2953.4493
5875,6023.9367,2966.8742,2910.0503
5876,5677.3257,2564.4547,2626.4526
5877,5198.987,2216.133,2253.9853
5878,4692.1851,2033.9804,1949.4169
5879,4464.4195,1999.177,1802.6489
5880,4590.9512,2153.7051,1741.2059
5881,4455.145,2083.5553,1657.7932
5882,4418.0001,1992.01,1555.0919
5883,4478.9635,1942.3046,1484.5398
5884,4725.8831,1988.9528,1478.2005
5885,5044.3398,2094.7148,1546.1072
5886,5282.1961,2292.0037,1703.9542
5887,5504.634,2472.308,1895.704
5888,5724.6736,2654.279,2032.5025
5889,5895.6772,2839.4784,2156.4186
5890,6039.9885,3020.009,2282.0899
5891,6086.1655,3060.9347,2334.4192
5892,6108.7048,3112.6804,2339.0671
5893,6162.864,3162.6674,2375.7816
5894,6235.4339,3224.8938,2396.0053
5895,6268.2145,3344.2753,2434.5545
5896,6249.9944,3413.6488,2473.0554
5897,6196.8003,3327.8207,2461.2994
5898,6134.503,3077.2851,2369.576
5899,6140.227,3003.6097,2402.3727
5900,5928.4027,3119.5576,2669.8813
5901,5659.689,3010.5226,2660.3944
5902,5272.2303,2698.3341,2375.0244
5903,4869.1472,2331.8926,2031.9505
5904,4759.9751,2258.6698,1809.0038
5905,4683.7898,2080.1033,1726.3754
5906,4555.1946,2072.3168,1653.953
5907,4487.916,2101.8488,1600.8316
5908,4497.2269,2160.8811,1583.4538
5909,4660.6905,2254.0326,1656.9233
5910,4789.6735,2398.5615,1668.223
5911,5272.791,2643.989,1793.1365
5912,5786.3953,2835.0607,1988.5849
5913,6325.417,3038.5851,2197.7016
5914,6778.6161,3242.2095,2375.6246
5915,7158.3497,3507.8946,2546.2
5916,7464.602,3818.6399,2693.8223
5917,7613.7266,4056.4309,2792.842
5918,7763.8579,4267.7128,2890.9156
5919,7829.2132,4308.0912,2944.0386
5920,7600.5259,4061.1496,2910.9543
5921,7518.9066,3871.5499,2926.6795
5922,7392.5758,3787.4044,2882.6935
5923,7160.5898,3355.6739,2830.2274
5924,6792.6781,2984.3031,2799.7044
5925,6251.2224,2653.3791,2616.9704
5926,5846.6021,2431.1533,2395.8054
5927,5418.6817,2278.9274,2153.6853
5928,4620.4668,1951.5606,1633.0398
5929,4523.4604,1883.2434,1570.7129
5930,4526.5635,1901.7316,1559.7459
5931,4675.7314,1969.9199,1615.7568
5932,4977.0058,2117.3034,1742.3463
5933,5367.0067,2334.4446,1919.376
5934,5810.406,2596.683,2117.6502
5935,6070.1066,2769.2166,2278.3446
5936,6318.4726,2974.342,2422.4627
5937,6520.7896,3148.4607,2545.4312
5938,6630.1511,3302.3034,2624.2956
5939,6713.9412,3482.6472,2672.9107
5940,6827.3518,3721.9654,2734.2791
5941,6854.0095,3913.3109,2769.0767
5942,6804.1625,4171.3488,2778.2324
5943,6729.808,4354.7867,2752.6029
5944,6575.6293,4409.245,2666.4734
5945,6411.4014,4300.5678,2534.7488
5946,6294.3174,4114.0254,2477.8976
5947,6407.0338,4028.4551,2637.9545
5948,6143.941,3663.2673,2422.1766
5949,5479.8123,3045.1022,2079.0606
5950,5023.1915,2622.5277,1825.8336
5951,4658.6443,2404.9181,1709.4283
5952,4523.8482,2579.9247,1781.0182
5953,4472.7816,2539.5542,1717.8463
5954,4397.1832,2428.0329,1683.816
5955,4493.3665,2465.2857,1727.76
5956,4878.7566,2696.6253,1925.8615
5957,5232.6358,2802.5399,2085.6876
5958,5574.8844,3021.6216,2261.0446
5959,5848.9221,3324.4383,2442.9118
5960,6200.3258,3649.011,2625.5883
5961,6502.5861,4023.1917,2819.2411
5962,6693.7123,4397.5145,2923.1092
5963,6873.6164,4810.4199,3013.9146
5964,7106.6022,5288.6748,3112.1857
5965,7281.3363,5641.0574,3137.0572
5966,7485.6338,5943.6637,3150.0111
5967,7588.945,6101.7726,3090.6125
5968,7531.8229,6056.4333,2971.5386
5969,7211.8973,5762.6831,2780.5063
5970,6889.2893,5267.2436,2731.745
5971,6954.816,4911.688,2829.3375
5972,6554.1132,4489.1714,2628.4507
5973,5994.7741,3897.7073,2356.6355
5974,5575.4149,3403.9846,2115.8756
5975,5170.6994,3034.599,1935.8102
5976,4570.3352,2818.9114,2063.8439
5977,4616.1711,2598.6024,1963.774
5978,4680.5319,2494.5361,1899.5022
5979,4938.053,2508.4766,1881.1332
5980,5368.2533,2679.2828,1947.2552
5981,5777.1027,2899.9707,2030.9322
5982,6186.8048,3295.7232,2176.1798
5983,6498.4539,3609.189,2379.1811
5984,6717.1648,4057.7698,2551.8927
5985,6981.7739,4421.1909,2730.08
5986,7113.7405,4871.2965,2887.1021
5987,7281.4731,5321.5414,3003.6629
5988,7488.8823,5809.2181,3104.6509
5989,7615.6979,6106.1203,3198.3099
5990,7651.7721,6303.7697,3268.0684
5991,7544.7684,6353.925,3290.1313
5992,7211.7701,6275.0508,3249.7803
5993,6762.4573,5889.9237,3124.7875
5994,6492.8392,5572.9533,2986.142
5995,6556.7723,5338.5802,2919.3772
5996,6074.2425,4911.2553,2836.5918
5997,5336.3643,4133.0989,2660.9364
5998,4930.5365,3541.1796,2405.5202
5999,4708.6291,3092.2672,2175.9854
6000,4648.1269,2203.1789,1677.1495
6001,4310.1508,2151.9172,1564.2501
6002,4354.9039,2164.5278,1532.9443
6003,4607.9863,2282.7556,1579.6549
6004,5022.6298,2416.2539,1736.5558
6005,5581.6504,2705.0065,1936.6863
6006,6115.8968,3021.74,2214.718
6007,6306.0752,3225.3276,2406.7617
6008,6467.7921,3470.8761,2578.6625
6009,6602.8323,3731.9976,2726.6876
6010,6622.6859,4002.5646,2792.145
6011,6676.9022,4333.5175,2831.805
6012,6758.873,4721.8624,2885.1938
6013,6815.1927,5037.0265,2913.6707
6014,6839.7349,5257.1803,2912.7154
6015,6780.5476,5326.467,2890.6291
6016,6622.2263,5208.2312,2827.1089
6017,6397.2747,4894.4313,2681.8862
6018,6326.5416,4488.9939,2582.9505
6019,6416.6677,4227.6198,2741.5103
6020,5912.253,3608.0064,2574.3443
6021,5196.9383,2990.1624,2216.3529
6022,4743.9269,2577.1911,1917.9124
6023,4626.9925,2409.5237,1721.2147
6024,4754.1707,2228.0631,1853.6366
6025,4539.5747,2142.856,1774.5343
6026,4437.213,2191.0499,1702.1212
6027,4471.7663,2327.7343,1714.0715
6028,4671.0687,2573.0039,1749.135
6029,5010.7266,2809.1149,1840.1254
6030,5519.3722,3073.0621,2045.5356
6031,5852.4172,3357.3749,2253.7343
6032,6073.4063,3568.8911,2418.8977
6033,6288.2412,3744.7792,2546.4223
6034,6379.4916,3928.546,2596.9653
6035,6343.9195,4087.2285,2622.674
6036,6413.7828,4210.3356,2685.0895
6037,6477.388,4379.7804,2766.7283
6038,6454.1796,4448.1397,2824.5053
6039,6400.3562,4357.9454,2854.6971
6040,6284.9116,4155.7431,2826.1378
6041,6148.2899,3889.9502,2743.7038
6042,6033.1655,3678.3629,2637.394
6043,6159.6366,3216.7821,2605.1469
6044,6127.5146,2834.4097,2598.4267
6045,5766.2651,2509.5159,2409.19
6046,5285.6776,2308.9146,2195.2436
6047,4880.9378,2257.5872,2023.6522
6048,4717.2803,2454.6208,1805.4404
6049,4533.3703,2291.8668,1660.6002
6050,4436.2739,2204.9772,1622.0573
6051,4384.2284,2177.0804,1626.674
6052,4465.0366,2232.9766,1678.1055
6053,4483.6723,2264.4121,1714.9274
6054,4648.2793,2342.3327,1821.4299
6055,5034.463,2598.7486,2035.1556
6056,5380.8057,2842.8303,2226.8385
6057,5702.5023,3076.0604,2412.0904
6058,5935.3738,3299.8924,2526.7264
6059,6076.4089,3531.6162,2592.7628
6060,6230.7625,3806.6151,2626.7356
6061,6374.9404,4121.6792,2650.6378
6062,6456.9008,4393.1419,2651.6274
6063,6458.1896,4568.0433,2635.2096
6064,6395.9374,4573.8763,2582.0415
6065,6206.518,4323.5248,2468.3594
6066,5984.0368,3998.5679,2434.5203
6067,6053.7234,3895.7737,2580.2567
6068,5907.4508,3493.5857,2445.3348
6069,5517.9337,3060.3621,2237.8381
6070,5089.6134,2700.0825,1995.5313
6071,4718.628,2411.1615,1868.7382
6072,4748.8483,1992.0416,1639.3667
6073,4575.0758,1928.2589,1605.3177
6074,4523.8309,1945.3593,1554.9131
6075,4490.0384,1982.683,1519.255
6076,4578.8444,1964.0896,1530.351
6077,4597.3294,2103.9471,1540.532
6078,4888.3539,2358.6568,1591.2445
6079,5197.6763,2557.5019,1704.2232
6080,5387.995,2689.515,1836.3785
6081,5496.6286,2869.6298,1967.5504
6082,5594.9741,3049.7552,2068.4389
6083,5729.9641,3285.8267,2124.3829
6084,5880.201,3594.7395,2170.2392
6085,6062.0873,3915.9944,2188.5848
6086,6199.0871,4136.2719,2198.6601
6087,6328.8811,4269.3992,2200.5165
6088,6399.4117,4185.5825,2194.1491
6089,6296.419,3935.8758,2182.558
6090,6040.2457,3702.7931,2137.5623
6091,6182.4415,3500.4828,2196.768
6092,6025.004,3065.653,2340.2284
6093,5554.8795,2624.7719,2218.8907
6094,5142.8023,2269.4083,2011.5355
6095,4818.5557,2044.3753,1799.7283
6096,4445.4861,2070.7158,1643.9072
6097,4352.2968,2015.0354,1498.1987
6098,4424.7835,2075.9345,1554.1023
6099,4631.2016,2250.3269,1694.4144
6100,4884.7549,2475.6678,1889.7991
6101,5272.9832,2705.2828,2118.1904
6102,5616.827,2964.4823,2325.6965
6103,5870.4842,3174.1528,2445.0736
6104,6185.3438,3354.4413,2509.4994
6105,6360.3982,3517.6979,2557.5012
6106,6456.7252,3620.5105,2561.4207
6107,6587.7769,3729.5824,2605.5979
6108,6566.5784,4021.587,2659.7586
6109,6562.8859,4214.265,2676.3583
6110,6478.4146,4380.2288,2620.4765
6111,6400.7285,4330.0735,2536.9658
6112,6235.165,4301.7294,2426.8362
6113,6084.2937,4059.867,2314.1933
6114,6109.2885,3913.174,2374.4788
6115,5883.3112,3564.5181,2444.0647
6116,5446.7386,3084.3781,2133.9802
6117,5125.3959,2585.9813,1822.8922
6118,4913.3109,2238.3675,1630.0657
6119,4755.4059,2123.5179,1593.0402
6120,4521.1815,2233.6987,1690.8215
6121,4401.5942,2035.3772,1602.719
6122,4385.5449,2074.5204,1597.3521
6123,4511.8058,2189.9278,1654.5174
6124,4816.0042,2393.4048,1814.5208
6125,5273.604,2686.613,2028.2527
6126,5712.8157,2885.4634,2215.4044
6127,6022.3043,3068.8802,2395.1961
6128,6197.17,3272.4835,2563.9587
6129,6396.346,3465.2458,2666.6895
6130,6505.6953,3605.4006,2700.6919
6131,6554.0259,3820.0503,2769.5696
6132,6526.5399,4029.8498,2815.3745
6133,6460.2507,4199.0892,2864.8268
6134,6368.3727,4307.5928,2817.967
6135,6259.8846,4288.3809,2702.2543
6136,6106.3888,4044.536,2596.7476
6137,5879.3591,3717.3482,2490.0018
6138,5829.1226,3454.3888,2518.2579
6139,5765.7969,3226.7891,2550.7374
6140,5611.5289,2743.5602,2354.0816
6141,5170.7357,2386.3273,2130.0599
6142,4803.8463,2144.1649,1920.9043
6143,4488.3108,2046.3394,1781.49
6144,4571.9935,2333.2278,1743.8745
6145,4356.7458,2232.4029,1685.2261
6146,4374.1203,2327.0107,1641.2697
6147,4531.4713,2387.6283,1652.4108
6148,4767.7713,2532.194,1742.5391
6149,5193.2016,2715.5529,1894.126
6150,5639.5118,2996.4032,2104.1421
6151,5931.5913,3212.2618,2281.1532
6152,6226.7982,3423.4859,2467.3884
6153,6412.6851,3622.3995,2625.1856
6154,6416.8294,3869.4516,2696.7662
6155,6419.9394,4130.4574,2736.2225
6156,6490.56,4476.9044,2777.5351
6157,6597.7939,4745.7415,2808.6993
6158,6587.6685,4865.5282,2804.095
6159,6550.998,4746.1967,2777.518
6160,6415.0966,4488.2718,2704.1464
6161,6221.9917,4205.3891,2550.2749
6162,6111.0913,3835.9666,2501.7189
6163,6202.9087,3381.1555,2627.1524
6164,5975.6945,3031.4775,2575.4379
6165,5458.4123,2729.8434,2360.5578
6166,5020.9126,2490.4278,2116.4507
6167,4976.4338,2373.7009,1915.5732
6168,4769.846,2306.761,1664.3813
6169,4603.2256,2084.8721,1576.3627
6170,4579.6641,2122.1432,1527.729
6171,4772.5629,2275.8991,1554.3262
6172,5110.8334,2490.4462,1621.4471
6173,5513.0726,2771.5254,1751.1375
6174,5941.3877,2991.8186,1871.3767
6175,6322.372,3192.1095,2061.2546
6176,6428.84,3429.6583,2250.2891
6177,6742.544,3622.1626,2392.5695
6178,6811.1287,3775.9185,2516.4514
6179,6918.3678,4018.0256,2616.3969
6180,6948.1182,4246.2369,2647.6699
6181,6963.3859,4458.8331,2652.296
6182,6926.6894,4614.04,2630.3155
6183,6808.2767,4635.6933,2579.8689
6184,6642.6803,4381.0283,2523.7741
6185,6403.4937,4049.0638,2463.05
6186,6305.1578,3783.7472,2406.5658
6187,6226.1932,3511.8292,2322.0749
6188,5942.8947,2943.609,2339.2288
6189,5464.4348,2515.0094,2212.3408
6190,5149.2256,2240.1053,2043.3155
6191,4866.0206,2118.8754,1861.5135
6192,4789.2147,2131.1886,1698.1411
6193,4566.6192,2056.8437,1536.7478
6194,4439.9767,2030.8084,1523.0998
6195,4435.9519,2099.6151,1571.0643
6196,4596.4682,2278.2737,1744.8308
6197,4854.0187,2507.9781,1949.4552
6198,5243.7262,2802.8267,2186.0312
6199,5604.6243,2939.5033,2293.4114
6200,5924.427,3085.4569,2375.0781
6201,6148.1348,3215.8269,2434.6307
6202,6300.3435,3322.9715,2452.9296
6203,6372.9687,3392.9792,2439.2007
6204,6470.9263,3559.0799,2406.1553
6205,6527.0781,3706.5318,2379.5176
6206,6536.2176,3784.0445,2328.1266
6207,6496.2917,3836.3387,2262.9258
6208,6402.2948,3772.6481,2199.6684
6209,6275.8324,3678.0509,2178.9433
6210,6089.7758,3485.3071,2258.5516
6211,6042.0097,3450.588,2404.8501
6212,6104.0611,3310.4621,2261.5039
6213,5937.1863,2902.2228,1952.3064
6214,5429.3431,2472.417,1722.938
6215,5046.2693,2286.3034,1596.3983
6216,4498.0164,1991.7021,1685.324
6217,4348.7896,1898.7085,1702.7594
6218,4278.0253,1855.2255,1648.6095
6219,4272.6285,1782.3211,1621.0864
6220,4333.7633,1896.9891,1616.5458
6221,4411.5083,1949.9333,1617.5245
6222,4468.6841,1971.8024,1629.6117
6223,4864.6988,2167.2929,1696.5942
6224,5155.0283,2381.598,1839.7413
6225,5406.596,2564.9595,1990.2096
6226,5532.592,2650.6245,2106.7641
6227,5621.6906,2688.1929,2203.9974
6228,5703.5505,2704.0686,2286.5387
6229,5724.1752,2685.7593,2360.8097
6230,5756.0254,2665.7596,2424.0687
6231,5789.9772,2692.0001,2461.6873
6232,5840.0908,2685.8725,2461.7308
6233,5806.049,2700.9956,2366.5591
6234,6344.1921,2913.1181,2443.5018
6235,6292.7214,2863.3917,2592.0484
6236,5938.5159,2672.2673,2540.5283
6237,5352.3591,2324.4666,2306.4981
6238,4797.3738,2068.2322,2042.2093
6239,4499.4871,1889.6183,1835.6881
6240,4638.4802,2044.5332,1835.4455
6241,4459.3541,2030.4558,1640.0966
6242,4354.1525,2011.7887,1612.6108
6243,4368.4447,2018.0058,1639.2781
6244,4436.9239,2091.005,1702.6054
6245,4593.2907,2153.1288,1753.1142
6246,4660.8983,2184.2907,1857.9454
6247,4863.5097,2403.3224,2071.7224
6248,5129.2796,2546.3924,2246.0384
6249,5301.0907,2641.3264,2353.4046
6250,5402.3886,2708.24,2388.3359
6251,5434.3565,2759.6464,2375.5593
6252,5451.0222,2837.4037,2362.7764
6253,5440.1672,2953.9069,2354.5497
6254,5476.231,3118.6145,2367.3543
6255,5485.6752,3156.0277,2373.7636
6256,5503.1622,3160.6991,2345.38
6257,5519.5664,3078.4124,2282.4615
6258,5737.0542,3138.6537,2380.3673
6259,5532.426,3081.2828,2471.6475
6260,5490.8182,2798.5185,2301.673
6261,5444.0595,2551.2611,2097.861
6262,5183.1133,2330.439,1900.6013
6263,4882.6481,2195.095,1786.8833
6264,4589.5446,2250.7359,1661.327
6265,4414.9732,2188.7673,1586.1924
6266,4518.0646,2229.4746,1630.155
6267,4754.0218,2368.0259,1734.6504
6268,5091.3843,2594.7757,1898.818
6269,5588.1855,2912.9418,2137.3484
6270,5973.5478,3026.4693,2298.1501
6271,6272.0776,3149.3685,2420.2347
6272,6463.583,3340.4745,2520.3186
6273,6544.625,3474.1833,2585.5148
6274,6546.8755,3626.604,2636.9493
6275,6618.494,3921.7105,2698.4499
6276,6623.8666,4198.1867,2721.4216
6277,6580.0267,4455.93,2715.963
6278,6485.0716,4708.7571,2678.391
6279,6387.9596,4838.6377,2601.3643
6280,6276.448,4822.7331,2494.9784
6281,6055.7291,4628.612,2385.0508
6282,6133.0516,4528.7592,2520.7758
6283,5960.4641,4231.5623,2536.6269
6284,5649.6173,3588.6603,2255.0115
6285,5176.0972,2987.9509,2018.1774
6286,4818.1014,2610.7919,1820.7342
6287,4606.2778,2404.3023,1712.1514
6288,4393.6535,2368.5348,1603.6355
6289,4385.3302,2309.6788,1578.7002
6290,4407.802,2199.8716,1635.6183
6291,4590.7763,2223.7233,1815.5655
6292,4895.5036,2286.0392,2048.8549
6293,5314.7675,2449.1878,2217.7776
6294,5657.1477,2610.8829,2360.9108
6295,5901.558,2775.7615,2499.4458
6296,6156.2946,2943.7736,2644.4135
6297,6347.5922,3100.992,2723.3448
6298,6501.0915,3293.991,2776.5984
6299,6663.7406,3514.8658,2843.6151
6300,6767.3046,3771.3028,2860.1277
6301,6873.9751,3937.5956,2874.7544
6302,6932.2007,4123.6749,2829.7774
6303,6870.8305,4284.3832,2702.2543
6304,6736.8385,4373.7801,2529.9206
6305,6497.4146,4384.2187,2591.6295
6306,6411.09,4253.0777,2654.663
6307,6320.6748,3822.3377,2441.5817
6308,5988.3906,3587.2225,2169.7681
6309,5521.0627,3279.587,1911.831
6310,5151.7739,2897.7935,1757.6376
6311,4943.8782,2587.4534,1672.2504
6312,4674.9896,2485.0196,1567.6819
6313,4531.9378,2233.7329,1607.977
6314,4665.838,2211.998,1702.3971
6315,4930.8021,2261.8165,1793.2708
6316,5281.928,2375.4414,1861.4046
6317,5980.539,2596.0977,1975.4942
6318,6373.868,2861.5933,2011.4788
6319,6630.5036,3046.3717,2062.056
6320,6907.5007,3270.1353,2207.9806
6321,7004.8378,3462.9764,2341.0789
6322,7137.7989,3731.7055,2388.0025
6323,7370.0066,4053.3552,2440.3707
6324,7500.9094,4440.2648,2477.1521
6325,7654.284,4805.4238,2501.0434
6326,7647.3396,5123.9425,2511.987
6327,7484.8446,5339.7959,2469.6832
6328,7132.159,5291.6757,2402.6168
6329,6816.7914,5041.4847,2340.5216
6330,6784.5655,4811.1778,2344.1472
6331,6577.3475,4303.3856,2297.9955
6332,5802.6049,3824.6518,2305.8117
6333,5229.1553,3302.514,2214.641
6334,4802.0494,2841.0831,2015.4223
6335,4639.0896,2516.371,1846.5058
6336,4266.3153,1968.5215,1643.7735
6337,4286.3922,1971.4603,1667.5482
6338,4499.8759,2148.2732,1702.4888
6339,4901.2788,2320.6462,1807.2952
6340,5284.4461,2525.8795,1905.9535
6341,5894.7729,2869.1588,2094.1228
6342,6357.0562,3036.9368,2289.5075
6343,6541.8516,3178.3584,2435.4523
6344,6642.8517,3302.8376,2595.1494
6345,6636.7391,3342.1755,2687.0112
6346,6604.1091,3427.8457,2752.1809
6347,6703.224,3588.2081,2788.0209
6348,6743.0772,3692.8481,2858.6259
6349,6752.2323,3791.1815,2916.3314
6350,6705.2113,3777.7673,2929.9748
6351,6564.2559,3602.8054,2909.65
6352,6289.5889,3363.9345,2832.5486
6353,6077.3715,3254.9652,2752.1793
6354,6287.5202,3286.9123,2738.253
6355,6092.2601,2932.6209,2694.6782
6356,5376.4339,2452.1229,2501.6138
6357,4824.0955,2168.6744,2231.6969
6358,4534.2751,2039.0818,2034.3781
6359,4419.2986,2016.9311,1870.1965
6360,4483.7502,2119.1517,1833.5239
6361,4404.6332,1993.5294,1658.5464
6362,4495.7451,2097.4721,1670.5947
6363,4704.6873,2241.9641,1744.2726
6364,5007.9501,2405.2838,1871.3051
6365,5481.9038,2674.0077,2089.6055
6366,5924.2134,2866.5252,2338.1801
6367,6242.1205,3020.368,2605.9764
6368,6477.3603,3214.5838,2854.4499
6369,6636.87,3366.9913,3041.4881
6370,6855.5393,3562.845,3190.0705
6371,7014.3038,3844.1715,3352.4269
6372,7136.2801,4108.5213,3459.7137
6373,7183.3841,4377.4821,3513.7563
6374,7140.3742,4554.7528,3521.8385
6375,7013.1379,4474.1855,3458.3074
6376,6841.8399,4214.9544,3313.3662
6377,6567.4984,3853.3158,3125.8344
6378,6475.0492,3705.2666,3033.9881
6379,6247.5649,3430.0677,2973.104
6380,5914.8201,2889.2127,2662.8889
6381,5401.6095,2471.0096,2311.5058
6382,4984.6791,2226.8779,2050.0691
6383,4725.356,2125.6741,1907.9037
6384,4140.7096,1964.179,1606.3477
6385,4104.0547,1976.5554,1538.5373
6386,4330.4379,1979.7494,1546.789
6387,4814.1119,2046.6499,1596.3921
6388,5561.1009,2181.6729,1695.5642
6389,5835.7973,2276.6359,1799.2892
6390,6025.9151,2548.4538,2043.3761
6391,6347.958,2671.2478,2226.8976
6392,6684.2186,2808.1112,2367.219
6393,6772.3193,2946.4941,2473.5256
6394,6753.0717,3118.9276,2546.8397
6395,6773.5285,3272.7283,2584.4101
6396,6660.2443,3375.1489,2588.9709
6397,6581.6761,3509.9561,2611.899
6398,6438.7957,3573.1756,2575.2435
6399,6345.9059,3634.7021,2515.6506
6400,6471.4222,3758.7024,2499.2126
6401,6675.5899,3786.4465,2476.6234
6402,6233.8655,3474.3107,2328.0488
6403,5578.6869,3245.8284,2379.1444
6404,4939.4294,2972.4436,2288.1292
6405,4461.2482,2723.9616,2107.2608
6406,4236.2983,2497.3039,1907.1832
6407,4235.9244,2338.995,1736.5845
6408,4855.0271,2289.3159,1609.1438
6409,4556.7051,2055.0796,1545.8647
6410,4427.7619,2020.8868,1516.4355
6411,4363.2487,2028.6496,1528.3329
6412,4289.6013,2090.6208,1560.4821
6413,4341.7195,2114.1672,1611.0157
6414,4379.3707,2252.3237,1759.6199
6415,4560.214,2359.4052,1873.3565
6416,4883.3328,2551.9411,2015.6167
6417,5173.8007,2753.7724,2140.4291
6418,5403.049,3005.267,2239.5498
6419,5549.384,3262.8709,2324.8935
6420,5601.6303,3552.9823,2372.6185
6421,5654.8383,3863.2882,2414.8368
6422,5731.5594,4106.9515,2458.0182
6423,5870.595,4203.2998,2492.9572
6424,6049.3159,4081.1215,2577.4373
6425,6164.2862,3987.7832,2730.6317
6426,6364.7701,3730.0531,2604.0485
6427,6454.4418,3486.5029,2434.5654
6428,6324.9975,3211.7855,2230.0125
6429,5969.3733,2848.546,1980.3535
6430,5431.4491,2545.7845,1787.5006
6431,4986.6467,2283.5067,1654.4132
6432,4379.8011,2075.5898,1646.9988
6433,4193.5766,1856.8107,1612.1219
6434,4138.1129,1841.1245,1566.1941
6435,4192.0003,1904.6309,1566.1335
6436,4348.2009,2005.4505,1611.0733
6437,4835.6428,2354.8259,1806.6166
6438,5524.3189,2749.1932,2077.3878
6439,5849.5427,2840.9331,2158.3029
6440,5987.8418,2827.2426,2253.8229
6441,6115.8337,2832.1324,2418.9428
6442,6191.7438,2843.163,2540.0083
6443,6205.1817,2820.0113,2615.1912
6444,6171.7787,2773.6316,2662.9038
6445,6143.364,2716.3449,2684.9309
6446,6139.4084,2700.9298,2702.3507
6447,6089.5614,2696.411,2707.814
6448,6154.7332,2746.0532,2658.2015
6449,6615.2342,3066.7845,2567.124
6450,6674.7331,3133.6244,2665.3936
6451,6486.6157,3051.5456,2735.4755
6452,6269.0396,2940.1638,2631.0112
6453,5866.192,2741.2634,2423.5844
6454,5412.1531,2455.1602,2159.1494
6455,4992.7991,2260.6681,1971.7193
6456,4549.0587,2024.4834,1602.904
6457,4449.4556,2025.8608,1548.5986
6458,4414.4867,2071.0079,1535.7505
6459,4498.0587,2200.1032,1570.7051
6460,4822.7873,2440.5251,1717.652
6461,5378.9334,2549.4022,2027.7287
6462,5707.314,2602.4227,2137.9283
6463,5889.3959,2700.5009,2242.6601
6464,6117.3016,2889.9085,2407.8188
6465,6349.26,3065.3625,2597.6439
6466,6516.8731,3242.42,2750.7575
6467,6546.5386,3414.7273,2835.997
6468,6715.1999,3661.6058,2961.561
6469,6766.4673,3818.4952,3016.4859
6470,6790.1864,3897.672,2992.6024
6471,6718.0824,3798.2613,2913.7722
6472,6616.9818,3571.8378,2778.1826
6473,6531.4285,3557.321,2890.038
6474,6602.404,3437.6948,2827.7795
6475,6505.009,3113.1195,2648.9479
6476,6125.156,2797.8449,2413.9996
6477,5631.4059,2498.0959,2123.988
6478,5108.7909,2282.1557,1865.1748
6479,4821.1404,2142.385,1693.5803
6480,4665.4027,2249.3349,1732.8936
6481,4466.0727,2182.6292,1653.1329
6482,4320.1152,2164.0015,1594.4876
6483,4307.0582,2250.9754,1589.1285
6484,4538.1864,2522.6565,1707.6668
6485,5168.7944,2684.2963,1982.9895
6486,5483.6487,2771.3991,2128.9017
6487,5734.2133,2860.0134,2317.8102
6488,6031.5996,3114.6994,2483.8326
6489,6314.6696,3284.0652,2634.2294
6490,6528.3368,3482.9603,2741.5209
6491,6616.3855,3675.6068,2766.2618
6492,6803.492,3949.1126,2838.7278
6493,6956.9065,4207.1032,2891.8835
6494,7146.1076,4388.9927,2925.7863
6495,7365.6035,4459.0398,2945.9587
6496,7377.3302,4224.543,2854.3441
6497,7072.8488,4012.9952,2650.9799
6498,7190.3483,4003.7025,2919.5605
6499,7252.256,3720.8907,2923.0259
6500,6922.9242,3337.141,2743.0647
6501,6262.5832,2953.3412,2453.0314
6502,5601.2927,2630.109,2152.0497
6503,5060.6931,2384.6026,1921.7259
6504,4710.1818,2263.357,1945.3762
6505,4540.5831,2120.579,1847.2544
6506,4482.5063,2041.5759,1772.1882
6507,4588.0576,2094.5517,1748.583
6508,4839.9526,2200.3663,1791.1526
6509,5173.4997,2368.2311,1884.0476
6510,5734.0921,2658.4978,2084.8846
6511,6065.3073,2844.9508,2256.4683
6512,6366.0443,2972.6188,2366.7317
6513,6711.3596,3193.4173,2479.6466
6514,6964.7952,3338.2435,2565.8912
6515,7052.8751,3461.4927,2588.9251
6516,7271.5963,3629.7417,2611.0254
6517,7382.0181,3830.4694,2655.0455
6518,7404.1939,4030.8839,2685.2139
6519,7442.4794,4219.9757,2709.8009
6520,7318.334,4296.7806,2694.1535
6521,7053.1234,4199.8666,2624.6998
6522,6709.2389,3939.1029,2520.1858
6523,6692.974,3846.6446,2516.9698
6524,6619.4571,3692.0467,2587.9548
6525,6056.1606,3233.7099,2479.3783
6526,5456.4187,2784.9212,2234.3718
6527,5050.9667,2457.2755,2014.2104
6528,4407.9769,2145.3449,1822.5647
6529,4193.6787,2058.5605,1590.7018
6530,4340.5615,2249.698,1600.9046
6531,4703.9844,2577.5885,1682.786
6532,5202.3505,2801.3021,1859.2957
6533,5616.0133,2912.9997,2043.684
6534,6020.9781,2995.4363,2196.9111
6535,6256.23,3144.5708,2358.4256
6536,6397.4399,3337.0883,2500.6656
6537,6494.7268,3509.3377,2627.2425
6538,6556.2512,3745.2303,2729.9562
6539,6655.5115,3998.2127,2807.943
6540,6735.0586,4241.7576,2862.885
6541,6787.2409,4446.3883,2894.9393
6542,6809.7006,4466.2065,2888.404
6543,6676.852,4231.5623,2826.7355
6544,6412.4991,4025.399,2705.8022
6545,6293.0209,3966.4377,2611.7319
6546,6272.2161,3497.5703,2586.7407
6547,5986.5799,2968.1143,2608.3885
6548,5378.9441,2520.9108,2369.7322
6549,4827.3353,2213.5332,2095.3369
6550,4515.4681,2072.2063,1870.5355
6551,4458.5199,2143.4808,1747.5514
6552,4469.9885,1844.1292,1695.2174
6553,4349.0864,1802.2551,1609.0459
6554,4351.188,1851.8473,1571.5174
6555,4433.0185,2002.3512,1553.3071
6556,4758.9079,2354.5444,1613.0478
6557,5397.0046,2649.4482,1790.9816
6558,5860.8988,2596.8672,1992.942
6559,5920.6349,2632.8478,2122.4675
6560,6044.4029,2664.1308,2184.981
6561,6189.4438,2715.4292,2286.8419
6562,6256.8038,2727.9056,2369.4081
6563,6258.8344,2735.7053,2413.4438
6564,6300.6784,2749.6642,2445.5603
6565,6294.5813,2751.1994,2490.528
6566,6301.7369,2763.5573,2500.6376
6567,6292.4849,2792.9998,2471.2488
6568,6379.4508,2971.3005,2426.3619
6569,6600.2737,3036.5394,2397.281
6570,6477.4777,2932.8968,2537.293
6571,6254.4511,2752.7556,2553.4418
6572,5935.4334,2451.6004,2433.0082
6573,5427.6144,2179.7772,2240.202
6574,5000.6228,1984.0498,2010.8196
6575,4720.7875,1867.5624,1816.3902
6576,4518.6089,1844.2028,1685.268
6577,4304.1723,1778.956,1541.3273
6578,4232.4896,1722.9335,1486.2422
6579,4250.7149,1752.1445,1483.4523
6580,4275.3507,1766.2455,1471.5797
6581,4235.7572,1722.9519,1495.4928
6582,4551.2476,1918.3372,1558.9087
6583,4962.6271,2175.8332,1669.012
6584,5205.9356,2373.1378,1799.3934
6585,5498.1831,2602.9817,1947.1759
6586,5774.0627,2795.5176,2037.2125
6587,5939.6089,2924.3208,2068.5229
6588,6153.0459,3136.7907,2115.3252
6589,6358.35,3357.0023,2141.0479
6590,6516.8531,3594.3565,2158.5563
6591,6623.3729,3762.0239,2159.5583
6592,6703.5641,3870.6774,2166.9992
6593,6672.821,3886.2399,2211.9732
6594,6569.6587,3753.1284,2258.6278
6595,6715.9659,3739.5353,2375.0657
6596,6164.6896,3289.7797,2373.0337
6597,5483.3613,2755.8813,2166.4799
6598,4937.5969,2285.4629,1898.4893
6599,4684.6658,2038.2608,1737.7404
6600,4416.597,2157.2002,1704.4773
6601,4452.008,2102.7656,1611.8094
6602,4573.7541,2231.924,1617.4546
6603,4883.7033,2473.0327,1677.3554
6604,5246.207,2606.9547,1738.4028
6605,5760.1871,2803.833,1874.2179
6606,6051.9671,2901.4796,2009.0652
6607,6200.3587,2994.7311,2110.1542
6608,6277.3689,3080.2171,2239.6596
6609,6285.8739,3147.0571,2354.4091
6610,6237.0302,3175.0512,2405.839
6611,6309.7367,3330.3107,2473.8002
6612,6440.6309,3477.7679,2513.2736
6613,6530.4245,3622.0074,2532.4533
6614,6540.6434,3735.256,2531.4637
6615,6511.8564,3774.0623,2522.0903
6616,6425.5502,3646.7601,2493.8684
6617,6289.0386,3519.5578,2469.3872
6618,6406.2549,3571.7758,2502.8018
6619,6224.5356,3316.7845,2499.4987
6620,5647.7769,2812.1312,2413.6559
6621,5093.7255,2451.9383,2199.6892
6622,4728.9411,2274.9992,2005.1619
6623,4560.4339,2225.3359,1866.7435
6624,4639.0869,2057.8737,1541.4625
6625,4707.592,2070.3895,1554.3822
6626,4797.4462,2300.086,1674.4473
6627,5091.5495,2744.0586,1988.0189
6628,5619.8529,3444.1604,2515.2416
6629,6014.4569,3608.8048,2666.7368
6630,6235.607,3307.8364,2515.7252
6631,6334.966,3061.3211,2417.7977
6632,6389.2811,2996.2637,2379.4632
6633,6361.8574,2886.1881,2347.468
6634,6278.2145,2813.3284,2309.9193
6635,6179.1982,2755.9918,2294.3201
6636,6027.1177,2686.1841,2250.3264
6637,5882.1893,2611.7287,2204.4857
6638,5800.4731,2653.6054,2284.1702
6639,6113.7425,3115.811,2768.9398
6640,6499.3705,3427.8863,2889.8265
6641,6683.0433,3041.8345,2558.2404
6642,6551.4818,2847.6607,2352.15
6643,6307.435,2588.1902,2105.4209
6644,5924.0929,2247.9971,1784.3353
6645,5528.2901,1966.8126,1531.0507
6646,5167.4405,1882.875,1438.2428
6647,4900.6311,1920.0014,1432.4717
6648,4271.7257,1774.1846,1722.7732
6649,4318.5978,1882.8013,1611.7596
6650,4534.0844,2115.5629,1610.9115
6651,5012.153,2619.9821,1675.3202
6652,5990.7378,2997.4095,1831.5379
6653,6412.0289,2957.3732,1960.0707
6654,6296.9167,2805.3893,2068.3938
6655,6275.7026,2766.5803,2159.2878
6656,6355.5267,2780.6182,2299.6621
6657,6287.3003,2751.1388,2379.4476
6658,6224.0327,2740.2767,2413.352
6659,6259.7901,2752.6898,2414.2748
6660,6226.1482,2721.5858,2367.5113
6661,6218.9493,2710.7526,2312.4947
6662,6226.0201,2710.7789,2270.3853
6663,6276.0263,2859.6766,2267.7213
6664,6666.2159,3010.3437,2498.8434
6665,6814.3651,2908.0257,2827.9304
6666,6427.1868,2655.0853,2748.9151
6667,5842.8476,2322.9182,2580.8529
6668,5186.8847,2034.0999,2405.3514
6669,4625.8404,1824.3531,2205.1649
6670,4386.4581,1754.2849,2045.4461
6671,4346.3383,1718.3279,1823.4781
6672,4548.2623,1752.2339,1409.1269
6673,4522.7273,1756.8159,1431.1229
6674,4742.1488,1791.085,1466.0496
6675,5181.2825,1892.2756,1563.499
6676,5858.5271,2015.3801,1722.5299
6677,6266.5049,2243.673,1914.2626
6678,6305.8259,2530.5509,2027.1309
6679,6450.0108,2702.7345,2124.4187
6680,6513.5657,2710.5184,2199.6544
6681,6483.181,2710.4973,2242.7425
6682,6367.9527,2738.3467,2274.803
6683,6345.4636,2744.5297,2316.8533
6684,6164.9268,2687.0904,2288.5054
6685,6090.3731,2660.6657,2265.5633
6686,6060.6713,2615.708,2227.9509
6687,6038.106,2645.2847,2196.796
6688,6075.7468,2744.8559,2172.2961
6689,6495.4374,2906.3326,2208.2932
6690,6543.7281,3034.8411,2363.892
6691,6095.351,2947.7094,2328.7181
6692,5527.2463,2716.1487,2108.3266
6693,4993.804,2470.7186,1871.4846
6694,4672.6432,2211.477,1683.3588
6695,4566.9482,2029.919,1563.1492
6696,4274.7111,1708.8825,1529.1779
6697,4250.1221,1766.3718,1517.2867
6698,4283.0291,1896.8128,1666.7794
6699,4458.0611,2270.9172,1810.9441
6700,4919.2763,2846.9108,1845.3212
6701,5227.2417,2999.221,1965.5573
6702,5541.6182,2794.5376,2100.3983
6703,5785.7515,2675.264,2187.5937
6704,5816.5708,2662.9192,2234.4364
6705,5804.5032,2607.0836,2262.0124
6706,5762.7059,2560.5434,2272.1219
6707,5716.9011,2549.618,2288.664
6708,5638.3157,2485.9143,2296.8939
6709,5581.1728,2487.4442,2289.5323
6710,5531.1112,2495.2465,2279.4104
6711,5522.9454,2512.4153,2267.4787
6712,5789.812,2692.7722,2378.6291
6713,6267.0548,2619.7757,2579.4009
6714,6202.3321,2484.6475,2500.4199
6715,5919.0943,2267.1931,2343.4117
6716,5469.4369,1989.1001,2138.7142
6717,5090.0937,1774.6609,1931.2393
6718,4719.0581,1687.5318,1764.1418
6719,4533.0483,1665.6942,1647.5359
6720,4693.1751,2098.381,1732.6463
6721,4410.4601,1920.004,1667.5388
6722,4403.2075,1899.7859,1626.3537
6723,4485.8767,1924.6201,1616.4308
6724,4639.9879,1997.5693,1623.0515
6725,4792.1412,2092.3402,1637.8711
6726,5003.6514,2198.1022,1710.5983
6727,5312.1057,2313.0939,1744.7173
6728,5495.0402,2424.952,1816.2854
6729,5547.4857,2482.4834,1900.6161
6730,5562.0428,2479.4945,1949.1582
6731,5560.1818,2453.1119,1969.2544
6732,5558.2135,2442.1734,1978.3603
6733,5538.8258,2404.926,1961.8695
6734,5600.0696,2381.5717,1939.8967
6735,5781.6928,2432.7754,1950.0405
6736,6092.8727,2488.6979,1980.4997
6737,6695.2918,2614.5202,2014.7182
6738,6513.2074,2782.1586,2024.5276
6739,6129.4161,2716.946,2181.8863
6740,5607.4988,2508.8897,2152.2005
6741,5096.7811,2336.4456,2057.4617
6742,4751.4555,2157.8423,1965.6077
6743,4458.0299,2004.039,1807.8789
6744,4086.031,1856.4766,1514.5823
6745,3938.6928,1771.0353,1404.6267
6746,3919.2168,1746.2168,1397.3243
6747,3977.3437,1806.7238,1421.2404
6748,4049.7075,1861.0558,1457.0805
6749,4137.6368,1929.4968,1476.439
6750,4359.2758,2087.9451,1537.2376
6751,4550.4713,2198.3864,1623.6222
6752,4684.6001,2274.6244,1673.2191
6753,4813.6263,2291.8616,1708.166
6754,4855.6712,2287.2191,1729.2518
6755,4824.1845,2285.6445,1723.7699
6756,4791.5355,2285.5708,1721.926
6757,4799.7826,2311.9166,1728.3912
6758,4962.0889,2415.8513,1801.7613
6759,5503.9764,2719.8901,2001.6585
6760,5601.0815,2707.5532,2007.5665
6761,5807.3171,2793.2445,2078.201
6762,5690.8484,2731.3023,2046.732
6763,5439.324,2560.4407,1941.8464
6764,5004.0991,2318.1232,1776.4388
6765,4598.3509,2112.9714,1634.9692
6766,4300.9213,1937.3964,1518.396
6767,4109.6479,1794.4448,1444.0395
6768,4448.1373,1949.407,1520.0362
6769,4269.4527,1839.3446,1495.258
6770,4444.1765,1943.5767,1519.0855
6771,4709.0678,2088.4477,1567.7535
6772,5163.1621,2277.9606,1710.0649
6773,5744.5281,2510.6828,1919.4289
6774,5951.109,2621.0241,2110.3446
6775,6042.3508,2678.6002,2225.0926
6776,6137.6434,2722.0726,2319.6774
6777,6156.1855,2770.1796,2374.8014
6778,6066.449,2720.5243,2371.1633
6779,6026.7049,2687.9114,2362.9257
6780,5964.3938,2658.4031,2356.5148
6781,5851.068,2630.4616,2306.0854
6782,5797.9916,2632.0784,2262.0435
6783,5717.4275,2577.9516,2204.2462
6784,5618.6709,2481.8849,2147.4401
6785,5620.8712,2459.9974,2128.5045
6786,5804.0904,2634.8725,2202.8159
6787,5681.9184,2603.3554,2308.035
6788,5201.4279,2322.1867,2152.8039
6789,4658.6973,2036.523,1902.1646
6790,4421.3438,1904.5309,1737.7389
6791,4402.6874,1921.4603,1701.7014
6792,4473.0015,1943.1478,1580.5379
6793,4429.0819,2070.4948,1629.9824
6794,4355.5072,2258.604,1622.7748
6795,4321.1478,2532.2545,1650.5809
6796,4423.9821,2633.5373,1785.8713
6797,4774.8293,2704.946,2075.7103
6798,5120.1965,2717.4276,2210.5296
6799,5324.4299,2716.0187,2231.7444
6800,5591.042,2779.6908,2313.4858
6801,5916.8742,2840.1768,2418.9646
6802,6173.1757,2841.7225,2499.6247
6803,6363.3229,2844.8798,2562.9038
6804,6541.1341,2861.9117,2619.7566
6805,6719.8723,2886.7118,2585.8677
6806,6814.7737,2917.6711,2612.4074
6807,6806.743,3020.0022,2576.5658
6808,6690.3661,3114.8599,2524.518
6809,6946.3576,2964.3981,2650.3433
6810,6753.142,2695.5295,2615.1958
6811,6475.1901,2397.0842,2481.855
6812,6183.4818,2163.9015,2290.7092
6813,5740.6044,1989.8722,2020.8374
6814,5265.4051,1929.202,1800.634
6815,4883.1319,1877.9246,1697.8363
6816,4296.9283,2206.7503,1621.7059
6817,4262.0841,2163.4779,1618.9813
6818,4286.8324,2090.9076,1637.4186
6819,4390.5678,2059.0236,1699.1307
6820,4525.3406,2082.549,1765.6118
6821,4625.8778,2084.0894,1850.9881
6822,4922.157,2155.585,2033.6055
6823,5213.2369,2376.015,2214.4677
6824,5439.4487,2608.8319,2348.6442
6825,5592.5403,2849.238,2441.396
6826,5691.6639,3023.0831,2468.2141
6827,5756.1026,3276.0234,2492.3293
6828,5835.7692,3550.5461,2470.5416
6829,5909.3976,3888.6409,2453.2586
6830,6002.1644,4226.662,2447.7549
6831,6085.5425,4474.7651,2466.7962
6832,6036.5879,4577.3462,2479.5962
6833,6079.9666,4513.7109,2628.2097
6834,6240.411,4263.4279,2611.2291
6835,5909.8786,4106.1516,2415.4338
6836,5423.1837,3689.9626,2179.2876
6837,4948.8508,3176.2954,1976.2661
6838,4678.8777,2760.5012,1815.6121
6839,4543.9639,2482.8845,1810.0447
6840,4493.994,2140.1972,1653.3459
6841,4379.8572,2076.6856,1607.5347
6842,4331.0446,2072.0379,1607.4337
6843,4390.6145,2177.5762,1685.2572
6844,4596.5298,2408.9343,1899.7112
6845,4859.7507,2586.426,2118.15
6846,5157.1128,2777.432,2312.9525
6847,5514.7797,2921.8188,2457.0861
6848,5808.3091,3089.5652,2570.9953
6849,5999.5219,3274.3672,2699.6992
6850,6150.7776,3335.0426,2745.0075
6851,6272.4734,3477.8627,2762.7475
6852,6346.1399,3575.7119,2804.2545
6853,6391.0038,3907.7369,2832.8916
6854,6377.739,4106.3478,2828.4039
6855,6363.2668,4320.4003,2808.3093
6856,6315.0141,4363.7227,2703.7672
6857,6212.0059,4172.7404,2560.5268
6858,6035.2498,3866.0023,2532.2971
6859,6076.4134,3746.4208,2754.8644
6860,5970.4223,3437.3633,2561.1495
6861,5817.4536,2915.6464,2233.5037
6862,5405.4543,2553.6789,1976.2654
6863,5056.0518,2343.9453,1824.5215
6864,4228.277,2039.7802,1645.4084
6865,4268.0679,2070.7632,1630.4971
6866,4148.7005,2019.6226,1580.0163
6867,4133.6596,2032.2226,1576.3565
6868,4378.1773,2220.2924,1691.0159
6869,4967.8181,2465.8488,1902.9178
6870,5288.7851,2652.0807,2074.7362
6871,5548.4545,2765.4372,2223.4104
6872,5814.2642,2973.4567,2361.0538
6873,6046.2502,3144.2235,2484.1047
6874,6215.7693,3218.7579,2563.2024
6875,6286.2583,3315.0034,2583.5567
6876,6391.3837,3372.248,2598.2347
6877,6457.7907,3417.3056,2612.9828
6878,6501.667,3529.0164,2638.6402
6879,6447.5078,3612.7646,2603.7384
6880,6307.5555,3592.5412,2526.6604
6881,5910.4665,3339.7561,2339.6921
6882,6056.2977,3355.3266,2455.2447
6883,6279.3822,3456.0357,2616.3564
6884,6119.4881,3364.1457,2528.0876
6885,5759.453,3002.3519,2329.8134
6886,5205.689,2604.88,2074.6725
6887,4837.9729,2354.8549,1834.191
6888,4642.8773,1962.2544,1678.0791
6889,4228.374,2042.8348,1617.3939
6890,4103.5336,2174.7505,1555.9602
6891,4019.6257,2323.8403,1539.5409
6892,4087.8417,2420.2806,1600.153
6893,4445.1745,2437.5704,1746.0107
6894,4746.3745,2512.1259,1902.8899
6895,5227.3834,2608.5241,2051.6588
6896,5490.3082,2650.4745,2156.3486
6897,5804.168,2669.0995,2244.4635
6898,6051.5637,2698.5999,2282.093
6899,6256.8626,2655.0722,2300.4355
6900,6327.3862,2593.03,2288.5117
6901,6340.7497,2594.5704,2268.3517
6902,6392.887,2585.446,2251.8764
6903,6433.8507,2605.9984,2230.831
6904,6388.7011,2639.8596,2217.1892
6905,6130.144,2782.2639,2194.2735
6906,5880.6667,2649.0577,2258.55
6907,5800.738,2346.4436,2330.803
6908,6164.0067,2253.0895,2356.1774
6909,5849.284,2176.7305,2199.1164
6910,5314.7433,2100.4162,1966.0166
6911,4863.7365,1996.2367,1772.4323
6912,4422.0059,1927.801,1591.7567
6913,4244.9192,1823.7742,1535.7723
6914,4236.7881,1862.5358,1554.0463
6915,4389.0192,2005.2953,1644.7662
6916,4641.3374,2224.0796,1825.3345
6917,5083.3439,2514.2516,2082.0036
6918,5496.4433,2540.8263,2150.9015
6919,5618.456,2552.0253,2175.8695
6920,5712.7004,2556.9177,2233.8704
6921,5787.3735,2547.7802,2300.0406
6922,5779.2996,2403.6513,2318.4982
6923,5767.0934,2467.3077,2328.6574
6924,5759.9983,2451.8478,2376.3483
6925,5761.0569,2411.5746,2373.6205
6926,5727.4497,2405.3996,2366.2699
6927,5816.3579,2619.4705,2442.321
6928,6305.5516,3137.6669,2643.2964
6929,6393.6436,2878.5674,2636.4262
6930,6203.2955,2677.0729,2516.1824
6931,5940.2824,2521.816,2348.2321
6932,5562.8226,2341.4854,2118.8823
6933,5185.5065,2091.3339,1837.1955
6934,4783.0502,1920.3803,1652.6704
6935,4529.9401,1859.6706,1553.4797
6936,4501.4595,2213.2148,1815.4566
6937,4265.7101,1963.5817,1683.3682
6938,4269.4441,1864.5762,1636.5114
6939,4414.1093,1793.6464,1647.4224
6940,4603.8601,1792.1586,1714.3023
6941,4945.0258,1914.7,1860.2285
6942,5406.3623,2191.2025,2054.172
6943,5675.5278,2321.8172,2212.1527
6944,5931.226,2439.9819,2341.5911
6945,6079.7492,2565.791,2456.3453
6946,6208.9451,2738.2193,2545.4358
6947,6328.709,2867.1278,2627.0731
6948,6275.8905,2901.3996,2663.7285
6949,6288.462,2980.6395,2695.817
6950,6249.9548,3008.5574,2725.1482
6951,6194.1667,3024.1462,2730.697
6952,6115.7076,3090.9177,2716.0532
6953,6034.534,3046.969,2648.1977
6954,6023.9775,2869.6377,2515.5862
6955,5972.8271,3039.9888,2615.768
6956,5822.7789,3146.6229,2646.9323
6957,5501.7514,3051.6757,2488.0693
6958,5123.1637,2736.5221,2258.3557
6959,4770.8563,2441.5445,2066.2669
6960,4631.8734,1875.2384,1800.0471
6961,4445.2558,1842.6387,1758.5339
6962,4336.8196,1814.934,1699.8295
6963,4358.2207,1832.437,1652.1946
6964,4543.0646,1968.9899,1655.9959
6965,5003.9388,2274.5007,1738.8311
6966,5452.8717,2465.5935,1978.3588
6967,5674.9436,2559.0608,2146.3619
6968,5855.0019,2633.7662,2237.2543
6969,5997.2566,2740.9634,2331.7133
6970,6077.2659,2810.9843,2417.9066
6971,6093.8432,2846.8149,2437.1189
6972,6151.2631,2895.0272,2414.1815
6973,6227.1074,2927.648,2453.5258
6974,6267.0488,2953.899,2466.2916
6975,6342.6161,2958.4073,2458.1768
6976,6337.3006,2899.4591,2439.3329
6977,6237.1842,2921.0993,2369.8419
6978,6482.1234,3060.2411,2333.0791
6979,6244.0802,2907.681,2420.9049
6980,5952.7424,2719.5507,2439.8747
6981,5599.18,2512.9769,2346.9269
6982,5262.6077,2261.5192,2174.2386
6983,4878.0495,2064.4329,1908.1619
6984,4484.4711,1903.0826,1553.2776
6985,4402.4952,1864.2999,1517.4329
6986,4520.0554,1910.8349,1525.6783
6987,4794.1312,2070.7526,1589.0196
6988,5159.5528,2266.5695,1674.5219
6989,5588.2107,2476.6768,1842.8018
6990,5915.8883,2611.776,2025.3772
6991,6049.4042,2676.8176,2155.5021
6992,6204.3731,2791.6304,2233.4841
6993,6242.1074,2889.4059,2253.7452
6994,6237.8748,2946.8688,2276.678
6995,6234.8704,3019.7522,2327.9649
6996,6251.3664,3064.8309,2347.2627
6997,6203.4132,3094.3366,2334.4192
6998,6151.2708,3157.9719,2311.474
6999,6087.0173,3207.5667,2261.9844
7000,6023.9454,3222.9319,2231.7289
7001,5972.7593,3187.1486,2240.2262
7002,6014.2501,3142.4331,2274.1462
7003,6004.6397,3033.7901,2377.5835
7004,5631.487,2803.9699,2304.9092
7005,5144.9393,2449.8573,2101.9452
7006,4802.5383,2230.7493,1910.0275
7007,4525.929,2056.8385,1743.0
7008,5011.8518,2193.2598,1647.5795
7009,4639.4868,2007.1147,1573.3349
7010,4458.6678,1915.53,1509.2403
7011,4332.8882,1861.1453,1458.0856
7012,4355.244,1871.9996,1464.8494
7013,4621.1628,2018.2111,1587.9579
7014,5261.9585,2401.8582,1907.914
7015,5815.8818,2636.2998,2159.1727
7016,6070.4036,2681.3574,2279.3497
7017,6315.625,2754.3356,2370.1551
7018,6506.6508,2867.6473,2471.9383
7019,6533.1925,2946.7741,2536.1495
7020,6431.2134,2948.3619,2555.3992
7021,6409.8937,2949.9182,2586.5541
7022,6398.611,2952.9781,2568.1478
7023,6333.467,2862.7865,2521.5166
7024,6381.0825,2777.6951,2476.7789
7025,6977.2982,2894.7956,2620.9499
7026,6899.6795,3065.4072,2734.4143
7027,6683.0027,3092.8119,2702.0164
7028,6515.3342,3037.2815,2620.9661
7029,6235.0747,2846.0992,2418.0207
7030,5803.7137,2547.7618,2130.8722
7031,5211.1152,2268.1573,1858.5167
7032,4730.8411,2306.6137,1742.9658
7033,4748.7133,2275.3833,1622.8603
7034,4795.3671,2335.7614,1550.3928
7035,4979.8804,2512.4796,1507.3295
7036,5354.3954,2804.121,1524.9219
7037,5790.4867,3015.3161,1718.724
7038,6182.5157,3105.9393,2110.4021
7039,6371.0652,3149.6617,2299.3651
7040,6421.577,3109.4439,2371.8839
7041,6414.8248,3042.8644,2415.0156
7042,6403.9438,2977.8202,2452.6886
7043,6378.5715,2959.2215,2479.2999
7044,6378.5992,2909.553,2453.5958
7045,6346.0159,2892.1842,2426.0556
7046,6455.142,2982.3653,2355.4351
7047,6815.2973,3221.1731,2224.2942
7048,6853.0385,3267.7291,2259.1276
7049,6883.5773,3282.0064,2658.9874
7050,6799.0853,3246.3415,2771.7484
7051,6585.8318,3092.8303,2738.7652
7052,6209.0248,2844.564,2670.7589
7053,5692.2706,2596.1635,2481.6498
7054,5232.1918,2373.9956,2176.9959
7055,5038.2715,2246.3592,1903.5685
7056,4584.2482,1810.1337,1470.7596
7057,4472.5306,1826.992,1415.6652
7058,4551.381,1912.4253,1474.3572
7059,4857.1079,2162.4321,1631.2208
7060,5265.0113,2552.1727,1904.5285
7061,5441.0811,2844.1667,2134.815
7062,5836.7939,2900.2628,2197.3362
7063,6215.9172,2855.5051,2250.7049
7064,6374.0913,2889.5164,2292.9978
7065,6420.7591,2924.9655,2324.1807
7066,6424.6402,2941.8159,2313.1842
7067,6390.82,2904.429,2305.8413
7068,6327.4416,2896.5162,2283.8016
7069,6279.4262,2907.2757,2246.169
7070,6301.0385,2936.8577,2246.2063
7071,6652.7191,3149.8854,2361.0274
7072,7179.0637,3401.6405,2497.6284
7073,7263.7427,3192.0068,2450.2439
7074,6868.2775,3042.8434,2428.0628
7075,6391.9538,2878.0806,2293.9298
7076,5969.8361,2555.2141,2031.5828
7077,5608.1686,2241.7378,1771.1528
7078,5289.1959,2028.9627,1596.7202
7079,5020.7021,1968.3583,1533.2964
7080,4450.3687,1768.2385,1599.1649
7081,4348.4277,1695.2762,1531.2442
7082,4251.3244,1673.3781,1496.2911
7083,4230.8451,1693.4384,1489.7963
7084,4273.7979,1707.3394,1507.1772
7085,4203.7383,1698.1256,1514.5963
7086,4427.4149,1826.9551,1631.0948
7087,4748.3143,2033.4684,1830.9999
7088,5043.5627,2243.1283,2025.5785
7089,5305.029,2401.7714,2199.0651
7090,5325.5135,2460.9827,2288.14
7091,5346.9267,2496.7686,2327.6492
7092,5346.9422,2526.2926,2326.7918
7093,5318.3232,2574.3286,2308.4493
7094,5341.9194,2656.5363,2306.6116
7095,5447.3114,2809.9975,2328.5688
7096,5459.2381,2905.9537,2327.5155
7097,5451.552,2886.0592,2306.6396
7098,5555.6672,2877.3164,2303.4976
7099,5933.0464,2970.41,2443.8081
7100,5857.1329,2897.4108,2363.9464
7101,5390.0404,2534.2581,2119.8377
7102,4902.5103,2188.0242,1876.5492
7103,4594.7423,1959.5839,1741.4329
7104,4199.3585,1940.5379,1724.6295
7105,4145.9808,2042.5717,1740.0437
7106,4111.1055,2166.5141,1674.0912
7107,4051.9545,2416.1366,1619.2922
7108,4160.5483,2560.434,1648.1128
7109,4879.1011,2641.4617,1856.5353
7110,5424.9037,2701.0414,2102.3495
7111,5553.6183,2713.8598,2228.0769
7112,5755.185,2746.4464,2269.4532
7113,5926.9857,2783.8359,2295.2195
7114,5953.8061,2821.1544,2319.0968
7115,5967.1886,2794.8376,2291.6359
7116,5964.3609,2763.8941,2254.0779
7117,5942.9962,2773.2343,2254.0795
7118,5957.1758,2810.4159,2254.0593
7119,5950.9074,3050.7378,2243.0721
7120,5815.6594,2974.4577,2273.4613
7121,6039.9922,2911.0619,2575.1293
7122,6078.0693,2759.5253,2641.0305
7123,6008.4034,2505.384,2628.8236
7124,5806.9077,2278.8421,2582.5647
7125,5454.8825,2107.8779,2430.8922
7126,5018.1749,2015.7669,2223.4313
7127,4785.9205,1987.4149,2031.7297
7128,4534.5484,1889.4263,1589.0227
7129,4483.3883,1861.3769,1487.3064
7130,4603.7883,1825.7041,1482.7317
7131,4997.821,1883.217,1522.275
7132,5558.6367,2068.1164,1678.3823
7133,6045.4268,2372.5473,1944.4964
7134,6320.312,2642.5011,2183.0018
7135,6485.8997,2749.6247,2301.3816
7136,6451.4607,2845.8071,2354.6461
7137,6394.5896,2966.808,2414.3168
7138,6300.8438,3030.4986,2421.7343
7139,6226.4771,3097.1991,2434.6509
7140,6237.8464,3154.5989,2419.1123
7141,6144.0919,3225.9944,2392.5601
7142,6096.1613,3272.611,2352.2293
7143,6051.2385,3278.8807,2305.5047
7144,5984.6774,3201.2996,2256.0991
7145,6050.1452,3061.8289,2221.3186
7146,6525.4613,3052.4914,2445.7733
7147,6375.001,3230.6263,2615.0543
7148,5689.6825,2963.5534,2348.9247
7149,5162.3736,2561.4839,2052.5209
7150,4743.2863,2224.5954,1780.9327
7151,4530.456,2030.348,1652.3874
7152,4126.9393,1868.7371,1511.9976
7153,3880.7494,1806.5765,1489.9067
7154,4065.408,1867.2519,1530.2126
7155,4447.2258,2083.2842,1656.76
7156,4929.212,2336.7587,1842.9222
7157,5513.3677,2566.5737,1985.1761
7158,5766.1377,2750.9625,2124.8392
7159,5807.5256,2826.9558,2219.4863
7160,5948.5382,2809.9449,2238.8836
7161,5994.7775,2763.4441,2234.4457
7162,5913.4266,2744.7981,2250.1414
7163,5914.6549,2713.7809,2246.5422
7164,5889.2514,2665.7055,2220.0025
7165,5848.5318,2633.0899,2215.4293
7166,6023.0028,2715.3056,2270.3589
7167,6545.4696,2980.6538,2456.3826
7168,6335.4647,2937.7129,2411.5781
7169,6131.0495,3074.2921,2509.6051
7170,5928.2348,3013.4614,2440.0675
7171,5626.0523,2826.9453,2293.4689
7172,5155.0303,2579.78,2110.8406
7173,4754.2721,2368.4164,1934.5128
7174,4441.2441,2164.992,1809.4703
7175,4476.3937,2061.0099,1719.4135
7176,4600.5173,1857.8723,1597.3755
7177,4414.6062,1890.5273,1601.8553
7178,4411.5672,1921.605,1565.0724
7179,4554.7299,2038.1661,1567.7519
7180,4865.7602,2322.4577,1621.8272
7181,5158.9738,2695.2795,1751.4367
7182,5588.9594,2858.194,1936.167
7183,5764.9356,2866.0384,2087.7166
7184,5938.6146,2859.9581,2186.9151
7185,6078.7245,2807.2587,2243.8938
7186,6146.2004,2726.5572,2279.7509
7187,6191.1007,2662.8982,2338.418
7188,6309.3801,2616.2948,2331.9776
7189,6349.0411,2574.2839,2323.6638
7190,6396.8349,2532.3624,2294.2253
7191,6473.9844,2476.4241,2237.1875
7192,6491.6359,2467.355,2216.9482
7193,6460.447,2523.5275,2221.6784
7194,6496.1109,2757.7375,2282.558
7195,6574.3051,2956.1248,2333.2471
7196,6130.6513,2727.7109,2385.4007
7197,5505.1995,2413.9714,2224.6534
7198,5004.3647,2126.6699,1981.2451
7199,4736.6889,1993.0979,1801.2031
7200,4640.7012,2036.4625,1690.9319
7201,4469.1931,1954.2626,1548.6873
7202,4342.3394,1906.1924,1497.2698
7203,4278.9246,1906.324,1473.4049
7204,4340.1754,1974.8623,1501.9036
7205,4623.6107,2173.6995,1640.7403
7206,5208.265,2614.3386,1913.3104
7207,5624.9962,2800.6311,2104.1157
7208,5911.1311,2819.314,2243.5408
7209,6138.0458,2819.4377,2364.6281
7210,6375.0547,2845.8992,2449.0988
7211,6542.4999,2858.3124,2487.6619
7212,6578.3698,2859.866,2514.2436
7213,6561.1805,2821.1018,2496.8207
7214,6523.4099,2797.8501,2462.8868
7215,6347.8042,2745.1296,2384.8487
7216,6347.522,2830.6288,2436.1169
7217,6760.1071,3158.1008,2708.0161
7218,6700.0846,3148.5844,2660.2786
7219,6512.0857,3052.1678,2567.561
7220,6276.0454,2955.759,2460.1528
7221,5884.6777,2736.7616,2272.8767
7222,5390.1997,2452.6541,2036.987
7223,5005.7661,2230.6493,1830.4472
7224,4751.9669,2148.2706,1589.1269
7225,4557.5455,2022.4799,1481.6908
7226,4539.019,1924.5938,1459.5874
7227,4618.5591,1877.8983,1487.0172
7228,4764.6275,1868.5003,1511.7721
7229,4866.1989,1922.9507,1561.4841
7230,4922.5394,1972.6692,1618.3571
7231,5069.9728,2025.6108,1698.3774
7232,5309.1733,2269.5109,1817.7996
7233,5340.0394,2448.1958,1878.5221
7234,5371.8013,2609.6882,1936.4329
7235,5320.7676,2685.7315,1977.7315
7236,5296.1596,2729.0987,1990.5206
7237,5309.3066,2715.0477,1995.0378
7238,5450.1876,2663.7124,2038.0155
7239,5761.6481,2511.6206,2182.7344
7240,5764.9191,2572.0593,2127.6431
7241,6136.9664,3075.38,2264.7432
7242,6142.9682,3142.1489,2204.4235
7243,5957.0329,3106.4235,2053.1444
7244,5670.9707,3058.3165,1871.5353
7245,5276.571,2876.7454,1698.0689
7246,4949.4758,2594.1862,1583.1965
7247,4613.2222,2299.0639,1493.1149
7248,5054.6522,2109.409,1738.5201
7249,4688.9633,2102.9314,1774.0927
7250,4485.6655,2065.7444,1711.643
7251,4335.4944,2065.876,1657.4806
7252,4259.0296,2120.2949,1624.4787
7253,4345.0252,2325.1834,1695.1288
7254,4422.5884,2294.2531,1723.5886
7255,4565.037,2364.3476,1748.5192
7256,4963.5689,2403.2882,1885.3286
7257,5355.0249,2471.6922,2007.4739
7258,5688.0439,2457.8491,2064.4821
7259,5832.0851,2450.0652,2069.133
7260,5854.5275,2406.6717,2050.789
7261,5847.4411,2383.47,2020.5553
7262,5826.8406,2366.4223,1990.2407
7263,5597.8468,2310.6734,1889.262
7264,5507.9857,2475.0573,1894.7268
7265,5816.2021,2672.1647,2166.2995
7266,6457.994,2856.7535,2384.1126
7267,6402.7762,2839.319,2368.5662
7268,6259.5529,2731.9586,2316.3162
7269,6062.7182,2560.8576,2230.8295
7270,5690.3557,2363.6266,2070.0013
7271,5316.1981,2244.1057,1913.8133
7272,4655.5084,1892.0309,1678.8898
7273,4453.2294,1814.5156,1543.9772
7274,4408.2927,1828.4824,1485.2728
7275,4506.4668,2006.991,1480.7027
7276,4886.5587,2267.8731,1545.9035
7277,5424.5193,2423.5589,1710.3433
7278,5898.223,2535.5381,1947.3625
7279,5996.2915,2574.3891,2067.6732
7280,6195.4691,2665.9581,2169.5264
7281,6330.3604,2724.9694,2242.0421
7282,6381.3231,2752.653,2286.9881
7283,6378.1595,2794.6508,2325.4579
7284,6404.8864,2805.5288,2337.3911
7285,6391.6666,2814.7742,2330.9523
7286,6385.5904,2859.7239,2314.3992
7287,6401.9444,2894.051,2302.4256
7288,6374.1762,2860.2528,2301.5138
7289,6242.909,2877.2769,2290.1232
7290,6199.4257,3032.4127,2279.2978
7291,6541.862,2923.6356,2497.2716
7292,6207.5004,2534.0844,2508.0302
7293,5628.9605,2212.5295,2290.3509
7294,5065.761,1984.0814,2012.1403
7295,4735.5264,1895.3697,1792.7866
7296,4761.7045,2044.1095,1615.7413
7297,4629.9318,1968.1084,1573.5168
7298,4651.4298,1980.6689,1589.0725
7299,4918.1319,2142.3903,1668.8752
7300,5213.7474,2346.2883,1782.6662
7301,5486.1095,2496.9738,1887.3171
7302,5917.545,2754.375,1993.9393
7303,6248.3862,2884.6977,2081.2311
7304,6307.7536,2878.499,2160.1794
7305,6270.9896,2895.473,2212.459
7306,6228.0888,2873.6934,2273.916
7307,6188.1646,2819.3877,2314.2468
7308,6132.9485,2735.529,2309.6488
7309,6054.292,2667.217,2328.886
7310,5967.4681,2664.136,2347.1757
7311,6031.6489,2743.2023,2356.2039
7312,6513.268,3038.1299,2487.2001
7313,6780.28,3185.7082,2428.9715
7314,6697.6714,3104.8804,2438.0961
7315,6385.9253,2929.2738,2342.6025
7316,6002.5641,2710.079,2160.9187
7317,5566.9894,2461.5074,1960.8737
7318,5295.9266,2258.1225,1814.9413
7319,5082.3044,2130.8123,1679.9167
7320,4604.5647,2084.2432,1551.3373
7321,4607.5674,2005.2032,1502.6351
7322,4872.8196,2095.3396,1509.1843
7323,5487.3011,2339.2923,1584.7077
7324,6397.9719,2727.7608,1706.2241
7325,6722.8425,3000.9535,1836.5044
7326,6460.2598,2958.8821,2013.4052
7327,6406.8225,2854.9999,2130.8016
7328,6362.0694,2817.8051,2202.3557
7329,6267.3533,2734.0122,2261.0103
7330,6130.8192,2659.491,2312.3361
7331,6104.4888,2589.699,2358.1955
7332,6032.0921,2533.8424,2354.503
7333,5969.9524,2465.5593,2345.3224
7334,6005.6422,2440.7619,2321.6069
7335,6384.0228,2516.792,2333.0403
7336,7271.8357,2827.34,2502.6556
7337,6998.1477,3032.218,2552.0006
7338,6371.8616,2856.6483,2560.8469
7339,5836.0833,2653.1265,2394.5555
7340,5195.7793,2398.2721,2201.6326
7341,4716.5742,2141.985,1994.1546
7342,4522.0177,2002.1933,1814.3364
7343,4381.6551,1887.3648,1666.6783
7344,4621.0572,1929.2652,1714.3163
7345,4445.2853,1887.4279,1554.8975
7346,4667.7094,1921.5392,1560.5178
7347,5107.7528,2016.2759,1614.0762
7348,5977.7335,2241.4747,1761.2905
7349,6358.0868,2418.6717,1909.143
7350,6301.5032,2583.4451,2037.3306
7351,6204.8448,2571.2582,2103.2925
7352,6197.8519,2541.7105,2132.6734
7353,6145.9657,2493.6613,2134.5158
7354,6107.3131,2414.5845,2121.6832
7355,6048.124,2347.8604,2132.6346
7356,5953.2348,2279.6142,2108.7417
7357,5914.5839,2229.9483,2094.0528
7358,5940.1743,2188.0426,2069.4845
7359,6013.7594,2195.8581,2087.4842
7360,6221.1929,2351.1834,2206.8442
7361,6719.6584,2541.8499,2352.2744
7362,6690.1383,2507.9413,2286.9166
7363,5946.4376,2486.2537,2300.2614
7364,5272.554,2450.3783,2283.3072
7365,4767.7602,2316.6722,2107.8647
7366,4549.6751,2185.9838,1921.6124
7367,4511.2725,2047.5088,1784.0032
7368,4458.6972,1921.5181,1720.6991
7369,4395.0522,1921.3261,1682.2091
7370,4676.5285,2037.7319,1708.8577
7371,5242.1386,2303.3854,1824.7072
7372,6207.8212,2756.8928,2005.7388
7373,6487.8106,3006.7943,2133.338
7374,6214.1132,2926.0218,2221.4421
7375,6168.7741,2803.5541,2298.5092
7376,6169.1359,2754.0461,2320.6095
7377,6144.8119,2673.4578,2305.0134
7378,6078.5261,2617.7116,2282.9753
7379,6085.6402,2568.2089,2283.8981
7380,5992.766,2529.5104,2244.4511
7381,5947.8778,2469.0402,2211.4414
7382,5881.334,2416.3092,2156.6176
7383,6056.526,2405.297,2089.9336
7384,6411.7103,2439.5451,2051.2663
7385,6565.8156,2799.5037,2212.5647
7386,6293.2744,2803.9725,2410.3864
7387,5786.7183,2595.7978,2324.8779
7388,5108.7753,2326.9686,2156.7753
7389,4602.1639,2052.0039,1991.4704
7390,4372.9865,1885.8375,1847.3585
7391,4379.6401,1839.2894,1696.0608
7392,4675.2078,2027.067,1656.6652
7393,4412.6933,1921.7681,1500.9109
7394,4277.8868,1872.3075,1511.9432
7395,4187.0744,1883.4091,1580.7913
7396,4162.6586,1908.4039,1662.5405
7397,4262.9117,2031.1084,1752.5102
7398,4376.4366,2065.3749,1867.2162
7399,4566.5994,2222.0644,1961.7187
7400,4888.5211,2352.4055,2012.2741
7401,5053.0831,2380.3496,1994.946
7402,5135.825,2391.1434,1970.1958
7403,5135.9029,2357.0479,1937.2001
7404,5056.1671,2318.3021,1915.1449
7405,4998.9446,2276.4675,1913.2559
7406,4917.2128,2236.3417,2008.5427
7407,4825.4873,2199.26,2264.3187
7408,5004.7864,2264.2727,2304.1187
7409,5936.5944,2571.7529,2421.8338
7410,5818.9771,2723.4947,2306.2005
7411,5562.5874,2566.5131,2110.7738
7412,5465.4373,2499.5048,1964.8071
7413,5544.6416,2457.4465,1881.1363
7414,5230.7212,2281.9531,1746.1258
7415,4897.2156,2101.8909,1652.4387
7416,4539.2406,1749.7108,1685.2929
7417,4509.092,1656.5541,1632.044
7418,4306.9446,1622.2981,1540.3346
7419,4104.9201,1586.5359,1461.5059
7420,4014.2255,1606.6777,1429.4641
7421,4028.6665,1634.685,1472.5802
7422,4114.7851,1678.289,1502.0342
7423,4241.9418,1797.9126,1594.8996
7424,4610.867,1894.4213,1761.0495
7425,4908.1236,1970.6303,1889.5124
7426,5087.0124,1997.184,1972.0848
7427,5150.5224,2036.0114,2006.9368
7428,5096.6696,1995.6909,1996.8303
7429,5047.805,1989.4054,1974.8389
7430,4889.6447,1953.5958,1907.928
7431,4664.9944,1905.3388,1814.6079
7432,4767.2089,2151.9935,1952.4706
7433,5276.0674,2517.2709,2488.8412
7434,5595.4425,2461.5826,2495.2769
7435,5811.316,2295.6056,2390.6494
7436,5797.3569,2107.8516,2343.6138
7437,5649.6604,1947.8575,2221.3255
7438,5356.0617,1849.682,2080.6449
7439,4977.0889,1824.4847,1883.337
7440,4588.1449,1866.0614,1732.8967
7441,4488.1324,1882.9039,1672.3266
7442,4426.918,1851.7446,1611.7379
7443,4522.1483,1913.6816,1597.0007
7444,4836.1397,2081.1991,1645.591
7445,5417.5143,2359.0921,1793.3999
7446,5946.6841,2533.5476,2080.7382
7447,6231.9163,2673.5946,2276.3048
7448,6477.0874,2716.9434,2368.1355
7449,6632.4078,2744.9612,2446.2187
7450,6817.2569,2655.0932,2531.609
7451,6862.2593,2742.0013,2557.3504
7452,6797.9315,2692.3302,2551.8
7453,6839.5746,2653.4633,2583.8015
7454,6744.5953,2614.6228,2563.5871
7455,6714.9627,2695.2427,2494.7949
7456,6899.8153,2887.497,2418.7593
7457,6783.1804,2831.5193,2330.1524
7458,6787.3144,2867.7499,2415.6531
7459,6719.9181,2865.1216,2656.8132
7460,6336.6244,2748.8,2631.9557
7461,5780.7363,2503.5278,2460.2756
7462,5228.0015,2233.116,2193.0756
7463,4868.2399,2038.666,1934.955
7464,5103.5825,2295.6383,1479.8873
7465,4851.3302,2169.7187,1460.4386
7466,4925.8943,2360.5273,1557.8492
7467,5177.3148,2733.0096,1819.5533
7468,5534.1707,3288.7193,2218.9709
7469,5824.4603,3456.5999,2297.9799
7470,6154.6325,3244.4721,2219.9496
7471,6326.5891,3159.2703,2232.7651
7472,6212.5666,3157.7772,2284.0909
7473,6123.9423,3072.3359,2278.5576
7474,6044.4402,3019.6575,2250.1227
7475,5924.0887,2952.9412,2225.3585
7476,5776.0365,2900.0944,2185.8617
7477,5779.1257,2917.1237,2172.1173
7478,5823.2808,3126.6021,2310.9509
7479,6364.9355,3824.9292,2860.7792
7480,6377.8783,3778.3364,2844.9887
7481,6644.331,3451.3432,2587.9697
7482,6673.6191,3195.3351,2394.2998
7483,6393.3683,2898.7829,2139.9557
7484,6068.1151,2532.4413,1836.0146
7485,5693.928,2279.2747,1618.3742
7486,5385.1395,2164.1594,1508.1932
7487,4975.5223,2170.1002,1508.1528
7488,5051.8002,2062.9135,1643.8481
7489,4721.9863,1943.4346,1550.441
7490,4524.8376,1904.7362,1517.4811
7491,4372.6791,1923.5954,1525.9084
7492,4336.0727,2072.9273,1636.1967
7493,4530.7902,2384.8947,1904.939
7494,5187.2708,2653.4028,2111.4259
7495,5692.86,2723.3473,2221.582
7496,5881.8898,2796.2386,2275.7179
7497,6131.0789,2914.0612,2310.5715
7498,6482.2955,3024.3052,2400.409
7499,6635.4399,3049.121,2424.2475
7500,6702.8362,3076.9941,2395.8296
7501,6797.7185,3089.4363,2347.2596
7502,6858.7581,3109.786,2321.7826
7503,6745.0964,3024.8867,2214.9513
7504,6607.2665,2911.5671,2181.8779
7505,6793.5638,3133.4692,2551.2598
7506,6651.6761,3178.419,2552.0955
7507,6619.9679,3032.4443,2442.7703
7508,6470.6355,2887.7839,2336.9604
7509,6257.8277,2699.7509,2168.8718
7510,5982.6708,2459.0106,1975.1894
7511,5568.7101,2226.0437,1784.2971
7512,5172.1829,2311.1298,1704.3902
7513,4749.3009,2041.218,1578.795
7514,4973.695,2053.8496,1679.7628
7515,5502.4753,2152.0699,1958.781
7516,6414.0922,2382.39,2407.5249
7517,6910.5696,2654.1185,2548.9277
7518,6786.9775,3006.067,2488.4447
7519,6687.7666,3170.3482,2434.3508
7520,6609.3855,3102.0099,2404.1093
7521,6470.9056,3033.7295,2352.796
7522,6311.9914,2934.3504,2289.4981
7523,6245.7766,2923.4408,2256.4667
7524,6176.4882,2847.3476,2226.163
7525,6144.8908,2833.3203,2216.0395
7526,6256.2985,2757.5586,2255.7197
7527,7145.4747,2927.2691,2658.7177
7528,7316.6175,2990.6992,2851.9771
7529,6819.2633,3097.4859,2657.4358
7530,6538.7105,3143.7604,2527.9663
7531,6103.7972,3024.0578,2300.3687
7532,5485.9096,2853.0832,1998.4737
7533,4924.0197,2613.8307,1747.8842
7534,4652.7716,2371.5868,1618.3882
7535,4623.4929,2225.7201,1620.1139
7536,4367.8657,1735.6519,1621.9391
7537,4452.3578,1794.6448,1609.1361
7538,4499.4722,1943.5004,1633.8832
7539,4654.0803,2246.0198,1703.5841
7540,4853.9176,2669.6453,1796.2272
7541,5109.7266,2842.0736,1907.2842
7542,5523.7149,2694.8506,2038.4795
7543,5770.0935,2653.2081,2129.4512
7544,5856.9642,2648.6814,2184.6047
7545,5899.7664,2608.3662,2205.7169
7546,5962.0238,2550.8927,2228.628
7547,5999.7391,2525.9532,2238.725
7548,5991.5214,2501.1032,2241.4481
7549,6042.4858,2473.1485,2249.6796
7550,6238.6383,2586.4418,2314.8104
7551,6845.4718,2971.4084,2532.314
7552,6685.95,3130.0751,2505.3414
7553,6139.5684,3018.3617,2541.9704
7554,6038.1095,2807.3218,2448.3984
7555,6173.282,2562.1575,2291.5006
7556,5900.1349,2225.3769,2134.5329
7557,5459.6101,1962.957,1969.2217
7558,5040.6941,1835.439,1836.9001
7559,4652.8572,1782.5237,1653.3475
7560,4525.4158,2042.9769,1616.5132
7561,4397.8446,1980.8057,1558.6693
7562,4273.926,1893.7135,1527.4584
7563,4275.6294,1847.0022,1556.8192
7564,4285.7149,1843.8108,1605.5027
7565,4377.676,1915.2458,1673.5199
7566,4469.7392,2003.7732,1840.5179
7567,4792.484,2118.7333,2028.5503
7568,5093.2366,2230.8072,2180.9371
7569,5248.0022,2347.5762,2281.0475
7570,5316.7635,2447.1501,2360.9652
7571,5325.002,2489.1215,2411.4429
7572,5271.8009,2490.6015,2421.4995
7573,5227.6579,2474.9968,2438.0354
7574,5205.805,2460.7406,2445.4157
7575,5221.6413,2480.6193,2449.063
7576,5396.7719,2514.9858,2549.9453
7577,5952.7268,2689.2045,2804.9509
7578,6006.1477,2754.7645,2597.6967
7579,5788.7482,2796.757,2349.1299
7580,5545.7895,2737.7536,2106.9134
7581,5261.8618,2579.3894,1878.4257
7582,4826.5642,2346.4331,1715.9605
7583,4486.7434,2094.5859,1606.654
7584,4363.1978,1673.6465,1610.1008
7585,4311.3937,1651.5169,1526.5233
7586,4252.1094,1694.9789,1492.5022
7587,4275.6606,1777.2945,1541.1142
7588,4371.7382,1910.827,1548.5069
7589,4559.7458,2030.4927,1645.7946
7590,4867.2385,2190.4446,1815.5095
7591,5148.0441,2324.0824,1900.0237
7592,5227.979,2307.0505,2006.4998
7593,5317.0153,2254.3852,2032.3205
7594,5360.9332,2207.8371,2069.9858
7595,5329.1488,2195.4002,2070.0169
7596,5303.5895,2167.4377,2082.8666
7597,5318.8693,2178.342,2070.98
7598,5497.6906,2315.0501,2150.8231
7599,5900.5452,2622.8487,2339.0329
7600,5819.8339,2793.5655,2283.9602
7601,5563.4469,2679.9196,2159.5179
7602,5660.3044,2459.408,2262.0528
7603,5554.8726,2259.0119,2247.126
7604,5365.5675,2012.0071,2156.9557
7605,5172.0817,1813.1409,2014.5898
7606,4884.8086,1684.2509,1853.9917
7607,4606.7338,1676.3144,1688.917
7608,4529.8085,1840.6298,1584.4045
7609,4382.6833,1769.3948,1528.5071
7610,4352.2068,1879.944,1516.6096
7611,4441.4266,2142.8034,1557.9658
7612,4624.8164,2534.2292,1624.1593
7613,4878.7749,2692.3486,1739.8191
7614,5295.7416,2586.7602,1949.0695
7615,5630.5281,2583.7424,2094.9553
7616,5738.8656,2613.2823,2183.881
7617,5925.735,2630.3695,2269.1516
7618,6096.1672,2610.2172,2336.9931
7619,6218.6186,2611.7918,2376.4043
7620,6282.9621,2614.8754,2399.2655
7621,6342.21,2588.4954,2404.7785
7622,6322.0389,2596.3082,2369.0598
7623,6305.2738,2672.6751,2353.6347
7624,6433.8673,2959.411,2415.1757
7625,6248.0566,3013.4167,2392.5663
7626,6403.8919,2811.4459,2461.1953
7627,6336.0575,2576.8333,2485.8647
7628,5998.5098,2247.5602,2341.7622
7629,5572.2062,1994.4278,2129.7918
7630,5126.5807,1850.0463,1894.8528
7631,4791.4514,1811.2321,1753.4749
7632,4747.3551,2124.5979,1732.2212
7633,4307.4069,2047.2168,1632.1948
7634,4271.5838,2131.2465,1583.5222
7635,4391.0533,2373.672,1584.3811
7636,4659.8535,2744.656,1629.3613
7637,5334.743,2951.2034,1799.3343
7638,5930.4012,2934.2557,2052.6997
7639,6024.4898,2912.6129,2192.2555
7640,6248.3966,2918.9615,2273.9658
7641,6466.1632,2919.0642,2356.5926
7642,6525.5305,2886.6302,2447.443
7643,6586.951,2894.372,2505.2107
7644,6251.2652,2942.4737,2578.559
7645,6215.3399,2953.2912,2628.0331
7646,6219.1986,3057.1444,2628.8299
7647,6028.9717,3286.6146,2544.213
7648,5743.5605,3112.809,2403.974
7649,6106.1793,3167.0463,2443.0051
7650,6192.0087,3090.9004,2577.0277
7651,5968.1589,2944.6758,2595.2784
7652,5642.183,2730.276,2495.3236
7653,5116.5844,2410.3984,2283.2194
7654,4723.8587,2225.5911,2095.7785
7655,4429.3433,2104.5166,1948.6637
7656,3895.2667,1864.1262,1474.4614
7657,3938.0394,2027.0697,1459.6403
7658,4039.2611,2095.4501,1580.782
7659,4301.0789,2297.4235,1864.4169
7660,4776.6175,2598.9076,2241.8446
7661,5133.6205,2779.1646,2374.0139
7662,5414.6875,2861.2407,2339.1028
7663,5605.2753,2910.8987,2339.9991
7664,5719.5142,2923.3672,2301.5215
7665,5716.3886,2904.7842,2245.5837
7666,5638.7319,2803.8462,2144.7108
7667,5561.1064,2713.8467,2097.0464
7668,5475.3635,2622.2883,2057.5932
7669,5401.8286,2532.2887,2049.3369
7670,5557.3014,2557.3598,2208.0506
7671,5930.8107,2770.5559,2670.3462
7672,5877.2721,2823.3764,2598.0481
7673,5976.2762,2953.3491,2294.5627
7674,5958.9433,2911.2092,2170.5657
7675,5788.9169,2754.2435,2014.3154
7676,5433.0988,2538.3295,1769.155
7677,5017.9152,2359.5236,1554.3014
7678,4618.2416,2224.3322,1412.0287
7679,4555.7105,2191.5983,1440.3486
7680,4732.1758,2022.4483,1565.9018
7681,4683.1346,1932.4356,1473.3785
7682,4593.1228,1876.5579,1528.4247
7683,4677.7031,1934.0261,1709.2044
7684,4903.419,2084.8168,2081.7853
7685,5316.5478,2380.2996,2273.7652
7686,5822.9352,2650.6166,2264.8116
7687,6245.928,2712.5904,2264.8894
7688,6414.5876,2732.8927,2299.8145
7689,6491.4506,2722.1858,2319.1201
7690,6510.0395,2719.018,2314.5298
7691,6493.7202,2723.6341,2309.9256
7692,6467.0625,2706.5206,2289.6801
7693,6334.484,2689.415,2248.3597
7694,6200.627,2633.4478,2198.7285
7695,6121.581,2602.2043,2172.0053
7696,6045.484,2578.6842,2189.5542
7697,6130.5993,2672.2541,2363.9946
7698,6761.9075,3023.0542,2418.9615
7699,6686.7835,2937.6208,2230.8015
7700,6420.2562,2780.7287,1956.4125
7701,6004.355,2561.6076,1701.2467
7702,5523.7745,2294.4452,1530.4956
7703,5136.2949,2132.9449,1458.9072
7704,5683.7601,2066.1444,1516.633
7705,5765.9774,1931.0872,1514.7844
7706,5642.0865,1972.7245,1535.7583
7707,5473.3507,2113.7567,1622.7126
7708,5317.994,2375.7951,1795.0727
7709,5306.2501,2559.1751,1924.7444
7710,5560.5427,2665.4002,2119.4645
7711,5768.6115,2803.883,2250.7795
7712,5812.9536,2780.8076,2306.9024
7713,5944.1698,2751.5678,2333.6536
7714,6042.7472,2733.1138,2363.9961
7715,6066.6135,2742.5144,2401.6334
7716,6049.3204,2705.2722,2403.4789
7717,6047.3815,2723.8447,2440.9871
7718,5984.9025,2759.3332,2599.4085
7719,5878.019,2951.2639,2762.2522
7720,6155.4791,2875.2891,2637.6388
7721,6552.8867,3001.7666,2718.9255
7722,6597.0625,2975.3392,2675.8281
7723,6475.7043,2838.5337,2505.1594
7724,6312.1819,2602.7701,2263.0191
7725,5997.4574,2421.0832,2021.6381
7726,5520.1565,2271.7829,1825.1565
7727,5042.9595,2131.8701,1705.8043
7728,4520.9712,1802.8076,1496.7327
7729,4302.1876,1850.6989,1395.8629
7730,4281.5075,1976.1896,1408.6519
7731,4274.1476,2095.4948,1447.1171
7732,4449.6529,2256.7978,1523.2118
7733,4608.066,2368.5638,1624.164
7734,4742.1428,2395.1385,1771.8392
7735,5084.0971,2430.9139,1914.9894
7736,5364.2024,2415.7382,2002.219
7737,5513.36,2355.4653,2027.8935
7738,5494.0692,2288.9043,2009.5448
7739,5476.5787,2223.7706,1983.8718
7740,5374.307,2180.2692,1942.5576
7741,5337.2349,2201.7963,1945.2278
7742,5325.6977,2240.3763,1958.9381
7743,5290.8362,2258.8435,1975.5953
7744,5314.5605,2382.9069,2005.3836
7745,5349.2724,2580.3168,2156.6067
7746,5574.9346,2529.2157,2291.2829
7747,5868.9062,2302.7738,2152.8303
7748,5750.5784,2121.3132,1992.3349
7749,5484.2883,1961.5191,1794.1836
7750,5126.7963,1866.835,1632.6644
7751,4759.8792,1750.2476,1559.1264
7752,4656.1819,1897.2628,1655.1603
7753,4426.0481,1848.9032,1553.2682
7754,4303.3422,1836.3821,1496.3471
7755,4365.4594,1929.4257,1518.2794
7756,4460.4179,2042.7269,1565.9376
7757,4695.3477,2112.7294,1690.6504
7758,4902.7153,2235.4865,1754.8461
7759,5185.8112,2317.96,1900.8298
7760,5484.3549,2417.5234,2061.5429
7761,5608.2129,2439.4319,2171.7876
7762,5666.6099,2458.1333,2248.9621
7763,5660.4956,2475.16,2294.8728
7764,5669.803,2534.0923,2349.9485
7765,5658.6554,2597.6487,2398.562
7766,5733.0827,2651.8176,2442.5216
7767,5962.4928,2705.9865,2458.9004
7768,6411.8748,2799.2616,2422.332
7769,6446.9468,2945.5336,2612.5443
7770,6301.3875,2861.8538,2636.462
7771,6105.3458,2698.8683,2518.9956
7772,5866.2907,2489.332,2354.7985
7773,5487.6823,2251.6358,2122.4271
7774,5009.1496,2040.3354,1863.5533
7775,4723.663,1971.7129,1710.2049
7776,4710.837,2011.7177,1672.4417
7777,4547.1795,1963.4396,1516.5381
7778,4513.342,2075.1056,1586.1597
7779,4622.4645,2352.8355,1775.8744
7780,4892.0723,2771.9765,2123.4811
7781,5455.2528,3113.9653,2379.6489
7782,5874.657,3073.85,2382.6285
7783,6105.8718,3021.0532,2377.2741
7784,6245.1949,2982.2364,2406.7624
7785,6345.6628,2926.4007,2385.7885
7786,6382.7003,2844.1298,2332.6562
7787,6366.3532,2772.6685,2297.7793
7788,6385.8345,2737.001,2274.9087
7789,6319.5556,2723.0079,2284.9685
7790,6178.6746,2795.9228,2360.9994
7791,6136.9051,3171.4572,2693.8534
7792,6673.5301,3516.6795,2931.1058
7793,6889.1015,3217.1674,2669.722
7794,6826.6796,3024.7052,2483.5101
7795,6637.4975,2830.6577,2263.3596
7796,6310.4127,2520.1308,1983.4964
7797,5853.3158,2220.2897,1699.807
7798,5407.2816,2064.7302,1552.7265
7799,5141.1499,2090.9155,1536.9018
7800,4580.3428,2017.9848,1600.9404
7801,4447.328,1979.1942,1577.9703
7802,4353.2463,1929.4336,1569.6518
7803,4315.4705,1929.3705,1609.0676
7804,4297.2815,1968.1847,1654.0681
7805,4443.7723,2138.9699,1810.1955
7806,4724.4473,2547.5171,1981.8957
7807,4974.116,2782.1586,2179.2145
7808,5320.4656,2864.6295,2284.7975
7809,5532.8423,2906.6457,2338.0682
7810,5691.0943,2943.93,2328.0535
7811,5700.3082,2933.0415,2291.4524
7812,5584.9241,2905.0895,2267.6669
7813,5509.3915,2886.3881,2262.1834
7814,5413.4506,2849.0696,2245.6428
7815,5286.0595,2803.9962,2333.5478
7816,5285.8925,2864.6795,2632.3108
7817,6162.9041,3336.9147,2738.1814
7818,6222.8626,3378.8019,2679.5812
7819,5993.0059,3336.8305,2595.1152
7820,5863.9328,3314.9877,2468.3562
7821,5713.3704,3144.1603,2245.2479
7822,5519.5886,2841.2673,1997.397
7823,5120.8836,2525.9322,1791.8717
7824,4735.6337,2105.177,1688.1886
7825,4467.9181,1929.6125,1534.1476
7826,4357.5257,1867.494,1493.7468
7827,4337.0689,1887.6648,1492.7946
7828,4445.4099,1982.4383,1550.5902
7829,4831.6716,2291.4642,1742.3385
7830,5545.9745,2744.998,2037.8709
7831,6004.0001,2936.1251,2269.164
7832,6141.1333,2934.632,2425.9623
7833,6297.5694,2892.9289,2599.3245
7834,6324.3205,3020.2338,2747.9489
7835,6393.7423,3107.0734,2875.405
7836,6277.3533,3152.0784,2976.2484
7837,6206.911,3169.1078,2983.6286
7838,6186.3677,3181.3578,2976.3013
7839,6193.3918,3128.4373,2916.6835
7840,6411.952,3167.3594,2891.885
7841,6890.4812,3335.5216,3027.5089
7842,6900.6325,3290.4376,2954.3503
7843,6716.539,3130.4777,2803.1163
7844,6558.9664,3010.8568,2664.5626
7845,6245.1914,2754.6829,2403.1632
7846,5797.4331,2389.7687,2068.3129
7847,5215.9823,2120.9948,1869.975
7848,4748.9245,1841.4035,1682.6678
7849,4582.1016,1793.0096,1553.2169
7850,4455.3916,1746.3247,1473.4531
7851,4404.2886,1732.2579,1434.0699
7852,4552.4655,1836.2374,1465.4114
7853,4814.9506,2024.1466,1550.8079
7854,5027.5142,2108.029,1632.4809
7855,5201.3559,2215.221,1661.8774
7856,5505.0488,2338.0887,1827.9138
7857,5693.1932,2431.377,1970.0512
7858,5737.2236,2439.2583,2031.5051
7859,5722.9937,2409.8868,2086.5062
7860,5692.2523,2368.0443,2087.39
7861,5607.4226,2313.7439,2058.9582
7862,5551.0579,2262.4612,1999.3497
7863,5551.9035,2232.7161,1964.4511
7864,5675.3027,2194.0019,1935.5925
7865,6108.4174,2235.0144,1982.625
7866,6625.7055,2540.5673,2215.3002
7867,6385.8637,2666.0528,2383.7783
7868,6143.8354,2554.2447,2399.1163
7869,5878.3044,2428.4092,2315.4797
7870,5520.6964,2217.1272,2149.3298
7871,5178.4946,2054.0049,1884.3048
7872,5123.1313,2213.5464,1699.0685
7873,4971.8999,2030.3506,1529.4143
7874,4766.6235,1972.7982,1460.5257
7875,4647.2474,2047.1378,1415.5128
7876,4704.617,2210.0576,1444.858
7877,4847.6429,2348.3115,1523.7675
7878,5030.4735,2435.359,1586.1457
7879,5136.7874,2447.8432,1667.8918
7880,5515.8588,2502.4121,1815.679
7881,5872.4221,2494.915,1920.3998
7882,6043.095,2450.1152,1997.5696
7883,6116.6178,2394.2532,2036.1483
7884,6166.5392,2406.5112,2043.4601
7885,6112.3834,2390.8566,2005.8306
7886,6014.3444,2406.0796,1962.6461
7887,5897.9138,2636.7825,1932.2211
7888,5819.5846,2655.739,1941.8852
7889,6183.8419,2605.7089,2111.0117
7890,6776.7718,2723.7447,2343.7926
7891,6698.9921,2638.406,2347.3467
7892,6590.6407,2475.6284,2284.0473
7893,6405.4939,2334.3725,2172.9514
7894,6111.9661,2206.8439,2056.1605
7895,5617.5245,2153.755,1890.8758
7896,4395.5855,1830.8044,1688.1015
7897,4458.5777,1867.715,1686.1332
7898,4364.5307,1813.1725,1618.2747
7899,4326.7375,1767.9885,1579.8157
7900,4356.5415,1781.8843,1563.3995
7901,4421.0253,1822.3127,1577.2792
7902,4435.5598,1864.2947,1572.8165
7903,4549.1418,1862.9568,1640.7683
7904,4724.0578,2021.5025,1812.3115
7905,4818.2589,2125.803,1968.2368
7906,4838.8507,2172.5748,2096.6328
7907,4789.8892,2169.5912,2182.809
7908,4724.5218,2113.7766,2240.5363
7909,4688.7073,2065.6039,2258.8337
7910,4738.6027,2049.8334,2278.057
7911,4975.5493,2041.6812,2254.3678
7912,5592.3644,2184.7064,2300.3329
7913,6122.9738,2762.4799,2759.9225
7914,6162.9135,2869.6351,2781.0161
7915,6117.899,2847.9949,2743.2855
7916,5949.2307,2817.0804,2646.8365
7917,5639.4823,2682.1205,2457.7554
7918,5145.9538,2436.7668,2188.0313
7919,4722.7776,2158.5027,1928.4244
7920,5003.7847,2205.8624,1735.7613
7921,4640.998,1999.0361,1557.8057
7922,4522.3499,1958.5972,1517.3707
7923,4464.074,1943.0899,1496.2522
7924,4466.134,1967.9847,1499.0095
7925,4556.0177,2051.8803,1537.5275
7926,4763.4806,2179.2377,1597.1313
7927,4931.2617,2261.777,1635.7986
7928,5138.9859,2352.0581,1724.0224
7929,5331.2902,2446.8685,1781.958
7930,5514.2472,2509.0107,1860.9017
7931,5561.3322,2485.7774,1870.1321
7932,5504.224,2446.9764,1840.8164
7933,5401.0963,2366.3196,1783.0938
7934,5293.9541,2301.1649,1740.029
7935,5236.8165,2279.4405,1710.6651
7936,5324.8098,2350.8703,1739.1358
7937,6214.8223,2866.4147,2094.2814
7938,6556.9843,2978.1676,2227.2319
7939,6498.5543,2943.8958,2195.0703
7940,6370.6489,2859.9239,2139.9713
7941,6059.9078,2701.3782,2009.6194
7942,5591.6009,2454.2735,1856.2461
7943,5265.3254,2260.0734,1763.3963
7944,4838.2368,2194.7397,1749.4202
7945,4546.1019,1994.5647,1645.7045
7946,4409.3634,1934.034,1605.3223
7947,4345.226,1913.8684,1589.7449
7948,4394.7346,1969.8857,1640.2536
7949,4680.4896,2125.4267,1803.6758
7950,5368.23,2425.623,2149.7029
7951,5941.2883,2579.4947,2335.9988
7952,6237.3096,2771.7938,2452.5098
7953,6496.612,2934.6398,2519.556
7954,6643.5433,2996.6505,2538.8679
7955,6734.3194,3002.7755,2541.6687
7956,6688.3224,2987.1814,2501.3333
7957,6675.9985,2917.3263,2470.1737
7958,6613.7479,2883.094,2422.4673
7959,6353.7765,2808.586,2354.5497
7960,6191.3881,2797.8212,2341.7031
7961,7048.052,3203.44,2820.6139
7962,7216.2459,3191.0979,2899.4938
7963,7097.5198,3108.806,2833.3874
7964,6988.7477,3045.0654,2753.4603
7965,6749.0849,2929.9448,2583.688
7966,6189.0871,2658.04,2278.1052
7967,5777.1416,2387.7362,2033.1282
7968,5039.8,2069.4201,1722.2407
7969,4871.0885,1943.5136,1557.1162
7970,4752.655,1938.6922,1505.638
7971,4732.3472,2006.8594,1487.1494
7972,4837.6699,2208.4776,1517.2463
7973,5187.8644,2616.6643,1667.6275
7974,5753.838,2818.714,1959.4596
7975,6172.0157,2853.1805,2144.1464
7976,6278.6914,2875.2181,2236.0813
7977,6334.0771,2895.5546,2305.9252
7978,6422.0929,2948.4409,2432.6359
7979,6434.5571,2956.309,2512.5303
7980,6394.7905,2973.4067,2553.8196
7981,6459.1495,2981.1432,2599.7179
7982,6405.3054,2967.2185,2599.693
7983,6357.8284,2965.6991,2302.5236
7984,6386.7511,2945.6757,2513.055
7985,7196.7463,3226.3812,2569.2634
7986,7040.0879,3203.4506,2743.7224
7987,6769.5133,3071.6559,2721.7528
7988,6538.4092,2863.739,2600.7168
7989,6279.6928,2584.2371,2384.3132
7990,5891.3036,2312.3981,2099.9032
7991,5293.6754,2142.8718,1909.7703
7992,4579.7465,2202.9157,1597.7331
7993,4620.0713,2121.9195,1521.3461
7994,4442.1805,2055.0559,1571.662
7995,4310.3628,2017.7743,1710.0665
7996,4282.6482,2061.1599,1953.0052
7997,4533.0206,2287.9176,2073.3766
7998,5108.963,2747.7869,2155.3388
7999,5580.3937,2991.5949,2201.3163
8000,5925.6934,2994.7785,2244.5071
8001,6229.0504,3028.9161,2284.0395
8002,6364.9934,3029.0582,2286.8466
8003,6387.4115,2994.968,2290.5048
8004,6380.2386,2967.0317,2265.753
8005,6348.6325,2956.2064,2244.6843
8006,6322.0025,2940.5991,2280.3518
8007,6246.205,2949.8182,2555.1551
8008,6524.5835,3235.0978,2683.2976
8009,7221.08,3639.2709,2681.0503
8010,7156.9893,3599.0425,2543.5826
8011,7089.3783,3561.6767,2361.1238
8012,6972.927,3511.9818,2121.8806
8013,6730.6771,3305.4475,1905.4459
8014,6232.9818,2937.3603,1729.1087
8015,5641.0576,2624.9955,1635.2304
8016,4939.952,2252.1948,1661.4669
8017,4784.1607,2254.9521,1631.0202
8018,4947.4858,2330.9901,1661.285
8019,5400.9031,2506.4467,1763.1366
8020,6133.3984,2827.9489,1945.8349
8021,6658.6299,2941.6133,2048.8114
8022,6782.6143,3041.2187,2194.7375
8023,6640.1442,3087.78,2286.475
8024,6516.7623,3081.5576,2270.0541
8025,6383.1166,3024.1973,2248.114
8026,6302.5005,2960.6041,2233.4997
8027,6248.3187,2859.7582,2205.0943
8028,6139.0646,2731.0391,2156.5165
8029,6030.7547,2617.8484,2119.861
8030,6090.129,2582.3362,2125.4534
8031,6640.8783,2833.9229,2275.1046
8032,7222.844,3057.2154,2335.6856
8033,6833.4578,3224.875,2337.7192
8034,6514.9179,3130.1541,2363.288
8035,6168.5077,2994.9153,2248.4872
8036,5683.0723,2817.7341,2089.59
8037,5213.8107,2643.5679,1936.1561
8038,4936.495,2517.5273,1803.8313
8039,4824.651,2380.8401,1723.9338
8040,4635.4533,1865.843,1817.3658
8041,4544.4868,1884.4391,1793.5181
8042,4553.8461,1961.9465,1752.2117
8043,4722.4088,2169.6108,1755.7315
8044,5122.2486,2558.9856,1816.2347
8045,5806.0559,2855.7826,1973.2973
8046,6024.7599,2729.2592,2126.7406
8047,6115.8389,2752.7583,2209.4591
8048,6225.2229,2766.7882,2290.2638
8049,6297.7927,2785.4869,2384.7912
8050,6254.8953,2743.6365,2418.7795
8051,6176.2631,2700.1667,2419.71
8052,6164.095,2684.6542,2418.8371
8053,6041.628,2607.0678,2416.1093
8054,6010.157,2589.9701,2407.839
8055,6092.6523,2589.9411,2376.639
8056,6291.7175,2677.0387,2291.4695
8057,6620.4042,2857.1956,2396.0769
8058,6573.0318,2858.6703,2419.8718
8059,6175.7126,2627.4859,2463.7986
8060,5784.2878,2391.6565,2385.7776
8061,5249.8181,2093.6006,2193.0756
8062,4903.2018,1914.8236,2009.4779
8063,4676.088,1810.4652,1816.6079
8064,4668.5308,2028.7759,1593.5275
8065,4559.119,1910.6796,1483.3559
8066,4574.4491,2000.6713,1471.5688
8067,4646.0538,2163.62,1508.4995
8068,4892.2125,2335.9641,1625.1784
8069,5080.2686,2489.7568,1658.3794
8070,5311.3397,2603.2185,1796.9906
8071,5643.3279,2677.845,1953.8371
8072,5939.647,2653.1818,2067.4306
8073,6066.2947,2561.6207,2130.5419
8074,6065.2742,2487.1153,2158.826
8075,5960.1661,2426.5083,2161.4946
8076,5805.0396,2414.0477,2139.4612
8077,5652.0096,2398.5168,2117.5507
8078,5568.6765,2462.2574,2108.8257
8079,5587.7848,2561.9128,2124.4662
8080,5768.2195,2848.8302,2185.6854
8081,6165.1249,3027.2572,2292.4078
8082,6176.2292,2685.942,2299.561
8083,6117.7352,2380.2575,2309.3984
8084,5900.9216,2124.0784,2164.2115
8085,5552.3821,1900.4621,1959.441
8086,5174.3174,1827.3156,1773.1669
8087,4839.2123,1796.1327,1626.4812
8088,4775.7006,1975.9528,1672.3515
8089,4530.7216,1975.9133,1633.9065
8090,4520.6828,2002.2801,1632.9512
8091,4592.4468,2096.9669,1662.2979
8092,4954.2217,2328.2302,1804.4353
8093,5265.7548,2571.8908,1930.0864
8094,5671.657,2845.173,2076.954
8095,5995.6907,2989.5782,2176.1105
8096,6057.0211,2940.1623,2209.3083
8097,6135.5044,2879.8473,2241.5259
8098,6062.9589,2777.5662,2225.0988
8099,5988.3567,2700.0351,2186.6601
8100,5937.2192,2633.4241,2143.6171
8101,5894.469,2590.0648,2119.7864
8102,6079.9344,2649.2129,2160.237
8103,6511.3259,2848.187,2293.4596
8104,6529.5079,2880.842,2306.5254
8105,6431.3761,2995.5653,2367.2168
8106,6423.6474,2950.3918,2375.3736
8107,6204.5955,2824.538,2295.4325
8108,5910.7908,2690.8081,2183.2926
8109,5567.0612,2501.1453,2055.5021
8110,5215.5242,2319.2558,1908.4744
8111,4884.7435,2196.417,1803.654
8112,4944.0088,2207.1187,1733.7867
8113,4809.4585,2109.4537,1639.3776
8114,4912.6295,2275.7044,1686.3882
8115,5201.8293,2617.5748,1825.34
8116,5700.3997,3097.7043,2096.5186
8117,6256.0402,3147.7307,2395.5957
8118,6604.6403,3107.1418,2471.4525
8119,6567.2887,3096.1744,2459.37
8120,6495.7844,3060.4463,2403.3638
8121,6434.5007,2990.4729,2325.3009
8122,6348.6471,2946.8136,2271.0608
8123,6256.6549,2861.3065,2225.1299
8124,6161.7137,2820.786,2182.8665
8125,6107.9267,2834.6318,2159.8964
8126,6163.0909,2904.7237,2170.3232
8127,6554.8896,3251.8154,2304.3543
8128,6931.8421,3377.6325,2638.0627
8129,7007.56,3266.878,2698.9553
8130,6861.5436,3156.4656,2646.4502
8131,6631.4773,2932.6836,2538.7606
8132,6239.9695,2635.8393,2335.6256
8133,5744.3099,2368.598,2063.8726
8134,5330.3736,2236.5717,1857.4618
8135,4999.1687,2142.0587,1706.2279
8136,4821.1428,2193.4203,1702.6427
8137,4652.4347,2078.7049,1575.325
8138,4518.5916,2055.1691,1554.2189
8139,4433.8676,2082.8316,1584.5553
8140,4479.1211,2208.3513,1680.0878
8141,4725.8598,2370.0201,1888.3424
8142,5463.5338,2601.8754,2093.9268
8143,5962.3068,2703.2002,2177.5852
8144,6147.445,2829.1015,2217.9565
8145,6304.8895,2846.3729,2240.9203
8146,6431.7415,2815.6057,2263.9402
8147,6464.5117,2803.2609,2306.1756
8148,6412.5666,2700.885,2312.6284
8149,6333.1927,2654.308,2304.4716
8150,6196.4958,2635.4198,2259.6702
8151,6153.3283,2757.2744,2377.1195
8152,6305.2929,3131.1683,2637.3925
8153,6990.7499,3194.4051,2645.9489
8154,7042.6535,3176.0011,2585.4021
8155,6949.3707,3113.9957,2482.5034
8156,6799.7872,2979.1043,2301.5884
8157,6438.7541,2763.343,2062.8855
8158,5903.1756,2516.1199,1831.5705
8159,5420.7809,2323.0735,1677.3321
8160,5059.9746,2534.9329,1855.8667
8161,4893.2486,2328.3223,1643.1275
8162,4930.8444,2250.9438,1579.8406
8163,5166.4675,2201.6989,1536.7665
8164,5691.2489,2247.2486,1551.5114
8165,6291.9576,2497.3291,1722.3138
8166,6532.9872,2942.5764,2061.1115
8167,6663.2192,3172.1361,2221.7313
8168,6785.9182,3254.2675,2330.887
8169,6810.6249,3281.9827,2416.1093
8170,6776.0646,3222.9056,2487.5904
8171,6720.9836,3089.3836,2512.2738
8172,6658.695,2976.0614,2526.8725
8173,6623.9841,2853.5042,2547.9241
8174,6641.2634,2766.9224,2508.4772
8175,6997.2657,2696.2558,2435.09
8176,7302.6239,2916.6911,2480.2521
8177,7527.1644,3605.4701,2841.273
8178,7351.7422,3681.3923,2899.0935
8179,7043.3035,3688.8815,2839.4462
8180,6580.6757,3692.9977,2753.1331
8181,6078.9589,3607.1433,2573.1611
8182,5578.9438,3291.866,2240.8286
8183,5116.0356,2852.72,1919.5517
8184,4878.9159,2115.9208,1757.8708
8185,4819.5104,2043.0138,1650.458
8186,4656.0451,2021.292,1623.9603
8187,4560.0315,2075.6451,1655.3935
8188,4549.9563,2224.919,1795.0783
8189,4843.3559,2563.7138,2036.3582
8190,5588.4642,2826.189,2229.0416
8191,6131.2867,2878.9331,2302.5593
8192,6184.4895,2866.4279,2299.701
8193,6232.4287,2858.5492,2310.5824
8194,6275.1443,2807.2429,2280.2429
8195,6248.3308,2760.5527,2256.3034
8196,6214.4829,2718.5365,2246.1613
8197,6170.4629,2693.6022,2220.4587
8198,6109.0753,2659.4804,2208.7012
8199,6042.632,2701.5203,2226.673
8200,6022.6098,2925.5549,2393.5264
8201,6467.7464,3177.068,2729.9189
8202,6898.7733,3200.4723,2745.4964
8203,6844.5621,3129.0557,2641.6858
8204,6772.9228,2990.7728,2466.2247
8205,6499.0096,2731.3417,2201.8534
8206,6106.2908,2476.5215,1958.6846
8207,5527.7717,2257.503,1756.9046
8208,5046.3385,2184.3801,1622.1179
8209,4980.5937,2084.9589,1553.3475
8210,4766.4063,2151.5304,1493.7126
8211,4635.2309,2305.0337,1446.112
8212,4595.2852,2557.8951,1451.7929
8213,4885.8276,2728.854,1602.6281
8214,5690.3975,2816.3962,1950.353
8215,6381.4997,2914.5928,2148.3737
8216,6588.6544,2945.6783,2224.5041
8217,6778.4121,2958.1363,2268.4263
8218,6943.4423,2961.2988,2316.9466
8219,7029.0518,2888.3733,2319.6914
8220,6994.218,2815.4452,2302.2825
8221,6967.6261,2784.3806,2301.3691
8222,6898.3446,2844.8482,2260.1669
8223,6728.6032,3083.6165,2180.6224
8224,6810.3922,3190.8769,2173.718
8225,7451.3617,3256.5026,2490.9448
8226,7507.2711,3154.1241,2667.7195
8227,7373.2063,2997.2715,2627.2612
8228,7219.5288,2752.0282,2544.552
8229,6903.505,2514.4084,2368.2366
8230,6276.3083,2324.7429,2087.3931
8231,5630.1583,2184.788,1886.4021
8232,4676.0181,2020.1147,1598.4428
8233,4661.7293,1993.5978,1690.9148
8234,4463.4925,1925.3437,1617.5634
8235,4381.7088,1928.4299,1587.3375
8236,4416.4335,2002.9775,1595.7166
8237,4590.3064,2164.5751,1642.6495
8238,4938.8061,2385.1368,1750.053
8239,5181.9363,2588.5454,1829.1024
8240,5470.0931,2729.8828,1939.1559
8241,5672.1332,2813.4916,2004.1235
8242,5802.6152,2788.5047,2004.9374
8243,5819.7421,2678.1397,1989.2309
8244,5810.4711,2598.8366,1975.3823
8245,5774.5389,2553.7079,1942.3617
8246,5749.898,2587.7639,1921.3459
8247,5749.9326,2801.84,1917.1396
8248,5900.1463,3022.7542,1993.285
8249,6392.7876,3009.3268,2321.2626
8250,6190.7544,2886.8091,2344.0554
8251,5944.703,2796.7965,2318.2985
8252,5799.6482,2698.9709,2276.807
8253,5783.9737,2549.7812,2234.2638
8254,5689.4955,2338.5307,2111.9848
8255,5344.0054,2187.8768,1917.5181
8256,4917.9425,2210.9864,1717.6613
8257,4636.8529,2075.9003,1605.7841
8258,4500.7524,2024.5255,1560.6998
8259,4445.422,2008.9262,1546.862
8260,4435.1789,2035.2693,1563.3389
8261,4505.7389,2106.7491,1624.8192
8262,4774.5011,2277.5027,1737.6705
8263,4971.475,2417.076,1834.8291
8264,5258.6044,2562.9822,1966.1115
8265,5478.289,2691.9118,2014.8619
8266,5582.6242,2727.7266,2016.813
8267,5595.9824,2704.5381,1992.1468
8268,5560.1507,2653.3502,1955.5721
8269,5486.6694,2580.3194,1921.618
8270,5411.0087,2484.1107,1887.6591
8271,5399.61,2480.9692,1883.058
8272,5551.9936,2586.7155,1944.7731
8273,6109.5376,2959.6925,2167.1547
8274,6516.9701,3153.6847,2488.9143
8275,6436.2397,3125.7063,2455.8626
8276,6281.0734,3034.0532,2363.1885
8277,5969.6528,2853.9226,2198.9245
8278,5462.9617,2555.693,1980.439
8279,5146.8203,2352.1292,1770.1212
8280,5049.0192,2295.983,1591.0097
8281,4673.8324,2095.6974,1600.8658
8282,4453.1671,1996.3472,1621.0988
8283,4231.5557,1892.4072,1713.9176
8284,4119.3491,1877.0052,1896.7589
8285,4485.154,2158.1423,2047.392
8286,5367.8845,2734.1595,2216.2354
8287,6058.6189,3040.023,2290.595
8288,6226.4086,3049.45,2320.992
8289,6354.333,3049.5421,2330.2037
8290,6444.2825,3020.0048,2335.6841
8291,6451.4589,3035.4016,2350.2439
8292,6435.034,2988.685,2350.9832
8293,6401.238,3002.515,2339.0406
8294,6347.9573,2930.9853,2348.4156
8295,6051.7109,2803.6015,2416.6691
8296,6028.5025,2808.4308,2551.4293
8297,6915.9902,3299.5383,2647.8519
8298,7280.714,3526.2407,2627.6188
8299,7269.4175,3521.5772,2479.7399
8300,7224.3389,3492.0952,2268.4994
8301,6909.5261,3302.6192,2043.4818
8302,6273.7741,2942.2238,1860.7307
8303,5633.1187,2585.0829,1711.1478
8304,4627.2851,1939.5842,1691.8297
8305,4526.7566,1916.1325,1631.3374
8306,4436.5146,1867.944,1576.3565
8307,4358.5531,1841.5271,1572.8304
8308,4453.2069,1925.3701,1621.7021
8309,4730.2023,2169.3807,1827.2041
8310,5363.2425,2414.9424,2020.8849
8311,5788.9411,2554.7078,2170.5191
8312,6505.7913,2630.8484,2237.5622
8313,6605.1919,2720.8611,2305.4783
8314,6687.0709,2773.6316,2331.2182
8315,6686.0106,2772.0096,2336.6814
8316,6642.0615,2776.5915,2316.467
8317,6633.8577,2782.7112,2303.6624
8318,6534.5575,2774.851,2263.4902
8319,6516.5615,2796.5359,2266.5429
8320,6606.5767,2843.4156,2305.9106
8321,6955.3492,3070.2865,2626.0393
8322,6862.7676,3225.3934,2696.5152
8323,6736.1632,3161.7396,2621.0292
8324,6610.7179,3034.5347,2484.9793
8325,6415.643,2817.1856,2271.9524
8326,6009.6161,2562.4233,2058.0961
8327,5384.8731,2315.4185,1875.4352
8328,5229.5812,2442.2866,1775.3326
8329,5081.7998,2283.9435,1566.2781
8330,5003.1053,2225.1164,1496.686
8331,4987.8688,2164.8804,1444.7019
8332,5155.5581,2191.5288,1439.618
8333,5764.8013,2365.4817,1580.0483
8334,6519.0699,2765.9266,1944.9877
8335,6690.7148,2990.907,2160.3862
8336,6697.7631,3075.9747,2276.7013
8337,6691.5466,3097.4622,2374.6925
8338,6631.2904,3080.1856,2451.6291
8339,6514.9187,2996.3084,2468.0904
8340,6418.8981,2881.4589,2467.1754
8341,6349.4764,2808.515,2475.4022
8342,6283.0192,2707.9637,2427.0452
8343,6261.4865,2627.8885,2316.7251
8344,6534.6648,2617.0974,2237.0826
8345,7046.5208,3160.0597,2580.8663
8346,7354.5907,3369.4407,2761.3102
8347,7257.4441,3387.9263,2710.5993
8348,6991.7296,3376.8115,2622.1733
8349,6509.4595,3261.7225,2434.8086
8350,5882.1069,2983.7558,2124.7179
8351,5409.9224,2651.4518,1880.7429
8352,4690.9274,1996.5525,1747.7411
8353,4424.2685,1949.7175,1634.0092
8354,4488.6068,1890.622,1577.9858
8355,4691.0208,1910.7296,1574.2405
8356,4961.1255,1963.5054,1599.0265
8357,5253.5271,2199.6138,1747.7535
8358,5487.5715,2553.9421,1980.1514
8359,5676.6203,2749.6878,2098.668
8360,5821.708,2752.903,2210.6291
8361,5926.9961,2790.2688,2311.5564
8362,5912.8234,2835.3712,2387.7195
8363,5906.877,2850.9364,2416.212
8364,5882.4577,2863.3943,2430.0155
8365,5883.5699,2854.1094,2416.2881
8366,6051.1398,2807.4402,2369.4407
8367,6463.1719,2769.9718,2307.8578
8368,6413.112,2870.8493,2397.8275
8369,6237.5063,3251.6207,2688.1563
8370,6051.4203,3251.6207,2677.1846
8371,5830.5108,3195.6798,2593.6911
8372,5507.2484,3142.8304,2500.9765
8373,5112.4401,2954.7738,2360.4156
8374,4825.0561,2673.5262,2167.4772
8375,4558.3991,2364.5108,1896.6796
8376,4895.0136,2125.4057,1681.8944
8377,4636.6712,2080.2638,1583.6714
8378,4490.4176,1957.6225,1531.5023
8379,4426.9872,1880.0203,1515.2789
8380,4556.5925,1861.44,1566.1484
8381,5035.5657,2013.7318,1778.9575
8382,5739.5562,2479.6182,2009.9397
8383,6019.1137,2797.8975,2145.5496
8384,6119.6075,2825.9469,2215.2365
8385,6086.2998,2929.9474,2277.5292
8386,6098.648,3018.3565,2322.385
8387,6055.7558,3004.2923,2326.9115
8388,6055.6069,2974.6972,2312.1915
8389,6127.9568,2935.8224,2290.1876
8390,6103.3142,2868.972,2275.7537
8391,6042.0062,2763.4284,2272.5542
8392,6459.9519,2877.0006,2488.9034
8393,7157.8869,3403.5757,2735.4661
8394,7173.2117,3450.1475,2712.4509
8395,7057.7498,3414.3694,2633.4139
8396,6902.3255,3400.2711,2488.2519
8397,6468.2561,3286.8541,2234.9331
8398,5876.725,2971.6847,1968.8781
8399,5363.6494,2619.1994,1815.6261
8400,4669.973,2221.7328,1557.972
8401,4689.796,2108.1922,1494.6991
8402,4606.8671,2038.2687,1459.0083
8403,4598.5265,2014.9591,1465.5716
8404,4681.2563,2021.2183,1535.4793
8405,4921.3215,2081.899,1578.7493
8406,5112.4789,2207.7608,1656.82
8407,5260.8653,2302.6185,1792.5527
8408,5540.8789,2459.5922,1903.4341
8409,5690.3325,2638.0771,1952.8491
8410,5765.9846,2723.4368,1960.0769
8411,5811.0216,2728.0608,1948.0722
8412,5805.8083,2692.2644,1923.2784
8413,5830.193,2637.8455,1912.2912
8414,5848.2798,2592.7089,1913.4145
8415,5963.5306,2564.7358,2002.8829
8416,6314.8175,2664.6992,2283.7637
8417,6593.0792,3076.2431,2393.573
8418,6418.5148,3049.8868,2324.6938
8419,6207.1811,2927.3401,2227.378
8420,5964.9901,2832.5587,2106.9694
8421,5786.8586,2720.5953,1953.4639
8422,5500.4744,2591.4527,1806.5093
8423,5121.3129,2397.3026,1700.9885
8424,4875.9167,2190.8315,1726.6258
8425,4804.0748,2122.4326,1655.1261
8426,4688.4154,2122.2616,1568.8799
8427,4590.2206,2142.335,1516.5957
8428,4632.9812,2247.8339,1514.8155
8429,4820.8398,2370.4832,1560.7153
8430,4978.1164,2477.5857,1625.829
8431,5165.9612,2570.6188,1676.358
8432,5546.1622,2696.4569,1821.3537
8433,5906.9286,2788.181,1912.2446
8434,6075.6956,2816.2357,1982.9491
8435,6201.4059,2822.4265,2010.5188
8436,6222.9524,2772.7896,2011.4773
8437,6256.5475,2699.7667,1974.8467
8438,6166.4734,2710.421,1929.0277
8439,5997.587,2845.0704,1850.3142
8440,6108.1646,2860.8592,1826.1657
8441,6443.4646,2973.5225,2232.4939
8442,6764.4956,3128.7715,2570.6292
8443,6785.9365,3001.5719,2561.3678
8444,6661.5341,2790.6741,2504.3689
8445,6284.5972,2591.9684,2381.1174
8446,5790.8384,2414.7214,2147.8202
8447,5418.2942,2294.7978,1951.3059
8448,4875.4683,2440.1988,1782.4407
8449,4906.6744,2472.6459,1590.8449
8450,5228.577,2690.0924,1600.1747
8451,5964.2671,3169.9825,1706.8825
8452,7193.3437,3958.7643,1907.268
8453,7819.6585,4204.0707,2096.3025
8454,7494.9956,3921.5406,2301.5635
8455,7256.2418,3704.2756,2379.5783
8456,6994.8604,3542.828,2406.261
8457,6685.4115,3294.4248,2364.9515
8458,6413.671,3101.8679,2307.0765
8459,6294.0612,2920.2152,2275.8035
8460,6197.89,2839.4111,2242.6709
8461,6227.417,2862.6523,2229.8057
8462,6570.7692,3087.8826,2263.0268
8463,7777.9125,3835.0772,2472.9132
8464,7972.8852,3903.3365,2658.0469
8465,7314.9747,3552.426,2816.2506
8466,6818.5804,3259.1204,2732.6202
8467,6272.9233,2976.3929,2597.4495
8468,5489.1346,2535.3407,2387.9892
8469,4875.9011,2212.2322,2152.9367
8470,4605.001,2086.4152,1927.2576
8471,4672.1324,2146.8248,1764.0765
8472,4972.1146,2412.0705,1487.3375
8473,4745.6223,2319.1479,1505.7127
8474,4599.7842,2285.2734,1542.3277
8475,4534.7665,2273.3444,1675.2238
8476,4564.1993,2347.1172,1898.1068
8477,5197.269,2767.9144,2198.1377
8478,5885.6681,3153.8268,2309.3642
8479,6317.1026,3308.6179,2352.6078
8480,6467.0383,3354.9476,2428.7134
8481,6686.3939,3449.3581,2484.6652
8482,6770.075,3497.3414,2488.3327
8483,6726.1346,3438.3275,2467.2547
8484,6668.9623,3354.5082,2418.6707
8485,6586.2065,3227.3665,2383.8389
8486,6458.7323,3112.9432,2461.7417
8487,6266.4394,2994.5669,2590.1937
8488,6744.6302,3237.0055,2684.0689
8489,7032.7566,3458.205,2476.1547
8490,6943.4901,3439.2853,2356.1006
8491,6814.5434,3375.3868,2197.474
8492,6637.287,3246.0178,1998.4186
8493,6291.3069,3049.9668,1791.8508
8494,5702.5585,2809.2002,1612.7035
8495,5315.375,2607.5426,1540.8974
8496,5501.0351,2295.9093,1756.0518
8497,5161.2967,2207.574,1725.6626
8498,4977.6759,2224.4796,1649.512
8499,4887.2599,2303.4933,1611.9447
8500,4985.872,2545.4319,1645.9144
8501,5226.0706,2919.5152,1734.2346
8502,6084.63,3221.1652,2004.8814
8503,6534.8855,3145.6824,2122.382
8504,6743.3203,3139.5942,2277.4903
8505,6807.7763,3091.6688,2373.9393
8506,6848.721,3028.1624,2435.4663
8507,6834.4583,2956.7563,2437.3615
8508,6739.5933,2863.6022,2397.096
8509,6698.8944,2792.1908,2371.4013
8510,6637.9189,2818.3235,2343.8331
8511,6453.8437,2810.3133,2255.8503
8512,6407.7117,3069.3365,2270.8953
8513,7557.1571,3385.1374,2849.4266
8514,7802.9263,3360.5532,2952.0159
8515,7740.3122,3295.359,2898.6893
8516,7620.2436,3152.6389,2844.345
8517,7330.5729,2922.8135,2697.2504
8518,6672.9013,2635.4514,2427.4004
8519,5902.0685,2413.1493,2128.3077
8520,4894.5523,2308.7777,1805.4637
8521,4548.3464,2006.0636,1539.5113
8522,4420.5138,1947.1787,1523.8266
8523,4380.6104,1947.4234,1565.0428
8524,4473.6248,2039.3002,1704.4182
8525,4841.5694,2285.9444,1882.4733
8526,5479.3953,2711.0315,2035.8388
8527,5799.3643,2861.7328,2109.4639
8528,5870.087,2819.9403,2193.0725
8529,5971.3866,2844.7929,2281.2325
8530,6060.2204,2838.539,2339.9882
8531,6064.2141,2812.1301,2373.9377
8532,6024.1826,2782.4849,2409.6487
8533,6023.0738,2822.8054,2423.3994
8534,5953.614,2726.8282,2416.0549
8535,5973.8456,2703.9607,2443.5562
8536,6199.816,2810.8001,2670.2296
8537,6986.8393,3293.5159,2695.3188
8538,7027.8186,3344.7275,2593.5823
8539,6913.3477,3271.5994,2461.4845
8540,6732.3832,3195.2483,2271.521
8541,6364.4352,2984.0268,2034.6838
8542,5796.2457,2679.7433,1820.7217
8543,5270.7925,2401.8029,1698.5314
8544,4976.0816,2105.3139,1614.9554
8545,4664.3701,2044.7174,1552.5819
8546,4807.3648,2108.429,1589.312
8547,5180.2492,2333.6067,1716.8925
8548,5567.6041,2636.4524,1903.2055
8549,5845.5698,2825.9574,2075.7149
8550,6098.1649,3021.6348,2214.3728
8551,6335.3106,3069.6865,2280.4808
8552,6425.0592,2993.7275,2312.4776
8553,6482.0705,2964.2586,2304.1
8554,6479.7317,2892.9026,2293.8894
8555,6490.6455,2816.8699,2290.0928
8556,6425.1361,2714.5124,2271.6679
8557,6359.0148,2641.5817,2257.8923
8558,6369.8899,2657.3626,2260.8113
8559,6679.4574,2847.336,2367.6093
8560,7221.3605,3135.9517,2505.1999
8561,7046.5121,3193.0541,2470.4412
8562,6709.5184,3057.9285,2537.2977
8563,6402.1279,2853.0136,2407.9914
8564,5923.0128,2604.4737,2192.411
8565,5445.9283,2352.787,1957.5124
8566,5100.2235,2177.0515,1762.0033
8567,4820.1856,2052.7697,1651.8721
8568,5454.6894,2285.3576,1820.4294
8569,4972.7569,2141.0735,1608.6332
8570,4787.6048,2105.2481,1545.2358
8571,4725.0998,2136.131,1524.0614
8572,4726.0822,2213.7095,1539.6217
8573,4838.7008,2294.6215,1620.4016
8574,5074.9264,2383.3174,1749.7747
8575,5332.418,2565.0227,1856.1995
8576,5711.5189,2714.2098,1989.3319
8577,5990.6228,2743.9365,2047.2676
8578,6133.8842,2734.7305,2075.7507
8579,6182.0399,2719.1575,2075.7181
8580,6214.6058,2715.9002,2064.6578
8581,6188.0053,2734.2648,2026.9801
8582,6128.6397,2836.4117,1989.2526
8583,6082.2601,3110.6028,1970.722
8584,6363.2544,3188.2812,2080.8112
8585,7016.0339,3245.2036,2465.6876
8586,7102.7574,3118.2014,2580.3205
8587,6980.814,2972.2425,2539.9555
8588,6826.4137,2765.8714,2467.5237
8589,6543.5238,2533.1176,2318.9942
8590,6172.8363,2354.5301,2141.0432
8591,5713.9685,2234.7381,1921.6755
8592,4510.0002,2110.2458,1495.1298
8593,4350.146,1936.1612,1453.5979
8594,4256.0262,1872.3233,1468.1873
8595,4193.5419,1830.2518,1530.4676
8596,4211.9664,1820.8722,1625.8524
8597,4399.9601,1904.7178,1685.5464
8598,4663.3721,2052.2092,1785.4732
8599,4907.3306,2148.4837,1834.9224
8600,5242.337,2328.738,1878.9612
8601,5574.1364,2481.2087,1912.0269
8602,5732.4438,2582.3283,1914.8464
8603,5853.9959,2587.1996,1903.8872
8604,5868.2864,2550.0732,1901.1486
8605,5931.5055,2500.36,1907.5486
8606,5891.7025,2405.4733,2013.0024
8607,5846.8801,2298.0524,2361.4836
8608,6134.8604,2282.8214,2373.4868
8609,6222.4461,2468.3997,2354.5839
8610,6537.9556,2997.4873,2471.0218
8611,6485.8045,2995.8626,2330.6568
8612,6284.5356,2932.2299,2118.7284
8613,5863.615,2831.1893,1909.4749
8614,5353.987,2599.7286,1739.7274
8615,5055.7845,2379.0144,1646.0683
8616,5065.8285,2328.938,1669.759
8617,4774.7452,2230.9441,1659.5997
8618,4600.8151,2151.8646,1589.0321
8619,4518.8011,2110.1194,1551.5316
8620,4492.0274,2138.1846,1550.738
8621,4548.2883,2217.4325,1597.6009
8622,4707.7911,2310.6629,1660.9983
8623,4763.9377,2352.5949,1676.6317
8624,4973.5921,2469.0113,1775.7416
8625,5280.2738,2576.0296,1861.9737
8626,5586.8187,2639.557,1937.1363
8627,5873.7283,2637.8376,1968.2493
8628,6029.7921,2584.9671,1960.869
8629,6013.31,2522.9117,1941.6271
8630,5989.6152,2448.63,1921.5993
8631,5968.5057,2419.4612,1930.2101
8632,5882.1648,2515.7962,2049.5126
8633,6259.4438,2751.8914,2423.6793
8634,6417.1324,2793.8024,2506.1475
8635,6248.7914,2748.7105,2441.8259
8636,6094.8534,2703.4976,2348.0828
8637,5831.4794,2597.7882,2167.2362
8638,5528.6945,2451.6636,1972.6561
8639,5060.5608,2249.7349,1802.9023
8640,4622.0752,1857.0712,1481.0666
8641,4447.0139,1844.4423,1443.3796
8642,4525.2531,2013.3292,1508.3502
8643,4835.2584,2349.7756,1675.0901
8644,5382.2969,2632.2058,1970.2944
8645,6120.581,2778.4804,2201.6078
8646,6236.4984,2794.4955,2237.779
8647,6288.1207,2794.7797,2254.5077
8648,6268.1591,2748.2737,2259.1369
8649,6208.1781,2704.7723,2255.4647
8650,6092.9239,2664.486,2219.707
8651,5993.8903,2611.7339,2185.7451
8652,5945.9112,2585.3934,2160.9684
8653,5899.9627,2562.2864,2132.5413
8654,5915.1941,2543.6456,2136.1575
8655,6032.4668,2529.7288,2380.8033
8656,6618.3459,2834.5596,2592.0811
8657,6881.243,3061.2252,2674.9785
8658,6638.3292,2873.4475,2553.1955
8659,6190.1772,2521.2544,2303.8132
8660,5702.0697,2201.5189,2009.3855
8661,5203.6933,1987.1191,1752.4271
8662,4840.6624,1882.6344,1598.0099
8663,4650.9055,1868.2387,1565.6213
8664,5117.3892,1996.6498,1660.7308
8665,4682.076,1887.8595,1595.5176
8666,4644.3348,1879.9703,1588.0783
8667,4755.7148,1966.7205,1640.2412
8668,5114.4056,2207.2661,1775.0341
8669,5711.2072,2594.0047,2030.2154
8670,6106.3279,2917.1764,2151.6246
8671,6341.4049,2936.0935,2210.5218
8672,6399.8487,2838.4206,2216.1126
8673,6445.721,2799.5485,2270.1692
8674,6377.1726,2760.7579,2277.523
8675,6275.9613,2689.3019,2239.0065
8676,6240.0793,2655.088,2225.2372
8677,6145.0758,2611.5576,2209.6411
8678,6064.7627,2571.1477,2177.523
8679,6019.5864,2566.4368,2143.53
8680,6517.7267,2809.1833,2306.2424
8681,7057.1749,3071.969,2458.9029
8682,7242.5892,3223.9345,2588.217
8683,6752.4235,2980.3685,2425.9026
8684,6328.3219,2739.8414,2238.757
8685,5870.2859,2509.9791,2044.0789
8686,5499.1672,2284.6066,1881.3711
8687,5089.6522,2104.1523,1730.7054
8688,5025.2568,2168.836,1750.6197
8689,4739.411,2039.8618,1615.7428
8690,4670.7414,2001.1975,1663.3295
8691,4687.9826,1989.1554,1802.708
8692,4949.3242,2098.3194,2055.0154
8693,5743.0461,2517.6156,2306.7826
8694,6236.7131,2965.6965,2365.627
8695,6243.4316,3032.3864,2338.1428
8696,6294.77,2985.7594,2354.6025
8697,6348.101,2957.8073,2355.5175
8698,6322.6768,2946.8188,2342.6382
8699,6275.635,2920.3283,2343.4848
8700,6286.774,2893.8615,2334.2762
8701,6243.8385,2870.5677,2305.8133
8702,6280.419,2848.9538,2325.9437
8703,6296.5236,2788.9494,2445.0923
8704,7090.5346,2926.1049,2759.4041
8705,7157.6636,3001.8719,2682.4333
8706,6863.7958,3263.7287,2534.7146
8707,6727.955,3275.905,2392.5353
8708,6459.3071,3165.3085,2188.8274
8709,6066.8116,2955.4985,1966.6588
8710,5570.9755,2600.0113,1772.891
8711,5155.8126,2320.6278,1671.7211
8712,4188.7199,1670.6814,1519.3249
8713,4252.5959,1740.5417,1514.646
8714,4521.9578,2015.2959,1557.8492
8715,5096.562,2529.1525,1714.8247
8716,5981.7376,2905.3552,1958.1273
8717,6397.457,2821.8807,2131.4817
8718,6381.7003,2761.2526,2166.455
8719,6484.1434,2781.2629,2173.8508
8720,6502.8933,2739.2098,2192.1669
8721,6599.0714,2667.6906,2159.1105
8722,6598.0647,2628.7396,2133.3474
8723,6676.5688,2627.086,2131.4553
8724,6712.1928,2602.1833,2162.5853
8725,6740.6682,2571.1951,2134.1752
8726,6938.8115,2642.7643,2207.7661
8727,7480.1598,3023.5305,2432.3041
8728,7445.558,2925.8918,2410.2925
8729,7001.2032,2660.2462,2335.7043
8730,6513.3244,2464.5925,2301.5837
8731,5953.7629,2177.383,2151.9122
8732,5264.4506,1872.9627,1956.3052
8733,4715.8601,1683.3446,1775.3637
8734,4467.1652,1630.3714,1649.5493
8735,4393.0278,1648.8412,1575.2752
8736,4724.1555,2059.7747,1799.8838
8737,4489.1045,1931.003,1703.7054
8738,4402.3013,1899.9516,1664.2289
8739,4392.1829,1896.8997,1666.9675
8740,4453.5151,1951.3422,1705.5384
8741,4675.0831,2112.8136,1825.7014
8742,4833.5827,2247.9918,1915.6494
8743,5121.6738,2429.6392,2041.2274
8744,5427.0528,2581.7967,2132.0546
8745,5627.2734,2685.8578,2145.8379
8746,5668.1558,2701.4256,2119.2904
8747,5639.49,2727.7793,2091.8093
8748,5615.9856,2740.1661,2064.3297
8749,5583.333,2699.8457,2031.3605
8750,5596.8437,2684.4568,2006.7082
8751,5609.7926,2652.3123,1979.5147
8752,6390.498,3052.4993,2281.2372
8753,6665.0888,3283.6889,2610.5511
8754,6556.8188,3196.6993,2591.2703
8755,6431.0964,3122.0649,2534.301
8756,6182.9053,2969.839,2420.454
8757,5811.2198,2739.9872,2258.8881
8758,5361.99,2459.0264,2042.3554
8759,5000.4351,2268.0073,1840.5645
8760,4724.1555,2059.7747,1799.8838
8761,4489.1045,1931.003,1703.7054
8762,4402.3013,1899.9516,1664.2289
8763,4392.1829,1896.8997,1666.9675
8764,4453.5151,1951.3422,1705.5384
8765,4675.0831,2112.8136,1825.7014
8766,4833.5827,2247.9918,1915.6494
8767,5121.6738,2429.6392,2041.2274
8768,5427.0528,2581.7967,2132.0546
8769,5627.2734,2685.8578,2145.8379
8770,5668.1558,2701.4256,2119.2904
8771,5639.49,2727.7793,2091.8093
8772,5615.9856,2740.1661,2064.3297
8773,5583.333,2699.8457,2031.3605
8774,5596.8437,2684.4568,2006.7082
8775,5609.7926,2652.3123,1979.5147
8776,6390.498,3052.4993,2281.2372
8777,6665.0888,3283.6889,2610.5511
8778,6556.8188,3196.6993,2591.2703
8779,6431.0964,3122.0649,2534.301
8780,6182.9053,2969.839,2420.454
8781,5811.2198,2739.9872,2258.8881
8782,5361.99,2459.0264,2042.3554
8783,5000.4351,2268.0073,1840.5645
