hour,nuclear_north,coal_north,ct_north,wind_north,ccgt_south_1,ccgt_south_2,ct_south,solar_south,coal_east,ccgt_east,ct_east,wind_east
0,1.0,1.0,1.0,0.5188,1.0,1.0,1.0,0.0,1.0,1.0,1.0,0.4754
1,1.0,1.0,1.0,0.5184,1.0,1.0,1.0,0.0,1.0,1.0,1.0,0.5858
2,1.0,1.0,1.0,0.4796,1.0,1.0,1.0,0.0,1.0,1.0,1.0,0.4918
3,1.0,1.0,1.0,0.4592,1.0,1.0,1.0,0.0,1.0,1.0,1.0,0.4485
4,1.0,1.0,1.0,0.6099,1.0,1.0,1.0,0.0,1.0,1.0,1.0,0.4576
5,1.0,1.0,1.0,0.4716,1.0,1.0,1.0,0.0,1.0,1.0,1.0,0.3675
6,1.0,1.0,1.0,0.4188,1.0,1.0,1.0,0.0,1.0,1.0,1.0,0.4486
7,1.0,1.0,1.0,0.4248,1.0,1.0,1.0,0.0,1.0,1.0,1.0,0.4512
8,1.0,1.0,1.0,0.3742,1.0,1.0,1.0,0.1207,1.0,1.0,1.0,0.3772
9,1.0,1.0,1.0,0.4195,1.0,1.0,1.0,0.3276,1.0,1.0,1.0,0.3171
10,1.0,1.0,1.0,0.4176,1.0,1.0,1.0,0.5414,1.0,1.0,1.0,0.4272
11,1.0,1.0,1.0,0.4425,1.0,1.0,1.0,0.6059,1.0,1.0,1.0,0.4049
12,1.0,1.0,1.0,0.455,1.0,1.0,1.0,0.5515,1.0,1.0,1.0,0.4598
13,1.0,1.0,1.0,0.448,1.0,1.0,1.0,0.4296,1.0,1.0,1.0,0.4594
14,1.0,1.0,1.0,0.3425,1.0,1.0,1.0,0.3954,1.0,1.0,1.0,0.3154
15,1.0,1.0,1.0,0.3615,1.0,1.0,1.0,0.2816,1.0,1.0,1.0,0.3791
16,1.0,1.0,1.0,0.2375,1.0,1.0,1.0,0.1149,1.0,1.0,1.0,0.4736
17,1.0,1.0,1.0,0.2035,1.0,1.0,1.0,0.0,1.0,1.0,1.0,0.6317
18,1.0,1.0,1.0,0.2405,1.0,1.0,1.0,0.0,1.0,1.0,1.0,0.4638
19,1.0,1.0,1.0,0.3325,1.0,1.0,1.0,0.0,1.0,1.0,1.0,0.2229
20,1.0,1.0,1.0,0.5371,1.0,1.0,1.0,0.0,1.0,1.0,1.0,0.2707
21,1.0,1.0,1.0,0.4991,1.0,1.0,1.0,0.0,1.0,1.0,1.0,0.2362
22,1.0,1.0,1.0,0.4246,1.0,1.0,1.0,0.0,1.0,1.0,1.0,0.1622
23,1.0,1.0,1.0,0.4726,1.0,1.0,1.0,0.0,1.0,1.0,1.0,0.1739
24,1.0,1.0,1.0,0.635,1.0,1.0,1.0,0.0,1.0,1.0,1.0,0.1587
25,1.0,1.0,1.0,0.7457,1.0,1.0,1.0,0.0,1.0,1.0,1.0,0.1123
26,1.0,1.0,1.0,0.6646,1.0,1.0,1.0,0.0,1.0,1.0,1.0,0.1153
27,1.0,1.0,1.0,0.6494,1.0,1.0,1.0,0.0,1.0,1.0,1.0,0.1442
28,1.0,1.0,1.0,0.7105,1.0,1.0,1.0,0.0,1.0,1.0,1.0,0.1585
29,1.0,1.0,1.0,0.7677,1.0,1.0,1.0,0.0,1.0,1.0,1.0,0.1739
30,1.0,1.0,1.0,0.7972,1.0,1.0,1.0,0.0,1.0,1.0,1.0,0.2044
31,1.0,1.0,1.0,0.7637,1.0,1.0,1.0,0.0,1.0,1.0,1.0,0.1286
32,1.0,1.0,1.0,0.7932,1.0,1.0,1.0,0.1082,1.0,1.0,1.0,0.1328
33,1.0,1.0,1.0,0.8364,1.0,1.0,1.0,0.2909,1.0,1.0,1.0,0.1494
34,1.0,1.0,1.0,0.7788,1.0,1.0,1.0,0.4179,1.0,1.0,1.0,0.1392
35,1.0,1.0,1.0,0.8441,1.0,1.0,1.0,0.5479,1.0,1.0,1.0,0.113
36,1.0,1.0,1.0,0.8795,1.0,1.0,1.0,0.5543,1.0,1.0,1.0,0.0943
37,1.0,1.0,1.0,0.8417,1.0,1.0,1.0,0.4921,1.0,1.0,1.0,0.0911
38,1.0,1.0,1.0,0.8751,1.0,1.0,1.0,0.4426,1.0,1.0,1.0,0.1285
39,1.0,1.0,1.0,0.898,1.0,1.0,1.0,0.3155,1.0,1.0,1.0,0.21
40,1.0,1.0,1.0,0.9176,1.0,1.0,1.0,0.1436,1.0,1.0,1.0,0.3047
41,1.0,1.0,1.0,0.9474,1.0,1.0,1.0,0.0,1.0,1.0,1.0,0.206
42,1.0,1.0,1.0,0.9429,1.0,1.0,1.0,0.0,1.0,1.0,1.0,0.1624
43,1.0,1.0,1.0,0.9447,1.0,1.0,1.0,0.0,1.0,1.0,1.0,0.2036
44,1.0,1.0,1.0,0.862,1.0,1.0,1.0,0.0,1.0,1.0,1.0,0.2951
45,1.0,1.0,1.0,0.8975,1.0,1.0,1.0,0.0,1.0,1.0,1.0,0.234
46,1.0,1.0,1.0,0.9216,1.0,1.0,1.0,0.0,1.0,1.0,1.0,0.2518
47,1.0,1.0,1.0,0.9462,1.0,1.0,1.0,0.0,1.0,1.0,1.0,0.1892
48,1.0,1.0,1.0,0.9212,1.0,1.0,1.0,0.0,1.0,1.0,1.0,0.2117
49,1.0,1.0,1.0,0.9384,1.0,1.0,1.0,0.0,1.0,1.0,1.0,0.182
50,1.0,1.0,1.0,0.9526,1.0,1.0,1.0,0.0,1.0,1.0,1.0,0.1984
51,1.0,1.0,1.0,0.9362,1.0,1.0,1.0,0.0,1.0,1.0,1.0,0.1441
52,1.0,1.0,1.0,0.9515,1.0,1.0,1.0,0.0,1.0,1.0,1.0,0.0909
53,1.0,1.0,1.0,0.9549,1.0,1.0,1.0,0.0,1.0,1.0,1.0,0.2401
54,1.0,1.0,1.0,0.9145,1.0,1.0,1.0,0.0,1.0,1.0,1.0,0.2505
55,1.0,1.0,1.0,0.9245,1.0,1.0,1.0,0.0,1.0,1.0,1.0,0.421
56,1.0,1.0,1.0,0.897,1.0,1.0,1.0,0.1005,1.0,1.0,1.0,0.5539
57,1.0,1.0,1.0,0.8198,1.0,1.0,1.0,0.2575,1.0,1.0,1.0,0.4096
58,1.0,1.0,1.0,0.8321,1.0,1.0,1.0,0.3528,1.0,1.0,1.0,0.4426
59,1.0,1.0,1.0,0.8223,1.0,1.0,1.0,0.4124,1.0,1.0,1.0,0.3364
60,1.0,1.0,1.0,0.8786,1.0,1.0,1.0,0.517,1.0,1.0,1.0,0.3174
61,1.0,1.0,1.0,0.8794,1.0,1.0,1.0,0.4257,1.0,1.0,1.0,0.197
62,1.0,1.0,1.0,0.9004,1.0,1.0,1.0,0.2962,1.0,1.0,1.0,0.1282
63,1.0,1.0,1.0,0.9102,1.0,1.0,1.0,0.1468,1.0,1.0,1.0,0.1033
64,1.0,1.0,1.0,0.9313,1.0,1.0,1.0,0.0899,1.0,1.0,1.0,0.092
65,1.0,1.0,1.0,0.9021,1.0,1.0,1.0,0.0,1.0,1.0,1.0,0.0988
66,1.0,1.0,1.0,0.9025,1.0,1.0,1.0,0.0,1.0,1.0,1.0,0.0752
67,1.0,1.0,1.0,0.8921,1.0,1.0,1.0,0.0,1.0,1.0,1.0,0.0843
68,1.0,1.0,1.0,0.9072,1.0,1.0,1.0,0.0,1.0,1.0,1.0,0.128
69,1.0,1.0,1.0,0.9092,1.0,1.0,1.0,0.0,1.0,1.0,1.0,0.1458
70,1.0,1.0,1.0,0.8831,1.0,1.0,1.0,0.0,1.0,1.0,1.0,0.1492
71,1.0,1.0,1.0,0.8636,1.0,1.0,1.0,0.0,1.0,1.0,1.0,0.1719
72,1.0,1.0,1.0,0.9147,1.0,1.0,1.0,0.0,1.0,1.0,1.0,0.1164
73,1.0,1.0,1.0,0.847,1.0,1.0,1.0,0.0,1.0,1.0,1.0,0.1631
74,1.0,1.0,1.0,0.8711,1.0,1.0,1.0,0.0,1.0,1.0,1.0,0.1183
75,1.0,1.0,1.0,0.9081,1.0,1.0,1.0,0.0,1.0,1.0,1.0,0.1966
76,1.0,1.0,1.0,0.9188,1.0,1.0,1.0,0.0,1.0,1.0,1.0,0.2501
77,1.0,1.0,1.0,0.9546,1.0,1.0,1.0,0.0,1.0,1.0,1.0,0.2946
78,1.0,1.0,1.0,0.9639,1.0,1.0,1.0,0.0,1.0,1.0,1.0,0.3453
79,1.0,1.0,1.0,0.9653,1.0,1.0,1.0,0.0,1.0,1.0,1.0,0.3489
80,1.0,1.0,1.0,0.9554,1.0,1.0,1.0,0.1128,1.0,1.0,1.0,0.2926
81,1.0,1.0,1.0,0.9575,1.0,1.0,1.0,0.2582,1.0,1.0,1.0,0.2335
82,1.0,1.0,1.0,0.9631,1.0,1.0,1.0,0.389,1.0,1.0,1.0,0.3676
83,1.0,1.0,1.0,0.9597,1.0,1.0,1.0,0.5046,1.0,1.0,1.0,0.3792
84,1.0,1.0,1.0,0.9436,1.0,1.0,1.0,0.5371,1.0,1.0,1.0,0.295
85,1.0,1.0,1.0,0.91,1.0,1.0,1.0,0.4791,1.0,1.0,1.0,0.3392
86,1.0,1.0,1.0,0.9098,1.0,1.0,1.0,0.3705,1.0,1.0,1.0,0.3707
87,1.0,1.0,1.0,0.8489,1.0,1.0,1.0,0.2785,1.0,1.0,1.0,0.3472
88,1.0,1.0,1.0,0.8193,1.0,1.0,1.0,0.0998,1.0,1.0,1.0,0.283
89,1.0,1.0,1.0,0.6498,1.0,1.0,1.0,0.0,1.0,1.0,1.0,0.3437
90,1.0,1.0,1.0,0.7096,1.0,1.0,1.0,0.0,1.0,1.0,1.0,0.4258
91,1.0,1.0,1.0,0.7813,1.0,1.0,1.0,0.0,1.0,1.0,1.0,0.4552
92,1.0,1.0,1.0,0.7799,1.0,1.0,1.0,0.0,1.0,1.0,1.0,0.4621
93,1.0,1.0,1.0,0.8666,1.0,1.0,1.0,0.0,1.0,1.0,1.0,0.3956
94,1.0,1.0,1.0,0.9079,1.0,1.0,1.0,0.0,1.0,1.0,1.0,0.4388
95,1.0,1.0,1.0,0.9161,1.0,1.0,1.0,0.0,1.0,1.0,1.0,0.3862
96,1.0,1.0,1.0,0.9076,1.0,1.0,1.0,0.0,1.0,1.0,1.0,0.2902
97,1.0,1.0,1.0,0.8906,1.0,1.0,1.0,0.0,1.0,1.0,1.0,0.3831
98,1.0,1.0,1.0,0.9032,1.0,1.0,1.0,0.0,1.0,1.0,1.0,0.3047
99,1.0,1.0,1.0,0.8928,1.0,1.0,1.0,0.0,1.0,1.0,1.0,0.1874
100,1.0,1.0,1.0,0.9047,1.0,1.0,1.0,0.0,1.0,1.0,1.0,0.2754
101,1.0,1.0,1.0,0.9171,1.0,1.0,1.0,0.0,1.0,1.0,1.0,0.1749
102,1.0,1.0,1.0,0.9049,1.0,1.0,1.0,0.0,1.0,1.0,1.0,0.1619
103,1.0,1.0,1.0,0.929,1.0,1.0,1.0,0.0,1.0,1.0,1.0,0.1213
104,1.0,1.0,1.0,0.9182,1.0,1.0,1.0,0.1275,1.0,1.0,1.0,0.1018
105,1.0,1.0,1.0,0.9133,1.0,1.0,1.0,0.2908,1.0,1.0,1.0,0.2082
106,1.0,1.0,1.0,0.8749,1.0,1.0,1.0,0.4186,1.0,1.0,1.0,0.2085
107,1.0,1.0,1.0,0.8575,1.0,1.0,1.0,0.4777,1.0,1.0,1.0,0.2368
108,1.0,1.0,1.0,0.924,1.0,1.0,1.0,0.6553,1.0,1.0,1.0,0.2971
109,1.0,1.0,1.0,0.892,1.0,1.0,1.0,0.6163,1.0,1.0,1.0,0.2565
110,1.0,1.0,1.0,0.9006,1.0,1.0,1.0,0.5228,1.0,1.0,1.0,0.341
111,1.0,1.0,1.0,0.8788,1.0,1.0,1.0,0.3231,1.0,1.0,1.0,0.3752
112,1.0,1.0,1.0,0.7594,1.0,1.0,1.0,0.1562,1.0,1.0,1.0,0.4419
113,1.0,1.0,1.0,0.7881,1.0,1.0,1.0,0.0,1.0,1.0,1.0,0.3816
114,1.0,1.0,1.0,0.7469,1.0,1.0,1.0,0.0,1.0,1.0,1.0,0.4218
115,1.0,1.0,1.0,0.762,1.0,1.0,1.0,0.0,1.0,1.0,1.0,0.4227
116,1.0,1.0,1.0,0.8142,1.0,1.0,1.0,0.0,1.0,1.0,1.0,0.5226
117,1.0,1.0,1.0,0.8203,1.0,1.0,1.0,0.0,1.0,1.0,1.0,0.4741
118,1.0,1.0,1.0,0.8307,1.0,1.0,1.0,0.0,1.0,1.0,1.0,0.6475
119,1.0,1.0,1.0,0.7758,1.0,1.0,1.0,0.0,1.0,1.0,1.0,0.6694
120,1.0,1.0,1.0,0.8111,1.0,1.0,1.0,0.0,1.0,1.0,1.0,0.6549
121,1.0,1.0,1.0,0.7941,1.0,1.0,1.0,0.0,1.0,1.0,1.0,0.6305
122,1.0,1.0,1.0,0.6485,1.0,1.0,1.0,0.0,1.0,1.0,1.0,0.6256
123,1.0,1.0,1.0,0.7081,1.0,1.0,1.0,0.0,1.0,1.0,1.0,0.5684
124,1.0,1.0,1.0,0.7788,1.0,1.0,1.0,0.0,1.0,1.0,1.0,0.622
125,1.0,1.0,1.0,0.851,1.0,1.0,1.0,0.0,1.0,1.0,1.0,0.6169
126,1.0,1.0,1.0,0.9207,1.0,1.0,1.0,0.0,1.0,1.0,1.0,0.7577
127,1.0,1.0,1.0,0.9342,1.0,1.0,1.0,0.0,1.0,1.0,1.0,0.7214
128,1.0,1.0,1.0,0.9402,1.0,1.0,1.0,0.1126,1.0,1.0,1.0,0.7065
129,1.0,1.0,1.0,0.9551,1.0,1.0,1.0,0.2426,1.0,1.0,1.0,0.6676
130,1.0,1.0,1.0,0.9345,1.0,1.0,1.0,0.4055,1.0,1.0,1.0,0.7905
131,1.0,1.0,1.0,0.8804,1.0,1.0,1.0,0.5379,1.0,1.0,1.0,0.6856
132,1.0,1.0,1.0,0.8547,1.0,1.0,1.0,0.6571,1.0,1.0,1.0,0.6871
133,1.0,1.0,1.0,0.8974,1.0,1.0,1.0,0.6044,1.0,1.0,1.0,0.7048
134,1.0,1.0,1.0,0.867,1.0,1.0,1.0,0.4362,1.0,1.0,1.0,0.6099
135,1.0,1.0,1.0,0.8791,1.0,1.0,1.0,0.333,1.0,1.0,1.0,0.7951
136,1.0,1.0,1.0,0.8936,1.0,1.0,1.0,0.1615,1.0,1.0,1.0,0.7285
137,1.0,1.0,1.0,0.8959,1.0,1.0,1.0,0.0,1.0,1.0,1.0,0.7245
138,1.0,1.0,1.0,0.838,1.0,1.0,1.0,0.0,1.0,1.0,1.0,0.8212
139,1.0,1.0,1.0,0.8477,1.0,1.0,1.0,0.0,1.0,1.0,1.0,0.7933
140,1.0,1.0,1.0,0.8206,1.0,1.0,1.0,0.0,1.0,1.0,1.0,0.7945
141,1.0,1.0,1.0,0.8883,1.0,1.0,1.0,0.0,1.0,1.0,1.0,0.7665
142,1.0,1.0,1.0,0.9177,1.0,1.0,1.0,0.0,1.0,1.0,1.0,0.7562
143,1.0,1.0,1.0,0.9009,1.0,1.0,1.0,0.0,1.0,1.0,1.0,0.8137
144,1.0,1.0,1.0,0.9407,1.0,1.0,1.0,0.0,1.0,1.0,1.0,0.7829
145,1.0,1.0,1.0,0.9429,1.0,1.0,1.0,0.0,1.0,1.0,1.0,0.5775
146,1.0,1.0,1.0,0.8945,1.0,1.0,1.0,0.0,1.0,1.0,1.0,0.5718
147,1.0,1.0,1.0,0.8859,1.0,1.0,1.0,0.0,1.0,1.0,1.0,0.5744
148,1.0,1.0,1.0,0.9284,1.0,1.0,1.0,0.0,1.0,1.0,1.0,0.5883
149,1.0,1.0,1.0,0.9004,1.0,1.0,1.0,0.0,1.0,1.0,1.0,0.5695
150,1.0,1.0,1.0,0.8923,1.0,1.0,1.0,0.0,1.0,1.0,1.0,0.4918
151,1.0,1.0,1.0,0.8289,1.0,1.0,1.0,0.0,1.0,1.0,1.0,0.47
152,1.0,1.0,1.0,0.7527,1.0,1.0,1.0,0.1737,1.0,1.0,1.0,0.6222
153,1.0,1.0,1.0,0.6879,1.0,1.0,1.0,0.3445,1.0,1.0,1.0,0.6146
154,1.0,1.0,1.0,0.5842,1.0,1.0,1.0,0.434,1.0,1.0,1.0,0.6635
155,1.0,1.0,1.0,0.529,1.0,1.0,1.0,0.462,1.0,1.0,1.0,0.573
156,1.0,1.0,1.0,0.6734,1.0,1.0,1.0,0.5304,1.0,1.0,1.0,0.5451
157,1.0,1.0,1.0,0.6665,1.0,1.0,1.0,0.5228,1.0,1.0,1.0,0.4558
158,1.0,1.0,1.0,0.721,1.0,1.0,1.0,0.4907,1.0,1.0,1.0,0.5692
159,1.0,1.0,1.0,0.7868,1.0,1.0,1.0,0.2854,1.0,1.0,1.0,0.4313
160,1.0,1.0,1.0,0.7071,1.0,1.0,1.0,0.1092,1.0,1.0,1.0,0.4649
161,1.0,1.0,1.0,0.638,1.0,1.0,1.0,0.0,1.0,1.0,1.0,0.4951
162,1.0,1.0,1.0,0.6943,1.0,1.0,1.0,0.0,1.0,1.0,1.0,0.5188
163,1.0,1.0,1.0,0.6403,1.0,1.0,1.0,0.0,1.0,1.0,1.0,0.3208
164,1.0,1.0,1.0,0.6915,1.0,1.0,1.0,0.0,1.0,1.0,1.0,0.1918
165,1.0,1.0,1.0,0.7978,1.0,1.0,1.0,0.0,1.0,1.0,1.0,0.2048
166,1.0,1.0,1.0,0.6953,1.0,1.0,1.0,0.0,1.0,1.0,1.0,0.1623
167,1.0,1.0,1.0,0.6633,1.0,1.0,1.0,0.0,1.0,1.0,1.0,0.1395
168,1.0,1.0,1.0,0.6441,1.0,1.0,1.0,0.0,1.0,1.0,1.0,0.1286
169,1.0,1.0,1.0,0.5973,1.0,1.0,1.0,0.0,1.0,1.0,1.0,0.0974
170,1.0,1.0,1.0,0.543,1.0,1.0,1.0,0.0,1.0,1.0,1.0,0.0697
171,1.0,1.0,1.0,0.4995,1.0,1.0,1.0,0.0,1.0,1.0,1.0,0.0748
172,1.0,1.0,1.0,0.4989,1.0,1.0,1.0,0.0,1.0,1.0,1.0,0.0427
173,1.0,1.0,1.0,0.5141,1.0,1.0,0.6,0.0,1.0,1.0,1.0,0.0393
174,1.0,1.0,1.0,0.5965,1.0,1.0,0.6,0.0,1.0,1.0,1.0,0.0344
175,1.0,1.0,1.0,0.5923,1.0,1.0,0.6,0.0,1.0,1.0,1.0,0.0374
176,1.0,1.0,1.0,0.6806,1.0,1.0,0.6,0.1469,1.0,1.0,1.0,0.0898
177,1.0,1.0,1.0,0.6294,1.0,1.0,0.6,0.3225,1.0,1.0,1.0,0.0696
178,1.0,1.0,1.0,0.524,1.0,1.0,0.6,0.4302,1.0,1.0,1.0,0.0851
179,1.0,1.0,1.0,0.4973,1.0,1.0,0.6,0.561,1.0,1.0,1.0,0.0972
180,1.0,1.0,1.0,0.5385,1.0,1.0,0.6,0.6336,1.0,1.0,1.0,0.1226
181,1.0,1.0,1.0,0.6115,1.0,1.0,0.6,0.6686,1.0,1.0,1.0,0.1207
182,1.0,1.0,1.0,0.7219,1.0,1.0,0.6,0.5379,1.0,1.0,1.0,0.194
183,1.0,1.0,1.0,0.7369,1.0,1.0,0.6,0.3149,1.0,1.0,1.0,0.2415
184,1.0,1.0,1.0,0.78,1.0,1.0,0.6,0.1717,1.0,1.0,1.0,0.2959
185,1.0,1.0,1.0,0.8468,1.0,1.0,0.6,0.0,1.0,1.0,1.0,0.2078
186,1.0,1.0,1.0,0.8003,1.0,1.0,0.6,0.0,1.0,1.0,1.0,0.2198
187,1.0,1.0,1.0,0.7818,1.0,1.0,0.6,0.0,1.0,1.0,1.0,0.1963
188,1.0,1.0,1.0,0.9012,1.0,1.0,0.6,0.0,1.0,1.0,1.0,0.1583
189,1.0,1.0,1.0,0.9203,1.0,1.0,0.6,0.0,1.0,1.0,1.0,0.1367
190,1.0,1.0,1.0,0.9279,1.0,1.0,0.6,0.0,1.0,1.0,1.0,0.1407
191,1.0,1.0,1.0,0.9423,1.0,1.0,0.6,0.0,1.0,1.0,1.0,0.1683
192,1.0,1.0,1.0,0.9044,1.0,1.0,0.6,0.0,1.0,1.0,1.0,0.2304
193,1.0,1.0,1.0,0.8762,1.0,1.0,0.6,0.0,1.0,1.0,1.0,0.3005
194,1.0,1.0,1.0,0.8244,1.0,1.0,0.6,0.0,1.0,1.0,1.0,0.3275
195,1.0,1.0,1.0,0.8389,1.0,1.0,0.6,0.0,1.0,1.0,1.0,0.3361
196,1.0,1.0,1.0,0.8137,1.0,1.0,0.6,0.0,1.0,1.0,1.0,0.3151
197,1.0,1.0,1.0,0.8125,1.0,1.0,0.6,0.0,1.0,1.0,1.0,0.3012
198,1.0,1.0,1.0,0.7885,1.0,1.0,0.6,0.0,1.0,1.0,1.0,0.2513
199,1.0,1.0,1.0,0.6705,1.0,1.0,0.6,0.0,1.0,1.0,1.0,0.2294
200,1.0,1.0,1.0,0.7314,1.0,1.0,0.6,0.1715,1.0,1.0,1.0,0.2585
201,1.0,1.0,1.0,0.5885,1.0,1.0,0.6,0.3314,1.0,1.0,1.0,0.3811
202,1.0,1.0,1.0,0.5238,1.0,1.0,0.6,0.4834,1.0,1.0,1.0,0.3716
203,1.0,1.0,1.0,0.4098,1.0,1.0,0.6,0.5331,1.0,1.0,1.0,0.3112
204,1.0,1.0,1.0,0.341,1.0,1.0,0.6,0.4963,1.0,1.0,1.0,0.3933
205,1.0,1.0,1.0,0.3622,1.0,1.0,0.6,0.4211,1.0,1.0,1.0,0.2453
206,1.0,1.0,1.0,0.4717,1.0,1.0,0.6,0.3631,1.0,1.0,1.0,0.3258
207,1.0,1.0,1.0,0.3422,1.0,1.0,0.6,0.284,1.0,1.0,1.0,0.2298
208,1.0,1.0,1.0,0.3045,1.0,1.0,0.6,0.1216,1.0,1.0,1.0,0.2799
209,1.0,1.0,1.0,0.1962,1.0,1.0,0.6,0.0,1.0,1.0,1.0,0.2524
210,1.0,1.0,1.0,0.1712,1.0,1.0,0.6,0.0,1.0,1.0,1.0,0.2803
211,1.0,1.0,1.0,0.1822,1.0,1.0,0.6,0.0,1.0,1.0,1.0,0.4531
212,1.0,1.0,1.0,0.2341,1.0,1.0,0.6,0.0,1.0,1.0,1.0,0.3828
213,1.0,1.0,1.0,0.1314,1.0,1.0,0.6,0.0,1.0,1.0,1.0,0.3066
214,1.0,1.0,1.0,0.163,1.0,1.0,0.6,0.0,1.0,1.0,1.0,0.3172
215,1.0,1.0,1.0,0.1274,1.0,1.0,0.6,0.0,1.0,1.0,1.0,0.4472
216,1.0,1.0,1.0,0.0922,1.0,1.0,0.6,0.0,1.0,1.0,1.0,0.4643
217,1.0,1.0,1.0,0.1005,1.0,1.0,0.6,0.0,1.0,1.0,1.0,0.4687
218,1.0,1.0,1.0,0.1297,1.0,1.0,0.6,0.0,1.0,1.0,1.0,0.4838
219,1.0,1.0,1.0,0.1325,1.0,1.0,0.6,0.0,1.0,1.0,1.0,0.3973
220,1.0,1.0,1.0,0.0996,1.0,1.0,0.6,0.0,1.0,1.0,1.0,0.4149
221,1.0,1.0,1.0,0.1026,1.0,1.0,0.6,0.0,1.0,1.0,1.0,0.3839
222,1.0,1.0,1.0,0.0867,1.0,1.0,0.6,0.0,1.0,1.0,1.0,0.5005
223,1.0,1.0,1.0,0.1121,1.0,1.0,0.6,0.0,1.0,1.0,1.0,0.5693
224,1.0,1.0,1.0,0.1641,1.0,1.0,0.6,0.1782,1.0,1.0,1.0,0.4514
225,1.0,1.0,1.0,0.2276,1.0,1.0,0.6,0.3902,1.0,1.0,1.0,0.4279
226,1.0,1.0,1.0,0.2334,1.0,1.0,0.6,0.5604,1.0,1.0,1.0,0.4752
227,1.0,1.0,1.0,0.3192,1.0,1.0,0.6,0.6703,1.0,1.0,1.0,0.3913
228,1.0,1.0,1.0,0.2518,1.0,1.0,0.6,0.7084,1.0,1.0,1.0,0.3082
229,1.0,1.0,1.0,0.3942,1.0,1.0,0.6,0.6703,1.0,1.0,1.0,0.2792
230,1.0,1.0,1.0,0.3158,1.0,1.0,0.6,0.5604,1.0,1.0,1.0,0.3097
231,1.0,1.0,1.0,0.1889,1.0,1.0,0.6,0.3902,1.0,1.0,1.0,0.3973
232,1.0,1.0,1.0,0.2824,1.0,1.0,0.6,0.1641,1.0,1.0,1.0,0.4194
233,1.0,1.0,1.0,0.2404,1.0,1.0,0.6,0.0,1.0,1.0,1.0,0.6328
234,1.0,1.0,1.0,0.255,1.0,1.0,0.6,0.0,1.0,1.0,1.0,0.5717
235,1.0,1.0,1.0,0.1982,1.0,1.0,0.6,0.0,1.0,1.0,1.0,0.6311
236,1.0,1.0,1.0,0.3716,1.0,1.0,0.6,0.0,1.0,1.0,1.0,0.5326
237,1.0,1.0,1.0,0.5327,1.0,1.0,0.6,0.0,1.0,1.0,1.0,0.6656
238,1.0,1.0,1.0,0.6618,1.0,1.0,0.6,0.0,1.0,1.0,1.0,0.7579
239,1.0,1.0,1.0,0.6649,1.0,1.0,0.6,0.0,1.0,1.0,1.0,0.7947
240,1.0,1.0,1.0,0.7335,1.0,1.0,0.6,0.0,1.0,1.0,1.0,0.6693
241,1.0,1.0,1.0,0.7245,1.0,1.0,0.6,0.0,1.0,1.0,1.0,0.7166
242,1.0,1.0,1.0,0.7914,1.0,1.0,0.6,0.0,1.0,1.0,1.0,0.6481
243,1.0,1.0,1.0,0.76,1.0,1.0,0.6,0.0,1.0,1.0,1.0,0.679
244,1.0,1.0,1.0,0.8424,1.0,1.0,0.6,0.0,1.0,1.0,1.0,0.5536
245,1.0,1.0,1.0,0.8127,1.0,1.0,0.6,0.0,1.0,1.0,1.0,0.5747
246,1.0,1.0,1.0,0.7867,1.0,1.0,0.6,0.0,1.0,1.0,1.0,0.5415
247,1.0,1.0,1.0,0.7513,1.0,1.0,0.6,0.0,1.0,1.0,1.0,0.4717
248,1.0,1.0,1.0,0.7582,1.0,1.0,0.6,0.1798,1.0,1.0,1.0,0.5238
249,1.0,1.0,1.0,0.7263,1.0,1.0,0.6,0.3916,1.0,1.0,1.0,0.5181
250,1.0,1.0,1.0,0.754,1.0,1.0,0.6,0.5615,1.0,1.0,1.0,0.4991
251,1.0,1.0,1.0,0.7153,1.0,1.0,1.0,0.6713,1.0,1.0,1.0,0.5627
252,1.0,1.0,1.0,0.7637,1.0,1.0,1.0,0.7092,1.0,1.0,1.0,0.7128
253,1.0,1.0,1.0,0.8419,1.0,1.0,1.0,0.6713,1.0,1.0,1.0,0.7263
254,1.0,1.0,1.0,0.8392,1.0,1.0,1.0,0.5342,1.0,1.0,1.0,0.5775
255,1.0,1.0,1.0,0.9155,1.0,1.0,1.0,0.3291,1.0,1.0,1.0,0.4392
256,1.0,1.0,1.0,0.9375,1.0,1.0,1.0,0.1539,1.0,1.0,1.0,0.4464
257,1.0,1.0,1.0,0.967,1.0,1.0,1.0,0.0,1.0,1.0,1.0,0.537
258,1.0,1.0,1.0,0.963,1.0,1.0,1.0,0.0,1.0,1.0,1.0,0.5471
259,1.0,1.0,1.0,0.9298,1.0,1.0,1.0,0.0,1.0,1.0,1.0,0.5891
260,1.0,1.0,1.0,0.9056,1.0,1.0,1.0,0.0,1.0,1.0,1.0,0.5809
261,1.0,1.0,1.0,0.8792,1.0,1.0,1.0,0.0,1.0,1.0,1.0,0.6573
262,1.0,1.0,1.0,0.8313,1.0,1.0,1.0,0.0,1.0,1.0,1.0,0.6996
263,1.0,1.0,1.0,0.686,1.0,1.0,1.0,0.0,1.0,1.0,1.0,0.6133
264,1.0,1.0,1.0,0.7543,1.0,1.0,1.0,0.0,1.0,1.0,1.0,0.6464
265,1.0,1.0,1.0,0.6083,1.0,1.0,1.0,0.0,1.0,1.0,1.0,0.5108
266,1.0,1.0,1.0,0.6803,1.0,1.0,1.0,0.0,1.0,1.0,1.0,0.549
267,1.0,1.0,1.0,0.8176,1.0,1.0,1.0,0.0,1.0,1.0,1.0,0.5224
268,1.0,1.0,1.0,0.766,1.0,1.0,1.0,0.0,1.0,1.0,1.0,0.5353
269,1.0,1.0,1.0,0.784,1.0,1.0,1.0,0.0,1.0,1.0,1.0,0.5618
270,1.0,1.0,1.0,0.7529,1.0,1.0,1.0,0.0,1.0,1.0,1.0,0.5835
271,1.0,1.0,1.0,0.7979,1.0,1.0,1.0,0.0,1.0,1.0,1.0,0.6945
272,1.0,1.0,1.0,0.7145,1.0,1.0,1.0,0.1734,1.0,1.0,1.0,0.6913
273,1.0,1.0,1.0,0.6999,1.0,1.0,1.0,0.3679,1.0,1.0,1.0,0.6998
274,1.0,1.0,1.0,0.7715,1.0,1.0,1.0,0.5345,1.0,1.0,1.0,0.7831
275,1.0,1.0,1.0,0.7625,1.0,1.0,1.0,0.6562,1.0,1.0,1.0,0.8707
276,1.0,1.0,1.0,0.6374,1.0,1.0,1.0,0.5573,1.0,1.0,1.0,0.8632
277,1.0,1.0,1.0,0.7281,1.0,1.0,1.0,0.5728,1.0,1.0,1.0,0.8327
278,1.0,1.0,1.0,0.6236,1.0,1.0,1.0,0.5294,1.0,1.0,1.0,0.8011
279,1.0,1.0,1.0,0.6273,1.0,1.0,1.0,0.3931,1.0,1.0,1.0,0.8186
280,1.0,1.0,1.0,0.6708,1.0,1.0,1.0,0.17,1.0,1.0,1.0,0.8003
281,1.0,1.0,1.0,0.676,1.0,1.0,1.0,0.0,1.0,1.0,1.0,0.6753
282,1.0,1.0,1.0,0.8327,1.0,1.0,1.0,0.0,1.0,1.0,1.0,0.7505
283,1.0,1.0,1.0,0.8601,1.0,1.0,1.0,0.0,1.0,1.0,1.0,0.7944
284,1.0,1.0,1.0,0.8448,1.0,1.0,1.0,0.0,1.0,1.0,1.0,0.8469
285,1.0,1.0,1.0,0.865,1.0,1.0,1.0,0.0,1.0,1.0,1.0,0.8935
286,1.0,1.0,1.0,0.8674,1.0,1.0,1.0,0.0,1.0,1.0,1.0,0.8936
287,1.0,1.0,1.0,0.863,1.0,1.0,1.0,0.0,1.0,1.0,1.0,0.896
288,1.0,1.0,1.0,0.8671,1.0,1.0,1.0,0.0,1.0,1.0,1.0,0.9199
289,1.0,1.0,1.0,0.8416,1.0,1.0,1.0,0.0,1.0,1.0,1.0,0.8743
290,1.0,1.0,1.0,0.8453,1.0,1.0,1.0,0.0,1.0,1.0,1.0,0.8527
291,1.0,1.0,1.0,0.8135,1.0,1.0,1.0,0.0,1.0,1.0,1.0,0.843
292,1.0,1.0,1.0,0.6832,1.0,1.0,1.0,0.0,1.0,1.0,1.0,0.8755
293,1.0,1.0,1.0,0.7591,1.0,1.0,1.0,0.0,1.0,1.0,1.0,0.8458
294,1.0,1.0,1.0,0.7147,1.0,1.0,1.0,0.0,1.0,1.0,1.0,0.8021
295,1.0,1.0,1.0,0.7198,1.0,1.0,1.0,0.0,1.0,1.0,1.0,0.7693
296,1.0,1.0,1.0,0.6575,1.0,1.0,1.0,0.1276,1.0,1.0,1.0,0.791
297,1.0,1.0,1.0,0.5939,1.0,1.0,1.0,0.3153,1.0,1.0,1.0,0.7799
298,1.0,1.0,1.0,0.5021,1.0,1.0,1.0,0.4658,1.0,1.0,1.0,0.672
299,1.0,1.0,1.0,0.5849,1.0,1.0,1.0,0.5511,1.0,1.0,1.0,0.5633
300,1.0,1.0,1.0,0.6797,1.0,1.0,1.0,0.4884,1.0,1.0,1.0,0.5727
301,1.0,1.0,1.0,0.6774,1.0,1.0,1.0,0.523,1.0,1.0,1.0,0.5845
302,1.0,1.0,1.0,0.6306,1.0,1.0,1.0,0.4078,1.0,1.0,1.0,0.5839
303,1.0,1.0,1.0,0.4824,1.0,1.0,1.0,0.2952,1.0,1.0,1.0,0.5404
304,1.0,1.0,1.0,0.5531,1.0,1.0,1.0,0.1367,1.0,1.0,1.0,0.606
305,1.0,1.0,1.0,0.4933,1.0,1.0,1.0,0.0,1.0,1.0,1.0,0.6329
306,1.0,1.0,1.0,0.398,1.0,1.0,1.0,0.0,1.0,1.0,1.0,0.6555
307,1.0,1.0,1.0,0.4042,1.0,1.0,1.0,0.0,1.0,1.0,1.0,0.6796
308,1.0,1.0,1.0,0.3798,1.0,1.0,1.0,0.0,1.0,1.0,1.0,0.7835
309,1.0,1.0,1.0,0.2682,1.0,1.0,1.0,0.0,1.0,1.0,1.0,0.7083
310,1.0,1.0,1.0,0.1894,1.0,1.0,1.0,0.0,1.0,1.0,1.0,0.6706
311,1.0,1.0,1.0,0.216,1.0,1.0,1.0,0.0,1.0,1.0,1.0,0.6387
312,1.0,1.0,1.0,0.1861,1.0,1.0,1.0,0.0,1.0,1.0,1.0,0.7295
313,1.0,1.0,1.0,0.2228,1.0,1.0,1.0,0.0,1.0,1.0,1.0,0.6963
314,1.0,1.0,1.0,0.2391,1.0,1.0,1.0,0.0,1.0,1.0,1.0,0.6284
315,1.0,1.0,1.0,0.3202,1.0,1.0,1.0,0.0,1.0,1.0,1.0,0.6155
316,1.0,1.0,1.0,0.2653,1.0,1.0,1.0,0.0,1.0,1.0,1.0,0.6203
317,1.0,1.0,1.0,0.2884,1.0,1.0,1.0,0.0,1.0,1.0,1.0,0.7095
318,1.0,1.0,1.0,0.3431,1.0,1.0,1.0,0.0,1.0,1.0,1.0,0.6751
319,1.0,1.0,1.0,0.3002,1.0,1.0,1.0,0.0,1.0,1.0,1.0,0.6146
320,1.0,1.0,1.0,0.3958,1.0,1.0,1.0,0.0586,1.0,1.0,1.0,0.533
321,1.0,1.0,1.0,0.2708,1.0,1.0,1.0,0.1677,1.0,1.0,1.0,0.5014
322,1.0,1.0,1.0,0.2229,1.0,1.0,1.0,0.2645,1.0,1.0,1.0,0.7111
323,1.0,1.0,1.0,0.1413,1.0,1.0,1.0,0.2397,1.0,1.0,1.0,0.7322
324,1.0,1.0,1.0,0.1187,1.0,1.0,1.0,0.2565,1.0,1.0,1.0,0.7655
325,1.0,1.0,1.0,0.1197,1.0,1.0,1.0,0.2901,1.0,1.0,1.0,0.7586
326,1.0,1.0,1.0,0.1623,1.0,1.0,1.0,0.2388,1.0,1.0,1.0,0.7608
327,1.0,1.0,1.0,0.162,1.0,1.0,1.0,0.1735,1.0,1.0,1.0,0.8015
328,1.0,1.0,1.0,0.1419,1.0,1.0,1.0,0.0924,1.0,1.0,1.0,0.8247
329,1.0,1.0,1.0,0.0924,1.0,1.0,1.0,0.0,1.0,1.0,1.0,0.8351
330,1.0,1.0,1.0,0.0668,1.0,1.0,1.0,0.0,1.0,1.0,1.0,0.8288
331,1.0,1.0,1.0,0.0797,1.0,1.0,1.0,0.0,1.0,1.0,1.0,0.8029
332,1.0,1.0,1.0,0.1129,1.0,1.0,1.0,0.0,1.0,1.0,1.0,0.8189
333,1.0,1.0,1.0,0.1049,1.0,1.0,1.0,0.0,1.0,1.0,1.0,0.8162
334,1.0,1.0,1.0,0.1608,1.0,1.0,1.0,0.0,1.0,1.0,1.0,0.8994
335,1.0,1.0,1.0,0.1266,1.0,1.0,1.0,0.0,1.0,1.0,1.0,0.9235
336,1.0,1.0,1.0,0.1186,1.0,1.0,1.0,0.0,1.0,1.0,1.0,0.8983
337,1.0,1.0,1.0,0.1141,1.0,1.0,1.0,0.0,1.0,1.0,1.0,0.8458
338,1.0,1.0,1.0,0.19,1.0,1.0,1.0,0.0,1.0,1.0,1.0,0.819
339,1.0,1.0,1.0,0.2048,1.0,1.0,1.0,0.0,1.0,1.0,1.0,0.7471
340,1.0,1.0,1.0,0.1254,1.0,1.0,1.0,0.0,1.0,1.0,1.0,0.7086
341,1.0,1.0,1.0,0.1755,1.0,1.0,1.0,0.0,1.0,1.0,1.0,0.6272
342,1.0,1.0,1.0,0.2991,1.0,1.0,1.0,0.0,1.0,1.0,1.0,0.5959
343,1.0,1.0,1.0,0.2869,1.0,1.0,1.0,0.0,1.0,1.0,1.0,0.5657
344,1.0,1.0,1.0,0.2326,1.0,1.0,1.0,0.1872,1.0,1.0,1.0,0.5759
345,1.0,1.0,1.0,0.299,1.0,1.0,1.0,0.3979,1.0,1.0,1.0,0.5554
346,1.0,1.0,1.0,0.4661,1.0,1.0,1.0,0.5111,1.0,1.0,1.0,0.4745
347,1.0,1.0,1.0,0.542,1.0,1.0,1.0,0.5516,1.0,1.0,1.0,0.5804
348,1.0,1.0,1.0,0.4009,1.0,1.0,1.0,0.624,1.0,1.0,1.0,0.6115
349,1.0,1.0,1.0,0.4695,1.0,1.0,1.0,0.6662,1.0,1.0,1.0,0.5615
350,1.0,1.0,1.0,0.5066,1.0,1.0,1.0,0.5666,1.0,1.0,1.0,0.482
351,1.0,1.0,1.0,0.4242,1.0,1.0,1.0,0.3978,1.0,1.0,1.0,0.3577
352,1.0,1.0,1.0,0.5394,1.0,1.0,1.0,0.1872,1.0,1.0,1.0,0.248
353,1.0,1.0,1.0,0.5769,1.0,1.0,1.0,0.0,1.0,1.0,1.0,0.3293
354,1.0,1.0,1.0,0.6822,1.0,1.0,1.0,0.0,1.0,1.0,1.0,0.4104
355,1.0,1.0,1.0,0.5921,1.0,1.0,1.0,0.0,1.0,1.0,1.0,0.364
356,1.0,1.0,1.0,0.6235,1.0,1.0,1.0,0.0,1.0,1.0,1.0,0.4837
357,1.0,1.0,1.0,0.5447,1.0,1.0,1.0,0.0,1.0,1.0,1.0,0.5376
358,1.0,1.0,1.0,0.5656,1.0,1.0,1.0,0.0,1.0,1.0,1.0,0.5536
359,1.0,1.0,1.0,0.6848,1.0,1.0,1.0,0.0,1.0,1.0,1.0,0.6245
360,1.0,1.0,1.0,0.5641,1.0,1.0,1.0,0.0,1.0,1.0,1.0,0.6701
361,1.0,1.0,1.0,0.4438,1.0,1.0,1.0,0.0,1.0,1.0,1.0,0.6768
362,1.0,1.0,1.0,0.5296,1.0,1.0,1.0,0.0,1.0,1.0,1.0,0.6527
363,1.0,1.0,1.0,0.5283,1.0,1.0,1.0,0.0,1.0,1.0,1.0,0.6394
364,1.0,1.0,1.0,0.6279,1.0,1.0,1.0,0.0,1.0,1.0,1.0,0.4977
365,1.0,1.0,1.0,0.5568,1.0,1.0,1.0,0.0,1.0,1.0,1.0,0.4277
366,1.0,1.0,1.0,0.5603,1.0,1.0,1.0,0.0,1.0,1.0,1.0,0.5856
367,1.0,1.0,1.0,0.6176,1.0,1.0,1.0,0.0,1.0,1.0,1.0,0.5109
368,1.0,1.0,1.0,0.6322,1.0,1.0,1.0,0.1317,1.0,1.0,1.0,0.3527
369,1.0,1.0,1.0,0.4757,1.0,1.0,1.0,0.2841,1.0,1.0,1.0,0.4318
370,1.0,1.0,1.0,0.7103,1.0,1.0,1.0,0.5205,1.0,1.0,1.0,0.4548
371,1.0,1.0,1.0,0.7206,1.0,1.0,1.0,0.5603,1.0,1.0,1.0,0.4822
372,1.0,1.0,1.0,0.6114,1.0,1.0,1.0,0.5338,1.0,1.0,1.0,0.4685
373,1.0,1.0,1.0,0.6348,1.0,1.0,1.0,0.4963,1.0,1.0,1.0,0.5485
374,1.0,1.0,1.0,0.6659,1.0,1.0,1.0,0.4073,1.0,1.0,1.0,0.6731
375,1.0,1.0,1.0,0.735,1.0,1.0,1.0,0.3009,1.0,1.0,1.0,0.6262
376,1.0,1.0,1.0,0.7887,1.0,1.0,1.0,0.1331,1.0,1.0,1.0,0.6726
377,1.0,1.0,1.0,0.7696,1.0,1.0,1.0,0.0,1.0,1.0,1.0,0.748
378,1.0,1.0,1.0,0.6388,1.0,1.0,1.0,0.0,1.0,1.0,1.0,0.7008
379,1.0,1.0,1.0,0.6722,1.0,1.0,1.0,0.0,1.0,1.0,1.0,0.7944
380,1.0,1.0,1.0,0.5312,1.0,1.0,1.0,0.0,1.0,1.0,1.0,0.8455
381,1.0,1.0,1.0,0.6341,1.0,1.0,1.0,0.0,1.0,1.0,1.0,0.7707
382,1.0,1.0,1.0,0.5695,1.0,1.0,1.0,0.0,1.0,1.0,1.0,0.8497
383,1.0,1.0,1.0,0.6218,1.0,1.0,1.0,0.0,1.0,1.0,1.0,0.7793
384,1.0,1.0,1.0,0.5638,1.0,1.0,1.0,0.0,1.0,1.0,1.0,0.7275
385,1.0,1.0,1.0,0.52,1.0,1.0,1.0,0.0,1.0,1.0,1.0,0.7667
386,1.0,1.0,1.0,0.4503,1.0,1.0,1.0,0.0,1.0,1.0,1.0,0.8201
387,1.0,1.0,1.0,0.5151,1.0,1.0,1.0,0.0,1.0,1.0,1.0,0.8182
388,1.0,1.0,1.0,0.4612,1.0,1.0,1.0,0.0,1.0,1.0,1.0,0.7749
389,1.0,1.0,1.0,0.5303,1.0,1.0,1.0,0.0,1.0,1.0,1.0,0.7514
390,1.0,1.0,1.0,0.4781,1.0,1.0,1.0,0.0,1.0,1.0,1.0,0.7188
391,1.0,1.0,1.0,0.4594,1.0,1.0,1.0,0.0,1.0,1.0,1.0,0.7691
392,1.0,1.0,1.0,0.4646,1.0,1.0,1.0,0.1362,1.0,1.0,1.0,0.7355
393,1.0,1.0,1.0,0.4799,1.0,1.0,1.0,0.336,1.0,1.0,1.0,0.6818
394,1.0,1.0,1.0,0.4017,1.0,1.0,1.0,0.4114,1.0,1.0,1.0,0.5549
395,1.0,1.0,1.0,0.4658,1.0,1.0,1.0,0.4729,1.0,1.0,1.0,0.5009
396,1.0,1.0,1.0,0.4441,1.0,1.0,1.0,0.4343,1.0,1.0,1.0,0.4901
397,1.0,1.0,1.0,0.494,1.0,1.0,1.0,0.4837,1.0,1.0,1.0,0.3927
398,1.0,1.0,1.0,0.4936,1.0,1.0,1.0,0.4705,1.0,1.0,1.0,0.262
399,1.0,1.0,1.0,0.5458,1.0,1.0,1.0,0.3943,1.0,1.0,1.0,0.34
400,1.0,1.0,1.0,0.5093,1.0,1.0,1.0,0.1913,1.0,1.0,1.0,0.2698
401,1.0,1.0,1.0,0.4411,1.0,1.0,1.0,0.0,1.0,1.0,1.0,0.1937
402,1.0,1.0,1.0,0.4807,1.0,1.0,1.0,0.0,1.0,1.0,1.0,0.3024
403,1.0,1.0,1.0,0.4392,1.0,1.0,1.0,0.0,1.0,1.0,1.0,0.3739
404,1.0,1.0,1.0,0.5688,1.0,1.0,1.0,0.0,1.0,1.0,1.0,0.4643
405,1.0,1.0,1.0,0.5733,1.0,1.0,1.0,0.0,1.0,1.0,1.0,0.509
406,1.0,1.0,1.0,0.4524,1.0,1.0,1.0,0.0,1.0,1.0,1.0,0.6206
407,1.0,1.0,1.0,0.4045,1.0,1.0,1.0,0.0,1.0,1.0,1.0,0.6866
408,1.0,1.0,1.0,0.3272,1.0,1.0,1.0,0.0,1.0,1.0,1.0,0.6545
409,1.0,1.0,1.0,0.4205,1.0,1.0,1.0,0.0,1.0,1.0,1.0,0.561
410,1.0,1.0,1.0,0.4908,1.0,1.0,1.0,0.0,1.0,1.0,1.0,0.4469
411,1.0,1.0,1.0,0.4865,1.0,1.0,1.0,0.0,1.0,1.0,1.0,0.4359
412,1.0,1.0,1.0,0.5131,1.0,1.0,1.0,0.0,1.0,1.0,1.0,0.346
413,1.0,1.0,1.0,0.5059,1.0,1.0,1.0,0.0,1.0,1.0,1.0,0.2893
414,1.0,1.0,1.0,0.5811,1.0,1.0,1.0,0.0,1.0,1.0,1.0,0.2835
415,1.0,1.0,1.0,0.6231,1.0,1.0,1.0,0.0,1.0,1.0,1.0,0.3984
416,1.0,1.0,1.0,0.6761,1.0,1.0,1.0,0.1935,1.0,1.0,1.0,0.2829
417,1.0,1.0,1.0,0.657,1.0,1.0,1.0,0.4032,1.0,1.0,1.0,0.2903
418,1.0,1.0,1.0,0.6017,1.0,1.0,1.0,0.571,1.0,1.0,1.0,0.213
419,1.0,1.0,1.0,0.6539,1.0,1.0,1.0,0.6791,1.0,1.0,1.0,0.1878
420,1.0,1.0,1.0,0.762,1.0,1.0,1.0,0.7165,1.0,1.0,1.0,0.2503
421,1.0,1.0,1.0,0.8204,1.0,1.0,1.0,0.6791,1.0,1.0,1.0,0.2038
422,1.0,1.0,1.0,0.8839,1.0,1.0,1.0,0.571,1.0,1.0,1.0,0.1953
423,1.0,1.0,1.0,0.8839,1.0,1.0,1.0,0.4032,1.0,1.0,1.0,0.2098
424,1.0,1.0,1.0,0.8365,1.0,1.0,1.0,0.1935,1.0,1.0,1.0,0.2606
425,1.0,1.0,1.0,0.7821,1.0,1.0,1.0,0.0,1.0,1.0,1.0,0.2305
426,1.0,1.0,1.0,0.8489,1.0,1.0,1.0,0.0,1.0,1.0,1.0,0.3252
427,1.0,1.0,1.0,0.7361,1.0,1.0,1.0,0.0,1.0,1.0,1.0,0.2962
428,1.0,1.0,1.0,0.8213,1.0,1.0,1.0,0.0,1.0,1.0,1.0,0.338
429,1.0,1.0,1.0,0.7698,1.0,1.0,1.0,0.0,1.0,1.0,1.0,0.3273
430,1.0,1.0,1.0,0.8638,1.0,1.0,1.0,0.0,1.0,1.0,1.0,0.3914
431,1.0,1.0,1.0,0.8545,1.0,1.0,1.0,0.0,1.0,1.0,1.0,0.5695
432,1.0,1.0,1.0,0.878,1.0,1.0,1.0,0.0,1.0,1.0,1.0,0.5431
433,1.0,1.0,1.0,0.9401,1.0,1.0,1.0,0.0,1.0,1.0,1.0,0.5399
434,1.0,1.0,1.0,0.9281,1.0,1.0,1.0,0.0,1.0,1.0,1.0,0.5005
435,1.0,1.0,1.0,0.914,1.0,1.0,1.0,0.0,1.0,1.0,1.0,0.4489
436,1.0,1.0,1.0,0.8862,1.0,1.0,1.0,0.0,1.0,1.0,1.0,0.3904
437,1.0,1.0,1.0,0.838,1.0,1.0,1.0,0.0,1.0,1.0,1.0,0.3916
438,1.0,1.0,1.0,0.8149,1.0,1.0,1.0,0.0,1.0,1.0,1.0,0.3315
439,1.0,1.0,1.0,0.7767,1.0,1.0,1.0,0.0,1.0,1.0,1.0,0.2802
440,1.0,1.0,1.0,0.6846,1.0,1.0,1.0,0.1821,1.0,1.0,1.0,0.1166
441,1.0,1.0,1.0,0.664,1.0,1.0,1.0,0.3811,1.0,1.0,1.0,0.1852
442,1.0,1.0,1.0,0.6946,1.0,1.0,1.0,0.5005,1.0,1.0,1.0,0.2966
443,1.0,1.0,1.0,0.6193,1.0,1.0,1.0,0.5347,1.0,1.0,1.0,0.3515
444,1.0,1.0,1.0,0.6031,1.0,1.0,1.0,0.5257,1.0,1.0,1.0,0.2887
445,1.0,1.0,1.0,0.7113,1.0,1.0,1.0,0.4276,1.0,1.0,1.0,0.211
446,1.0,1.0,1.0,0.5941,1.0,1.0,1.0,0.3195,1.0,1.0,1.0,0.1384
447,1.0,1.0,1.0,0.7406,1.0,1.0,1.0,0.205,1.0,1.0,1.0,0.1748
448,1.0,1.0,1.0,0.6867,1.0,1.0,1.0,0.0833,1.0,1.0,1.0,0.2564
449,1.0,1.0,1.0,0.6974,1.0,1.0,1.0,0.0,1.0,1.0,1.0,0.2736
450,1.0,1.0,1.0,0.7792,1.0,1.0,1.0,0.0,1.0,1.0,1.0,0.3432
451,1.0,1.0,1.0,0.8558,1.0,1.0,1.0,0.0,1.0,1.0,1.0,0.3833
452,1.0,1.0,1.0,0.8693,1.0,1.0,1.0,0.0,1.0,1.0,1.0,0.3245
453,1.0,1.0,1.0,0.8318,1.0,1.0,1.0,0.0,1.0,1.0,1.0,0.411
454,1.0,1.0,1.0,0.7824,1.0,1.0,1.0,0.0,1.0,1.0,1.0,0.495
455,1.0,1.0,1.0,0.7395,1.0,1.0,1.0,0.0,1.0,1.0,1.0,0.4091
456,1.0,1.0,1.0,0.8425,1.0,1.0,1.0,0.0,1.0,1.0,1.0,0.481
457,1.0,1.0,1.0,0.817,1.0,1.0,1.0,0.0,1.0,1.0,1.0,0.4682
458,1.0,1.0,1.0,0.8275,1.0,1.0,1.0,0.0,1.0,1.0,1.0,0.4461
459,1.0,1.0,1.0,0.7611,1.0,1.0,1.0,0.0,1.0,1.0,1.0,0.4812
460,1.0,1.0,1.0,0.6732,1.0,1.0,1.0,0.0,1.0,1.0,1.0,0.5127
461,1.0,1.0,1.0,0.6711,1.0,1.0,1.0,0.0,1.0,1.0,1.0,0.5887
462,1.0,1.0,1.0,0.6414,1.0,1.0,1.0,0.0,1.0,1.0,1.0,0.5122
463,1.0,1.0,1.0,0.6176,1.0,1.0,1.0,0.0,1.0,1.0,1.0,0.5605
464,1.0,1.0,1.0,0.4877,1.0,1.0,1.0,0.1503,1.0,1.0,1.0,0.4571
465,1.0,1.0,1.0,0.4824,1.0,1.0,1.0,0.2882,1.0,1.0,1.0,0.4424
466,1.0,1.0,1.0,0.6171,1.0,1.0,1.0,0.3831,1.0,1.0,1.0,0.434
467,1.0,1.0,1.0,0.5419,1.0,1.0,1.0,0.4436,1.0,1.0,1.0,0.52
468,1.0,1.0,1.0,0.6178,1.0,1.0,1.0,0.3728,1.0,1.0,1.0,0.5198
469,1.0,1.0,1.0,0.3223,1.0,1.0,1.0,0.395,1.0,1.0,1.0,0.4958
470,1.0,1.0,1.0,0.2692,1.0,1.0,1.0,0.3535,1.0,1.0,1.0,0.6179
471,1.0,1.0,1.0,0.1633,1.0,1.0,1.0,0.2114,1.0,1.0,1.0,0.5779
472,1.0,1.0,1.0,0.2407,1.0,1.0,1.0,0.1198,1.0,1.0,1.0,0.5345
473,1.0,1.0,1.0,0.3092,1.0,1.0,1.0,0.0,1.0,1.0,1.0,0.3718
474,1.0,1.0,1.0,0.2426,1.0,1.0,1.0,0.0,1.0,1.0,1.0,0.3574
475,1.0,1.0,1.0,0.269,1.0,1.0,1.0,0.0,1.0,1.0,1.0,0.2891
476,1.0,1.0,1.0,0.3669,1.0,1.0,1.0,0.0,1.0,1.0,1.0,0.2764
477,1.0,1.0,1.0,0.4873,1.0,1.0,1.0,0.0,1.0,1.0,1.0,0.2991
478,1.0,1.0,1.0,0.4531,1.0,1.0,1.0,0.0,1.0,1.0,1.0,0.2301
479,1.0,1.0,1.0,0.2784,1.0,1.0,1.0,0.0,1.0,1.0,1.0,0.1882
480,1.0,1.0,1.0,0.2253,1.0,1.0,1.0,0.0,1.0,1.0,1.0,0.1214
481,1.0,1.0,1.0,0.2837,1.0,1.0,1.0,0.0,1.0,1.0,1.0,0.1091
482,1.0,1.0,1.0,0.4599,1.0,1.0,1.0,0.0,1.0,1.0,1.0,0.0855
483,1.0,1.0,1.0,0.4572,1.0,1.0,1.0,0.0,1.0,1.0,1.0,0.1751
484,1.0,1.0,1.0,0.4072,1.0,1.0,1.0,0.0,1.0,1.0,1.0,0.2731
485,1.0,1.0,1.0,0.6175,1.0,1.0,1.0,0.0,1.0,1.0,1.0,0.3818
486,1.0,1.0,1.0,0.6479,1.0,1.0,1.0,0.0,1.0,1.0,1.0,0.2844
487,1.0,1.0,1.0,0.5412,1.0,1.0,1.0,0.0,1.0,1.0,1.0,0.2771
488,1.0,1.0,1.0,0.5304,1.0,1.0,1.0,0.1869,1.0,1.0,1.0,0.2054
489,1.0,1.0,1.0,0.6158,1.0,1.0,1.0,0.4091,1.0,1.0,1.0,0.3386
490,1.0,1.0,1.0,0.6073,1.0,1.0,1.0,0.5758,1.0,1.0,1.0,0.4109
491,1.0,1.0,1.0,0.6692,1.0,1.0,1.0,0.6556,1.0,1.0,1.0,0.3274
492,1.0,1.0,1.0,0.5312,1.0,1.0,1.0,0.6801,1.0,1.0,1.0,0.361
493,1.0,1.0,1.0,0.4067,1.0,1.0,1.0,0.5593,1.0,1.0,1.0,0.2546
494,1.0,1.0,1.0,0.3497,1.0,1.0,1.0,0.5745,1.0,1.0,1.0,0.2513
495,1.0,1.0,1.0,0.3325,1.0,1.0,1.0,0.4008,1.0,1.0,1.0,0.2455
496,1.0,1.0,1.0,0.3645,1.0,1.0,1.0,0.2004,1.0,1.0,1.0,0.3033
497,1.0,1.0,1.0,0.4224,1.0,1.0,1.0,0.0,1.0,1.0,1.0,0.3863
498,1.0,1.0,1.0,0.6371,1.0,1.0,1.0,0.0,1.0,1.0,1.0,0.3908
499,1.0,1.0,1.0,0.5722,1.0,1.0,1.0,0.0,1.0,1.0,1.0,0.375
500,1.0,1.0,1.0,0.5437,1.0,1.0,1.0,0.0,1.0,1.0,1.0,0.1639
501,1.0,1.0,1.0,0.4812,1.0,1.0,1.0,0.0,1.0,1.0,1.0,0.2619
502,1.0,1.0,1.0,0.5764,1.0,1.0,1.0,0.0,1.0,1.0,1.0,0.2249
503,1.0,1.0,1.0,0.668,1.0,1.0,1.0,0.0,1.0,1.0,1.0,0.2376
504,1.0,1.0,1.0,0.6282,1.0,1.0,1.0,0.0,1.0,1.0,1.0,0.4152
505,1.0,1.0,1.0,0.7747,1.0,1.0,1.0,0.0,1.0,1.0,1.0,0.3204
506,1.0,1.0,1.0,0.7218,1.0,1.0,1.0,0.0,1.0,1.0,1.0,0.3265
507,1.0,1.0,1.0,0.7839,1.0,1.0,1.0,0.0,1.0,1.0,1.0,0.3705
508,1.0,1.0,1.0,0.8535,1.0,1.0,1.0,0.0,1.0,1.0,1.0,0.4666
509,1.0,1.0,1.0,0.7749,1.0,1.0,1.0,0.0,1.0,1.0,1.0,0.4672
510,1.0,1.0,1.0,0.8029,1.0,1.0,1.0,0.0,1.0,1.0,1.0,0.5701
511,1.0,1.0,1.0,0.6016,1.0,1.0,1.0,0.0,1.0,1.0,1.0,0.5316
512,1.0,1.0,1.0,0.6663,1.0,1.0,1.0,0.186,1.0,1.0,1.0,0.5771
513,1.0,1.0,1.0,0.5716,1.0,1.0,1.0,0.3368,1.0,1.0,1.0,0.6094
514,1.0,1.0,1.0,0.6181,1.0,1.0,1.0,0.4418,1.0,1.0,1.0,0.5981
515,1.0,1.0,1.0,0.6759,1.0,1.0,1.0,0.4782,1.0,1.0,1.0,0.6217
516,1.0,1.0,1.0,0.7518,1.0,1.0,1.0,0.566,1.0,1.0,1.0,0.5434
517,1.0,1.0,1.0,0.8006,1.0,1.0,1.0,0.5862,1.0,1.0,1.0,0.5156
518,1.0,1.0,1.0,0.7975,1.0,1.0,1.0,0.4719,1.0,1.0,1.0,0.4033
519,1.0,1.0,1.0,0.7685,1.0,1.0,1.0,0.331,1.0,1.0,1.0,0.369
520,1.0,1.0,1.0,0.7579,1.0,1.0,1.0,0.123,1.0,1.0,1.0,0.469
521,1.0,1.0,1.0,0.6725,1.0,1.0,1.0,0.0,1.0,1.0,1.0,0.5062
522,1.0,1.0,1.0,0.6519,1.0,1.0,1.0,0.0,1.0,1.0,1.0,0.5325
523,1.0,1.0,1.0,0.6248,1.0,1.0,1.0,0.0,1.0,1.0,1.0,0.3929
524,1.0,1.0,1.0,0.5553,1.0,1.0,1.0,0.0,1.0,1.0,1.0,0.4226
525,1.0,1.0,1.0,0.4036,1.0,1.0,1.0,0.0,1.0,1.0,1.0,0.4191
526,1.0,1.0,1.0,0.3052,1.0,1.0,1.0,0.0,1.0,1.0,1.0,0.4674
527,1.0,1.0,1.0,0.1304,1.0,1.0,1.0,0.0,1.0,1.0,1.0,0.5879
528,1.0,1.0,1.0,0.1251,1.0,1.0,1.0,0.0,1.0,1.0,1.0,0.5497
529,1.0,1.0,1.0,0.1472,1.0,1.0,1.0,0.0,1.0,1.0,1.0,0.5203
530,1.0,1.0,1.0,0.0666,1.0,1.0,1.0,0.0,1.0,1.0,1.0,0.5982
531,1.0,1.0,1.0,0.0777,1.0,1.0,1.0,0.0,1.0,1.0,1.0,0.5432
532,1.0,1.0,1.0,0.0802,1.0,1.0,1.0,0.0,1.0,1.0,1.0,0.549
533,1.0,1.0,1.0,0.0587,1.0,1.0,1.0,0.0,1.0,1.0,1.0,0.3752
534,1.0,1.0,1.0,0.0552,1.0,1.0,1.0,0.0,1.0,1.0,1.0,0.3533
535,1.0,1.0,1.0,0.0845,1.0,1.0,1.0,0.0,1.0,1.0,1.0,0.4672
536,1.0,1.0,1.0,0.066,1.0,1.0,1.0,0.1659,1.0,1.0,1.0,0.497
537,1.0,1.0,1.0,0.0732,1.0,1.0,1.0,0.293,1.0,1.0,1.0,0.5747
538,1.0,1.0,1.0,0.088,1.0,1.0,1.0,0.4128,1.0,1.0,1.0,0.6514
539,1.0,1.0,1.0,0.0722,1.0,1.0,1.0,0.463,1.0,1.0,1.0,0.7458
540,1.0,1.0,1.0,0.1072,1.0,1.0,1.0,0.4472,1.0,1.0,1.0,0.7152
541,1.0,1.0,1.0,0.1288,1.0,1.0,1.0,0.385,1.0,1.0,1.0,0.7723
542,1.0,1.0,1.0,0.1257,1.0,1.0,1.0,0.3507,1.0,1.0,1.0,0.8775
543,1.0,1.0,1.0,0.2591,1.0,1.0,1.0,0.2365,1.0,1.0,1.0,0.8698
544,1.0,1.0,1.0,0.3404,1.0,1.0,1.0,0.1231,1.0,1.0,1.0,0.7987
545,1.0,1.0,1.0,0.2265,1.0,1.0,1.0,0.0,1.0,1.0,1.0,0.7552
546,1.0,1.0,1.0,0.2101,1.0,1.0,1.0,0.0,1.0,1.0,1.0,0.7782
547,1.0,1.0,1.0,0.397,1.0,1.0,1.0,0.0,1.0,1.0,1.0,0.6534
548,1.0,1.0,1.0,0.3217,1.0,1.0,1.0,0.0,1.0,1.0,1.0,0.5857
549,1.0,1.0,1.0,0.3325,1.0,1.0,1.0,0.0,1.0,1.0,1.0,0.5544
550,1.0,1.0,1.0,0.4398,1.0,1.0,1.0,0.0,1.0,1.0,1.0,0.5618
551,1.0,1.0,1.0,0.4992,1.0,1.0,1.0,0.0,1.0,1.0,1.0,0.7043
552,1.0,1.0,1.0,0.5692,1.0,1.0,1.0,0.0,1.0,1.0,1.0,0.7465
553,1.0,1.0,1.0,0.6299,1.0,1.0,1.0,0.0,1.0,1.0,1.0,0.6584
554,1.0,1.0,1.0,0.629,1.0,1.0,1.0,0.0,1.0,1.0,1.0,0.8795
555,1.0,1.0,1.0,0.5592,1.0,1.0,1.0,0.0,1.0,1.0,1.0,0.8722
556,1.0,1.0,1.0,0.5954,1.0,1.0,1.0,0.0,1.0,1.0,1.0,0.7813
557,1.0,1.0,1.0,0.559,1.0,1.0,1.0,0.0,1.0,1.0,1.0,0.7046
558,1.0,1.0,1.0,0.5162,1.0,1.0,1.0,0.0,1.0,1.0,1.0,0.6178
559,1.0,1.0,1.0,0.6422,1.0,1.0,1.0,0.0,1.0,1.0,1.0,0.498
560,1.0,1.0,1.0,0.6076,1.0,1.0,1.0,0.1788,1.0,1.0,1.0,0.5424
561,1.0,1.0,1.0,0.7359,1.0,1.0,1.0,0.3804,1.0,1.0,1.0,0.3164
562,1.0,1.0,1.0,0.7478,1.0,1.0,1.0,0.5516,1.0,1.0,1.0,0.4
563,1.0,1.0,1.0,0.7315,1.0,1.0,1.0,0.6255,1.0,1.0,1.0,0.4725
564,1.0,1.0,1.0,0.584,1.0,1.0,1.0,0.6613,1.0,1.0,1.0,0.4332
565,1.0,1.0,1.0,0.7454,1.0,1.0,1.0,0.6162,1.0,1.0,1.0,0.5145
566,1.0,1.0,1.0,0.7395,1.0,1.0,1.0,0.581,1.0,1.0,1.0,0.4187
567,1.0,1.0,1.0,0.5549,1.0,1.0,1.0,0.4156,1.0,1.0,1.0,0.3509
568,1.0,1.0,1.0,0.6371,1.0,1.0,1.0,0.2079,1.0,1.0,1.0,0.3998
569,1.0,1.0,1.0,0.6299,1.0,1.0,1.0,0.0,1.0,1.0,1.0,0.3848
570,1.0,1.0,1.0,0.5481,1.0,1.0,1.0,0.0,1.0,1.0,1.0,0.3372
571,1.0,1.0,1.0,0.6263,1.0,1.0,1.0,0.0,1.0,1.0,1.0,0.3324
572,1.0,1.0,1.0,0.4042,1.0,1.0,1.0,0.0,1.0,1.0,1.0,0.446
573,1.0,1.0,1.0,0.3491,1.0,1.0,1.0,0.0,1.0,1.0,1.0,0.5587
574,1.0,1.0,1.0,0.3306,1.0,1.0,1.0,0.0,1.0,1.0,1.0,0.5929
575,1.0,1.0,1.0,0.4054,1.0,1.0,1.0,0.0,1.0,1.0,1.0,0.5593
576,1.0,1.0,1.0,0.6024,1.0,1.0,1.0,0.0,1.0,1.0,1.0,0.6014
577,1.0,1.0,1.0,0.5794,1.0,1.0,1.0,0.0,1.0,1.0,1.0,0.5237
578,1.0,1.0,1.0,0.6166,1.0,1.0,1.0,0.0,1.0,1.0,1.0,0.6223
579,1.0,1.0,1.0,0.8063,1.0,1.0,1.0,0.0,1.0,1.0,1.0,0.6932
580,1.0,1.0,1.0,0.8003,1.0,1.0,1.0,0.0,1.0,1.0,1.0,0.8123
581,1.0,1.0,1.0,0.8196,1.0,1.0,1.0,0.0,1.0,1.0,1.0,0.7573
582,1.0,1.0,1.0,0.7386,1.0,1.0,1.0,0.0,1.0,1.0,1.0,0.6852
583,1.0,1.0,1.0,0.8451,1.0,1.0,1.0,0.0,1.0,1.0,1.0,0.7202
584,1.0,1.0,1.0,0.8021,1.0,1.0,1.0,0.2106,1.0,1.0,1.0,0.6941
585,1.0,1.0,1.0,0.8107,1.0,1.0,1.0,0.4056,1.0,1.0,1.0,0.7582
586,1.0,1.0,1.0,0.8173,1.0,1.0,1.0,0.5588,1.0,1.0,1.0,0.8274
587,1.0,1.0,1.0,0.8155,1.0,1.0,1.0,0.5867,1.0,1.0,1.0,0.8923
588,1.0,1.0,1.0,0.7847,1.0,1.0,1.0,0.5963,1.0,1.0,1.0,0.8879
589,1.0,1.0,1.0,0.7928,1.0,1.0,1.0,0.5695,1.0,1.0,1.0,0.91
590,1.0,1.0,1.0,0.8721,1.0,1.0,1.0,0.4942,1.0,1.0,1.0,0.8871
591,1.0,1.0,1.0,0.9349,1.0,1.0,1.0,0.3843,1.0,1.0,1.0,0.8883
592,1.0,1.0,1.0,0.926,1.0,1.0,1.0,0.1531,1.0,1.0,1.0,0.8798
593,1.0,1.0,1.0,0.9086,1.0,1.0,1.0,0.0,1.0,1.0,1.0,0.869
594,1.0,1.0,1.0,0.8752,1.0,1.0,1.0,0.0,1.0,1.0,1.0,0.9221
595,1.0,1.0,1.0,0.9444,1.0,1.0,1.0,0.0,1.0,1.0,1.0,0.8728
596,1.0,1.0,1.0,0.9425,1.0,1.0,1.0,0.0,1.0,1.0,1.0,0.8658
597,1.0,1.0,1.0,0.9571,1.0,1.0,1.0,0.0,1.0,1.0,1.0,0.8612
598,1.0,1.0,1.0,0.963,1.0,1.0,1.0,0.0,1.0,1.0,1.0,0.8801
599,1.0,1.0,1.0,0.98,1.0,1.0,1.0,0.0,0.0,1.0,1.0,0.8246
600,1.0,1.0,1.0,0.9767,1.0,1.0,1.0,0.0,0.0,1.0,1.0,0.8012
601,1.0,1.0,1.0,0.9623,1.0,1.0,1.0,0.0,0.0,1.0,1.0,0.758
602,1.0,1.0,1.0,0.978,1.0,1.0,1.0,0.0,0.0,1.0,1.0,0.5787
603,1.0,1.0,1.0,0.98,1.0,1.0,1.0,0.0,0.0,1.0,1.0,0.671
604,1.0,1.0,1.0,0.98,1.0,1.0,1.0,0.0,0.0,1.0,1.0,0.5436
605,1.0,1.0,1.0,0.98,1.0,1.0,1.0,0.0,0.0,1.0,1.0,0.4029
606,1.0,1.0,1.0,0.98,1.0,1.0,1.0,0.0,0.0,1.0,1.0,0.487
607,1.0,1.0,1.0,0.98,1.0,1.0,1.0,0.0,0.0,1.0,1.0,0.4577
608,1.0,1.0,1.0,0.98,1.0,1.0,1.0,0.1434,0.0,1.0,1.0,0.4325
609,1.0,1.0,1.0,0.98,1.0,1.0,1.0,0.3296,0.0,1.0,1.0,0.4101
610,1.0,1.0,1.0,0.98,1.0,1.0,1.0,0.3908,0.0,1.0,1.0,0.5053
611,1.0,1.0,1.0,0.98,1.0,1.0,1.0,0.4383,0.0,1.0,1.0,0.4565
612,1.0,1.0,1.0,0.98,1.0,1.0,1.0,0.5386,0.0,1.0,1.0,0.5093
613,1.0,1.0,1.0,0.98,1.0,1.0,1.0,0.5644,0.0,1.0,1.0,0.4096
614,1.0,1.0,1.0,0.98,1.0,1.0,1.0,0.5426,0.0,1.0,1.0,0.4401
615,1.0,1.0,1.0,0.98,1.0,1.0,1.0,0.3846,0.0,1.0,1.0,0.5201
616,1.0,1.0,1.0,0.98,1.0,1.0,1.0,0.1714,0.0,1.0,1.0,0.6382
617,1.0,1.0,1.0,0.98,1.0,1.0,1.0,0.0,0.0,1.0,1.0,0.5016
618,1.0,1.0,1.0,0.98,1.0,1.0,1.0,0.0,0.0,1.0,1.0,0.4751
619,1.0,1.0,1.0,0.98,1.0,1.0,1.0,0.0,0.0,1.0,1.0,0.6132
620,1.0,1.0,1.0,0.9752,1.0,1.0,1.0,0.0,0.0,1.0,1.0,0.683
621,1.0,1.0,1.0,0.9697,1.0,1.0,1.0,0.0,0.0,1.0,1.0,0.6622
622,1.0,1.0,1.0,0.9415,1.0,1.0,1.0,0.0,0.0,1.0,1.0,0.6575
623,1.0,1.0,1.0,0.9344,1.0,1.0,1.0,0.0,0.0,1.0,1.0,0.6758
624,1.0,1.0,1.0,0.9033,1.0,1.0,1.0,0.0,0.0,1.0,1.0,0.6409
625,1.0,1.0,1.0,0.9007,1.0,1.0,1.0,0.0,0.0,1.0,1.0,0.6795
626,1.0,1.0,1.0,0.869,1.0,1.0,1.0,0.0,0.0,1.0,1.0,0.7106
627,1.0,1.0,1.0,0.7542,1.0,1.0,1.0,0.0,0.0,1.0,1.0,0.6176
628,1.0,1.0,1.0,0.8675,1.0,1.0,1.0,0.0,0.0,1.0,1.0,0.5724
629,1.0,1.0,1.0,0.8513,1.0,1.0,1.0,0.0,0.0,1.0,1.0,0.5304
630,1.0,1.0,1.0,0.9005,1.0,1.0,1.0,0.0,0.0,1.0,1.0,0.5067
631,1.0,1.0,1.0,0.876,1.0,1.0,1.0,0.0,0.0,1.0,1.0,0.5296
632,1.0,1.0,1.0,0.9237,1.0,1.0,1.0,0.1682,0.0,1.0,1.0,0.5439
633,1.0,1.0,1.0,0.8828,1.0,1.0,1.0,0.321,0.0,1.0,1.0,0.4792
634,1.0,1.0,1.0,0.8832,1.0,1.0,1.0,0.3939,0.0,1.0,1.0,0.5954
635,1.0,1.0,1.0,0.8297,1.0,1.0,1.0,0.5756,0.0,1.0,1.0,0.5926
636,1.0,1.0,1.0,0.9205,1.0,1.0,1.0,0.5873,0.0,1.0,1.0,0.7055
637,1.0,1.0,1.0,0.9082,1.0,1.0,1.0,0.59,0.0,1.0,1.0,0.7941
638,1.0,1.0,1.0,0.9253,1.0,1.0,1.0,0.4473,0.0,1.0,1.0,0.7184
639,1.0,1.0,1.0,0.931,1.0,1.0,1.0,0.3783,0.0,1.0,1.0,0.6758
640,1.0,1.0,1.0,0.9254,1.0,1.0,1.0,0.216,0.0,1.0,1.0,0.6375
641,1.0,1.0,1.0,0.9326,1.0,1.0,1.0,0.0,0.0,1.0,1.0,0.6582
642,1.0,1.0,1.0,0.9538,1.0,1.0,1.0,0.0,0.0,1.0,1.0,0.7085
643,1.0,1.0,1.0,0.9598,1.0,1.0,1.0,0.0,0.0,1.0,1.0,0.7131
644,1.0,1.0,1.0,0.9584,1.0,1.0,1.0,0.0,0.0,1.0,1.0,0.6656
645,1.0,1.0,1.0,0.9619,1.0,1.0,1.0,0.0,0.0,1.0,1.0,0.7763
646,1.0,1.0,1.0,0.9782,1.0,1.0,1.0,0.0,0.0,1.0,1.0,0.741
647,1.0,1.0,1.0,0.972,1.0,1.0,1.0,0.0,0.0,1.0,1.0,0.782
648,1.0,1.0,1.0,0.9424,1.0,1.0,1.0,0.0,0.0,1.0,1.0,0.7726
649,1.0,1.0,1.0,0.9114,1.0,1.0,1.0,0.0,0.0,1.0,1.0,0.7616
650,1.0,1.0,1.0,0.8707,1.0,1.0,1.0,0.0,0.0,1.0,1.0,0.7958
651,1.0,1.0,1.0,0.8241,1.0,1.0,1.0,0.0,0.0,1.0,1.0,0.865
652,1.0,1.0,1.0,0.7694,1.0,1.0,1.0,0.0,0.0,1.0,1.0,0.8706
653,1.0,1.0,1.0,0.762,1.0,1.0,1.0,0.0,0.0,1.0,1.0,0.8424
654,1.0,1.0,1.0,0.7718,1.0,1.0,1.0,0.0,0.0,1.0,1.0,0.8949
655,1.0,1.0,1.0,0.7804,1.0,1.0,1.0,0.0,0.0,1.0,1.0,0.9045
656,1.0,1.0,1.0,0.7266,1.0,1.0,1.0,0.172,0.0,1.0,1.0,0.9037
657,1.0,1.0,1.0,0.7857,1.0,1.0,1.0,0.3606,0.0,1.0,1.0,0.9262
658,1.0,1.0,1.0,0.8101,1.0,1.0,1.0,0.4532,0.0,1.0,1.0,0.9285
659,1.0,1.0,1.0,0.8769,1.0,1.0,1.0,0.5079,0.0,1.0,1.0,0.9659
660,1.0,1.0,1.0,0.9006,1.0,1.0,1.0,0.5163,0.0,1.0,1.0,0.9624
661,1.0,1.0,1.0,0.8828,1.0,1.0,1.0,0.4789,0.0,1.0,1.0,0.972
662,1.0,1.0,1.0,0.9182,1.0,1.0,1.0,0.3546,0.0,1.0,1.0,0.9732
663,1.0,1.0,1.0,0.9202,1.0,1.0,1.0,0.2846,0.0,1.0,1.0,0.9743
664,1.0,1.0,1.0,0.9343,1.0,1.0,1.0,0.1385,0.0,1.0,1.0,0.9677
665,1.0,1.0,1.0,0.9443,1.0,1.0,1.0,0.0,0.0,1.0,1.0,0.9597
666,1.0,1.0,1.0,0.9373,1.0,1.0,1.0,0.0,0.0,1.0,1.0,0.9625
667,1.0,1.0,1.0,0.9348,1.0,1.0,1.0,0.0,0.0,1.0,1.0,0.9449
668,1.0,1.0,1.0,0.9269,1.0,1.0,1.0,0.0,0.0,1.0,1.0,0.9278
669,1.0,1.0,1.0,0.8974,1.0,1.0,1.0,0.0,0.0,1.0,1.0,0.9228
670,1.0,1.0,1.0,0.7951,1.0,1.0,1.0,0.0,0.0,1.0,1.0,0.9447
671,1.0,1.0,1.0,0.7457,1.0,1.0,1.0,0.0,0.0,1.0,1.0,0.9416
672,1.0,1.0,1.0,0.753,1.0,1.0,1.0,0.0,0.0,1.0,1.0,0.9379
673,1.0,1.0,1.0,0.8122,1.0,1.0,1.0,0.0,0.0,1.0,1.0,0.9056
674,1.0,1.0,1.0,0.8458,1.0,1.0,1.0,0.0,0.0,1.0,1.0,0.9419
675,1.0,1.0,1.0,0.8259,1.0,1.0,1.0,0.0,0.0,1.0,1.0,0.9563
676,1.0,1.0,1.0,0.7816,1.0,1.0,1.0,0.0,0.0,1.0,1.0,0.9683
677,1.0,1.0,1.0,0.7644,1.0,1.0,1.0,0.0,0.0,1.0,1.0,0.943
678,1.0,1.0,1.0,0.6907,1.0,1.0,1.0,0.0,0.0,1.0,1.0,0.9449
679,1.0,1.0,1.0,0.5105,1.0,1.0,1.0,0.0,1.0,1.0,1.0,0.9189
680,1.0,1.0,1.0,0.3783,1.0,1.0,1.0,0.2115,1.0,1.0,1.0,0.9323
681,1.0,1.0,1.0,0.5006,1.0,1.0,1.0,0.4159,1.0,1.0,1.0,0.9343
682,1.0,1.0,1.0,0.6583,1.0,1.0,1.0,0.524,1.0,1.0,1.0,0.9401
683,1.0,1.0,1.0,0.7115,1.0,1.0,1.0,0.6244,1.0,1.0,1.0,0.9182
684,1.0,1.0,1.0,0.7024,1.0,1.0,1.0,0.7139,1.0,1.0,1.0,0.8787
685,1.0,1.0,1.0,0.5862,1.0,1.0,1.0,0.6754,1.0,1.0,1.0,0.8448
686,1.0,1.0,1.0,0.5707,1.0,1.0,1.0,0.5892,1.0,1.0,1.0,0.8518
687,1.0,1.0,1.0,0.6209,1.0,1.0,1.0,0.3927,1.0,1.0,1.0,0.8334
688,1.0,1.0,1.0,0.684,1.0,1.0,1.0,0.1894,1.0,1.0,1.0,0.8386
689,1.0,1.0,1.0,0.7297,1.0,1.0,1.0,0.0,1.0,1.0,1.0,0.7752
690,1.0,1.0,1.0,0.8006,1.0,1.0,1.0,0.0,1.0,1.0,1.0,0.7679
691,1.0,1.0,1.0,0.8841,1.0,1.0,1.0,0.0,1.0,1.0,1.0,0.8385
692,1.0,1.0,1.0,0.862,1.0,1.0,1.0,0.0,1.0,1.0,1.0,0.8471
693,1.0,1.0,1.0,0.9406,1.0,1.0,1.0,0.0,1.0,1.0,1.0,0.8577
694,1.0,1.0,1.0,0.8782,1.0,1.0,1.0,0.0,1.0,1.0,1.0,0.8678
695,1.0,1.0,1.0,0.8385,1.0,1.0,1.0,0.0,1.0,1.0,1.0,0.8381
696,1.0,1.0,1.0,0.8414,1.0,1.0,1.0,0.0,1.0,1.0,1.0,0.8968
697,1.0,1.0,1.0,0.8599,1.0,1.0,1.0,0.0,1.0,1.0,1.0,0.902
698,1.0,1.0,1.0,0.8454,1.0,1.0,1.0,0.0,1.0,1.0,1.0,0.9014
699,1.0,1.0,1.0,0.8143,1.0,1.0,1.0,0.0,1.0,1.0,1.0,0.9157
700,1.0,1.0,1.0,0.9009,1.0,1.0,1.0,0.0,1.0,1.0,1.0,0.9334
701,1.0,1.0,1.0,0.8759,1.0,1.0,1.0,0.0,1.0,1.0,1.0,0.8932
702,1.0,1.0,1.0,0.8237,1.0,1.0,1.0,0.0,1.0,1.0,1.0,0.8887
703,1.0,1.0,1.0,0.89,1.0,1.0,1.0,0.0,1.0,1.0,1.0,0.9424
704,1.0,1.0,1.0,0.9112,1.0,1.0,1.0,0.1906,1.0,1.0,1.0,0.964
705,1.0,1.0,1.0,0.9337,1.0,1.0,1.0,0.3843,1.0,1.0,1.0,0.9589
706,1.0,1.0,1.0,0.9332,1.0,1.0,1.0,0.5425,1.0,1.0,1.0,0.9647
707,1.0,1.0,1.0,0.8889,1.0,1.0,1.0,0.6544,1.0,1.0,1.0,0.9566
708,1.0,1.0,1.0,0.8859,1.0,1.0,1.0,0.6123,1.0,1.0,1.0,0.9578
709,1.0,1.0,1.0,0.8117,1.0,1.0,1.0,0.4897,1.0,1.0,1.0,0.9461
710,1.0,1.0,1.0,0.8184,1.0,1.0,1.0,0.4537,1.0,1.0,1.0,0.9316
711,1.0,1.0,1.0,0.8445,1.0,1.0,1.0,0.3788,1.0,1.0,1.0,0.9108
712,1.0,1.0,1.0,0.883,1.0,1.0,1.0,0.2013,1.0,1.0,1.0,0.9448
713,1.0,1.0,1.0,0.8734,1.0,1.0,1.0,0.0,1.0,1.0,1.0,0.9299
714,1.0,1.0,1.0,0.8945,1.0,1.0,1.0,0.0,1.0,1.0,1.0,0.9481
715,1.0,1.0,1.0,0.8533,1.0,1.0,1.0,0.0,1.0,1.0,1.0,0.9349
716,1.0,1.0,1.0,0.8859,1.0,1.0,1.0,0.0,1.0,1.0,1.0,0.9162
717,1.0,1.0,1.0,0.9026,1.0,1.0,1.0,0.0,1.0,1.0,1.0,0.9209
718,1.0,1.0,1.0,0.868,1.0,1.0,1.0,0.0,1.0,1.0,1.0,0.8726
719,1.0,1.0,1.0,0.8824,1.0,1.0,1.0,0.0,1.0,1.0,1.0,0.8906
720,1.0,1.0,1.0,0.9119,1.0,1.0,1.0,0.0,1.0,1.0,1.0,0.8789
721,1.0,1.0,1.0,0.9087,1.0,1.0,1.0,0.0,1.0,1.0,1.0,0.8491
722,1.0,1.0,1.0,0.8748,1.0,1.0,1.0,0.0,1.0,1.0,1.0,0.8031
723,1.0,1.0,1.0,0.8756,1.0,1.0,1.0,0.0,1.0,1.0,1.0,0.8861
724,1.0,1.0,1.0,0.8898,1.0,1.0,1.0,0.0,1.0,1.0,1.0,0.8782
725,1.0,1.0,1.0,0.8506,1.0,1.0,1.0,0.0,1.0,1.0,1.0,0.8685
726,1.0,1.0,1.0,0.792,1.0,1.0,1.0,0.0,1.0,1.0,1.0,0.8942
727,1.0,1.0,1.0,0.815,1.0,1.0,1.0,0.0008,1.0,1.0,1.0,0.8549
728,1.0,1.0,1.0,0.8493,1.0,1.0,1.0,0.2277,1.0,1.0,1.0,0.8924
729,1.0,1.0,1.0,0.9193,1.0,1.0,1.0,0.4324,1.0,1.0,1.0,0.8846
730,1.0,1.0,1.0,0.9306,1.0,1.0,1.0,0.5678,1.0,1.0,1.0,0.816
731,1.0,1.0,1.0,0.8907,1.0,1.0,1.0,0.6991,1.0,1.0,1.0,0.7785
732,1.0,1.0,1.0,0.94,1.0,1.0,1.0,0.735,1.0,1.0,1.0,0.6972
733,1.0,1.0,1.0,0.9544,1.0,1.0,1.0,0.6991,1.0,1.0,1.0,0.6974
734,1.0,1.0,1.0,0.9048,1.0,1.0,1.0,0.5948,1.0,1.0,1.0,0.6295
735,1.0,1.0,1.0,0.8614,1.0,1.0,1.0,0.4324,1.0,1.0,1.0,0.5488
736,1.0,1.0,1.0,0.8324,1.0,1.0,1.0,0.2213,1.0,1.0,1.0,0.572
737,1.0,1.0,1.0,0.8643,1.0,1.0,1.0,0.0008,1.0,1.0,1.0,0.5731
738,1.0,1.0,1.0,0.7243,1.0,1.0,1.0,0.0,1.0,1.0,1.0,0.6697
739,1.0,1.0,1.0,0.7106,1.0,1.0,1.0,0.0,1.0,1.0,1.0,0.7486
740,1.0,1.0,1.0,0.7591,1.0,1.0,1.0,0.0,1.0,1.0,1.0,0.746
741,1.0,1.0,1.0,0.5311,1.0,1.0,1.0,0.0,1.0,1.0,1.0,0.7717
742,1.0,1.0,1.0,0.5951,1.0,1.0,1.0,0.0,1.0,1.0,1.0,0.6652
743,1.0,1.0,1.0,0.6637,1.0,1.0,1.0,0.0,1.0,1.0,1.0,0.7125
744,1.0,1.0,1.0,0.5901,1.0,1.0,1.0,0.0,1.0,1.0,1.0,0.735
745,1.0,1.0,1.0,0.4882,1.0,1.0,1.0,0.0,1.0,1.0,1.0,0.7894
746,1.0,1.0,1.0,0.4147,1.0,1.0,1.0,0.0,1.0,1.0,1.0,0.7635
747,1.0,1.0,1.0,0.2199,1.0,1.0,1.0,0.0,1.0,1.0,1.0,0.737
748,1.0,1.0,1.0,0.2076,1.0,1.0,1.0,0.0,1.0,1.0,1.0,0.71
749,1.0,1.0,1.0,0.228,1.0,1.0,1.0,0.0,1.0,1.0,1.0,0.7971
750,1.0,1.0,1.0,0.167,1.0,1.0,1.0,0.0,1.0,1.0,1.0,0.806
751,1.0,1.0,1.0,0.2288,1.0,1.0,1.0,0.0041,1.0,1.0,1.0,0.7018
752,1.0,1.0,1.0,0.2423,1.0,1.0,1.0,0.2308,1.0,1.0,1.0,0.7414
753,1.0,1.0,1.0,0.2666,1.0,1.0,1.0,0.435,1.0,1.0,1.0,0.7021
754,1.0,1.0,1.0,0.2462,1.0,1.0,1.0,0.597,1.0,1.0,1.0,0.7701
755,1.0,1.0,1.0,0.3052,1.0,1.0,1.0,0.7009,1.0,1.0,1.0,0.7956
756,1.0,1.0,1.0,0.415,1.0,1.0,1.0,0.7367,1.0,1.0,1.0,0.852
757,1.0,1.0,1.0,0.384,1.0,1.0,1.0,0.7009,1.0,1.0,1.0,0.8869
758,1.0,1.0,1.0,0.4529,1.0,1.0,1.0,0.597,1.0,1.0,1.0,0.9108
759,1.0,1.0,1.0,0.5225,1.0,1.0,1.0,0.4344,1.0,1.0,1.0,0.9339
760,1.0,1.0,1.0,0.5588,1.0,1.0,1.0,0.2057,1.0,1.0,1.0,0.9454
761,1.0,1.0,1.0,0.6941,1.0,1.0,1.0,0.0038,1.0,1.0,1.0,0.9256
762,1.0,1.0,1.0,0.6326,1.0,1.0,1.0,0.0,1.0,1.0,1.0,0.8853
763,1.0,1.0,1.0,0.5945,1.0,1.0,1.0,0.0,1.0,1.0,1.0,0.8441
764,1.0,1.0,1.0,0.5255,1.0,1.0,1.0,0.0,1.0,1.0,1.0,0.869
765,1.0,1.0,1.0,0.588,1.0,1.0,1.0,0.0,1.0,1.0,1.0,0.7417
766,1.0,1.0,1.0,0.5629,1.0,1.0,1.0,0.0,1.0,1.0,1.0,0.7341
767,1.0,1.0,1.0,0.5012,1.0,1.0,1.0,0.0,1.0,1.0,1.0,0.7088
768,1.0,1.0,1.0,0.6428,1.0,1.0,1.0,0.0,1.0,1.0,1.0,0.7837
769,1.0,1.0,1.0,0.7696,1.0,1.0,1.0,0.0,1.0,1.0,1.0,0.7695
770,1.0,1.0,1.0,0.7423,1.0,1.0,1.0,0.0,1.0,1.0,1.0,0.7384
771,1.0,1.0,1.0,0.6343,1.0,1.0,1.0,0.0,1.0,1.0,1.0,0.8123
772,1.0,1.0,1.0,0.7666,1.0,1.0,1.0,0.0,1.0,1.0,1.0,0.8001
773,1.0,1.0,1.0,0.7894,1.0,1.0,1.0,0.0,1.0,1.0,1.0,0.778
774,1.0,1.0,1.0,0.8072,1.0,1.0,1.0,0.0,1.0,1.0,1.0,0.7394
775,1.0,1.0,1.0,0.8067,1.0,1.0,1.0,0.0075,1.0,1.0,1.0,0.752
776,1.0,1.0,1.0,0.7518,1.0,1.0,1.0,0.2339,1.0,1.0,1.0,0.7227
777,1.0,1.0,1.0,0.7178,1.0,1.0,1.0,0.4377,1.0,1.0,1.0,0.6925
778,1.0,1.0,1.0,0.7587,1.0,1.0,1.0,0.5991,1.0,1.0,1.0,0.7846
779,1.0,1.0,1.0,0.7226,1.0,1.0,1.0,0.6945,1.0,1.0,1.0,0.7806
780,1.0,1.0,1.0,0.7471,1.0,1.0,1.0,0.6635,1.0,1.0,1.0,0.7449
781,1.0,1.0,1.0,0.7424,1.0,1.0,1.0,0.6083,1.0,1.0,1.0,0.6657
782,1.0,1.0,1.0,0.6592,1.0,1.0,1.0,0.5012,1.0,1.0,1.0,0.676
783,1.0,1.0,1.0,0.7703,1.0,1.0,1.0,0.3812,1.0,1.0,1.0,0.626
784,1.0,1.0,1.0,0.7997,1.0,1.0,1.0,0.2199,1.0,1.0,1.0,0.5911
785,1.0,1.0,1.0,0.8118,1.0,1.0,1.0,0.0075,1.0,1.0,1.0,0.5143
786,1.0,1.0,1.0,0.8341,1.0,1.0,1.0,0.0,1.0,1.0,1.0,0.5305
787,1.0,1.0,1.0,0.7195,1.0,1.0,1.0,0.0,1.0,1.0,1.0,0.4158
788,1.0,1.0,1.0,0.6779,1.0,1.0,1.0,0.0,1.0,1.0,1.0,0.4531
789,1.0,1.0,1.0,0.5474,1.0,1.0,1.0,0.0,1.0,1.0,1.0,0.4071
790,1.0,1.0,1.0,0.5575,1.0,1.0,1.0,0.0,1.0,1.0,1.0,0.471
791,1.0,1.0,1.0,0.5845,1.0,1.0,1.0,0.0,1.0,1.0,1.0,0.5137
792,1.0,1.0,1.0,0.5941,1.0,1.0,1.0,0.0,1.0,1.0,1.0,0.5213
793,1.0,1.0,1.0,0.6868,1.0,1.0,1.0,0.0,1.0,1.0,1.0,0.593
794,1.0,1.0,1.0,0.5598,1.0,1.0,1.0,0.0,1.0,1.0,1.0,0.7125
795,1.0,1.0,1.0,0.4891,1.0,1.0,1.0,0.0,1.0,1.0,1.0,0.7895
796,1.0,1.0,1.0,0.5263,1.0,1.0,1.0,0.0,1.0,1.0,1.0,0.6945
797,1.0,1.0,1.0,0.5492,1.0,1.0,1.0,0.0,1.0,1.0,1.0,0.6416
798,1.0,1.0,1.0,0.4339,1.0,1.0,1.0,0.0,1.0,1.0,1.0,0.5972
799,1.0,1.0,1.0,0.5408,1.0,1.0,1.0,0.011,1.0,1.0,1.0,0.6463
800,1.0,1.0,1.0,0.6686,1.0,1.0,1.0,0.2371,1.0,1.0,1.0,0.5986
801,1.0,1.0,1.0,0.6969,1.0,1.0,1.0,0.4404,1.0,1.0,1.0,0.5471
802,1.0,1.0,1.0,0.5701,1.0,1.0,1.0,0.5615,1.0,1.0,1.0,0.481
803,1.0,1.0,1.0,0.5824,1.0,1.0,1.0,0.5625,1.0,1.0,1.0,0.5071
804,1.0,1.0,1.0,0.6093,1.0,1.0,1.0,0.6353,1.0,1.0,1.0,0.5615
805,1.0,1.0,1.0,0.5839,1.0,1.0,1.0,0.6464,1.0,1.0,1.0,0.4535
806,1.0,1.0,1.0,0.6907,1.0,1.0,1.0,0.5533,1.0,1.0,1.0,0.4102
807,1.0,1.0,1.0,0.6773,1.0,1.0,1.0,0.3536,1.0,1.0,1.0,0.2654
808,1.0,1.0,1.0,0.8113,1.0,1.0,1.0,0.1845,1.0,1.0,1.0,0.1386
809,1.0,1.0,1.0,0.8445,1.0,1.0,1.0,0.0099,1.0,1.0,1.0,0.1673
810,1.0,1.0,1.0,0.8508,1.0,1.0,1.0,0.0,1.0,1.0,1.0,0.1902
811,1.0,1.0,1.0,0.8822,1.0,1.0,1.0,0.0,1.0,1.0,1.0,0.2064
812,1.0,1.0,1.0,0.9235,1.0,1.0,1.0,0.0,1.0,1.0,1.0,0.32
813,1.0,1.0,1.0,0.939,1.0,1.0,1.0,0.0,1.0,1.0,1.0,0.2109
814,1.0,1.0,1.0,0.9327,1.0,1.0,1.0,0.0,1.0,1.0,1.0,0.1181
815,1.0,1.0,1.0,0.9107,1.0,1.0,1.0,0.0,1.0,1.0,1.0,0.0874
816,1.0,1.0,1.0,0.8653,1.0,1.0,1.0,0.0,1.0,1.0,1.0,0.0464
817,1.0,1.0,1.0,0.7216,1.0,1.0,1.0,0.0,1.0,1.0,1.0,0.0412
818,1.0,1.0,1.0,0.7286,1.0,1.0,1.0,0.0,1.0,1.0,1.0,0.0546
819,1.0,1.0,1.0,0.6953,1.0,1.0,1.0,0.0,1.0,1.0,1.0,0.065
820,1.0,1.0,1.0,0.6651,1.0,1.0,1.0,0.0,1.0,1.0,1.0,0.0972
821,1.0,1.0,1.0,0.7366,1.0,1.0,1.0,0.0,1.0,1.0,1.0,0.1157
822,1.0,1.0,1.0,0.7234,1.0,1.0,1.0,0.0,1.0,1.0,1.0,0.1075
823,1.0,1.0,1.0,0.8318,1.0,1.0,1.0,0.0145,1.0,1.0,1.0,0.0962
824,1.0,1.0,1.0,0.7946,1.0,1.0,1.0,0.2403,1.0,1.0,1.0,0.1169
825,1.0,1.0,1.0,0.7262,1.0,1.0,1.0,0.4431,1.0,1.0,1.0,0.0759
826,1.0,1.0,1.0,0.6245,1.0,1.0,1.0,0.6036,1.0,1.0,1.0,0.0282
827,1.0,1.0,1.0,0.679,1.0,1.0,1.0,0.7065,1.0,1.0,1.0,0.0356
828,1.0,1.0,1.0,0.7563,1.0,1.0,1.0,0.7419,1.0,1.0,1.0,0.0423
829,1.0,1.0,1.0,0.7095,1.0,1.0,1.0,0.7065,1.0,1.0,1.0,0.0773
830,1.0,1.0,1.0,0.6217,1.0,1.0,1.0,0.5963,1.0,1.0,1.0,0.103
831,1.0,1.0,1.0,0.735,1.0,1.0,1.0,0.4431,1.0,1.0,1.0,0.1199
832,1.0,1.0,1.0,0.6189,1.0,1.0,1.0,0.2403,1.0,1.0,1.0,0.1146
833,1.0,1.0,1.0,0.6956,1.0,1.0,1.0,0.0145,1.0,1.0,1.0,0.0936
834,1.0,1.0,1.0,0.6468,1.0,1.0,1.0,0.0,1.0,1.0,1.0,0.0909
835,1.0,1.0,1.0,0.6745,1.0,1.0,1.0,0.0,1.0,1.0,1.0,0.1299
836,1.0,1.0,1.0,0.7477,1.0,1.0,1.0,0.0,1.0,1.0,1.0,0.1565
837,1.0,1.0,1.0,0.7726,1.0,1.0,1.0,0.0,1.0,1.0,1.0,0.2126
838,1.0,1.0,1.0,0.7476,1.0,1.0,1.0,0.0,1.0,1.0,1.0,0.2253
839,1.0,1.0,1.0,0.8242,1.0,1.0,1.0,0.0,1.0,1.0,1.0,0.1801
840,1.0,1.0,1.0,0.832,1.0,1.0,1.0,0.0,1.0,1.0,1.0,0.2556
841,1.0,1.0,1.0,0.945,1.0,1.0,1.0,0.0,1.0,1.0,1.0,0.3397
842,1.0,1.0,1.0,0.897,1.0,1.0,1.0,0.0,1.0,1.0,1.0,0.3584
843,1.0,1.0,1.0,0.8176,1.0,1.0,1.0,0.0,1.0,1.0,1.0,0.4079
844,1.0,1.0,1.0,0.8588,1.0,1.0,1.0,0.0,1.0,1.0,1.0,0.453
845,1.0,1.0,1.0,0.8511,1.0,1.0,1.0,0.0,1.0,1.0,1.0,0.4135
846,1.0,1.0,1.0,0.8777,1.0,1.0,1.0,0.0,1.0,1.0,1.0,0.3935
847,1.0,1.0,1.0,0.822,1.0,1.0,1.0,0.0181,1.0,1.0,1.0,0.3229
848,1.0,1.0,1.0,0.8184,1.0,1.0,1.0,0.2357,1.0,1.0,1.0,0.3072
849,1.0,1.0,1.0,0.8353,1.0,1.0,1.0,0.4034,1.0,1.0,1.0,0.394
850,1.0,1.0,1.0,0.8001,1.0,1.0,1.0,0.5477,1.0,1.0,1.0,0.4686
851,1.0,1.0,1.0,0.8068,1.0,1.0,1.0,0.6139,1.0,1.0,1.0,0.5178
852,1.0,1.0,1.0,0.7135,1.0,1.0,1.0,0.4729,1.0,1.0,1.0,0.5992
853,1.0,1.0,1.0,0.7362,1.0,1.0,1.0,0.5003,1.0,1.0,1.0,0.5646
854,1.0,1.0,1.0,0.8182,1.0,1.0,1.0,0.4744,1.0,1.0,1.0,0.4598
855,1.0,1.0,1.0,0.7366,1.0,1.0,1.0,0.3464,1.0,1.0,1.0,0.4468
856,1.0,1.0,1.0,0.6332,1.0,1.0,1.0,0.1863,1.0,1.0,1.0,0.441
857,1.0,1.0,1.0,0.7209,1.0,1.0,1.0,0.0135,1.0,1.0,1.0,0.501
858,1.0,1.0,1.0,0.6136,1.0,1.0,1.0,0.0,1.0,1.0,1.0,0.545
859,1.0,1.0,1.0,0.6782,1.0,1.0,1.0,0.0,1.0,1.0,1.0,0.6286
860,1.0,1.0,1.0,0.6782,1.0,1.0,1.0,0.0,1.0,1.0,1.0,0.4509
861,1.0,1.0,1.0,0.641,1.0,1.0,1.0,0.0,1.0,1.0,1.0,0.3839
862,1.0,1.0,1.0,0.7461,1.0,1.0,1.0,0.0,1.0,1.0,1.0,0.3791
863,1.0,1.0,1.0,0.7979,1.0,1.0,1.0,0.0,1.0,1.0,1.0,0.4223
864,1.0,1.0,1.0,0.8069,1.0,1.0,1.0,0.0,1.0,1.0,1.0,0.6044
865,1.0,1.0,1.0,0.6539,1.0,1.0,1.0,0.0,1.0,1.0,1.0,0.5166
866,1.0,1.0,1.0,0.7046,1.0,1.0,1.0,0.0,1.0,1.0,1.0,0.4535
867,1.0,1.0,1.0,0.6156,1.0,1.0,1.0,0.0,1.0,1.0,1.0,0.4179
868,1.0,1.0,1.0,0.5943,1.0,1.0,1.0,0.0,1.0,1.0,1.0,0.3577
869,1.0,1.0,1.0,0.5928,1.0,1.0,1.0,0.0,1.0,1.0,1.0,0.293
870,1.0,1.0,1.0,0.7371,1.0,1.0,1.0,0.0,1.0,1.0,1.0,0.3013
871,1.0,1.0,1.0,0.7139,1.0,1.0,1.0,0.0218,1.0,1.0,1.0,0.3836
872,1.0,1.0,1.0,0.5966,1.0,1.0,1.0,0.2054,1.0,1.0,1.0,0.3963
873,1.0,1.0,1.0,0.7103,1.0,1.0,1.0,0.365,1.0,1.0,1.0,0.3292
874,1.0,1.0,1.0,0.7552,1.0,1.0,1.0,0.4821,1.0,1.0,1.0,0.3183
875,1.0,1.0,1.0,0.7961,1.0,1.0,1.0,0.6331,1.0,1.0,1.0,0.2488
876,1.0,1.0,1.0,0.8635,1.0,1.0,1.0,0.5749,1.0,1.0,1.0,0.3252
877,1.0,1.0,1.0,0.9165,1.0,1.0,1.0,0.3835,1.0,1.0,1.0,0.4512
878,1.0,1.0,1.0,0.8823,1.0,1.0,1.0,0.3871,1.0,1.0,1.0,0.3206
879,1.0,1.0,1.0,0.813,1.0,1.0,1.0,0.3298,1.0,1.0,1.0,0.3428
880,1.0,1.0,1.0,0.8485,1.0,1.0,1.0,0.149,1.0,1.0,1.0,0.2878
881,1.0,1.0,1.0,0.8295,1.0,1.0,1.0,0.0135,1.0,1.0,1.0,0.2974
882,1.0,1.0,1.0,0.8141,1.0,1.0,1.0,0.0,1.0,1.0,1.0,0.296
883,1.0,1.0,1.0,0.7394,1.0,1.0,1.0,0.0,1.0,1.0,1.0,0.2121
884,1.0,1.0,1.0,0.7718,1.0,1.0,1.0,0.0,1.0,1.0,1.0,0.2989
885,1.0,1.0,1.0,0.7901,1.0,1.0,1.0,0.0,1.0,1.0,1.0,0.2927
886,1.0,1.0,1.0,0.7745,1.0,1.0,1.0,0.0,1.0,1.0,1.0,0.2644
887,1.0,1.0,1.0,0.6712,1.0,1.0,1.0,0.0,1.0,1.0,1.0,0.278
888,1.0,1.0,1.0,0.7531,1.0,1.0,1.0,0.0,1.0,1.0,1.0,0.2252
889,1.0,1.0,1.0,0.7638,1.0,1.0,1.0,0.0,1.0,1.0,1.0,0.22
890,1.0,1.0,1.0,0.8223,1.0,1.0,1.0,0.0,1.0,1.0,1.0,0.1331
891,1.0,1.0,1.0,0.6798,1.0,1.0,1.0,0.0,1.0,1.0,1.0,0.0663
892,1.0,1.0,1.0,0.6797,1.0,1.0,1.0,0.0,1.0,1.0,1.0,0.0518
893,1.0,1.0,1.0,0.6181,1.0,1.0,1.0,0.0,1.0,1.0,1.0,0.047
894,1.0,1.0,1.0,0.6183,1.0,1.0,1.0,0.0,1.0,1.0,1.0,0.0283
895,1.0,1.0,1.0,0.6901,1.0,1.0,1.0,0.0247,1.0,1.0,1.0,0.0264
896,1.0,1.0,1.0,0.7127,1.0,1.0,1.0,0.2335,1.0,1.0,1.0,0.0244
897,1.0,1.0,1.0,0.7089,1.0,1.0,1.0,0.404,1.0,1.0,1.0,0.0265
898,1.0,1.0,1.0,0.7049,1.0,1.0,1.0,0.4964,1.0,1.0,1.0,0.0362
899,1.0,1.0,1.0,0.5747,1.0,1.0,1.0,0.6073,1.0,1.0,1.0,0.07
900,1.0,1.0,1.0,0.4943,1.0,1.0,1.0,0.6074,1.0,1.0,1.0,0.0861
901,1.0,1.0,1.0,0.5922,1.0,1.0,1.0,0.6111,1.0,1.0,1.0,0.0667
902,1.0,1.0,1.0,0.5467,1.0,1.0,1.0,0.4777,1.0,1.0,1.0,0.0888
903,1.0,1.0,1.0,0.6419,1.0,1.0,1.0,0.3395,1.0,1.0,1.0,0.1454
904,1.0,1.0,1.0,0.7022,1.0,1.0,1.0,0.1993,1.0,1.0,1.0,0.1079
905,1.0,1.0,1.0,0.7581,1.0,1.0,1.0,0.0202,1.0,1.0,1.0,0.0813
906,1.0,1.0,1.0,0.7733,1.0,1.0,1.0,0.0,1.0,1.0,1.0,0.0546
907,1.0,1.0,1.0,0.7389,1.0,1.0,1.0,0.0,1.0,1.0,1.0,0.049
908,1.0,1.0,1.0,0.7228,1.0,1.0,1.0,0.0,1.0,1.0,1.0,0.0601
909,1.0,1.0,1.0,0.7607,1.0,1.0,1.0,0.0,1.0,1.0,1.0,0.1043
910,1.0,1.0,1.0,0.594,1.0,1.0,1.0,0.0,1.0,1.0,1.0,0.1447
911,1.0,1.0,1.0,0.6914,1.0,1.0,1.0,0.0,1.0,1.0,1.0,0.1692
912,1.0,1.0,1.0,0.6473,1.0,1.0,1.0,0.0,1.0,1.0,1.0,0.1775
913,1.0,1.0,1.0,0.6367,1.0,1.0,1.0,0.0,1.0,1.0,1.0,0.2054
914,1.0,1.0,1.0,0.6271,1.0,1.0,1.0,0.0,1.0,1.0,1.0,0.2391
915,1.0,1.0,1.0,0.6207,1.0,1.0,1.0,0.0,1.0,1.0,1.0,0.3386
916,1.0,1.0,1.0,0.5051,1.0,1.0,1.0,0.0,1.0,1.0,1.0,0.3409
917,1.0,1.0,1.0,0.5188,1.0,1.0,1.0,0.0,1.0,1.0,1.0,0.3657
918,1.0,1.0,1.0,0.5704,1.0,1.0,1.0,0.0,1.0,1.0,1.0,0.3363
919,1.0,1.0,1.0,0.3922,1.0,1.0,1.0,0.018,1.0,1.0,1.0,0.3492
920,1.0,1.0,1.0,0.2937,1.0,1.0,1.0,0.2053,1.0,1.0,1.0,0.3326
921,1.0,1.0,1.0,0.3693,1.0,1.0,1.0,0.3135,1.0,1.0,1.0,0.2508
922,1.0,1.0,1.0,0.4333,1.0,1.0,1.0,0.3931,1.0,1.0,1.0,0.3189
923,1.0,1.0,1.0,0.4617,1.0,1.0,1.0,0.4382,1.0,1.0,1.0,0.4457
924,1.0,1.0,1.0,0.4049,1.0,1.0,1.0,0.45,1.0,1.0,1.0,0.4434
925,1.0,1.0,1.0,0.4699,1.0,1.0,1.0,0.4868,1.0,1.0,1.0,0.4733
926,1.0,1.0,1.0,0.3692,1.0,1.0,1.0,0.4309,1.0,1.0,1.0,0.5486
927,1.0,1.0,1.0,0.3624,1.0,1.0,1.0,0.3627,1.0,1.0,1.0,0.534
928,1.0,1.0,1.0,0.2684,1.0,1.0,1.0,0.2113,1.0,1.0,1.0,0.5488
929,1.0,1.0,1.0,0.2637,1.0,1.0,1.0,0.0205,1.0,1.0,1.0,0.5278
930,1.0,1.0,1.0,0.2051,1.0,1.0,1.0,0.0,1.0,1.0,1.0,0.4782
931,1.0,1.0,1.0,0.2598,1.0,1.0,1.0,0.0,1.0,1.0,1.0,0.5238
932,1.0,1.0,1.0,0.2971,1.0,1.0,1.0,0.0,1.0,1.0,1.0,0.5668
933,1.0,1.0,1.0,0.2626,1.0,1.0,1.0,0.0,1.0,1.0,1.0,0.6413
934,1.0,1.0,1.0,0.3503,1.0,1.0,1.0,0.0,1.0,1.0,1.0,0.6364
935,1.0,1.0,1.0,0.2826,1.0,1.0,1.0,0.0,1.0,1.0,1.0,0.53
936,1.0,1.0,1.0,0.2857,1.0,1.0,1.0,0.0,1.0,1.0,1.0,0.622
937,1.0,1.0,1.0,0.2494,1.0,1.0,1.0,0.0,1.0,1.0,1.0,0.5556
938,1.0,1.0,1.0,0.3086,1.0,1.0,1.0,0.0,1.0,1.0,1.0,0.4877
939,1.0,1.0,1.0,0.3647,1.0,1.0,1.0,0.0,1.0,1.0,1.0,0.4411
940,1.0,1.0,1.0,0.48,1.0,1.0,1.0,0.0,1.0,1.0,1.0,0.3009
941,1.0,1.0,1.0,0.4884,1.0,1.0,1.0,0.0,1.0,1.0,1.0,0.2897
942,1.0,1.0,1.0,0.2538,1.0,1.0,1.0,0.0,1.0,1.0,1.0,0.3417
943,1.0,1.0,1.0,0.2324,1.0,1.0,1.0,0.0307,1.0,1.0,1.0,0.312
944,1.0,1.0,1.0,0.3524,1.0,1.0,1.0,0.2372,1.0,1.0,1.0,0.4252
945,1.0,1.0,1.0,0.3314,1.0,1.0,1.0,0.4119,1.0,1.0,1.0,0.5378
946,1.0,1.0,1.0,0.206,1.0,1.0,1.0,0.5524,1.0,1.0,1.0,0.6119
947,1.0,1.0,1.0,0.2406,1.0,1.0,1.0,0.6233,1.0,1.0,1.0,0.4406
948,1.0,1.0,1.0,0.2831,1.0,1.0,1.0,0.7451,1.0,1.0,1.0,0.5665
949,1.0,1.0,1.0,0.2399,1.0,1.0,1.0,0.716,1.0,1.0,1.0,0.5433
950,1.0,1.0,1.0,0.231,1.0,1.0,1.0,0.5819,1.0,1.0,1.0,0.6798
951,1.0,1.0,1.0,0.1883,1.0,1.0,1.0,0.362,1.0,1.0,1.0,0.6263
952,1.0,1.0,1.0,0.2259,1.0,1.0,1.0,0.2009,1.0,1.0,1.0,0.6104
953,1.0,1.0,1.0,0.2364,1.0,1.0,1.0,0.0245,1.0,1.0,1.0,0.614
954,1.0,1.0,1.0,0.1761,1.0,1.0,1.0,0.0,1.0,1.0,1.0,0.5302
955,1.0,1.0,1.0,0.1827,1.0,1.0,1.0,0.0,1.0,1.0,1.0,0.3887
956,1.0,1.0,1.0,0.1535,1.0,1.0,1.0,0.0,1.0,1.0,1.0,0.2173
957,1.0,1.0,1.0,0.2419,1.0,1.0,1.0,0.0,1.0,1.0,1.0,0.4472
958,1.0,1.0,1.0,0.3116,1.0,1.0,1.0,0.0,1.0,1.0,1.0,0.3116
959,1.0,1.0,1.0,0.308,1.0,1.0,1.0,0.0,1.0,1.0,1.0,0.2057
960,1.0,1.0,1.0,0.3191,1.0,1.0,1.0,0.0,1.0,1.0,1.0,0.2467
961,1.0,1.0,1.0,0.4066,1.0,1.0,1.0,0.0,1.0,1.0,1.0,0.1702
962,1.0,1.0,1.0,0.3953,1.0,1.0,1.0,0.0,1.0,1.0,1.0,0.1088
963,1.0,1.0,1.0,0.4639,1.0,1.0,1.0,0.0,1.0,1.0,1.0,0.0453
964,1.0,1.0,1.0,0.5936,1.0,1.0,1.0,0.0,1.0,1.0,1.0,0.0543
965,1.0,1.0,1.0,0.5494,1.0,1.0,1.0,0.0,1.0,1.0,1.0,0.0411
966,1.0,1.0,1.0,0.6836,1.0,1.0,1.0,0.0,1.0,1.0,1.0,0.0556
967,1.0,1.0,1.0,0.7728,1.0,1.0,1.0,0.0341,1.0,1.0,1.0,0.0586
968,1.0,1.0,1.0,0.7819,1.0,1.0,1.0,0.2435,1.0,1.0,1.0,0.0649
969,1.0,1.0,1.0,0.7475,1.0,1.0,1.0,0.4353,1.0,1.0,1.0,0.0602
970,1.0,1.0,1.0,0.7572,1.0,1.0,1.0,0.5432,1.0,1.0,1.0,0.0592
971,1.0,1.0,1.0,0.735,1.0,1.0,1.0,0.6515,1.0,1.0,1.0,0.0475
972,1.0,1.0,1.0,0.6713,1.0,1.0,1.0,0.6169,1.0,1.0,1.0,0.0395
973,1.0,1.0,1.0,0.7071,1.0,1.0,1.0,0.6569,1.0,1.0,1.0,0.0298
974,1.0,1.0,1.0,0.6222,1.0,1.0,1.0,0.4875,1.0,1.0,1.0,0.0546
975,1.0,1.0,1.0,0.5909,1.0,1.0,1.0,0.335,1.0,1.0,1.0,0.0518
976,1.0,1.0,1.0,0.561,1.0,1.0,1.0,0.1589,1.0,1.0,1.0,0.0262
977,1.0,1.0,1.0,0.4408,1.0,1.0,1.0,0.0246,1.0,1.0,1.0,0.0317
978,1.0,1.0,1.0,0.5005,1.0,1.0,1.0,0.0,1.0,1.0,1.0,0.0266
979,1.0,1.0,1.0,0.4811,1.0,1.0,1.0,0.0,1.0,1.0,1.0,0.029
980,1.0,1.0,1.0,0.5947,1.0,1.0,1.0,0.0,1.0,1.0,1.0,0.0292
981,1.0,1.0,1.0,0.5716,1.0,1.0,1.0,0.0,1.0,1.0,1.0,0.0532
982,1.0,1.0,1.0,0.5349,1.0,1.0,1.0,0.0,1.0,1.0,1.0,0.0507
983,1.0,1.0,1.0,0.4554,1.0,1.0,1.0,0.0,1.0,1.0,1.0,0.0718
984,1.0,1.0,1.0,0.4598,1.0,1.0,1.0,0.0,1.0,1.0,1.0,0.0961
985,1.0,1.0,1.0,0.4654,1.0,1.0,1.0,0.0,1.0,1.0,1.0,0.0657
986,1.0,1.0,1.0,0.5318,1.0,1.0,1.0,0.0,1.0,1.0,1.0,0.075
987,1.0,1.0,1.0,0.5372,1.0,1.0,1.0,0.0,1.0,1.0,1.0,0.0626
988,1.0,1.0,1.0,0.7068,1.0,1.0,1.0,0.0,1.0,1.0,1.0,0.0452
989,1.0,1.0,1.0,0.734,1.0,1.0,1.0,0.0,1.0,1.0,1.0,0.0328
990,1.0,1.0,1.0,0.6551,1.0,1.0,1.0,0.0,1.0,1.0,1.0,0.0475
991,1.0,1.0,1.0,0.562,1.0,1.0,1.0,0.0368,1.0,1.0,1.0,0.1207
992,1.0,1.0,1.0,0.6062,1.0,1.0,1.0,0.2275,1.0,1.0,1.0,0.0987
993,1.0,1.0,1.0,0.516,1.0,1.0,1.0,0.3763,1.0,1.0,1.0,0.1118
994,1.0,1.0,1.0,0.5677,1.0,1.0,1.0,0.4899,1.0,1.0,1.0,0.1295
995,1.0,1.0,1.0,0.6411,1.0,1.0,1.0,0.5757,1.0,1.0,1.0,0.1154
996,1.0,1.0,1.0,0.7082,1.0,1.0,1.0,0.6442,1.0,1.0,1.0,0.1846
997,1.0,1.0,1.0,0.636,1.0,1.0,1.0,0.613,1.0,1.0,1.0,0.3373
998,1.0,1.0,1.0,0.7039,1.0,1.0,1.0,0.6204,1.0,1.0,1.0,0.2958
999,1.0,1.0,1.0,0.7221,1.0,1.0,1.0,0.4635,1.0,1.0,1.0,0.4409
1000,1.0,1.0,1.0,0.6717,1.0,1.0,1.0,0.2642,1.0,1.0,1.0,0.3954
1001,1.0,1.0,1.0,0.6549,1.0,1.0,1.0,0.0408,1.0,1.0,1.0,0.3198
1002,1.0,1.0,1.0,0.6875,1.0,1.0,1.0,0.0,1.0,1.0,1.0,0.3135
1003,1.0,1.0,1.0,0.6298,1.0,1.0,1.0,0.0,1.0,1.0,1.0,0.3872
1004,1.0,1.0,1.0,0.651,1.0,1.0,1.0,0.0,1.0,1.0,1.0,0.3811
1005,1.0,1.0,1.0,0.7526,1.0,1.0,1.0,0.0,1.0,1.0,1.0,0.4464
1006,1.0,1.0,1.0,0.8052,1.0,1.0,1.0,0.0,1.0,1.0,1.0,0.4669
1007,1.0,1.0,1.0,0.8033,1.0,1.0,1.0,0.0,1.0,1.0,1.0,0.5847
1008,1.0,1.0,1.0,0.8093,1.0,1.0,1.0,0.0,1.0,1.0,1.0,0.6249
1009,1.0,1.0,1.0,0.7713,1.0,1.0,1.0,0.0,1.0,1.0,1.0,0.7365
1010,1.0,1.0,1.0,0.7316,1.0,1.0,1.0,0.0,1.0,1.0,1.0,0.6668
1011,1.0,1.0,1.0,0.6075,1.0,1.0,1.0,0.0,1.0,1.0,1.0,0.6453
1012,1.0,1.0,1.0,0.6256,1.0,1.0,1.0,0.0,1.0,1.0,1.0,0.6403
1013,1.0,1.0,1.0,0.6768,1.0,1.0,1.0,0.0,1.0,1.0,1.0,0.564
1014,1.0,1.0,1.0,0.6669,1.0,1.0,1.0,0.0,1.0,1.0,1.0,0.4735
1015,1.0,1.0,1.0,0.591,1.0,1.0,1.0,0.0446,1.0,1.0,1.0,0.507
1016,1.0,1.0,1.0,0.5945,1.0,1.0,1.0,0.2678,1.0,1.0,1.0,0.5638
1017,1.0,1.0,1.0,0.699,1.0,1.0,1.0,0.4665,1.0,1.0,1.0,0.5708
1018,1.0,1.0,1.0,0.7565,1.0,1.0,1.0,0.6229,1.0,1.0,1.0,0.6557
1019,1.0,1.0,1.0,0.7486,1.0,1.0,1.0,0.7229,1.0,1.0,1.0,0.5586
1020,1.0,1.0,1.0,0.8554,1.0,1.0,1.0,0.7572,1.0,1.0,1.0,0.5221
1021,1.0,1.0,1.0,0.9353,1.0,1.0,1.0,0.7229,1.0,1.0,1.0,0.4181
1022,1.0,1.0,1.0,0.9187,1.0,1.0,1.0,0.6229,1.0,1.0,1.0,0.4317
1023,1.0,1.0,1.0,0.9062,1.0,1.0,1.0,0.4665,1.0,1.0,1.0,0.4753
1024,1.0,1.0,1.0,0.9201,1.0,1.0,1.0,0.2678,1.0,1.0,1.0,0.5915
1025,1.0,1.0,1.0,0.8863,1.0,1.0,1.0,0.0448,1.0,1.0,1.0,0.486
1026,1.0,1.0,1.0,0.9081,1.0,1.0,1.0,0.0,1.0,1.0,1.0,0.5182
1027,1.0,1.0,1.0,0.9055,1.0,1.0,1.0,0.0,1.0,1.0,1.0,0.6388
1028,1.0,1.0,1.0,0.9109,1.0,1.0,1.0,0.0,1.0,1.0,1.0,0.5497
1029,1.0,1.0,1.0,0.8865,1.0,1.0,1.0,0.0,1.0,1.0,1.0,0.4397
1030,1.0,1.0,1.0,0.8481,1.0,1.0,1.0,0.0,1.0,1.0,1.0,0.3198
1031,1.0,1.0,1.0,0.7262,1.0,1.0,1.0,0.0,1.0,1.0,1.0,0.3737
1032,1.0,1.0,1.0,0.8121,1.0,1.0,1.0,0.0,1.0,1.0,1.0,0.3182
1033,1.0,1.0,1.0,0.8521,1.0,1.0,1.0,0.0,1.0,1.0,1.0,0.3601
1034,1.0,1.0,1.0,0.874,1.0,1.0,1.0,0.0,1.0,1.0,1.0,0.346
1035,1.0,1.0,1.0,0.881,1.0,1.0,1.0,0.0,1.0,1.0,1.0,0.5023
1036,1.0,1.0,1.0,0.7572,1.0,1.0,1.0,0.0,1.0,1.0,1.0,0.5699
1037,1.0,1.0,1.0,0.699,1.0,1.0,1.0,0.0,1.0,1.0,1.0,0.4971
1038,1.0,1.0,1.0,0.6747,1.0,1.0,1.0,0.0,1.0,1.0,1.0,0.47
1039,1.0,1.0,1.0,0.582,1.0,1.0,1.0,0.0488,1.0,1.0,1.0,0.5389
1040,1.0,1.0,1.0,0.433,1.0,1.0,1.0,0.2714,1.0,1.0,1.0,0.4437
1041,1.0,1.0,1.0,0.354,1.0,1.0,1.0,0.4317,1.0,1.0,1.0,0.5476
1042,1.0,1.0,1.0,0.3625,1.0,1.0,1.0,0.5988,1.0,1.0,1.0,0.5236
1043,1.0,1.0,1.0,0.3709,1.0,1.0,1.0,0.6306,1.0,1.0,1.0,0.5918
1044,1.0,1.0,1.0,0.4519,1.0,1.0,1.0,0.6815,1.0,1.0,1.0,0.5716
1045,1.0,1.0,1.0,0.6311,1.0,1.0,1.0,0.6634,1.0,1.0,1.0,0.5233
1046,1.0,1.0,1.0,0.6819,1.0,1.0,1.0,0.552,1.0,1.0,1.0,0.4617
1047,1.0,1.0,1.0,0.6638,1.0,1.0,1.0,0.3353,1.0,1.0,1.0,0.6116
1048,1.0,1.0,1.0,0.7845,1.0,1.0,1.0,0.2444,1.0,1.0,1.0,0.5827
1049,1.0,1.0,1.0,0.6685,1.0,1.0,1.0,0.0396,1.0,1.0,1.0,0.802
1050,1.0,1.0,1.0,0.4887,1.0,1.0,1.0,0.0,1.0,1.0,1.0,0.8032
1051,1.0,1.0,1.0,0.4128,1.0,1.0,1.0,0.0,1.0,1.0,1.0,0.7433
1052,1.0,1.0,1.0,0.4861,1.0,1.0,1.0,0.0,1.0,1.0,1.0,0.6162
1053,1.0,1.0,1.0,0.5017,1.0,1.0,1.0,0.0,1.0,1.0,1.0,0.7083
1054,1.0,1.0,1.0,0.4046,1.0,1.0,1.0,0.0,1.0,1.0,1.0,0.6878
1055,1.0,1.0,1.0,0.3481,1.0,1.0,1.0,0.0,1.0,1.0,1.0,0.7409
1056,1.0,1.0,1.0,0.2602,1.0,1.0,1.0,0.0,1.0,1.0,1.0,0.8611
1057,1.0,1.0,1.0,0.1905,1.0,1.0,1.0,0.0,1.0,1.0,1.0,0.8808
1058,1.0,1.0,1.0,0.2977,1.0,1.0,1.0,0.0,1.0,1.0,1.0,0.8865
1059,1.0,1.0,1.0,0.293,1.0,1.0,1.0,0.0,1.0,1.0,1.0,0.9183
1060,1.0,1.0,1.0,0.4419,1.0,1.0,1.0,0.0,1.0,1.0,1.0,0.9324
1061,1.0,1.0,1.0,0.3691,1.0,1.0,1.0,0.0,1.0,1.0,1.0,0.891
1062,1.0,1.0,1.0,0.4143,1.0,1.0,1.0,0.0,1.0,1.0,1.0,0.9242
1063,1.0,1.0,1.0,0.4367,1.0,1.0,1.0,0.0348,1.0,1.0,1.0,0.9173
1064,1.0,1.0,1.0,0.5156,1.0,1.0,1.0,0.2163,1.0,1.0,1.0,0.9463
1065,1.0,1.0,1.0,0.5378,1.0,1.0,1.0,0.3369,1.0,1.0,1.0,0.9506
1066,1.0,1.0,1.0,0.621,1.0,1.0,1.0,0.4342,1.0,1.0,1.0,0.9638
1067,1.0,1.0,1.0,0.6625,1.0,1.0,1.0,0.5294,1.0,1.0,1.0,0.957
1068,1.0,1.0,1.0,0.5681,1.0,1.0,1.0,0.5667,1.0,1.0,1.0,0.9224
1069,1.0,1.0,1.0,0.6281,1.0,1.0,1.0,0.4929,1.0,1.0,1.0,0.9305
1070,1.0,1.0,1.0,0.6164,1.0,1.0,1.0,0.523,1.0,1.0,1.0,0.9456
1071,1.0,1.0,1.0,0.5473,1.0,1.0,1.0,0.2971,1.0,1.0,1.0,0.929
1072,1.0,1.0,1.0,0.6056,1.0,1.0,1.0,0.1543,1.0,1.0,1.0,0.9183
1073,1.0,1.0,1.0,0.6771,1.0,1.0,1.0,0.0285,1.0,1.0,1.0,0.8275
1074,1.0,1.0,1.0,0.6343,1.0,1.0,1.0,0.0,1.0,1.0,1.0,0.8121
1075,1.0,1.0,1.0,0.6019,1.0,1.0,1.0,0.0,1.0,1.0,1.0,0.7268
1076,1.0,1.0,1.0,0.4793,1.0,1.0,1.0,0.0,1.0,1.0,1.0,0.7552
1077,1.0,1.0,1.0,0.3296,1.0,1.0,1.0,0.0,1.0,1.0,1.0,0.7697
1078,1.0,1.0,1.0,0.3161,1.0,1.0,1.0,0.0,1.0,1.0,1.0,0.7636
1079,1.0,1.0,1.0,0.3847,1.0,1.0,1.0,0.0,1.0,1.0,1.0,0.8316
1080,1.0,1.0,1.0,0.341,1.0,1.0,1.0,0.0,1.0,1.0,1.0,0.8356
1081,1.0,1.0,1.0,0.4657,1.0,1.0,1.0,0.0,1.0,1.0,1.0,0.8377
1082,1.0,1.0,1.0,0.4493,1.0,1.0,1.0,0.0,1.0,1.0,1.0,0.8456
1083,1.0,1.0,1.0,0.4339,1.0,1.0,1.0,0.0,1.0,1.0,1.0,0.8088
1084,1.0,1.0,1.0,0.4115,1.0,1.0,1.0,0.0,1.0,1.0,1.0,0.851
1085,1.0,1.0,1.0,0.4996,1.0,1.0,1.0,0.0,1.0,1.0,1.0,0.7967
1086,1.0,1.0,1.0,0.4169,1.0,1.0,1.0,0.0,1.0,1.0,1.0,0.813
1087,1.0,1.0,1.0,0.4088,1.0,1.0,1.0,0.035,1.0,1.0,1.0,0.8639
1088,1.0,1.0,1.0,0.3664,1.0,1.0,1.0,0.1996,1.0,1.0,1.0,0.8069
1089,1.0,1.0,1.0,0.326,1.0,1.0,1.0,0.3558,1.0,1.0,1.0,0.7138
1090,1.0,1.0,1.0,0.3339,1.0,1.0,1.0,0.5171,1.0,1.0,1.0,0.6265
1091,1.0,1.0,1.0,0.3301,1.0,1.0,1.0,0.6673,1.0,1.0,1.0,0.7566
1092,1.0,1.0,1.0,0.4215,1.0,1.0,1.0,0.6754,1.0,1.0,1.0,0.7075
1093,1.0,1.0,1.0,0.4233,1.0,1.0,1.0,0.6451,1.0,1.0,1.0,0.6066
1094,1.0,1.0,1.0,0.474,1.0,1.0,1.0,0.5982,1.0,1.0,1.0,0.633
1095,1.0,1.0,1.0,0.4903,1.0,1.0,1.0,0.3534,1.0,1.0,1.0,0.3945
1096,1.0,1.0,1.0,0.6119,1.0,1.0,1.0,0.2078,1.0,1.0,1.0,0.3201
1097,1.0,1.0,1.0,0.5836,1.0,1.0,1.0,0.042,1.0,1.0,1.0,0.4405
1098,1.0,1.0,1.0,0.5558,1.0,1.0,1.0,0.0,1.0,1.0,1.0,0.3613
1099,1.0,1.0,1.0,0.6177,1.0,1.0,1.0,0.0,1.0,1.0,1.0,0.3435
1100,1.0,1.0,1.0,0.5882,1.0,1.0,1.0,0.0,1.0,1.0,1.0,0.3708
1101,1.0,1.0,1.0,0.6276,1.0,1.0,1.0,0.0,1.0,1.0,1.0,0.3981
1102,1.0,1.0,1.0,0.7902,1.0,1.0,1.0,0.0,1.0,1.0,1.0,0.3564
1103,1.0,1.0,1.0,0.7202,1.0,1.0,1.0,0.0,1.0,1.0,1.0,0.4048
1104,1.0,1.0,1.0,0.8101,1.0,1.0,1.0,0.0,1.0,1.0,1.0,0.5311
1105,1.0,1.0,1.0,0.7749,1.0,1.0,1.0,0.0,1.0,1.0,1.0,0.4367
1106,1.0,1.0,1.0,0.8414,1.0,1.0,1.0,0.0,1.0,1.0,1.0,0.3965
1107,1.0,1.0,1.0,0.8654,1.0,1.0,1.0,0.0,1.0,1.0,1.0,0.3898
1108,1.0,1.0,1.0,0.8825,1.0,1.0,1.0,0.0,1.0,1.0,1.0,0.4518
1109,1.0,1.0,1.0,0.8704,1.0,1.0,1.0,0.0,1.0,1.0,1.0,0.4552
1110,1.0,1.0,1.0,0.8534,1.0,1.0,1.0,0.0,1.0,1.0,1.0,0.4446
1111,1.0,1.0,1.0,0.8111,1.0,1.0,1.0,0.0611,1.0,1.0,1.0,0.3183
1112,1.0,1.0,1.0,0.8049,1.0,1.0,1.0,0.2826,1.0,1.0,1.0,0.2425
1113,1.0,1.0,1.0,0.7878,1.0,1.0,1.0,0.4791,1.0,1.0,1.0,0.2609
1114,1.0,1.0,1.0,0.7927,1.0,1.0,1.0,0.6334,1.0,1.0,1.0,0.2327
1115,1.0,1.0,1.0,0.6918,1.0,1.0,1.0,0.7317,1.0,1.0,1.0,0.2174
1116,1.0,1.0,1.0,0.6886,1.0,1.0,1.0,0.7178,1.0,1.0,1.0,0.2196
1117,1.0,1.0,1.0,0.7709,1.0,1.0,1.0,0.6493,1.0,1.0,1.0,0.398
1118,1.0,1.0,1.0,0.8189,1.0,1.0,1.0,0.6334,1.0,1.0,1.0,0.3591
1119,1.0,1.0,1.0,0.8136,1.0,1.0,1.0,0.4791,1.0,1.0,1.0,0.48
1120,1.0,1.0,1.0,0.9111,1.0,1.0,1.0,0.2826,1.0,1.0,1.0,0.5935
1121,1.0,1.0,1.0,0.8867,1.0,1.0,1.0,0.0611,1.0,1.0,1.0,0.6558
1122,1.0,1.0,1.0,0.8772,1.0,1.0,1.0,0.0,1.0,1.0,1.0,0.5806
1123,1.0,1.0,1.0,0.8024,1.0,1.0,1.0,0.0,1.0,1.0,1.0,0.589
1124,1.0,1.0,1.0,0.772,1.0,1.0,1.0,0.0,1.0,1.0,1.0,0.5519
1125,1.0,1.0,1.0,0.8594,1.0,1.0,1.0,0.0,1.0,1.0,1.0,0.7117
1126,1.0,1.0,1.0,0.8361,1.0,1.0,1.0,0.0,1.0,1.0,1.0,0.7343
1127,1.0,1.0,1.0,0.7403,1.0,1.0,1.0,0.0,1.0,1.0,1.0,0.7126
1128,1.0,1.0,1.0,0.7889,1.0,1.0,1.0,0.0,1.0,1.0,1.0,0.8171
1129,1.0,1.0,1.0,0.8048,1.0,1.0,1.0,0.0,1.0,1.0,1.0,0.79
1130,1.0,1.0,1.0,0.8411,1.0,1.0,1.0,0.0,1.0,1.0,1.0,0.8137
1131,1.0,1.0,1.0,0.8196,1.0,1.0,1.0,0.0,1.0,1.0,1.0,0.8419
1132,1.0,1.0,1.0,0.7534,1.0,1.0,1.0,0.0,1.0,1.0,1.0,0.8507
1133,1.0,1.0,1.0,0.7351,1.0,1.0,1.0,0.0,1.0,1.0,1.0,0.8384
1134,1.0,1.0,1.0,0.766,1.0,1.0,1.0,0.0,1.0,1.0,1.0,0.8684
1135,1.0,1.0,1.0,0.7551,1.0,1.0,1.0,0.0507,1.0,1.0,1.0,0.8328
1136,1.0,1.0,1.0,0.7737,1.0,1.0,1.0,0.2379,1.0,1.0,1.0,0.8747
1137,1.0,1.0,1.0,0.7323,1.0,1.0,1.0,0.4535,1.0,1.0,1.0,0.8561
1138,1.0,1.0,1.0,0.7551,1.0,1.0,1.0,0.6361,1.0,1.0,1.0,0.8997
1139,1.0,1.0,1.0,0.7489,1.0,1.0,1.0,0.734,1.0,1.0,1.0,0.9235
1140,1.0,1.0,1.0,0.693,1.0,1.0,1.0,0.7677,1.0,1.0,1.0,0.9311
1141,1.0,1.0,1.0,0.6985,1.0,1.0,1.0,0.734,1.0,1.0,1.0,0.9235
1142,1.0,1.0,1.0,0.664,1.0,1.0,1.0,0.6361,1.0,1.0,1.0,0.9426
1143,1.0,1.0,1.0,0.7064,1.0,1.0,1.0,0.4823,1.0,1.0,1.0,0.9483
1144,1.0,1.0,1.0,0.7611,1.0,1.0,1.0,0.2864,1.0,1.0,1.0,0.8447
1145,1.0,1.0,1.0,0.786,1.0,1.0,1.0,0.0653,1.0,1.0,1.0,0.7945
1146,1.0,1.0,1.0,0.6662,1.0,1.0,1.0,0.0,1.0,1.0,1.0,0.7969
1147,1.0,1.0,1.0,0.5828,1.0,1.0,1.0,0.0,1.0,1.0,1.0,0.8054
1148,1.0,1.0,1.0,0.5256,1.0,1.0,1.0,0.0,1.0,1.0,1.0,0.835
1149,1.0,1.0,1.0,0.4557,1.0,1.0,1.0,0.0,1.0,1.0,1.0,0.892
1150,1.0,1.0,1.0,0.4107,1.0,1.0,1.0,0.0,1.0,1.0,1.0,0.9046
1151,1.0,1.0,1.0,0.4938,1.0,1.0,1.0,0.0,1.0,1.0,1.0,0.8097
1152,1.0,1.0,1.0,0.5541,1.0,1.0,1.0,0.0,1.0,1.0,1.0,0.8124
1153,1.0,1.0,1.0,0.5159,1.0,1.0,1.0,0.0,1.0,1.0,1.0,0.8633
1154,1.0,1.0,1.0,0.5671,1.0,1.0,1.0,0.0,1.0,1.0,1.0,0.8609
1155,1.0,1.0,1.0,0.5934,1.0,1.0,1.0,0.0,1.0,1.0,1.0,0.8624
1156,1.0,1.0,1.0,0.5882,1.0,1.0,1.0,0.0,1.0,1.0,1.0,0.8325
1157,1.0,1.0,1.0,0.679,1.0,1.0,1.0,0.0,1.0,1.0,1.0,0.868
1158,1.0,1.0,1.0,0.6216,1.0,1.0,1.0,0.0,1.0,1.0,1.0,0.8455
1159,1.0,1.0,1.0,0.6228,1.0,1.0,1.0,0.0677,1.0,1.0,1.0,0.8644
1160,1.0,1.0,1.0,0.5299,1.0,1.0,1.0,0.2464,1.0,1.0,1.0,0.8746
1161,1.0,1.0,1.0,0.4418,1.0,1.0,1.0,0.402,1.0,1.0,1.0,0.8698
1162,1.0,1.0,1.0,0.3314,1.0,1.0,1.0,0.5535,1.0,1.0,1.0,0.8816
1163,1.0,1.0,1.0,0.2642,1.0,1.0,1.0,0.5543,1.0,1.0,1.0,0.8823
1164,1.0,1.0,1.0,0.2762,1.0,1.0,1.0,0.6228,1.0,1.0,1.0,0.9166
1165,1.0,1.0,1.0,0.2613,1.0,1.0,1.0,0.6683,1.0,1.0,1.0,0.9281
1166,1.0,1.0,1.0,0.2495,1.0,1.0,1.0,0.6388,1.0,1.0,1.0,0.9449
1167,1.0,1.0,1.0,0.2366,1.0,1.0,1.0,0.4856,1.0,1.0,1.0,0.9231
1168,1.0,1.0,1.0,0.3741,1.0,1.0,1.0,0.2518,1.0,1.0,1.0,0.8925
1169,1.0,1.0,1.0,0.2899,1.0,1.0,1.0,0.0638,1.0,1.0,1.0,0.8881
1170,1.0,1.0,1.0,0.2136,1.0,1.0,1.0,0.0,1.0,1.0,1.0,0.9062
1171,1.0,1.0,1.0,0.1738,1.0,1.0,1.0,0.0,1.0,1.0,1.0,0.9154
1172,1.0,1.0,1.0,0.1771,1.0,1.0,1.0,0.0,1.0,1.0,1.0,0.8853
1173,1.0,1.0,1.0,0.2128,1.0,1.0,1.0,0.0,1.0,1.0,1.0,0.9048
1174,1.0,1.0,1.0,0.259,1.0,1.0,1.0,0.0,1.0,1.0,1.0,0.8765
1175,1.0,1.0,1.0,0.3345,1.0,1.0,1.0,0.0,1.0,1.0,1.0,0.8941
1176,1.0,1.0,1.0,0.3299,1.0,1.0,1.0,0.0,1.0,1.0,1.0,0.8967
1177,1.0,1.0,1.0,0.3047,1.0,1.0,1.0,0.0,1.0,1.0,1.0,0.8821
1178,1.0,1.0,1.0,0.4434,1.0,1.0,1.0,0.0,1.0,1.0,1.0,0.8533
1179,1.0,1.0,1.0,0.2325,1.0,1.0,1.0,0.0,1.0,1.0,1.0,0.852
1180,1.0,1.0,1.0,0.2432,1.0,1.0,1.0,0.0,1.0,1.0,1.0,0.8485
1181,1.0,1.0,1.0,0.279,1.0,1.0,1.0,0.0,1.0,1.0,1.0,0.786
1182,1.0,1.0,1.0,0.4344,1.0,1.0,1.0,0.0,1.0,1.0,1.0,0.8128
1183,1.0,1.0,1.0,0.3023,1.0,1.0,1.0,0.0666,1.0,1.0,1.0,0.8612
1184,1.0,1.0,1.0,0.2775,1.0,1.0,1.0,0.2928,1.0,1.0,1.0,0.8877
1185,1.0,1.0,1.0,0.1974,1.0,1.0,1.0,0.4889,1.0,1.0,1.0,0.892
1186,1.0,1.0,1.0,0.1204,1.0,1.0,1.0,0.6415,1.0,1.0,1.0,0.8684
1187,1.0,1.0,1.0,0.1193,1.0,1.0,1.0,0.7324,1.0,1.0,1.0,0.8666
1188,1.0,1.0,1.0,0.1615,1.0,1.0,1.0,0.7545,1.0,1.0,1.0,0.8538
1189,1.0,1.0,1.0,0.2361,1.0,1.0,1.0,0.7387,1.0,1.0,1.0,0.8521
1190,1.0,1.0,1.0,0.2102,1.0,1.0,1.0,0.6415,1.0,1.0,1.0,0.8831
1191,1.0,1.0,1.0,0.2593,1.0,1.0,1.0,0.4591,1.0,1.0,1.0,0.8721
1192,1.0,1.0,1.0,0.2523,1.0,1.0,1.0,0.2613,1.0,1.0,1.0,0.7712
1193,1.0,1.0,1.0,0.2978,1.0,1.0,1.0,0.0652,1.0,1.0,1.0,0.8107
1194,1.0,1.0,1.0,0.3948,1.0,1.0,1.0,0.0,1.0,1.0,1.0,0.8243
1195,1.0,1.0,1.0,0.382,1.0,1.0,1.0,0.0,1.0,1.0,1.0,0.8246
1196,1.0,1.0,1.0,0.4779,1.0,1.0,1.0,0.0,1.0,1.0,1.0,0.7477
1197,1.0,1.0,1.0,0.3753,1.0,1.0,1.0,0.0,1.0,1.0,1.0,0.681
1198,1.0,1.0,1.0,0.4346,1.0,1.0,1.0,0.0,1.0,1.0,1.0,0.618
1199,1.0,1.0,1.0,0.5269,1.0,1.0,1.0,0.0,1.0,1.0,1.0,0.5642
1200,1.0,1.0,1.0,0.6049,1.0,1.0,1.0,0.0,1.0,1.0,1.0,0.5174
1201,1.0,1.0,1.0,0.4999,1.0,1.0,1.0,0.0,1.0,1.0,1.0,0.4133
1202,1.0,1.0,1.0,0.4821,1.0,1.0,1.0,0.0,1.0,1.0,1.0,0.6009
1203,1.0,1.0,1.0,0.5093,1.0,1.0,1.0,0.0,1.0,1.0,1.0,0.7147
1204,1.0,1.0,1.0,0.5479,1.0,1.0,1.0,0.0,1.0,1.0,1.0,0.7278
1205,1.0,1.0,1.0,0.5567,1.0,1.0,1.0,0.0,1.0,1.0,1.0,0.7187
1206,1.0,1.0,1.0,0.6731,1.0,1.0,1.0,0.0,1.0,1.0,1.0,0.8242
1207,1.0,1.0,1.0,0.5617,1.0,1.0,1.0,0.0781,1.0,1.0,1.0,0.8872
1208,1.0,1.0,1.0,0.5393,1.0,1.0,1.0,0.2979,1.0,1.0,1.0,0.8504
1209,1.0,1.0,1.0,0.3925,1.0,1.0,1.0,0.4922,1.0,1.0,1.0,0.8542
1210,1.0,1.0,1.0,0.4488,1.0,1.0,1.0,0.6443,1.0,1.0,1.0,0.8385
1211,1.0,1.0,1.0,0.499,1.0,1.0,1.0,0.741,1.0,1.0,1.0,0.8174
1212,1.0,1.0,1.0,0.763,1.0,1.0,1.0,0.7743,1.0,1.0,1.0,0.8009
1213,1.0,1.0,1.0,0.8167,1.0,1.0,1.0,0.741,1.0,1.0,1.0,0.7885
1214,1.0,1.0,1.0,0.8272,1.0,1.0,1.0,0.6443,1.0,1.0,1.0,0.7934
1215,1.0,1.0,1.0,0.8333,1.0,1.0,1.0,0.4922,1.0,1.0,1.0,0.7985
1216,1.0,1.0,1.0,0.8102,1.0,1.0,1.0,0.2979,1.0,1.0,1.0,0.8623
1217,1.0,1.0,1.0,0.8107,1.0,1.0,1.0,0.0781,1.0,1.0,1.0,0.8165
1218,1.0,1.0,1.0,0.8188,1.0,1.0,1.0,0.0,1.0,1.0,1.0,0.856
1219,1.0,1.0,1.0,0.6849,1.0,1.0,1.0,0.0,1.0,1.0,1.0,0.7939
1220,1.0,1.0,1.0,0.6949,1.0,1.0,1.0,0.0,1.0,1.0,1.0,0.8
1221,1.0,1.0,1.0,0.6973,1.0,1.0,1.0,0.0,1.0,1.0,1.0,0.8463
1222,1.0,1.0,1.0,0.806,1.0,1.0,1.0,0.0,1.0,1.0,1.0,0.8641
1223,1.0,1.0,1.0,0.7919,1.0,1.0,1.0,0.0,1.0,1.0,1.0,0.8428
1224,1.0,1.0,1.0,0.7358,1.0,1.0,1.0,0.0,1.0,1.0,1.0,0.848
1225,1.0,1.0,1.0,0.7481,1.0,1.0,1.0,0.0,1.0,1.0,1.0,0.9039
1226,1.0,1.0,1.0,0.747,1.0,1.0,1.0,0.0,1.0,1.0,1.0,0.8768
1227,1.0,1.0,1.0,0.7321,1.0,1.0,1.0,0.0,1.0,1.0,1.0,0.8907
1228,1.0,1.0,1.0,0.6291,1.0,1.0,1.0,0.0,1.0,1.0,1.0,0.9144
1229,1.0,1.0,1.0,0.6127,1.0,1.0,1.0,0.0,1.0,1.0,1.0,0.8963
1230,1.0,1.0,1.0,0.5604,1.0,1.0,1.0,0.0,1.0,1.0,1.0,0.9367
1231,1.0,1.0,1.0,0.5401,1.0,1.0,1.0,0.0824,1.0,1.0,1.0,0.9656
1232,1.0,1.0,1.0,0.6018,1.0,1.0,1.0,0.3018,1.0,1.0,1.0,0.9738
1233,1.0,1.0,1.0,0.5412,1.0,1.0,1.0,0.4955,1.0,1.0,1.0,0.9799
1234,1.0,1.0,1.0,0.5209,1.0,1.0,1.0,0.647,1.0,1.0,1.0,0.9593
1235,1.0,1.0,1.0,0.5674,1.0,1.0,1.0,0.6995,1.0,1.0,1.0,0.9307
1236,1.0,1.0,1.0,0.5423,1.0,1.0,1.0,0.6848,1.0,1.0,1.0,0.9231
1237,1.0,1.0,1.0,0.7463,1.0,1.0,1.0,0.6307,1.0,1.0,1.0,0.8981
1238,1.0,1.0,1.0,0.7566,1.0,1.0,1.0,0.5504,1.0,1.0,1.0,0.911
1239,1.0,1.0,1.0,0.6607,1.0,1.0,1.0,0.4846,1.0,1.0,1.0,0.7781
1240,1.0,1.0,1.0,0.5875,1.0,1.0,1.0,0.3018,1.0,1.0,1.0,0.8068
1241,1.0,1.0,1.0,0.5037,1.0,1.0,1.0,0.0786,1.0,1.0,1.0,0.7893
1242,1.0,1.0,1.0,0.432,1.0,1.0,1.0,0.0,1.0,1.0,1.0,0.7479
1243,1.0,1.0,1.0,0.4808,1.0,1.0,1.0,0.0,1.0,1.0,1.0,0.8478
1244,1.0,1.0,1.0,0.3868,1.0,1.0,1.0,0.0,1.0,1.0,1.0,0.8255
1245,1.0,1.0,1.0,0.363,1.0,1.0,1.0,0.0,1.0,1.0,1.0,0.7185
1246,1.0,1.0,1.0,0.4639,1.0,1.0,1.0,0.0,1.0,1.0,1.0,0.7435
1247,1.0,1.0,1.0,0.4204,1.0,1.0,1.0,0.0,1.0,1.0,1.0,0.7616
1248,1.0,1.0,1.0,0.4797,1.0,1.0,1.0,0.0,1.0,1.0,1.0,0.742
1249,1.0,1.0,1.0,0.3391,1.0,1.0,1.0,0.0,1.0,1.0,1.0,0.8633
1250,1.0,1.0,1.0,0.3151,1.0,1.0,1.0,0.0,1.0,1.0,1.0,0.8649
1251,1.0,1.0,1.0,0.2569,1.0,1.0,1.0,0.0,1.0,1.0,1.0,0.8958
1252,1.0,1.0,1.0,0.284,1.0,1.0,1.0,0.0,1.0,1.0,1.0,0.8998
1253,1.0,1.0,1.0,0.2212,1.0,1.0,1.0,0.0,1.0,1.0,1.0,0.9289
1254,1.0,1.0,1.0,0.3785,1.0,1.0,1.0,0.0,1.0,1.0,1.0,0.9147
1255,1.0,1.0,1.0,0.2584,1.0,1.0,1.0,0.0868,1.0,1.0,1.0,0.8726
1256,1.0,1.0,1.0,0.3488,1.0,1.0,1.0,0.3058,1.0,1.0,1.0,0.8938
1257,1.0,1.0,1.0,0.4262,1.0,1.0,1.0,0.4958,1.0,1.0,1.0,0.8972
1258,1.0,1.0,1.0,0.4552,1.0,1.0,1.0,0.6498,1.0,1.0,1.0,0.9149
1259,1.0,1.0,1.0,0.4615,1.0,1.0,1.0,0.7458,1.0,1.0,1.0,0.8893
1260,1.0,1.0,1.0,0.6225,1.0,1.0,1.0,0.7788,1.0,1.0,1.0,0.8988
1261,1.0,1.0,1.0,0.7942,1.0,1.0,1.0,0.7458,1.0,1.0,1.0,0.8258
1262,1.0,1.0,1.0,0.7752,1.0,1.0,1.0,0.6498,1.0,1.0,1.0,0.792
1263,1.0,1.0,1.0,0.7785,1.0,1.0,1.0,0.4989,1.0,1.0,1.0,0.74
1264,1.0,1.0,1.0,0.7362,1.0,1.0,1.0,0.3058,1.0,1.0,1.0,0.7656
1265,1.0,1.0,1.0,0.6427,1.0,1.0,1.0,0.0868,1.0,1.0,1.0,0.7259
1266,1.0,1.0,1.0,0.6753,1.0,1.0,1.0,0.0,1.0,1.0,1.0,0.613
1267,1.0,1.0,1.0,0.6896,1.0,1.0,1.0,0.0,1.0,1.0,1.0,0.5603
1268,1.0,1.0,1.0,0.5527,1.0,1.0,1.0,0.0,1.0,1.0,1.0,0.6083
1269,1.0,1.0,1.0,0.5903,1.0,1.0,1.0,0.0,1.0,1.0,1.0,0.615
1270,1.0,1.0,1.0,0.6116,1.0,1.0,1.0,0.0,1.0,1.0,1.0,0.5471
1271,1.0,1.0,1.0,0.5574,1.0,1.0,1.0,0.0,1.0,1.0,1.0,0.6159
1272,1.0,1.0,1.0,0.4964,1.0,1.0,1.0,0.0,1.0,1.0,1.0,0.7303
1273,1.0,1.0,1.0,0.5337,1.0,1.0,1.0,0.0,1.0,1.0,1.0,0.7824
1274,1.0,1.0,1.0,0.667,1.0,1.0,1.0,0.0,1.0,1.0,1.0,0.6056
1275,1.0,1.0,1.0,0.6929,1.0,1.0,1.0,0.0,1.0,1.0,1.0,0.6211
1276,1.0,1.0,1.0,0.7432,1.0,1.0,1.0,0.0,1.0,1.0,1.0,0.6047
1277,1.0,1.0,1.0,0.677,1.0,1.0,1.0,0.0,1.0,1.0,1.0,0.4243
1278,1.0,1.0,1.0,0.6396,1.0,1.0,1.0,0.0,1.0,1.0,1.0,0.3203
1279,1.0,1.0,1.0,0.6834,1.0,1.0,1.0,0.0912,1.0,1.0,1.0,0.3882
1280,1.0,1.0,1.0,0.5675,1.0,1.0,1.0,0.288,1.0,1.0,1.0,0.4059
1281,1.0,1.0,1.0,0.5833,1.0,1.0,1.0,0.4271,1.0,1.0,1.0,0.4144
1282,1.0,1.0,1.0,0.6223,1.0,1.0,1.0,0.5935,1.0,1.0,1.0,0.3618
1283,1.0,1.0,1.0,0.6157,1.0,1.0,1.0,0.7483,1.0,1.0,1.0,0.456
1284,1.0,1.0,1.0,0.6387,1.0,1.0,1.0,0.781,1.0,1.0,1.0,0.3529
1285,1.0,1.0,1.0,0.6395,1.0,1.0,1.0,0.7483,1.0,1.0,1.0,0.2883
1286,1.0,1.0,1.0,0.5839,1.0,1.0,1.0,0.6527,1.0,1.0,1.0,0.2704
1287,1.0,1.0,1.0,0.4792,1.0,1.0,1.0,0.4709,1.0,1.0,1.0,0.1822
1288,1.0,1.0,1.0,0.4721,1.0,1.0,1.0,0.3097,1.0,1.0,1.0,0.1456
1289,1.0,1.0,1.0,0.5863,1.0,1.0,1.0,0.0912,1.0,1.0,1.0,0.2059
1290,1.0,1.0,1.0,0.6675,1.0,1.0,1.0,0.0,1.0,1.0,1.0,0.1666
1291,1.0,1.0,1.0,0.6355,1.0,1.0,1.0,0.0,1.0,1.0,1.0,0.2154
1292,1.0,1.0,1.0,0.6014,1.0,1.0,1.0,0.0,1.0,1.0,1.0,0.2618
1293,1.0,1.0,1.0,0.5611,1.0,1.0,1.0,0.0,1.0,1.0,1.0,0.2556
1294,1.0,1.0,1.0,0.5212,1.0,1.0,1.0,0.0,1.0,1.0,1.0,0.1768
1295,1.0,1.0,1.0,0.5458,1.0,1.0,1.0,0.0,1.0,1.0,1.0,0.1862
1296,1.0,1.0,1.0,0.6325,1.0,1.0,1.0,0.0,1.0,1.0,1.0,0.1016
1297,1.0,1.0,1.0,0.789,1.0,1.0,1.0,0.0,1.0,1.0,1.0,0.0908
1298,1.0,1.0,1.0,0.729,1.0,1.0,1.0,0.0,1.0,1.0,1.0,0.1039
1299,1.0,1.0,1.0,0.7664,1.0,1.0,1.0,0.0,1.0,1.0,1.0,0.143
1300,1.0,1.0,1.0,0.7929,1.0,1.0,1.0,0.0,1.0,1.0,1.0,0.1425
1301,1.0,1.0,1.0,0.7662,1.0,1.0,1.0,0.0,1.0,1.0,1.0,0.1236
1302,1.0,1.0,1.0,0.6884,1.0,1.0,1.0,0.0,1.0,1.0,1.0,0.1047
1303,1.0,1.0,1.0,0.7038,1.0,1.0,1.0,0.0956,1.0,1.0,1.0,0.0953
1304,1.0,1.0,1.0,0.8295,1.0,1.0,1.0,0.2905,1.0,1.0,1.0,0.1225
1305,1.0,1.0,1.0,0.836,1.0,1.0,1.0,0.4084,1.0,1.0,1.0,0.1428
1306,1.0,1.0,1.0,0.7867,1.0,1.0,1.0,0.5609,1.0,1.0,1.0,0.1479
1307,1.0,1.0,1.0,0.7705,1.0,1.0,1.0,0.6668,1.0,1.0,1.0,0.185
1308,1.0,1.0,1.0,0.6848,1.0,1.0,1.0,0.7796,1.0,1.0,1.0,0.191
1309,1.0,1.0,1.0,0.6812,1.0,1.0,1.0,0.7507,1.0,1.0,1.0,0.1333
1310,1.0,1.0,1.0,0.7263,1.0,1.0,1.0,0.6178,1.0,1.0,1.0,0.0989
1311,1.0,1.0,1.0,0.6692,1.0,1.0,1.0,0.4773,1.0,1.0,1.0,0.1259
1312,1.0,1.0,1.0,0.3881,1.0,1.0,1.0,0.2461,1.0,1.0,1.0,0.0859
1313,1.0,1.0,1.0,0.4147,1.0,1.0,1.0,0.0725,1.0,1.0,1.0,0.0807
1314,1.0,1.0,1.0,0.3753,1.0,1.0,1.0,0.0,1.0,1.0,1.0,0.0828
1315,1.0,1.0,1.0,0.3194,1.0,1.0,1.0,0.0,1.0,1.0,1.0,0.063
1316,1.0,1.0,1.0,0.2691,1.0,1.0,1.0,0.0,1.0,1.0,1.0,0.0389
1317,1.0,1.0,1.0,0.3039,1.0,1.0,1.0,0.0,1.0,1.0,1.0,0.0286
1318,1.0,1.0,1.0,0.2796,1.0,1.0,1.0,0.0,1.0,1.0,1.0,0.02
1319,1.0,1.0,1.0,0.3561,1.0,1.0,1.0,0.0,1.0,1.0,1.0,0.0235
1320,1.0,1.0,1.0,0.4387,1.0,1.0,1.0,0.0,1.0,1.0,1.0,0.0297
1321,1.0,1.0,1.0,0.4173,1.0,1.0,1.0,0.0,1.0,1.0,1.0,0.0252
1322,1.0,1.0,1.0,0.3762,1.0,1.0,1.0,0.0,1.0,1.0,1.0,0.02
1323,1.0,1.0,1.0,0.3903,1.0,1.0,1.0,0.0,1.0,1.0,1.0,0.0292
1324,1.0,1.0,1.0,0.3815,1.0,1.0,1.0,0.0,1.0,1.0,1.0,0.0373
1325,1.0,1.0,1.0,0.2531,1.0,1.0,1.0,0.0,1.0,1.0,1.0,0.0331
1326,1.0,1.0,1.0,0.4063,1.0,1.0,1.0,0.0,1.0,1.0,1.0,0.054
1327,1.0,1.0,1.0,0.4706,1.0,1.0,1.0,0.0707,1.0,1.0,1.0,0.061
1328,1.0,1.0,1.0,0.4313,1.0,1.0,1.0,0.2152,1.0,1.0,1.0,0.0727
1329,1.0,1.0,1.0,0.2812,1.0,1.0,1.0,0.3434,1.0,1.0,1.0,0.0552
1330,1.0,1.0,1.0,0.2742,1.0,1.0,1.0,0.4129,1.0,1.0,1.0,0.0359
1331,1.0,1.0,1.0,0.2405,1.0,1.0,1.0,0.451,1.0,1.0,1.0,0.0231
1332,1.0,1.0,1.0,0.243,1.0,1.0,1.0,0.5185,1.0,1.0,1.0,0.0517
1333,1.0,1.0,1.0,0.1347,1.0,1.0,1.0,0.6363,1.0,1.0,1.0,0.0424
1334,1.0,1.0,1.0,0.1225,1.0,1.0,1.0,0.5379,1.0,1.0,1.0,0.0472
1335,1.0,1.0,1.0,0.1137,1.0,1.0,1.0,0.4593,1.0,1.0,1.0,0.0596
1336,1.0,1.0,1.0,0.1131,1.0,1.0,1.0,0.2939,1.0,1.0,1.0,0.0636
1337,1.0,1.0,1.0,0.1111,1.0,1.0,1.0,0.0784,1.0,1.0,1.0,0.0649
1338,1.0,1.0,1.0,0.1193,1.0,1.0,1.0,0.0,1.0,1.0,1.0,0.0657
1339,1.0,1.0,1.0,0.1968,1.0,1.0,1.0,0.0,1.0,1.0,1.0,0.0823
1340,1.0,1.0,1.0,0.1759,1.0,1.0,1.0,0.0,1.0,1.0,1.0,0.0625
1341,1.0,1.0,1.0,0.1398,1.0,1.0,1.0,0.0,1.0,1.0,1.0,0.0581
1342,1.0,1.0,1.0,0.0857,1.0,1.0,1.0,0.0,1.0,1.0,1.0,0.0289
1343,1.0,1.0,1.0,0.0777,1.0,1.0,1.0,0.0,1.0,1.0,1.0,0.02
1344,1.0,1.0,1.0,0.0523,1.0,1.0,1.0,0.0,1.0,1.0,1.0,0.02
1345,1.0,1.0,1.0,0.0777,1.0,1.0,1.0,0.0,1.0,1.0,1.0,0.02
1346,1.0,1.0,1.0,0.0807,1.0,1.0,1.0,0.0,1.0,1.0,1.0,0.02
1347,1.0,1.0,1.0,0.1159,1.0,1.0,1.0,0.0,1.0,1.0,1.0,0.0264
1348,1.0,1.0,1.0,0.1888,1.0,1.0,1.0,0.0,1.0,1.0,1.0,0.0333
1349,1.0,1.0,1.0,0.1523,1.0,1.0,1.0,0.0,1.0,1.0,1.0,0.0398
1350,1.0,1.0,1.0,0.1435,1.0,1.0,1.0,0.0,1.0,1.0,1.0,0.0316
1351,1.0,1.0,1.0,0.2198,1.0,1.0,1.0,0.1045,1.0,1.0,1.0,0.0356
1352,1.0,1.0,1.0,0.2381,1.0,1.0,1.0,0.3218,1.0,1.0,1.0,0.0424
1353,1.0,1.0,1.0,0.2798,1.0,1.0,1.0,0.5125,1.0,1.0,1.0,0.0947
1354,1.0,1.0,1.0,0.3646,1.0,1.0,1.0,0.6612,1.0,1.0,1.0,0.0898
1355,1.0,1.0,1.0,0.4439,1.0,1.0,1.0,0.7557,1.0,1.0,1.0,0.1197
1356,1.0,1.0,1.0,0.4813,1.0,1.0,1.0,0.788,1.0,1.0,1.0,0.1208
1357,1.0,1.0,1.0,0.6025,1.0,1.0,1.0,0.7557,1.0,1.0,1.0,0.1019
1358,1.0,1.0,1.0,0.5938,1.0,1.0,1.0,0.6612,1.0,1.0,1.0,0.1405
1359,1.0,1.0,1.0,0.6342,1.0,1.0,1.0,0.5125,1.0,1.0,1.0,0.2497
1360,1.0,1.0,1.0,0.6158,1.0,1.0,1.0,0.3218,1.0,1.0,1.0,0.2727
1361,1.0,1.0,1.0,0.6931,1.0,1.0,1.0,0.1045,1.0,1.0,1.0,0.2322
1362,1.0,1.0,1.0,0.633,1.0,1.0,1.0,0.0,1.0,1.0,1.0,0.2686
1363,1.0,1.0,1.0,0.4849,1.0,1.0,1.0,0.0,1.0,1.0,1.0,0.2934
1364,1.0,1.0,1.0,0.5425,1.0,1.0,1.0,0.0,1.0,1.0,1.0,0.4795
1365,1.0,1.0,1.0,0.4522,1.0,1.0,1.0,0.0,1.0,1.0,1.0,0.5436
1366,1.0,1.0,1.0,0.3595,1.0,1.0,1.0,0.0,1.0,1.0,1.0,0.4595
1367,1.0,1.0,1.0,0.4706,1.0,1.0,1.0,0.0,1.0,1.0,1.0,0.5704
1368,1.0,1.0,1.0,0.5543,1.0,1.0,1.0,0.0,1.0,1.0,1.0,0.6306
1369,1.0,1.0,1.0,0.5228,1.0,1.0,1.0,0.0,1.0,1.0,1.0,0.6987
1370,1.0,1.0,1.0,0.2734,1.0,1.0,1.0,0.0,1.0,1.0,1.0,0.7243
1371,1.0,1.0,1.0,0.3183,1.0,1.0,1.0,0.0,1.0,1.0,1.0,0.7832
1372,1.0,1.0,1.0,0.3758,1.0,1.0,1.0,0.0,1.0,1.0,1.0,0.8013
1373,1.0,1.0,1.0,0.4228,1.0,1.0,1.0,0.0,1.0,1.0,1.0,0.7788
1374,1.0,1.0,1.0,0.4657,1.0,1.0,1.0,0.0,1.0,1.0,1.0,0.7794
1375,1.0,1.0,1.0,0.4509,1.0,1.0,1.0,0.1035,1.0,1.0,1.0,0.7646
1376,1.0,1.0,1.0,0.417,1.0,1.0,1.0,0.2836,1.0,1.0,1.0,0.7785
1377,1.0,1.0,1.0,0.3291,1.0,1.0,1.0,0.4699,1.0,1.0,1.0,0.7759
1378,1.0,1.0,1.0,0.2819,1.0,1.0,1.0,0.4724,1.0,1.0,1.0,0.7482
1379,1.0,1.0,1.0,0.3111,1.0,1.0,1.0,0.6265,1.0,1.0,1.0,0.7285
1380,1.0,1.0,1.0,0.3423,1.0,1.0,1.0,0.6198,1.0,1.0,1.0,0.7213
1381,1.0,1.0,1.0,0.4116,1.0,1.0,1.0,0.5943,1.0,1.0,1.0,0.5729
1382,1.0,1.0,1.0,0.3018,1.0,1.0,1.0,0.5198,1.0,1.0,1.0,0.6543
1383,1.0,1.0,1.0,0.1987,1.0,1.0,1.0,0.3671,1.0,1.0,1.0,0.6759
1384,1.0,1.0,1.0,0.1845,1.0,1.0,1.0,0.2089,1.0,1.0,1.0,0.621
1385,1.0,1.0,1.0,0.142,1.0,1.0,1.0,0.0767,1.0,1.0,1.0,0.6638
1386,1.0,1.0,1.0,0.1571,1.0,1.0,1.0,0.0,1.0,1.0,1.0,0.617
1387,1.0,1.0,1.0,0.1103,1.0,1.0,1.0,0.0,1.0,1.0,1.0,0.5693
1388,1.0,1.0,1.0,0.1662,1.0,1.0,1.0,0.0,1.0,1.0,1.0,0.5978
1389,1.0,1.0,1.0,0.1356,1.0,1.0,1.0,0.0,1.0,1.0,1.0,0.7068
1390,1.0,1.0,1.0,0.2246,1.0,1.0,1.0,0.0,1.0,1.0,1.0,0.7203
1391,1.0,1.0,1.0,0.2653,1.0,1.0,1.0,0.0,1.0,1.0,1.0,0.6549
1392,1.0,1.0,1.0,0.2036,1.0,1.0,1.0,0.0,1.0,1.0,1.0,0.6193
1393,1.0,1.0,1.0,0.3566,1.0,1.0,1.0,0.0,1.0,1.0,1.0,0.6821
1394,1.0,1.0,1.0,0.3822,1.0,1.0,1.0,0.0,1.0,1.0,1.0,0.7061
1395,1.0,1.0,1.0,0.3994,1.0,1.0,1.0,0.0,1.0,1.0,1.0,0.765
1396,1.0,1.0,1.0,0.3968,1.0,1.0,1.0,0.0,1.0,1.0,1.0,0.782
1397,1.0,1.0,1.0,0.4394,1.0,1.0,1.0,0.0,1.0,1.0,1.0,0.818
1398,1.0,1.0,1.0,0.4868,1.0,1.0,1.0,0.0,1.0,1.0,1.0,0.8963
1399,1.0,1.0,1.0,0.4123,1.0,1.0,1.0,0.0899,1.0,1.0,1.0,0.8339
1400,1.0,1.0,1.0,0.3968,1.0,1.0,1.0,0.3299,1.0,1.0,1.0,0.917
1401,1.0,1.0,1.0,0.4095,1.0,1.0,1.0,0.5195,1.0,1.0,1.0,0.9341
1402,1.0,1.0,1.0,0.4622,1.0,1.0,1.0,0.6033,1.0,1.0,1.0,0.9703
1403,1.0,1.0,1.0,0.5156,1.0,1.0,1.0,0.6548,1.0,1.0,1.0,0.954
1404,1.0,1.0,1.0,0.5294,1.0,1.0,1.0,0.6335,1.0,1.0,1.0,0.9556
1405,1.0,1.0,1.0,0.4803,1.0,1.0,1.0,0.6349,1.0,1.0,1.0,0.9538
1406,1.0,1.0,1.0,0.4286,1.0,1.0,1.0,0.5742,1.0,1.0,1.0,0.9623
1407,1.0,1.0,1.0,0.3327,1.0,1.0,1.0,0.4202,1.0,1.0,1.0,0.9645
1408,1.0,1.0,1.0,0.385,1.0,1.0,1.0,0.3172,1.0,1.0,1.0,0.9652
1409,1.0,1.0,1.0,0.3384,1.0,1.0,1.0,0.1087,1.0,1.0,1.0,0.9704
1410,1.0,1.0,0.0,0.3279,1.0,1.0,1.0,0.0,1.0,1.0,1.0,0.9658
1411,1.0,1.0,0.0,0.3513,1.0,1.0,1.0,0.0,1.0,1.0,1.0,0.955
1412,1.0,1.0,0.0,0.3557,1.0,1.0,1.0,0.0,1.0,1.0,1.0,0.9576
1413,1.0,1.0,0.0,0.3593,1.0,1.0,1.0,0.0,1.0,1.0,1.0,0.9446
1414,1.0,1.0,0.0,0.2935,1.0,1.0,1.0,0.0,1.0,1.0,1.0,0.9371
1415,1.0,1.0,0.0,0.319,1.0,1.0,1.0,0.0,1.0,1.0,1.0,0.8919
1416,1.0,1.0,0.0,0.2991,1.0,1.0,1.0,0.0,1.0,1.0,1.0,0.8864
1417,1.0,1.0,0.0,0.298,1.0,1.0,1.0,0.0,1.0,1.0,1.0,0.8405
1418,1.0,1.0,0.0,0.3949,1.0,1.0,1.0,0.0,1.0,1.0,1.0,0.8313
1419,1.0,1.0,0.0,0.4409,1.0,1.0,1.0,0.0,0.6,1.0,1.0,0.7615
1420,1.0,1.0,0.0,0.3939,1.0,1.0,1.0,0.0,0.6,1.0,1.0,0.7528
1421,1.0,1.0,0.0,0.3845,1.0,1.0,1.0,0.0,0.6,1.0,1.0,0.8005
1422,1.0,1.0,0.0,0.5257,1.0,1.0,1.0,0.0,0.6,1.0,1.0,0.7564
1423,1.0,1.0,0.0,0.4979,1.0,1.0,1.0,0.1165,0.6,1.0,1.0,0.6828
1424,1.0,1.0,0.0,0.5013,1.0,1.0,1.0,0.334,0.6,1.0,1.0,0.7333
1425,1.0,1.0,0.0,0.5589,1.0,1.0,1.0,0.523,0.6,1.0,1.0,0.785
1426,1.0,1.0,0.0,0.5755,1.0,1.0,1.0,0.67,0.6,1.0,1.0,0.802
1427,1.0,1.0,0.0,0.541,1.0,1.0,1.0,0.7632,0.6,1.0,1.0,0.7664
1428,1.0,1.0,0.0,0.4746,1.0,1.0,1.0,0.7951,0.6,1.0,1.0,0.7163
1429,1.0,1.0,0.0,0.4744,1.0,1.0,1.0,0.7632,0.6,1.0,1.0,0.685
1430,1.0,1.0,0.0,0.5325,1.0,1.0,1.0,0.6264,0.6,1.0,1.0,0.6741
1431,1.0,1.0,0.0,0.6429,1.0,1.0,1.0,0.4607,0.6,1.0,1.0,0.5238
1432,1.0,1.0,0.0,0.5142,1.0,1.0,1.0,0.2912,0.6,1.0,1.0,0.436
1433,1.0,1.0,0.0,0.6619,1.0,1.0,1.0,0.1032,0.6,1.0,1.0,0.5455
1434,1.0,1.0,0.0,0.6341,1.0,1.0,1.0,0.0,0.6,1.0,1.0,0.5606
1435,1.0,1.0,0.0,0.7019,1.0,1.0,1.0,0.0,0.6,1.0,1.0,0.6593
1436,1.0,1.0,0.0,0.6392,1.0,1.0,1.0,0.0,0.6,1.0,1.0,0.7291
1437,1.0,1.0,0.0,0.4976,1.0,1.0,1.0,0.0,0.6,1.0,1.0,0.6995
1438,1.0,1.0,0.0,0.3848,1.0,1.0,1.0,0.0,0.6,1.0,1.0,0.6703
1439,1.0,1.0,0.0,0.3609,1.0,1.0,1.0,0.0,0.6,1.0,1.0,0.7352
1440,1.0,1.0,0.0,0.4066,1.0,1.0,1.0,0.0,0.6,1.0,1.0,0.7762
1441,1.0,1.0,0.0,0.4118,1.0,1.0,1.0,0.0,0.6,1.0,1.0,0.8243
1442,1.0,1.0,1.0,0.3931,1.0,1.0,1.0,0.0,0.6,1.0,1.0,0.8159
1443,1.0,1.0,1.0,0.4923,1.0,1.0,1.0,0.0,0.6,1.0,1.0,0.8158
1444,1.0,1.0,1.0,0.4925,1.0,1.0,1.0,0.0,0.6,1.0,1.0,0.7938
1445,1.0,1.0,1.0,0.517,1.0,1.0,1.0,0.0,0.6,1.0,1.0,0.7829
1446,1.0,1.0,1.0,0.7603,1.0,1.0,1.0,0.0,0.6,1.0,1.0,0.7307
1447,1.0,1.0,1.0,0.7532,1.0,1.0,1.0,0.1205,0.6,1.0,1.0,0.7183
1448,1.0,1.0,1.0,0.6981,1.0,1.0,1.0,0.3302,0.6,1.0,1.0,0.6997
1449,1.0,1.0,1.0,0.7272,1.0,1.0,1.0,0.5265,0.6,1.0,1.0,0.6579
1450,1.0,1.0,1.0,0.7698,1.0,1.0,1.0,0.673,0.6,1.0,1.0,0.7121
1451,1.0,1.0,1.0,0.7817,1.0,1.0,1.0,0.7314,0.6,1.0,1.0,0.5935
1452,1.0,1.0,1.0,0.7844,1.0,1.0,1.0,0.7976,0.6,1.0,1.0,0.6176
1453,1.0,1.0,1.0,0.8545,1.0,1.0,1.0,0.7658,0.6,1.0,1.0,0.5341
1454,1.0,1.0,1.0,0.8995,1.0,1.0,1.0,0.673,0.6,1.0,1.0,0.4575
1455,1.0,1.0,1.0,0.8894,1.0,1.0,1.0,0.4619,0.6,1.0,1.0,0.3922
1456,1.0,1.0,1.0,0.8576,1.0,1.0,1.0,0.3305,0.6,1.0,1.0,0.4339
1457,1.0,1.0,1.0,0.8689,1.0,1.0,1.0,0.1207,0.6,1.0,1.0,0.2584
1458,1.0,1.0,1.0,0.8329,1.0,1.0,1.0,0.0,0.6,1.0,1.0,0.275
1459,1.0,1.0,1.0,0.8662,1.0,1.0,1.0,0.0,0.6,1.0,1.0,0.2828
1460,1.0,1.0,1.0,0.8764,1.0,1.0,1.0,0.0,0.6,1.0,1.0,0.223
1461,1.0,1.0,1.0,0.9445,1.0,1.0,1.0,0.0,0.6,1.0,1.0,0.2399
1462,1.0,1.0,1.0,0.9632,1.0,1.0,1.0,0.0,0.6,1.0,1.0,0.1752
1463,1.0,1.0,1.0,0.942,1.0,1.0,1.0,0.0,0.6,1.0,1.0,0.1789
1464,1.0,1.0,1.0,0.9252,1.0,1.0,1.0,0.0,0.6,1.0,1.0,0.1269
1465,1.0,1.0,1.0,0.8543,1.0,1.0,1.0,0.0,0.6,1.0,1.0,0.2388
1466,1.0,1.0,1.0,0.7244,1.0,1.0,1.0,0.0,0.6,1.0,1.0,0.3038
1467,1.0,1.0,1.0,0.7263,1.0,1.0,1.0,0.0,0.6,1.0,1.0,0.3264
1468,1.0,1.0,1.0,0.6291,1.0,1.0,1.0,0.0,0.6,1.0,1.0,0.2605
1469,1.0,1.0,1.0,0.7477,1.0,1.0,1.0,0.0,0.6,1.0,1.0,0.247
1470,1.0,1.0,1.0,0.8112,1.0,1.0,1.0,0.0,0.6,1.0,1.0,0.237
1471,1.0,1.0,1.0,0.7889,1.0,1.0,1.0,0.0866,0.6,1.0,1.0,0.2581
1472,1.0,1.0,1.0,0.7618,1.0,1.0,1.0,0.2635,0.6,1.0,1.0,0.291
1473,1.0,1.0,1.0,0.8384,1.0,1.0,1.0,0.5059,0.6,1.0,1.0,0.3118
1474,1.0,1.0,1.0,0.8999,1.0,1.0,1.0,0.5418,0.6,1.0,1.0,0.3421
1475,1.0,1.0,1.0,0.8585,1.0,1.0,1.0,0.647,0.6,1.0,1.0,0.3318
1476,1.0,1.0,1.0,0.7984,1.0,1.0,1.0,0.8,0.6,1.0,1.0,0.3623
1477,1.0,1.0,1.0,0.7736,1.0,1.0,1.0,0.7348,0.6,1.0,1.0,0.3147
1478,1.0,1.0,1.0,0.7928,1.0,1.0,1.0,0.6049,0.6,1.0,1.0,0.2436
1479,1.0,1.0,1.0,0.7542,1.0,1.0,1.0,0.482,0.6,1.0,1.0,0.3873
1480,1.0,1.0,1.0,0.7764,1.0,1.0,1.0,0.3318,0.6,1.0,1.0,0.4242
1481,1.0,1.0,1.0,0.8686,1.0,1.0,1.0,0.1273,0.6,1.0,1.0,0.5817
1482,1.0,1.0,1.0,0.7924,1.0,1.0,1.0,0.0,0.6,1.0,1.0,0.5542
1483,1.0,1.0,1.0,0.758,1.0,1.0,1.0,0.0,0.6,1.0,1.0,0.7405
1484,1.0,1.0,1.0,0.6505,1.0,1.0,1.0,0.0,1.0,1.0,1.0,0.7386
1485,1.0,1.0,1.0,0.5766,1.0,1.0,1.0,0.0,1.0,1.0,1.0,0.8026
1486,1.0,1.0,1.0,0.5487,1.0,1.0,1.0,0.0,1.0,1.0,1.0,0.7967
1487,1.0,1.0,1.0,0.4835,1.0,1.0,1.0,0.0,1.0,1.0,1.0,0.7984
1488,1.0,1.0,1.0,0.5276,1.0,1.0,1.0,0.0,1.0,1.0,1.0,0.7827
1489,1.0,1.0,1.0,0.5396,1.0,1.0,1.0,0.0,1.0,1.0,1.0,0.7435
1490,1.0,1.0,1.0,0.564,1.0,1.0,1.0,0.0,1.0,1.0,1.0,0.7972
1491,1.0,1.0,1.0,0.5352,1.0,1.0,1.0,0.0,1.0,1.0,1.0,0.7889
1492,1.0,1.0,1.0,0.5151,1.0,1.0,1.0,0.0,1.0,1.0,1.0,0.8268
1493,1.0,1.0,1.0,0.4837,1.0,1.0,1.0,0.0,1.0,1.0,1.0,0.8613
1494,1.0,1.0,1.0,0.4622,1.0,1.0,1.0,0.0,1.0,1.0,1.0,0.9055
1495,1.0,1.0,1.0,0.4996,1.0,1.0,1.0,0.0846,1.0,1.0,1.0,0.9116
1496,1.0,1.0,1.0,0.3372,1.0,1.0,1.0,0.2117,1.0,1.0,1.0,0.8492
1497,1.0,1.0,1.0,0.3645,1.0,1.0,1.0,0.4127,1.0,1.0,1.0,0.826
1498,1.0,1.0,1.0,0.3006,1.0,1.0,1.0,0.4994,1.0,1.0,1.0,0.8169
1499,1.0,1.0,1.0,0.2811,1.0,1.0,1.0,0.5283,1.0,1.0,1.0,0.8098
1500,1.0,1.0,1.0,0.1887,1.0,1.0,1.0,0.5752,1.0,1.0,1.0,0.8653
1501,1.0,1.0,1.0,0.1763,1.0,1.0,1.0,0.4759,1.0,1.0,1.0,0.8999
1502,1.0,1.0,1.0,0.1979,1.0,1.0,1.0,0.4336,1.0,1.0,1.0,0.8882
1503,1.0,1.0,1.0,0.2318,1.0,1.0,1.0,0.3179,1.0,1.0,1.0,0.9456
1504,1.0,1.0,1.0,0.171,1.0,1.0,1.0,0.2897,1.0,1.0,1.0,0.9334
1505,1.0,1.0,1.0,0.1995,1.0,1.0,1.0,0.1009,1.0,1.0,1.0,0.9214
1506,1.0,1.0,1.0,0.2789,1.0,1.0,1.0,0.0,1.0,1.0,1.0,0.8807
1507,1.0,1.0,1.0,0.2506,1.0,1.0,1.0,0.0,1.0,1.0,1.0,0.8001
1508,1.0,1.0,1.0,0.2566,1.0,1.0,1.0,0.0,1.0,1.0,1.0,0.7162
1509,1.0,1.0,1.0,0.1472,1.0,1.0,1.0,0.0,1.0,1.0,1.0,0.7766
1510,1.0,1.0,1.0,0.1172,1.0,1.0,1.0,0.0,1.0,1.0,1.0,0.8118
1511,1.0,1.0,1.0,0.1341,1.0,1.0,1.0,0.0,1.0,1.0,1.0,0.7507
1512,1.0,1.0,1.0,0.185,1.0,1.0,1.0,0.0,1.0,1.0,1.0,0.7486
1513,1.0,1.0,1.0,0.1612,1.0,1.0,1.0,0.0,1.0,1.0,1.0,0.7915
1514,1.0,1.0,1.0,0.3391,1.0,1.0,1.0,0.0,1.0,1.0,1.0,0.6401
1515,1.0,1.0,1.0,0.3685,1.0,1.0,1.0,0.0,1.0,0.0,1.0,0.7635
1516,1.0,1.0,1.0,0.2749,1.0,1.0,1.0,0.0,1.0,0.0,1.0,0.8174
1517,1.0,1.0,1.0,0.3795,1.0,1.0,1.0,0.0,1.0,0.0,1.0,0.8495
1518,1.0,1.0,1.0,0.2856,1.0,1.0,1.0,0.0,1.0,0.0,1.0,0.8902
1519,1.0,1.0,1.0,0.3153,1.0,1.0,1.0,0.116,1.0,0.0,1.0,0.7874
1520,1.0,1.0,1.0,0.2537,1.0,1.0,1.0,0.2582,1.0,0.0,1.0,0.7661
1521,1.0,1.0,1.0,0.179,1.0,1.0,1.0,0.3576,1.0,0.0,1.0,0.8299
1522,1.0,1.0,1.0,0.2419,1.0,1.0,1.0,0.5119,1.0,0.0,1.0,0.8218
1523,1.0,1.0,1.0,0.2315,1.0,1.0,1.0,0.4492,1.0,0.0,1.0,0.8501
1524,1.0,1.0,1.0,0.3632,1.0,1.0,1.0,0.5661,1.0,0.0,1.0,0.8988
1525,1.0,1.0,1.0,0.2886,1.0,1.0,1.0,0.5208,1.0,0.0,1.0,0.9136
1526,1.0,1.0,1.0,0.1943,1.0,1.0,1.0,0.5622,1.0,0.0,1.0,0.8994
1527,1.0,1.0,1.0,0.1752,1.0,1.0,1.0,0.4969,1.0,0.0,1.0,0.9105
1528,1.0,1.0,1.0,0.3793,1.0,1.0,1.0,0.3125,1.0,0.0,1.0,0.8401
1529,1.0,1.0,1.0,0.4533,1.0,1.0,1.0,0.1188,1.0,0.0,1.0,0.8549
1530,1.0,1.0,1.0,0.5027,1.0,1.0,1.0,0.0,1.0,0.0,1.0,0.8783
1531,1.0,1.0,1.0,0.5535,1.0,1.0,1.0,0.0,1.0,0.0,1.0,0.8769
1532,1.0,1.0,1.0,0.5093,1.0,1.0,1.0,0.0,1.0,0.0,1.0,0.9092
1533,1.0,1.0,1.0,0.7291,1.0,1.0,1.0,0.0,1.0,0.0,1.0,0.911
1534,1.0,1.0,1.0,0.7538,1.0,1.0,1.0,0.0,1.0,0.0,1.0,0.909
1535,1.0,1.0,1.0,0.7706,1.0,1.0,1.0,0.0,1.0,0.0,1.0,0.9462
1536,1.0,1.0,1.0,0.8193,1.0,1.0,1.0,0.0,1.0,0.0,1.0,0.9192
1537,1.0,1.0,1.0,0.7348,1.0,1.0,1.0,0.0,1.0,0.0,1.0,0.9448
1538,1.0,1.0,1.0,0.6635,1.0,1.0,1.0,0.0,1.0,0.0,1.0,0.9611
1539,1.0,1.0,1.0,0.639,1.0,1.0,1.0,0.0,1.0,0.0,1.0,0.9677
1540,1.0,1.0,1.0,0.7108,1.0,1.0,1.0,0.0,1.0,0.0,1.0,0.9589
1541,1.0,1.0,1.0,0.6026,1.0,1.0,1.0,0.0,1.0,0.0,1.0,0.9596
1542,1.0,1.0,1.0,0.5936,1.0,1.0,1.0,0.0,1.0,0.0,1.0,0.9418
1543,1.0,1.0,1.0,0.5727,1.0,1.0,1.0,0.1212,1.0,0.0,1.0,0.924
1544,1.0,1.0,1.0,0.4332,1.0,1.0,1.0,0.3084,1.0,0.0,1.0,0.9214
1545,1.0,1.0,1.0,0.3916,1.0,1.0,1.0,0.4067,1.0,0.0,1.0,0.8881
1546,1.0,1.0,1.0,0.4405,1.0,1.0,1.0,0.5318,1.0,0.0,1.0,0.8723
1547,1.0,1.0,1.0,0.3203,1.0,1.0,1.0,0.7029,1.0,0.0,1.0,0.8132
1548,1.0,1.0,1.0,0.4409,1.0,1.0,1.0,0.7886,1.0,0.0,1.0,0.8387
1549,1.0,1.0,1.0,0.4829,1.0,1.0,1.0,0.716,1.0,0.0,1.0,0.897
1550,1.0,1.0,1.0,0.5133,1.0,1.0,1.0,0.5998,1.0,0.0,1.0,0.9459
1551,1.0,1.0,1.0,0.5132,1.0,1.0,1.0,0.4307,1.0,0.0,1.0,0.9174
1552,1.0,1.0,1.0,0.4176,1.0,1.0,1.0,0.2634,1.0,0.0,1.0,0.8837
1553,1.0,1.0,1.0,0.3655,1.0,1.0,1.0,0.0989,1.0,0.0,1.0,0.8747
1554,1.0,1.0,1.0,0.3989,1.0,1.0,1.0,0.0,1.0,0.0,1.0,0.8971
1555,1.0,1.0,1.0,0.3481,1.0,1.0,1.0,0.0,1.0,0.0,1.0,0.8871
1556,1.0,1.0,1.0,0.3672,1.0,1.0,1.0,0.0,1.0,0.0,1.0,0.9145
1557,1.0,1.0,1.0,0.3007,1.0,1.0,1.0,0.0,1.0,0.0,1.0,0.9254
1558,1.0,1.0,1.0,0.3402,1.0,1.0,1.0,0.0,1.0,0.0,1.0,0.865
1559,1.0,1.0,1.0,0.387,1.0,1.0,1.0,0.0,1.0,0.0,1.0,0.8646
1560,1.0,1.0,1.0,0.2641,1.0,1.0,1.0,0.0,1.0,0.0,1.0,0.8007
1561,1.0,1.0,1.0,0.2745,1.0,1.0,1.0,0.0,1.0,0.0,1.0,0.7656
1562,1.0,1.0,1.0,0.1858,1.0,1.0,1.0,0.0,1.0,0.0,1.0,0.7382
1563,1.0,1.0,1.0,0.1104,1.0,1.0,1.0,0.0,1.0,0.0,1.0,0.7855
1564,1.0,1.0,1.0,0.0968,1.0,1.0,1.0,0.0,1.0,0.0,1.0,0.7827
1565,1.0,1.0,1.0,0.2334,1.0,1.0,1.0,0.0,1.0,0.0,1.0,0.7526
1566,1.0,1.0,1.0,0.2924,1.0,1.0,1.0,0.0,1.0,0.0,1.0,0.8635
1567,1.0,1.0,1.0,0.408,1.0,1.0,1.0,0.1354,1.0,0.0,1.0,0.819
1568,1.0,1.0,1.0,0.4626,1.0,1.0,1.0,0.2936,1.0,0.0,1.0,0.8316
1569,1.0,1.0,1.0,0.4812,1.0,1.0,1.0,0.4345,1.0,0.0,1.0,0.86
1570,1.0,1.0,1.0,0.5594,1.0,1.0,1.0,0.5343,1.0,1.0,1.0,0.8643
1571,1.0,1.0,1.0,0.5014,1.0,1.0,1.0,0.626,1.0,1.0,1.0,0.8196
1572,1.0,1.0,1.0,0.542,1.0,1.0,1.0,0.6717,1.0,1.0,1.0,0.7628
1573,1.0,1.0,1.0,0.6396,1.0,1.0,1.0,0.681,1.0,1.0,1.0,0.7993
1574,1.0,1.0,1.0,0.6898,1.0,1.0,1.0,0.6879,1.0,1.0,1.0,0.8505
1575,1.0,1.0,1.0,0.77,1.0,1.0,1.0,0.5099,1.0,1.0,1.0,0.8455
1576,1.0,1.0,1.0,0.7746,1.0,1.0,1.0,0.3065,1.0,1.0,1.0,0.772
1577,1.0,1.0,1.0,0.8566,1.0,1.0,1.0,0.1274,1.0,1.0,1.0,0.7717
1578,1.0,1.0,1.0,0.8402,1.0,1.0,1.0,0.0,1.0,1.0,1.0,0.8511
1579,1.0,1.0,1.0,0.9129,1.0,1.0,1.0,0.0,1.0,1.0,1.0,0.7975
1580,1.0,1.0,1.0,0.9225,1.0,1.0,1.0,0.0,1.0,1.0,1.0,0.7774
1581,1.0,1.0,1.0,0.9061,1.0,1.0,1.0,0.0,1.0,1.0,1.0,0.7799
1582,1.0,1.0,1.0,0.8562,1.0,1.0,1.0,0.0,1.0,1.0,1.0,0.8375
1583,1.0,1.0,1.0,0.8094,1.0,1.0,1.0,0.0,1.0,1.0,1.0,0.808
1584,1.0,1.0,1.0,0.7423,1.0,1.0,1.0,0.0,1.0,1.0,1.0,0.8303
1585,1.0,1.0,1.0,0.7297,1.0,1.0,1.0,0.0,1.0,1.0,1.0,0.8868
1586,1.0,1.0,1.0,0.6261,1.0,1.0,1.0,0.0,1.0,1.0,1.0,0.819
1587,1.0,1.0,1.0,0.7212,1.0,1.0,1.0,0.0,1.0,1.0,1.0,0.7382
1588,1.0,1.0,1.0,0.7228,1.0,1.0,1.0,0.0,1.0,1.0,1.0,0.7319
1589,1.0,1.0,1.0,0.7216,1.0,1.0,1.0,0.0,1.0,1.0,1.0,0.7939
1590,1.0,1.0,1.0,0.6257,1.0,1.0,1.0,0.0,1.0,1.0,1.0,0.811
1591,1.0,1.0,1.0,0.5566,1.0,1.0,1.0,0.148,1.0,1.0,1.0,0.8604
1592,1.0,1.0,1.0,0.3638,1.0,1.0,1.0,0.363,1.0,1.0,1.0,0.7685
1593,1.0,1.0,1.0,0.5055,1.0,1.0,1.0,0.5479,1.0,1.0,1.0,0.7885
1594,1.0,1.0,1.0,0.383,1.0,1.0,1.0,0.621,1.0,1.0,1.0,0.5773
1595,1.0,1.0,1.0,0.2821,1.0,1.0,1.0,0.758,1.0,1.0,1.0,0.6896
1596,1.0,1.0,1.0,0.3981,1.0,1.0,1.0,0.7144,1.0,1.0,1.0,0.7724
1597,1.0,1.0,1.0,0.4335,1.0,1.0,1.0,0.7114,1.0,1.0,1.0,0.7506
1598,1.0,1.0,1.0,0.4454,1.0,1.0,1.0,0.5217,1.0,1.0,1.0,0.5724
1599,1.0,1.0,1.0,0.4761,1.0,1.0,1.0,0.4236,1.0,1.0,1.0,0.56
1600,1.0,1.0,1.0,0.5595,1.0,1.0,1.0,0.2815,1.0,1.0,1.0,0.6584
1601,1.0,1.0,1.0,0.5658,1.0,1.0,1.0,0.0942,1.0,1.0,1.0,0.6927
1602,1.0,1.0,1.0,0.4291,1.0,1.0,1.0,0.0,1.0,1.0,1.0,0.8126
1603,1.0,1.0,1.0,0.4944,1.0,1.0,1.0,0.0,1.0,1.0,1.0,0.7942
1604,1.0,1.0,1.0,0.531,1.0,1.0,1.0,0.0,1.0,1.0,1.0,0.8862
1605,1.0,1.0,1.0,0.6291,1.0,1.0,1.0,0.0,1.0,1.0,1.0,0.7882
1606,1.0,1.0,1.0,0.5183,1.0,1.0,1.0,0.0,1.0,1.0,1.0,0.7388
1607,1.0,1.0,1.0,0.4536,1.0,1.0,1.0,0.0,1.0,1.0,1.0,0.6426
1608,1.0,1.0,1.0,0.4868,1.0,1.0,1.0,0.0,1.0,1.0,1.0,0.7006
1609,1.0,1.0,1.0,0.4052,1.0,1.0,1.0,0.0,1.0,1.0,1.0,0.6063
1610,1.0,1.0,1.0,0.2318,1.0,1.0,1.0,0.0,1.0,1.0,1.0,0.6904
1611,1.0,1.0,1.0,0.2506,1.0,1.0,1.0,0.0,1.0,1.0,1.0,0.7405
1612,1.0,1.0,1.0,0.3205,1.0,1.0,1.0,0.0,1.0,1.0,1.0,0.7524
1613,1.0,1.0,1.0,0.3151,1.0,1.0,1.0,0.0,1.0,1.0,1.0,0.7444
1614,1.0,1.0,1.0,0.3627,1.0,1.0,1.0,0.0,1.0,1.0,1.0,0.6679
1615,1.0,1.0,1.0,0.3994,1.0,1.0,1.0,0.1188,1.0,1.0,1.0,0.7147
1616,1.0,1.0,1.0,0.4027,1.0,1.0,1.0,0.2669,1.0,1.0,1.0,0.6775
1617,1.0,1.0,1.0,0.4165,1.0,1.0,1.0,0.41,1.0,1.0,1.0,0.7345
1618,1.0,1.0,1.0,0.5357,1.0,1.0,1.0,0.5624,1.0,1.0,1.0,0.8234
1619,1.0,1.0,1.0,0.4499,1.0,1.0,1.0,0.506,1.0,1.0,1.0,0.8043
1620,1.0,1.0,1.0,0.5183,1.0,1.0,1.0,0.5053,1.0,1.0,1.0,0.8655
1621,1.0,1.0,1.0,0.4147,1.0,1.0,1.0,0.4162,1.0,1.0,1.0,0.8699
1622,1.0,1.0,1.0,0.351,1.0,1.0,1.0,0.382,1.0,1.0,1.0,0.889
1623,1.0,1.0,1.0,0.4552,1.0,1.0,1.0,0.3392,1.0,1.0,1.0,0.8297
1624,1.0,1.0,1.0,0.3543,1.0,1.0,1.0,0.2673,1.0,1.0,1.0,0.7898
1625,1.0,1.0,1.0,0.3387,1.0,1.0,1.0,0.1095,1.0,1.0,1.0,0.7442
1626,1.0,1.0,1.0,0.5437,1.0,1.0,1.0,0.0,1.0,1.0,1.0,0.8228
1627,1.0,1.0,1.0,0.6287,1.0,1.0,1.0,0.0,1.0,1.0,1.0,0.8013
1628,1.0,1.0,1.0,0.5623,1.0,1.0,1.0,0.0,1.0,1.0,1.0,0.8321
1629,1.0,1.0,1.0,0.5107,1.0,1.0,1.0,0.0,1.0,1.0,1.0,0.8255
1630,1.0,1.0,1.0,0.4949,1.0,1.0,1.0,0.0,1.0,1.0,1.0,0.8039
1631,1.0,1.0,1.0,0.6076,1.0,1.0,1.0,0.0,1.0,1.0,1.0,0.7071
1632,1.0,1.0,1.0,0.5159,1.0,1.0,1.0,0.0,1.0,1.0,1.0,0.5516
1633,1.0,1.0,1.0,0.4225,1.0,1.0,1.0,0.0,1.0,1.0,1.0,0.5276
1634,1.0,1.0,1.0,0.4861,1.0,1.0,1.0,0.0,1.0,1.0,1.0,0.5092
1635,1.0,1.0,1.0,0.3441,1.0,1.0,1.0,0.0,1.0,1.0,1.0,0.4393
1636,1.0,1.0,1.0,0.2795,1.0,1.0,1.0,0.0,1.0,1.0,1.0,0.4606
1637,1.0,1.0,1.0,0.2787,1.0,1.0,1.0,0.0,1.0,1.0,1.0,0.6369
1638,1.0,1.0,1.0,0.2816,1.0,1.0,1.0,0.0,1.0,1.0,1.0,0.7494
1639,1.0,1.0,1.0,0.1996,1.0,1.0,1.0,0.0621,1.0,1.0,1.0,0.7473
1640,1.0,1.0,1.0,0.2269,1.0,1.0,1.0,0.1832,1.0,1.0,1.0,0.7476
1641,1.0,1.0,1.0,0.2694,1.0,1.0,1.0,0.262,1.0,1.0,1.0,0.7844
1642,1.0,1.0,1.0,0.2311,1.0,1.0,1.0,0.3802,1.0,1.0,1.0,0.7946
1643,1.0,1.0,1.0,0.3573,1.0,1.0,1.0,0.4324,1.0,1.0,1.0,0.825
1644,1.0,1.0,1.0,0.3886,1.0,1.0,1.0,0.5138,1.0,1.0,1.0,0.8339
1645,1.0,1.0,1.0,0.3113,1.0,1.0,1.0,0.4625,1.0,1.0,1.0,0.8336
1646,1.0,1.0,1.0,0.4489,1.0,1.0,1.0,0.4437,1.0,1.0,1.0,0.7939
1647,1.0,1.0,1.0,0.405,1.0,1.0,1.0,0.3705,1.0,1.0,1.0,0.809
1648,1.0,1.0,1.0,0.4224,1.0,1.0,1.0,0.2952,1.0,1.0,1.0,0.6496
1649,1.0,1.0,1.0,0.3831,1.0,1.0,1.0,0.1352,1.0,1.0,1.0,0.6682
1650,1.0,1.0,1.0,0.4387,1.0,1.0,1.0,0.0,1.0,1.0,1.0,0.4911
1651,1.0,1.0,1.0,0.3989,1.0,1.0,1.0,0.0,1.0,1.0,1.0,0.5168
1652,1.0,1.0,1.0,0.3665,1.0,1.0,1.0,0.0,1.0,1.0,1.0,0.4333
1653,1.0,1.0,1.0,0.3568,1.0,1.0,1.0,0.0,1.0,1.0,1.0,0.5487
1654,1.0,1.0,1.0,0.3208,1.0,1.0,1.0,0.0,1.0,1.0,1.0,0.5572
1655,1.0,1.0,1.0,0.4122,1.0,1.0,1.0,0.0,1.0,1.0,1.0,0.5578
1656,1.0,1.0,1.0,0.3112,1.0,1.0,1.0,0.0,1.0,1.0,1.0,0.5911
1657,1.0,1.0,1.0,0.3129,1.0,1.0,1.0,0.0,1.0,1.0,1.0,0.5159
1658,1.0,1.0,1.0,0.3243,1.0,1.0,1.0,0.0,1.0,1.0,1.0,0.6137
1659,1.0,1.0,1.0,0.319,1.0,1.0,1.0,0.0,1.0,1.0,1.0,0.6683
1660,1.0,1.0,1.0,0.4014,1.0,1.0,1.0,0.0,1.0,1.0,1.0,0.6214
1661,1.0,1.0,1.0,0.2856,1.0,1.0,1.0,0.0,1.0,1.0,1.0,0.5296
1662,1.0,1.0,1.0,0.3333,1.0,1.0,1.0,0.0,1.0,1.0,1.0,0.4941
1663,1.0,1.0,1.0,0.2477,1.0,1.0,1.0,0.1566,1.0,1.0,1.0,0.4829
1664,1.0,1.0,1.0,0.2213,1.0,1.0,1.0,0.3488,1.0,1.0,1.0,0.3884
1665,1.0,1.0,1.0,0.1551,1.0,1.0,1.0,0.5079,1.0,1.0,1.0,0.3525
1666,1.0,1.0,1.0,0.1464,1.0,1.0,1.0,0.6928,1.0,1.0,1.0,0.309
1667,1.0,1.0,1.0,0.1284,1.0,1.0,1.0,0.7814,1.0,1.0,1.0,0.2974
1668,1.0,1.0,1.0,0.2163,1.0,1.0,1.0,0.6953,1.0,1.0,1.0,0.2871
1669,1.0,1.0,1.0,0.2374,1.0,1.0,1.0,0.5551,1.0,1.0,1.0,0.3275
1670,1.0,1.0,1.0,0.2728,1.0,1.0,1.0,0.6057,1.0,1.0,1.0,0.3329
1671,1.0,1.0,1.0,0.2073,1.0,1.0,1.0,0.4059,1.0,1.0,1.0,0.3679
1672,1.0,1.0,1.0,0.2602,1.0,1.0,1.0,0.2725,1.0,1.0,1.0,0.3903
1673,1.0,1.0,1.0,0.391,1.0,1.0,1.0,0.1332,1.0,1.0,1.0,0.3755
1674,1.0,1.0,1.0,0.4681,1.0,1.0,1.0,0.0,1.0,1.0,1.0,0.4349
1675,1.0,1.0,1.0,0.3576,1.0,1.0,1.0,0.0,1.0,1.0,1.0,0.2275
1676,1.0,1.0,1.0,0.3244,1.0,1.0,1.0,0.0,1.0,1.0,1.0,0.2109
1677,1.0,1.0,1.0,0.3371,1.0,1.0,1.0,0.0,1.0,1.0,1.0,0.1843
1678,1.0,1.0,1.0,0.2972,1.0,1.0,1.0,0.0,1.0,1.0,1.0,0.1964
1679,1.0,1.0,1.0,0.5122,1.0,1.0,1.0,0.0,1.0,1.0,1.0,0.1685
1680,1.0,1.0,1.0,0.4671,1.0,1.0,1.0,0.0,1.0,1.0,1.0,0.2022
1681,1.0,1.0,1.0,0.4636,1.0,1.0,1.0,0.0,1.0,1.0,1.0,0.2525
1682,1.0,1.0,1.0,0.4123,1.0,1.0,1.0,0.0,1.0,1.0,1.0,0.1757
1683,1.0,1.0,1.0,0.4339,1.0,1.0,1.0,0.0,1.0,1.0,1.0,0.1933
1684,1.0,1.0,1.0,0.5555,1.0,1.0,1.0,0.0,1.0,1.0,1.0,0.1367
1685,1.0,1.0,1.0,0.563,1.0,1.0,1.0,0.0,1.0,1.0,1.0,0.1642
1686,1.0,1.0,1.0,0.5415,1.0,1.0,1.0,0.0,1.0,1.0,1.0,0.148
1687,1.0,1.0,1.0,0.4458,1.0,1.0,1.0,0.1276,1.0,1.0,1.0,0.1205
1688,1.0,1.0,1.0,0.5521,1.0,1.0,1.0,0.3205,1.0,1.0,1.0,0.0735
1689,1.0,1.0,1.0,0.5373,1.0,1.0,1.0,0.5128,1.0,1.0,1.0,0.0759
1690,1.0,1.0,1.0,0.5192,1.0,1.0,1.0,0.5818,1.0,1.0,1.0,0.0553
1691,1.0,1.0,1.0,0.3215,1.0,1.0,1.0,0.6071,1.0,1.0,1.0,0.0363
1692,1.0,1.0,1.0,0.316,1.0,1.0,1.0,0.5353,1.0,1.0,1.0,0.0421
1693,1.0,1.0,1.0,0.2906,1.0,1.0,1.0,0.5436,1.0,1.0,1.0,0.063
1694,1.0,1.0,1.0,0.1813,1.0,1.0,1.0,0.5341,1.0,1.0,1.0,0.0767
1695,1.0,1.0,1.0,0.2462,1.0,1.0,1.0,0.4123,1.0,1.0,1.0,0.051
1696,1.0,1.0,1.0,0.2183,1.0,1.0,1.0,0.2755,1.0,1.0,1.0,0.0526
1697,1.0,1.0,1.0,0.3597,1.0,1.0,1.0,0.1508,1.0,1.0,1.0,0.0708
1698,1.0,1.0,1.0,0.4831,1.0,1.0,1.0,0.0,1.0,1.0,1.0,0.0722
1699,1.0,1.0,1.0,0.4206,1.0,1.0,1.0,0.0,1.0,1.0,1.0,0.0854
1700,1.0,1.0,1.0,0.5413,1.0,1.0,1.0,0.0,1.0,1.0,1.0,0.0786
1701,1.0,1.0,1.0,0.6729,1.0,1.0,1.0,0.0,1.0,1.0,1.0,0.0738
1702,1.0,1.0,1.0,0.6227,1.0,1.0,1.0,0.0,1.0,1.0,1.0,0.0634
1703,1.0,1.0,1.0,0.5304,1.0,1.0,1.0,0.0,1.0,1.0,1.0,0.0827
1704,1.0,1.0,1.0,0.3436,1.0,1.0,1.0,0.0,1.0,1.0,1.0,0.1078
1705,1.0,1.0,1.0,0.3781,1.0,1.0,1.0,0.0,1.0,1.0,1.0,0.0951
1706,1.0,1.0,1.0,0.3043,1.0,1.0,1.0,0.0,1.0,1.0,1.0,0.1268
1707,1.0,1.0,1.0,0.3404,1.0,1.0,1.0,0.0,1.0,1.0,1.0,0.0847
1708,1.0,1.0,1.0,0.3008,1.0,1.0,1.0,0.0,1.0,1.0,1.0,0.085
1709,1.0,1.0,1.0,0.2508,1.0,1.0,1.0,0.0,1.0,1.0,1.0,0.058
1710,1.0,1.0,1.0,0.2208,1.0,1.0,1.0,0.0,1.0,1.0,1.0,0.0428
1711,1.0,1.0,1.0,0.1569,1.0,1.0,1.0,0.1047,1.0,1.0,1.0,0.0293
1712,1.0,1.0,1.0,0.1381,1.0,1.0,1.0,0.272,1.0,1.0,1.0,0.0257
1713,1.0,1.0,1.0,0.1154,1.0,1.0,1.0,0.3289,1.0,1.0,1.0,0.035
1714,1.0,1.0,1.0,0.1209,1.0,1.0,1.0,0.4423,1.0,1.0,1.0,0.0372
1715,1.0,1.0,1.0,0.1311,1.0,1.0,1.0,0.5403,1.0,1.0,1.0,0.0333
1716,1.0,1.0,1.0,0.0986,1.0,1.0,1.0,0.6024,1.0,1.0,1.0,0.0343
1717,1.0,1.0,1.0,0.1463,1.0,1.0,1.0,0.5579,1.0,1.0,1.0,0.02
1718,1.0,1.0,1.0,0.1455,1.0,1.0,1.0,0.4461,1.0,1.0,1.0,0.0252
1719,1.0,1.0,1.0,0.2325,1.0,1.0,1.0,0.4386,1.0,1.0,1.0,0.02
1720,1.0,1.0,1.0,0.254,1.0,1.0,1.0,0.2742,1.0,1.0,1.0,0.02
1721,1.0,1.0,1.0,0.2642,1.0,1.0,1.0,0.1111,1.0,1.0,1.0,0.02
1722,1.0,1.0,1.0,0.2371,1.0,1.0,1.0,0.0,1.0,1.0,1.0,0.02
1723,1.0,1.0,1.0,0.2847,1.0,1.0,1.0,0.0,1.0,1.0,1.0,0.02
1724,1.0,1.0,1.0,0.2921,1.0,1.0,1.0,0.0,1.0,1.0,1.0,0.0219
1725,1.0,1.0,1.0,0.3632,1.0,1.0,1.0,0.0,1.0,1.0,1.0,0.0398
1726,1.0,1.0,1.0,0.5035,1.0,1.0,1.0,0.0,1.0,1.0,1.0,0.0838
1727,1.0,1.0,1.0,0.4393,1.0,1.0,1.0,0.0,1.0,1.0,1.0,0.089
1728,1.0,1.0,1.0,0.4917,1.0,1.0,1.0,0.0,1.0,1.0,1.0,0.0905
1729,1.0,1.0,1.0,0.5422,1.0,1.0,1.0,0.0,1.0,1.0,1.0,0.0909
1730,1.0,1.0,1.0,0.5796,1.0,1.0,1.0,0.0,1.0,1.0,1.0,0.079
1731,1.0,1.0,1.0,0.539,1.0,1.0,1.0,0.0,1.0,1.0,1.0,0.0945
1732,1.0,1.0,1.0,0.5009,1.0,1.0,1.0,0.0,1.0,1.0,1.0,0.1474
1733,1.0,1.0,1.0,0.4491,1.0,1.0,1.0,0.0,1.0,1.0,1.0,0.0702
1734,1.0,1.0,1.0,0.3982,1.0,1.0,1.0,0.0,1.0,1.0,1.0,0.0709
1735,1.0,1.0,1.0,0.3323,1.0,1.0,1.0,0.1279,1.0,1.0,1.0,0.1209
1736,1.0,1.0,1.0,0.3281,1.0,1.0,1.0,0.2824,1.0,1.0,1.0,0.1424
1737,1.0,1.0,1.0,0.276,1.0,1.0,1.0,0.3881,1.0,1.0,1.0,0.1672
1738,1.0,1.0,1.0,0.313,1.0,1.0,1.0,0.497,1.0,1.0,1.0,0.1066
1739,1.0,1.0,1.0,0.3217,1.0,1.0,1.0,0.5438,1.0,1.0,1.0,0.1388
1740,1.0,1.0,1.0,0.339,1.0,1.0,1.0,0.5307,1.0,1.0,1.0,0.1937
1741,1.0,1.0,1.0,0.3215,1.0,1.0,1.0,0.5109,1.0,1.0,1.0,0.2105
1742,1.0,1.0,1.0,0.3309,1.0,1.0,1.0,0.4651,1.0,1.0,1.0,0.1794
1743,1.0,1.0,1.0,0.3159,1.0,1.0,1.0,0.4162,1.0,1.0,1.0,0.2094
1744,1.0,1.0,1.0,0.3822,1.0,1.0,1.0,0.3015,1.0,1.0,1.0,0.1597
1745,1.0,1.0,1.0,0.3488,1.0,1.0,1.0,0.1701,1.0,1.0,1.0,0.1162
1746,1.0,1.0,1.0,0.3829,1.0,1.0,1.0,0.0,1.0,1.0,1.0,0.155
1747,1.0,1.0,1.0,0.2842,1.0,1.0,1.0,0.0,1.0,1.0,1.0,0.2193
1748,1.0,1.0,1.0,0.3429,1.0,1.0,1.0,0.0,1.0,1.0,1.0,0.1824
1749,1.0,1.0,1.0,0.3037,1.0,1.0,1.0,0.0,1.0,1.0,1.0,0.1333
1750,1.0,1.0,1.0,0.2446,1.0,1.0,1.0,0.0,1.0,1.0,1.0,0.1061
1751,1.0,1.0,1.0,0.183,1.0,1.0,1.0,0.0,1.0,1.0,1.0,0.1184
1752,1.0,1.0,1.0,0.1314,1.0,1.0,1.0,0.0,1.0,1.0,1.0,0.0854
1753,1.0,1.0,1.0,0.1187,1.0,1.0,1.0,0.0,1.0,1.0,1.0,0.1347
1754,1.0,1.0,1.0,0.1941,1.0,1.0,1.0,0.0,1.0,1.0,1.0,0.1218
1755,1.0,1.0,1.0,0.1667,1.0,1.0,1.0,0.0,1.0,1.0,1.0,0.1422
1756,1.0,1.0,1.0,0.088,1.0,1.0,1.0,0.0,1.0,1.0,1.0,0.118
1757,1.0,1.0,1.0,0.1049,1.0,1.0,1.0,0.0,1.0,1.0,1.0,0.1473
1758,1.0,1.0,1.0,0.0778,1.0,1.0,1.0,0.0,1.0,1.0,1.0,0.1855
1759,1.0,1.0,1.0,0.1074,1.0,1.0,1.0,0.1683,1.0,1.0,1.0,0.116
1760,1.0,1.0,1.0,0.0993,1.0,1.0,1.0,0.3195,1.0,1.0,1.0,0.0983
1761,1.0,1.0,1.0,0.0964,1.0,1.0,1.0,0.4121,1.0,1.0,1.0,0.0985
1762,1.0,1.0,1.0,0.1473,1.0,1.0,1.0,0.4798,1.0,1.0,1.0,0.0878
1763,1.0,1.0,1.0,0.1838,1.0,1.0,1.0,0.558,1.0,1.0,1.0,0.122
1764,1.0,1.0,1.0,0.1317,1.0,1.0,1.0,0.5168,1.0,1.0,1.0,0.106
1765,1.0,1.0,1.0,0.0982,1.0,1.0,1.0,0.4889,1.0,1.0,1.0,0.1386
1766,1.0,1.0,1.0,0.0585,1.0,1.0,1.0,0.5322,1.0,1.0,1.0,0.1664
1767,1.0,1.0,1.0,0.1433,1.0,1.0,1.0,0.5082,1.0,1.0,1.0,0.1666
1768,1.0,1.0,1.0,0.1151,1.0,1.0,1.0,0.3925,1.0,1.0,1.0,0.2132
1769,1.0,1.0,1.0,0.1718,1.0,1.0,1.0,0.1556,1.0,1.0,1.0,0.1402
1770,1.0,1.0,1.0,0.1524,1.0,1.0,1.0,0.0,1.0,1.0,1.0,0.1431
1771,1.0,1.0,1.0,0.1144,1.0,1.0,1.0,0.0,1.0,1.0,1.0,0.1175
1772,1.0,1.0,1.0,0.1212,1.0,1.0,1.0,0.0,1.0,1.0,1.0,0.119
1773,1.0,1.0,1.0,0.1151,1.0,1.0,1.0,0.0,1.0,1.0,1.0,0.1076
1774,1.0,1.0,1.0,0.1543,1.0,1.0,1.0,0.0,1.0,1.0,1.0,0.1151
1775,1.0,1.0,1.0,0.2028,1.0,1.0,1.0,0.0,1.0,1.0,1.0,0.1209
1776,1.0,1.0,1.0,0.1756,1.0,1.0,1.0,0.0,1.0,1.0,1.0,0.1309
1777,1.0,1.0,1.0,0.1184,1.0,1.0,1.0,0.0,1.0,1.0,1.0,0.144
1778,1.0,1.0,1.0,0.0855,1.0,1.0,1.0,0.0,1.0,1.0,1.0,0.1769
1779,1.0,1.0,1.0,0.043,1.0,1.0,1.0,0.0,1.0,1.0,1.0,0.1255
1780,1.0,1.0,1.0,0.0427,1.0,1.0,1.0,0.0,1.0,1.0,1.0,0.1527
1781,1.0,1.0,1.0,0.0464,1.0,1.0,1.0,0.0,1.0,1.0,1.0,0.0997
1782,1.0,1.0,1.0,0.0343,1.0,1.0,1.0,0.0,1.0,1.0,1.0,0.0422
1783,1.0,1.0,1.0,0.0245,1.0,1.0,1.0,0.1747,1.0,1.0,1.0,0.0873
1784,1.0,1.0,1.0,0.0271,1.0,1.0,1.0,0.3682,1.0,1.0,1.0,0.0682
1785,1.0,1.0,1.0,0.0241,1.0,1.0,1.0,0.5767,1.0,1.0,1.0,0.0628
1786,1.0,1.0,1.0,0.0249,1.0,1.0,1.0,0.6099,1.0,1.0,1.0,0.0362
1787,1.0,1.0,1.0,0.0244,1.0,1.0,1.0,0.7154,1.0,1.0,1.0,0.0338
1788,1.0,1.0,1.0,0.0294,1.0,1.0,1.0,0.7394,1.0,1.0,1.0,0.0396
1789,1.0,1.0,1.0,0.0268,1.0,1.0,1.0,0.664,1.0,1.0,1.0,0.0467
1790,1.0,1.0,1.0,0.0251,1.0,1.0,1.0,0.5646,1.0,1.0,1.0,0.0336
1791,1.0,1.0,1.0,0.02,1.0,1.0,1.0,0.5432,1.0,1.0,1.0,0.0316
1792,1.0,1.0,1.0,0.02,1.0,1.0,1.0,0.3279,1.0,1.0,1.0,0.0392
1793,1.0,1.0,1.0,0.02,1.0,1.0,1.0,0.1535,1.0,1.0,1.0,0.0461
1794,1.0,1.0,1.0,0.02,1.0,1.0,1.0,0.0,1.0,1.0,1.0,0.0521
1795,1.0,1.0,1.0,0.0422,1.0,1.0,1.0,0.0,1.0,1.0,1.0,0.0719
1796,1.0,1.0,1.0,0.0485,1.0,1.0,1.0,0.0,1.0,1.0,1.0,0.0739
1797,1.0,1.0,1.0,0.05,1.0,1.0,1.0,0.0,1.0,1.0,1.0,0.1219
1798,1.0,1.0,1.0,0.0638,1.0,1.0,1.0,0.0,1.0,1.0,1.0,0.1164
1799,1.0,1.0,1.0,0.1336,1.0,1.0,1.0,0.0,1.0,1.0,1.0,0.1503
1800,1.0,1.0,1.0,0.1496,0.0,1.0,1.0,0.0,1.0,1.0,1.0,0.1912
1801,1.0,1.0,1.0,0.0781,0.0,1.0,1.0,0.0,1.0,1.0,1.0,0.1211
1802,1.0,1.0,1.0,0.0956,0.0,1.0,1.0,0.0,1.0,1.0,1.0,0.1446
1803,1.0,1.0,1.0,0.0765,0.0,1.0,1.0,0.0,1.0,1.0,1.0,0.1237
1804,1.0,1.0,1.0,0.0434,0.0,1.0,1.0,0.0,1.0,1.0,1.0,0.0944
1805,1.0,1.0,1.0,0.0824,0.0,1.0,1.0,0.0,1.0,1.0,1.0,0.0869
1806,1.0,1.0,1.0,0.1389,0.0,1.0,1.0,0.0,1.0,1.0,1.0,0.0968
1807,1.0,1.0,1.0,0.11,0.0,1.0,1.0,0.168,1.0,1.0,1.0,0.0616
1808,1.0,1.0,1.0,0.0874,0.0,1.0,1.0,0.3747,1.0,1.0,1.0,0.0665
1809,1.0,1.0,1.0,0.0976,0.0,1.0,1.0,0.5605,1.0,1.0,1.0,0.0661
1810,1.0,1.0,1.0,0.0779,0.0,1.0,1.0,0.7185,1.0,1.0,1.0,0.0984
1811,1.0,1.0,1.0,0.0795,0.0,1.0,1.0,0.8055,1.0,1.0,1.0,0.0847
1812,1.0,1.0,1.0,0.0673,0.0,1.0,1.0,0.8352,1.0,1.0,1.0,0.13
1813,1.0,1.0,1.0,0.0633,0.0,1.0,1.0,0.7768,1.0,1.0,1.0,0.1521
1814,1.0,1.0,1.0,0.0427,0.0,1.0,1.0,0.6251,1.0,1.0,1.0,0.1561
1815,1.0,1.0,1.0,0.0612,0.0,1.0,1.0,0.5412,1.0,1.0,1.0,0.2314
1816,1.0,1.0,1.0,0.0969,0.0,1.0,1.0,0.3353,1.0,1.0,1.0,0.3773
1817,1.0,1.0,1.0,0.0994,0.0,1.0,1.0,0.174,1.0,1.0,1.0,0.3614
1818,1.0,1.0,1.0,0.1039,0.0,1.0,1.0,0.0,1.0,1.0,1.0,0.3057
1819,1.0,1.0,1.0,0.1331,0.0,1.0,1.0,0.0,1.0,1.0,1.0,0.3418
1820,1.0,1.0,1.0,0.1393,0.0,1.0,1.0,0.0,1.0,1.0,1.0,0.2418
1821,1.0,1.0,1.0,0.2377,0.0,1.0,1.0,0.0,1.0,1.0,1.0,0.1717
1822,1.0,1.0,1.0,0.1686,0.0,1.0,1.0,0.0,1.0,1.0,1.0,0.2539
1823,1.0,1.0,1.0,0.2226,0.0,1.0,1.0,0.0,1.0,1.0,1.0,0.2984
1824,1.0,1.0,1.0,0.22,0.0,1.0,1.0,0.0,1.0,1.0,1.0,0.2409
1825,1.0,1.0,1.0,0.1646,0.0,1.0,1.0,0.0,1.0,1.0,1.0,0.4936
1826,1.0,1.0,1.0,0.3114,0.0,1.0,1.0,0.0,1.0,1.0,1.0,0.3733
1827,1.0,1.0,1.0,0.5152,0.0,1.0,1.0,0.0,1.0,1.0,1.0,0.4267
1828,1.0,1.0,1.0,0.4954,0.0,1.0,1.0,0.0,1.0,1.0,1.0,0.3601
1829,1.0,1.0,1.0,0.5333,0.0,1.0,1.0,0.0,1.0,1.0,1.0,0.514
1830,1.0,1.0,1.0,0.49,0.0,1.0,1.0,0.0,1.0,1.0,1.0,0.4648
1831,1.0,1.0,1.0,0.4621,0.0,1.0,1.0,0.1385,1.0,1.0,1.0,0.4388
1832,1.0,1.0,1.0,0.3663,0.0,1.0,1.0,0.3475,1.0,1.0,1.0,0.2929
1833,1.0,1.0,1.0,0.2721,0.0,1.0,1.0,0.5193,1.0,1.0,1.0,0.4661
1834,1.0,1.0,1.0,0.4223,0.0,1.0,1.0,0.5878,1.0,1.0,1.0,0.4116
1835,1.0,1.0,1.0,0.4202,0.0,1.0,1.0,0.6297,1.0,1.0,1.0,0.4531
1836,1.0,1.0,1.0,0.4258,0.0,1.0,1.0,0.5789,1.0,1.0,1.0,0.4525
1837,1.0,1.0,1.0,0.3593,0.0,1.0,1.0,0.5421,1.0,1.0,1.0,0.4043
1838,1.0,1.0,1.0,0.3778,0.0,1.0,1.0,0.5897,1.0,1.0,1.0,0.2377
1839,1.0,1.0,1.0,0.2661,0.0,1.0,1.0,0.4714,1.0,1.0,1.0,0.228
1840,1.0,1.0,1.0,0.2211,0.0,1.0,1.0,0.2854,1.0,1.0,1.0,0.2162
1841,1.0,1.0,1.0,0.1617,0.0,1.0,1.0,0.149,1.0,1.0,1.0,0.241
1842,1.0,1.0,1.0,0.2408,0.0,1.0,1.0,0.0,1.0,1.0,1.0,0.4081
1843,1.0,1.0,1.0,0.1549,0.0,1.0,1.0,0.0,1.0,1.0,1.0,0.4639
1844,1.0,1.0,1.0,0.1128,0.0,1.0,1.0,0.0,1.0,1.0,1.0,0.5377
1845,1.0,1.0,1.0,0.0617,0.0,1.0,1.0,0.0,1.0,1.0,1.0,0.5075
1846,1.0,1.0,1.0,0.0494,0.0,1.0,1.0,0.0,1.0,1.0,1.0,0.3917
1847,1.0,1.0,1.0,0.046,0.0,1.0,1.0,0.0,1.0,1.0,1.0,0.3695
1848,1.0,1.0,1.0,0.0683,0.0,1.0,1.0,0.0,1.0,1.0,1.0,0.3114
1849,1.0,1.0,1.0,0.0681,0.0,1.0,1.0,0.0,1.0,1.0,1.0,0.3106
1850,1.0,1.0,1.0,0.0638,0.0,1.0,1.0,0.0,1.0,1.0,1.0,0.2777
1851,1.0,1.0,1.0,0.0755,0.0,1.0,1.0,0.0,1.0,1.0,1.0,0.1788
1852,1.0,1.0,1.0,0.0698,0.0,1.0,1.0,0.0,1.0,1.0,1.0,0.2602
1853,1.0,1.0,1.0,0.1579,0.0,1.0,1.0,0.0,1.0,1.0,1.0,0.2548
1854,1.0,1.0,1.0,0.1376,0.0,1.0,1.0,0.0,1.0,1.0,1.0,0.2375
1855,1.0,1.0,1.0,0.1625,0.0,1.0,1.0,0.0818,1.0,1.0,1.0,0.1783
1856,1.0,1.0,1.0,0.2131,0.0,1.0,1.0,0.1487,1.0,1.0,1.0,0.16
1857,1.0,1.0,1.0,0.1842,0.0,1.0,1.0,0.2335,1.0,1.0,1.0,0.1278
1858,1.0,1.0,1.0,0.1993,0.0,1.0,1.0,0.2798,1.0,1.0,1.0,0.0919
1859,1.0,1.0,1.0,0.1782,0.0,1.0,1.0,0.4225,1.0,1.0,1.0,0.102
1860,1.0,1.0,1.0,0.1991,0.0,1.0,1.0,0.4711,1.0,1.0,1.0,0.0925
1861,1.0,1.0,1.0,0.2109,0.0,1.0,1.0,0.4463,1.0,1.0,1.0,0.1231
1862,1.0,1.0,1.0,0.2086,0.0,1.0,1.0,0.3446,1.0,1.0,1.0,0.1151
1863,1.0,1.0,1.0,0.1541,0.0,1.0,1.0,0.312,1.0,1.0,1.0,0.1247
1864,1.0,1.0,1.0,0.2682,0.0,1.0,1.0,0.2978,1.0,1.0,1.0,0.1336
1865,1.0,1.0,1.0,0.3158,0.0,1.0,1.0,0.1384,1.0,1.0,1.0,0.1559
1866,1.0,1.0,1.0,0.2124,0.0,1.0,1.0,0.0,1.0,1.0,1.0,0.1254
1867,1.0,1.0,1.0,0.1941,0.0,1.0,1.0,0.0,1.0,1.0,1.0,0.1709
1868,1.0,1.0,1.0,0.1262,0.0,1.0,1.0,0.0,1.0,1.0,1.0,0.124
1869,1.0,1.0,1.0,0.166,0.0,1.0,1.0,0.0,1.0,1.0,1.0,0.1311
1870,1.0,1.0,1.0,0.171,0.0,1.0,1.0,0.0,1.0,1.0,1.0,0.094
1871,1.0,1.0,1.0,0.1774,0.0,1.0,1.0,0.0,1.0,1.0,1.0,0.0953
1872,1.0,1.0,1.0,0.1423,0.0,1.0,1.0,0.0,1.0,1.0,1.0,0.1313
1873,1.0,1.0,1.0,0.135,0.0,1.0,1.0,0.0,1.0,1.0,1.0,0.1613
1874,1.0,1.0,1.0,0.1778,0.0,1.0,1.0,0.0,1.0,1.0,1.0,0.2246
1875,1.0,1.0,1.0,0.2458,0.0,1.0,1.0,0.0,1.0,1.0,1.0,0.2111
1876,1.0,1.0,1.0,0.3109,0.0,1.0,1.0,0.0,1.0,1.0,1.0,0.2748
1877,1.0,1.0,1.0,0.2108,0.0,1.0,1.0,0.0,1.0,1.0,1.0,0.2326
1878,1.0,1.0,1.0,0.2057,0.0,1.0,1.0,0.0,1.0,1.0,1.0,0.2094
1879,1.0,1.0,1.0,0.2268,0.0,1.0,1.0,0.1801,1.0,1.0,1.0,0.2221
1880,1.0,1.0,1.0,0.1897,0.0,1.0,1.0,0.3658,1.0,1.0,1.0,0.2832
1881,1.0,1.0,1.0,0.1198,0.0,1.0,1.0,0.5578,1.0,1.0,1.0,0.2493
1882,1.0,1.0,1.0,0.084,0.0,1.0,1.0,0.6339,1.0,1.0,1.0,0.3024
1883,1.0,1.0,1.0,0.1421,0.0,1.0,1.0,0.6183,1.0,1.0,1.0,0.323
1884,1.0,1.0,1.0,0.1029,0.0,1.0,1.0,0.6586,1.0,1.0,1.0,0.352
1885,1.0,1.0,1.0,0.1102,0.0,1.0,1.0,0.5117,1.0,1.0,1.0,0.2888
1886,1.0,1.0,1.0,0.1105,0.0,1.0,1.0,0.4582,1.0,1.0,1.0,0.2652
1887,1.0,1.0,1.0,0.1108,0.0,1.0,1.0,0.4336,1.0,1.0,1.0,0.2628
1888,1.0,1.0,1.0,0.1056,0.0,1.0,1.0,0.323,1.0,1.0,1.0,0.2906
1889,1.0,1.0,1.0,0.1417,0.0,1.0,1.0,0.1674,1.0,1.0,1.0,0.239
1890,1.0,1.0,1.0,0.1494,0.0,1.0,1.0,0.0,1.0,1.0,1.0,0.1699
1891,1.0,1.0,1.0,0.1288,0.0,1.0,1.0,0.0,1.0,1.0,1.0,0.0915
1892,1.0,1.0,1.0,0.1369,0.0,1.0,1.0,0.0,1.0,1.0,1.0,0.1218
1893,1.0,1.0,1.0,0.0964,0.0,1.0,1.0,0.0,1.0,1.0,1.0,0.1686
1894,1.0,1.0,1.0,0.1182,0.0,1.0,1.0,0.0,1.0,1.0,1.0,0.0944
1895,1.0,1.0,1.0,0.1005,0.0,1.0,1.0,0.0,1.0,1.0,1.0,0.1018
1896,1.0,1.0,1.0,0.0864,0.0,1.0,1.0,0.0,1.0,1.0,1.0,0.0943
1897,1.0,1.0,1.0,0.1078,0.0,1.0,1.0,0.0,1.0,1.0,1.0,0.1444
1898,1.0,1.0,1.0,0.1,0.0,1.0,1.0,0.0,1.0,1.0,1.0,0.1406
1899,1.0,1.0,1.0,0.0945,0.0,1.0,1.0,0.0,1.0,1.0,1.0,0.1715
1900,1.0,1.0,1.0,0.1433,0.0,1.0,1.0,0.0,1.0,1.0,1.0,0.1561
1901,1.0,1.0,1.0,0.111,0.0,1.0,1.0,0.0,1.0,1.0,1.0,0.1315
1902,1.0,1.0,1.0,0.136,0.0,1.0,1.0,0.0,1.0,1.0,1.0,0.1718
1903,1.0,1.0,1.0,0.1875,0.0,1.0,1.0,0.1945,1.0,1.0,1.0,0.2389
1904,1.0,1.0,1.0,0.2652,0.0,1.0,1.0,0.3125,1.0,1.0,1.0,0.171
1905,1.0,1.0,1.0,0.4423,0.0,1.0,1.0,0.4349,1.0,1.0,1.0,0.242
1906,1.0,1.0,1.0,0.3882,0.0,1.0,1.0,0.4463,1.0,1.0,1.0,0.1886
1907,1.0,1.0,1.0,0.3208,0.0,1.0,1.0,0.5548,1.0,1.0,1.0,0.0961
1908,1.0,1.0,1.0,0.3901,0.0,1.0,1.0,0.5424,1.0,1.0,1.0,0.1015
1909,1.0,1.0,1.0,0.4726,0.0,1.0,1.0,0.6164,1.0,1.0,1.0,0.1247
1910,1.0,1.0,1.0,0.4041,0.0,1.0,1.0,0.5271,1.0,1.0,1.0,0.0808
1911,1.0,1.0,1.0,0.4472,0.0,1.0,1.0,0.4066,1.0,1.0,1.0,0.0447
1912,1.0,1.0,1.0,0.6775,0.0,1.0,1.0,0.2385,1.0,1.0,1.0,0.0409
1913,1.0,1.0,1.0,0.6795,0.0,1.0,1.0,0.1335,1.0,1.0,1.0,0.0359
1914,1.0,1.0,1.0,0.7402,0.0,1.0,1.0,0.0,1.0,1.0,1.0,0.0617
1915,1.0,1.0,1.0,0.8267,0.0,1.0,1.0,0.0,1.0,1.0,1.0,0.0662
1916,1.0,1.0,1.0,0.9158,0.0,1.0,1.0,0.0,1.0,1.0,1.0,0.0894
1917,1.0,1.0,1.0,0.9165,0.0,1.0,1.0,0.0,1.0,1.0,1.0,0.1008
1918,1.0,1.0,1.0,0.9403,0.0,1.0,1.0,0.0,1.0,1.0,1.0,0.1703
1919,1.0,1.0,1.0,0.9163,0.0,1.0,1.0,0.0,1.0,1.0,1.0,0.1348
1920,1.0,1.0,1.0,0.9102,0.0,1.0,1.0,0.0,1.0,1.0,1.0,0.1355
1921,1.0,1.0,1.0,0.8894,0.0,1.0,1.0,0.0,1.0,1.0,1.0,0.0865
1922,1.0,1.0,1.0,0.7953,0.0,1.0,1.0,0.0,1.0,1.0,1.0,0.1178
1923,1.0,1.0,1.0,0.6792,0.0,1.0,1.0,0.0,1.0,1.0,1.0,0.1717
1924,1.0,1.0,1.0,0.7053,0.0,1.0,1.0,0.0,1.0,1.0,1.0,0.2259
1925,1.0,1.0,1.0,0.7307,0.0,1.0,1.0,0.0,1.0,1.0,1.0,0.2229
1926,1.0,1.0,1.0,0.6453,0.0,1.0,1.0,0.0,1.0,1.0,1.0,0.1489
1927,1.0,1.0,1.0,0.754,0.0,1.0,1.0,0.1959,1.0,1.0,1.0,0.1503
1928,1.0,1.0,1.0,0.6665,0.0,1.0,1.0,0.3965,1.0,1.0,1.0,0.127
1929,1.0,1.0,1.0,0.6805,0.0,1.0,1.0,0.5736,1.0,1.0,1.0,0.1739
1930,1.0,1.0,1.0,0.6417,0.0,1.0,1.0,0.7092,1.0,1.0,1.0,0.1583
1931,1.0,1.0,1.0,0.645,0.0,1.0,1.0,0.6966,1.0,1.0,1.0,0.1432
1932,1.0,1.0,1.0,0.7085,0.0,1.0,1.0,0.8105,1.0,1.0,1.0,0.272
1933,1.0,1.0,1.0,0.7542,0.0,1.0,1.0,0.6969,1.0,1.0,1.0,0.3349
1934,1.0,1.0,1.0,0.7908,0.0,1.0,1.0,0.6028,1.0,1.0,1.0,0.4256
1935,1.0,1.0,1.0,0.8157,0.0,1.0,1.0,0.5391,1.0,1.0,1.0,0.3821
1936,1.0,1.0,1.0,0.7295,0.0,1.0,1.0,0.3654,1.0,1.0,1.0,0.2969
1937,1.0,1.0,1.0,0.7948,0.0,1.0,1.0,0.1885,1.0,1.0,1.0,0.3838
1938,1.0,1.0,1.0,0.7184,0.0,1.0,1.0,0.0,1.0,1.0,1.0,0.5131
1939,1.0,1.0,1.0,0.7039,0.0,1.0,1.0,0.0,1.0,1.0,1.0,0.3989
1940,1.0,1.0,1.0,0.6708,0.0,1.0,1.0,0.0,1.0,1.0,1.0,0.3567
1941,1.0,1.0,1.0,0.6916,0.0,1.0,1.0,0.0,1.0,1.0,1.0,0.2885
1942,1.0,1.0,1.0,0.6475,0.0,1.0,1.0,0.0,1.0,1.0,1.0,0.3279
1943,1.0,1.0,1.0,0.6292,0.0,1.0,1.0,0.0,1.0,1.0,1.0,0.4191
1944,1.0,1.0,1.0,0.7437,0.0,1.0,1.0,0.0,1.0,1.0,1.0,0.3857
1945,1.0,1.0,1.0,0.6397,0.0,1.0,1.0,0.0,1.0,1.0,1.0,0.3561
1946,1.0,1.0,1.0,0.6342,0.0,1.0,1.0,0.0,1.0,1.0,1.0,0.2192
1947,1.0,1.0,1.0,0.5345,0.0,1.0,1.0,0.0,1.0,1.0,1.0,0.1712
1948,1.0,1.0,1.0,0.5901,0.0,1.0,1.0,0.0,1.0,1.0,1.0,0.2664
1949,1.0,1.0,1.0,0.5233,0.0,1.0,1.0,0.0,1.0,1.0,1.0,0.3055
1950,1.0,1.0,1.0,0.5245,0.0,1.0,1.0,0.0008,1.0,1.0,1.0,0.3815
1951,1.0,1.0,1.0,0.4076,0.0,1.0,1.0,0.1445,1.0,1.0,1.0,0.3526
1952,1.0,1.0,1.0,0.5209,0.0,1.0,1.0,0.2222,1.0,1.0,1.0,0.3327
1953,1.0,1.0,1.0,0.5252,0.0,1.0,1.0,0.3425,1.0,1.0,1.0,0.3364
1954,1.0,1.0,1.0,0.535,0.0,1.0,1.0,0.5169,1.0,1.0,1.0,0.3643
1955,1.0,1.0,1.0,0.6036,0.0,1.0,1.0,0.5481,1.0,1.0,1.0,0.4827
1956,1.0,1.0,1.0,0.491,0.0,1.0,1.0,0.545,1.0,1.0,1.0,0.4223
1957,1.0,1.0,1.0,0.4364,0.0,1.0,1.0,0.4775,1.0,1.0,1.0,0.4101
1958,1.0,1.0,1.0,0.4516,0.0,1.0,1.0,0.4506,1.0,1.0,1.0,0.345
1959,1.0,1.0,1.0,0.3077,0.0,1.0,1.0,0.3809,1.0,1.0,1.0,0.2105
1960,1.0,1.0,1.0,0.2024,0.0,1.0,1.0,0.2441,1.0,1.0,1.0,0.2747
1961,1.0,1.0,1.0,0.1647,0.0,1.0,1.0,0.149,1.0,1.0,1.0,0.4155
1962,1.0,1.0,1.0,0.1213,0.0,1.0,1.0,0.0011,1.0,1.0,1.0,0.4815
1963,1.0,1.0,1.0,0.1144,0.0,1.0,1.0,0.0,1.0,1.0,1.0,0.4995
1964,1.0,1.0,1.0,0.1409,0.0,1.0,1.0,0.0,1.0,1.0,1.0,0.6538
1965,1.0,1.0,1.0,0.1829,0.0,1.0,1.0,0.0,1.0,1.0,1.0,0.6827
1966,1.0,1.0,1.0,0.3048,0.0,1.0,1.0,0.0,1.0,1.0,1.0,0.7337
1967,1.0,1.0,1.0,0.3071,0.0,1.0,1.0,0.0,1.0,1.0,1.0,0.7352
1968,1.0,1.0,1.0,0.3209,1.0,1.0,1.0,0.0,1.0,1.0,1.0,0.7453
1969,1.0,1.0,1.0,0.3226,1.0,1.0,1.0,0.0,1.0,1.0,1.0,0.7278
1970,1.0,1.0,1.0,0.3512,1.0,1.0,1.0,0.0,1.0,1.0,1.0,0.7746
1971,1.0,1.0,1.0,0.3865,1.0,1.0,1.0,0.0,1.0,1.0,1.0,0.6909
1972,1.0,1.0,1.0,0.4672,1.0,1.0,1.0,0.0,1.0,1.0,1.0,0.7141
1973,1.0,1.0,1.0,0.5469,1.0,1.0,1.0,0.0,1.0,1.0,1.0,0.6407
1974,1.0,1.0,1.0,0.5886,1.0,1.0,1.0,0.0058,1.0,1.0,1.0,0.6744
1975,1.0,1.0,1.0,0.7047,1.0,1.0,1.0,0.2206,1.0,1.0,1.0,0.8225
1976,1.0,1.0,1.0,0.7,1.0,1.0,1.0,0.4302,1.0,1.0,1.0,0.8482
1977,1.0,1.0,1.0,0.6461,1.0,1.0,1.0,0.6055,1.0,1.0,1.0,0.8878
1978,1.0,1.0,1.0,0.6037,1.0,1.0,1.0,0.74,1.0,1.0,1.0,0.9098
1979,1.0,1.0,1.0,0.5903,1.0,1.0,1.0,0.8244,1.0,1.0,1.0,0.8048
1980,1.0,1.0,1.0,0.4923,1.0,1.0,1.0,0.8532,1.0,1.0,1.0,0.7887
1981,1.0,1.0,1.0,0.4376,1.0,1.0,1.0,0.7459,1.0,1.0,1.0,0.8058
1982,1.0,1.0,1.0,0.3434,1.0,1.0,1.0,0.5732,1.0,1.0,1.0,0.6543
1983,1.0,1.0,1.0,0.3742,1.0,1.0,1.0,0.5025,1.0,1.0,1.0,0.6244
1984,1.0,1.0,1.0,0.4059,1.0,1.0,1.0,0.3616,1.0,1.0,1.0,0.6116
1985,1.0,1.0,1.0,0.27,1.0,1.0,1.0,0.1983,1.0,1.0,1.0,0.4996
1986,1.0,1.0,1.0,0.2315,1.0,1.0,1.0,0.005,1.0,1.0,1.0,0.4128
1987,1.0,1.0,1.0,0.3703,1.0,1.0,1.0,0.0,1.0,1.0,1.0,0.5288
1988,1.0,1.0,1.0,0.4254,1.0,1.0,1.0,0.0,1.0,1.0,1.0,0.24
1989,1.0,1.0,1.0,0.4654,1.0,1.0,1.0,0.0,1.0,1.0,1.0,0.2622
1990,1.0,1.0,1.0,0.4078,1.0,1.0,1.0,0.0,1.0,1.0,1.0,0.3527
1991,1.0,1.0,1.0,0.4336,1.0,1.0,1.0,0.0,1.0,1.0,1.0,0.3521
1992,1.0,1.0,1.0,0.4306,1.0,1.0,1.0,0.0,1.0,1.0,1.0,0.4703
1993,1.0,1.0,1.0,0.3644,1.0,1.0,1.0,0.0,1.0,1.0,1.0,0.4314
1994,1.0,1.0,1.0,0.3277,1.0,1.0,1.0,0.0,1.0,1.0,1.0,0.3552
1995,1.0,1.0,1.0,0.2956,1.0,1.0,1.0,0.0,1.0,1.0,1.0,0.3559
1996,1.0,1.0,1.0,0.2027,1.0,1.0,1.0,0.0,1.0,1.0,1.0,0.3273
1997,1.0,1.0,1.0,0.1421,1.0,1.0,1.0,0.0,1.0,1.0,1.0,0.2869
1998,1.0,1.0,1.0,0.1394,1.0,1.0,1.0,0.0093,1.0,1.0,1.0,0.2773
1999,1.0,1.0,1.0,0.1122,1.0,1.0,1.0,0.1771,1.0,1.0,1.0,0.2283
2000,1.0,1.0,1.0,0.1074,1.0,1.0,1.0,0.3183,1.0,1.0,1.0,0.1845
2001,1.0,1.0,1.0,0.0677,1.0,1.0,1.0,0.4658,1.0,1.0,1.0,0.1364
2002,1.0,1.0,1.0,0.0936,1.0,1.0,1.0,0.585,1.0,1.0,1.0,0.1603
2003,1.0,1.0,1.0,0.1854,1.0,1.0,1.0,0.6894,1.0,1.0,1.0,0.1227
2004,1.0,1.0,1.0,0.2531,1.0,1.0,1.0,0.6807,1.0,1.0,1.0,0.0867
2005,1.0,1.0,1.0,0.3407,1.0,1.0,1.0,0.6651,1.0,1.0,1.0,0.0647
2006,1.0,1.0,1.0,0.3947,1.0,1.0,1.0,0.5507,1.0,1.0,1.0,0.0737
2007,1.0,1.0,1.0,0.4187,1.0,1.0,1.0,0.5297,1.0,1.0,1.0,0.0969
2008,1.0,1.0,1.0,0.427,1.0,1.0,1.0,0.3312,1.0,1.0,1.0,0.1286
2009,1.0,1.0,1.0,0.3516,1.0,1.0,1.0,0.1626,1.0,1.0,1.0,0.1428
2010,1.0,1.0,1.0,0.4114,1.0,1.0,1.0,0.0077,1.0,1.0,1.0,0.1732
2011,1.0,1.0,1.0,0.4668,1.0,1.0,1.0,0.0,1.0,1.0,1.0,0.1756
2012,1.0,1.0,1.0,0.4262,1.0,1.0,1.0,0.0,1.0,1.0,1.0,0.2055
2013,1.0,1.0,1.0,0.4724,1.0,1.0,1.0,0.0,1.0,1.0,1.0,0.237
2014,1.0,1.0,1.0,0.4118,1.0,1.0,1.0,0.0,1.0,1.0,1.0,0.1977
2015,1.0,1.0,1.0,0.3606,1.0,1.0,1.0,0.0,1.0,1.0,1.0,0.1484
2016,1.0,1.0,1.0,0.4257,1.0,1.0,1.0,0.0,1.0,1.0,1.0,0.2241
2017,1.0,1.0,1.0,0.4635,1.0,1.0,1.0,0.0,1.0,1.0,1.0,0.2364
2018,1.0,1.0,1.0,0.4428,1.0,1.0,1.0,0.0,1.0,1.0,1.0,0.3141
2019,1.0,1.0,1.0,0.4131,1.0,1.0,1.0,0.0,1.0,1.0,1.0,0.2397
2020,1.0,1.0,1.0,0.429,1.0,1.0,1.0,0.0,1.0,1.0,1.0,0.2187
2021,1.0,1.0,1.0,0.2837,1.0,1.0,1.0,0.0,1.0,1.0,1.0,0.1508
2022,1.0,1.0,1.0,0.2368,1.0,1.0,1.0,0.015,1.0,1.0,1.0,0.1881
2023,1.0,1.0,1.0,0.1702,1.0,1.0,1.0,0.1939,1.0,1.0,1.0,0.1617
2024,1.0,1.0,1.0,0.1766,1.0,1.0,1.0,0.345,1.0,1.0,1.0,0.1416
2025,1.0,1.0,1.0,0.2462,1.0,1.0,1.0,0.4631,1.0,1.0,1.0,0.2545
2026,1.0,1.0,1.0,0.284,1.0,1.0,1.0,0.5232,1.0,1.0,1.0,0.3055
2027,1.0,1.0,1.0,0.253,1.0,1.0,1.0,0.6459,1.0,1.0,1.0,0.3591
2028,1.0,1.0,1.0,0.2135,1.0,1.0,1.0,0.7412,1.0,1.0,1.0,0.27
2029,1.0,1.0,1.0,0.1772,1.0,1.0,1.0,0.5853,1.0,1.0,1.0,0.1643
2030,1.0,1.0,1.0,0.3109,1.0,1.0,1.0,0.5063,1.0,1.0,1.0,0.2227
2031,1.0,1.0,1.0,0.3198,1.0,1.0,1.0,0.4045,1.0,1.0,1.0,0.1183
2032,1.0,1.0,1.0,0.3388,1.0,1.0,1.0,0.2918,1.0,1.0,1.0,0.1057
2033,1.0,1.0,1.0,0.1988,1.0,1.0,1.0,0.1929,1.0,1.0,1.0,0.0857
2034,1.0,1.0,1.0,0.1453,1.0,1.0,1.0,0.0122,1.0,1.0,1.0,0.0671
2035,1.0,1.0,1.0,0.1492,1.0,1.0,1.0,0.0,1.0,1.0,1.0,0.0619
2036,1.0,1.0,1.0,0.1336,1.0,1.0,1.0,0.0,1.0,1.0,1.0,0.0466
2037,1.0,1.0,1.0,0.1451,1.0,1.0,1.0,0.0,1.0,1.0,1.0,0.0334
2038,1.0,1.0,1.0,0.1564,1.0,1.0,1.0,0.0,1.0,1.0,1.0,0.0397
2039,1.0,1.0,1.0,0.193,1.0,1.0,1.0,0.0,1.0,1.0,1.0,0.0612
2040,1.0,1.0,1.0,0.1133,1.0,1.0,1.0,0.0,1.0,1.0,1.0,0.0364
2041,1.0,1.0,1.0,0.084,1.0,1.0,1.0,0.0,1.0,1.0,1.0,0.0422
2042,1.0,1.0,1.0,0.0863,1.0,1.0,1.0,0.0,1.0,1.0,1.0,0.0546
2043,1.0,1.0,1.0,0.0743,1.0,1.0,1.0,0.0,1.0,1.0,1.0,0.0678
2044,1.0,1.0,1.0,0.0716,1.0,1.0,1.0,0.0,1.0,1.0,1.0,0.0671
2045,1.0,1.0,1.0,0.0791,1.0,1.0,1.0,0.0,1.0,1.0,1.0,0.0588
2046,1.0,1.0,1.0,0.0661,1.0,1.0,1.0,0.0204,1.0,1.0,1.0,0.0804
2047,1.0,1.0,1.0,0.0753,1.0,1.0,1.0,0.2168,1.0,1.0,1.0,0.0946
2048,1.0,1.0,1.0,0.0954,1.0,1.0,1.0,0.4426,1.0,1.0,1.0,0.0539
2049,1.0,1.0,1.0,0.1029,1.0,1.0,1.0,0.6162,1.0,1.0,1.0,0.0537
2050,1.0,1.0,1.0,0.1352,1.0,1.0,1.0,0.7491,1.0,1.0,1.0,0.0586
2051,1.0,1.0,1.0,0.0713,1.0,1.0,1.0,0.7371,1.0,1.0,1.0,0.0436
2052,1.0,1.0,1.0,0.0629,1.0,1.0,1.0,0.8079,1.0,1.0,1.0,0.0434
2053,1.0,1.0,1.0,0.0899,1.0,1.0,1.0,0.7621,1.0,1.0,1.0,0.0552
2054,1.0,1.0,1.0,0.0721,1.0,1.0,1.0,0.5947,1.0,1.0,1.0,0.045
2055,1.0,1.0,1.0,0.0554,1.0,1.0,1.0,0.4973,1.0,1.0,1.0,0.0524
2056,1.0,1.0,1.0,0.0572,1.0,1.0,1.0,0.3053,1.0,1.0,1.0,0.0405
2057,1.0,1.0,1.0,0.0612,1.0,1.0,1.0,0.181,1.0,1.0,1.0,0.0289
2058,1.0,1.0,1.0,0.0551,1.0,1.0,1.0,0.0185,1.0,1.0,1.0,0.0389
2059,1.0,1.0,1.0,0.1073,1.0,1.0,1.0,0.0,1.0,1.0,1.0,0.0623
2060,1.0,1.0,1.0,0.1233,1.0,1.0,1.0,0.0,1.0,1.0,1.0,0.0449
2061,1.0,1.0,1.0,0.0975,1.0,1.0,1.0,0.0,1.0,1.0,1.0,0.0664
2062,1.0,1.0,1.0,0.0648,1.0,1.0,1.0,0.0,1.0,1.0,1.0,0.0704
2063,1.0,1.0,1.0,0.0791,1.0,1.0,1.0,0.0,1.0,1.0,1.0,0.0359
2064,1.0,1.0,1.0,0.0617,1.0,1.0,1.0,0.0,1.0,1.0,1.0,0.0238
2065,1.0,1.0,1.0,0.1309,1.0,1.0,1.0,0.0,1.0,1.0,1.0,0.0322
2066,1.0,1.0,1.0,0.1553,1.0,1.0,1.0,0.0,1.0,1.0,1.0,0.0202
2067,1.0,1.0,1.0,0.1894,1.0,1.0,1.0,0.0,1.0,1.0,1.0,0.02
2068,1.0,1.0,1.0,0.2091,1.0,1.0,1.0,0.0,1.0,1.0,1.0,0.02
2069,1.0,1.0,1.0,0.288,1.0,1.0,1.0,0.0,1.0,1.0,1.0,0.0253
2070,1.0,1.0,1.0,0.1514,1.0,1.0,1.0,0.025,1.0,1.0,1.0,0.0296
2071,1.0,1.0,1.0,0.1091,1.0,1.0,1.0,0.2444,1.0,1.0,1.0,0.0547
2072,1.0,1.0,1.0,0.1568,1.0,1.0,1.0,0.3626,1.0,1.0,1.0,0.0447
2073,1.0,1.0,1.0,0.2472,1.0,1.0,1.0,0.5786,1.0,1.0,1.0,0.0498
2074,1.0,1.0,1.0,0.1795,1.0,1.0,1.0,0.7441,1.0,1.0,1.0,0.0622
2075,1.0,1.0,1.0,0.1074,1.0,1.0,1.0,0.6446,1.0,1.0,1.0,0.0835
2076,1.0,1.0,1.0,0.1189,1.0,1.0,1.0,0.6996,1.0,1.0,1.0,0.1226
2077,1.0,1.0,1.0,0.1443,1.0,1.0,1.0,0.5473,1.0,1.0,1.0,0.1117
2078,1.0,1.0,1.0,0.1568,1.0,1.0,1.0,0.4707,1.0,1.0,1.0,0.1424
2079,1.0,1.0,1.0,0.1598,1.0,1.0,1.0,0.4354,1.0,1.0,1.0,0.1113
2080,1.0,1.0,1.0,0.0941,1.0,1.0,1.0,0.3156,1.0,1.0,1.0,0.1136
2081,1.0,1.0,1.0,0.0882,1.0,1.0,1.0,0.2007,1.0,1.0,1.0,0.1382
2082,1.0,1.0,1.0,0.087,1.0,1.0,1.0,0.0216,1.0,1.0,1.0,0.1906
2083,1.0,1.0,1.0,0.0773,1.0,1.0,1.0,0.0,1.0,1.0,1.0,0.2287
2084,1.0,1.0,1.0,0.0438,1.0,1.0,1.0,0.0,1.0,1.0,1.0,0.2387
2085,1.0,1.0,1.0,0.0576,1.0,1.0,1.0,0.0,1.0,1.0,1.0,0.2378
2086,1.0,1.0,1.0,0.0821,1.0,1.0,1.0,0.0,1.0,1.0,1.0,0.2788
2087,1.0,1.0,1.0,0.0674,1.0,1.0,1.0,0.0,1.0,1.0,1.0,0.4581
2088,1.0,1.0,1.0,0.0672,1.0,1.0,1.0,0.0,1.0,1.0,1.0,0.5286
2089,1.0,1.0,1.0,0.0611,1.0,1.0,1.0,0.0,1.0,1.0,1.0,0.5578
2090,1.0,1.0,1.0,0.0558,1.0,1.0,1.0,0.0,1.0,1.0,1.0,0.4337
2091,1.0,1.0,1.0,0.0706,1.0,1.0,1.0,0.0,1.0,1.0,1.0,0.362
2092,1.0,1.0,1.0,0.0889,1.0,1.0,1.0,0.0,1.0,1.0,1.0,0.3372
2093,1.0,1.0,1.0,0.1314,1.0,1.0,1.0,0.0,1.0,1.0,1.0,0.4135
2094,1.0,1.0,1.0,0.1869,1.0,1.0,1.0,0.0226,1.0,1.0,1.0,0.3364
2095,1.0,1.0,1.0,0.1833,1.0,1.0,1.0,0.167,1.0,1.0,1.0,0.3901
2096,1.0,1.0,1.0,0.3866,1.0,1.0,1.0,0.3018,1.0,1.0,1.0,0.4003
2097,1.0,1.0,1.0,0.5218,1.0,1.0,1.0,0.5062,1.0,1.0,1.0,0.4303
2098,1.0,1.0,1.0,0.4618,1.0,1.0,1.0,0.6076,1.0,1.0,1.0,0.4109
2099,1.0,1.0,1.0,0.4721,1.0,1.0,1.0,0.7125,1.0,1.0,1.0,0.361
2100,1.0,1.0,1.0,0.3078,1.0,1.0,1.0,0.638,1.0,1.0,1.0,0.2876
2101,1.0,1.0,1.0,0.3134,1.0,1.0,1.0,0.7205,1.0,1.0,1.0,0.3366
2102,1.0,1.0,1.0,0.4546,1.0,1.0,1.0,0.6412,1.0,1.0,1.0,0.3323
2103,1.0,1.0,1.0,0.6877,1.0,1.0,1.0,0.4785,1.0,1.0,1.0,0.2561
2104,1.0,1.0,1.0,0.6717,1.0,1.0,1.0,0.3131,1.0,1.0,1.0,0.2751
2105,1.0,1.0,1.0,0.6909,1.0,1.0,1.0,0.2104,1.0,1.0,1.0,0.5612
2106,1.0,1.0,1.0,0.728,1.0,1.0,1.0,0.0247,1.0,1.0,1.0,0.5388
2107,1.0,1.0,1.0,0.8376,1.0,1.0,1.0,0.0,1.0,1.0,1.0,0.672
2108,1.0,1.0,1.0,0.7755,1.0,1.0,1.0,0.0,1.0,1.0,1.0,0.4447
2109,1.0,1.0,1.0,0.8933,1.0,1.0,1.0,0.0,1.0,1.0,1.0,0.4201
2110,1.0,1.0,1.0,0.8746,1.0,1.0,1.0,0.0,1.0,1.0,1.0,0.5022
2111,1.0,1.0,1.0,0.8126,1.0,1.0,1.0,0.0,1.0,1.0,1.0,0.5003
2112,1.0,1.0,1.0,0.7852,1.0,1.0,1.0,0.0,1.0,1.0,1.0,0.4389
2113,1.0,1.0,1.0,0.7244,1.0,1.0,1.0,0.0,1.0,1.0,1.0,0.4352
2114,1.0,1.0,1.0,0.7458,1.0,1.0,1.0,0.0,1.0,1.0,1.0,0.5198
2115,1.0,1.0,1.0,0.6125,1.0,1.0,1.0,0.0,1.0,1.0,1.0,0.693
2116,1.0,1.0,1.0,0.6192,1.0,1.0,1.0,0.0,1.0,1.0,1.0,0.7595
2117,1.0,1.0,1.0,0.6674,1.0,1.0,1.0,0.0,1.0,1.0,1.0,0.7162
2118,1.0,1.0,1.0,0.7661,1.0,1.0,1.0,0.0354,1.0,1.0,1.0,0.6907
2119,1.0,1.0,1.0,0.7993,1.0,1.0,1.0,0.2178,1.0,1.0,1.0,0.6654
2120,1.0,1.0,1.0,0.8618,1.0,1.0,1.0,0.3297,1.0,1.0,1.0,0.5868
2121,1.0,1.0,1.0,0.8257,1.0,1.0,1.0,0.4774,1.0,1.0,1.0,0.5678
2122,1.0,1.0,1.0,0.8374,1.0,1.0,1.0,0.6546,1.0,1.0,1.0,0.5389
2123,1.0,1.0,1.0,0.6904,1.0,1.0,1.0,0.6472,1.0,1.0,1.0,0.43
2124,1.0,1.0,1.0,0.6749,1.0,1.0,1.0,0.6148,1.0,1.0,1.0,0.5018
2125,1.0,1.0,1.0,0.6976,1.0,1.0,1.0,0.6329,1.0,1.0,1.0,0.5353
2126,1.0,1.0,1.0,0.7252,1.0,1.0,1.0,0.5781,1.0,1.0,1.0,0.475
2127,1.0,1.0,1.0,0.5945,1.0,1.0,1.0,0.454,1.0,1.0,1.0,0.4855
2128,1.0,1.0,1.0,0.5565,1.0,1.0,1.0,0.2886,1.0,1.0,1.0,0.3996
2129,1.0,1.0,1.0,0.5311,1.0,1.0,1.0,0.1726,1.0,1.0,1.0,0.3541
2130,1.0,1.0,1.0,0.4908,1.0,1.0,1.0,0.0269,1.0,1.0,1.0,0.4122
2131,1.0,1.0,1.0,0.5524,1.0,1.0,1.0,0.0,1.0,1.0,1.0,0.452
2132,1.0,1.0,1.0,0.5301,1.0,1.0,1.0,0.0,1.0,1.0,1.0,0.4063
2133,1.0,1.0,1.0,0.5359,1.0,1.0,1.0,0.0,1.0,1.0,1.0,0.4325
2134,1.0,1.0,1.0,0.4901,1.0,1.0,1.0,0.0,1.0,1.0,1.0,0.425
2135,1.0,1.0,1.0,0.581,1.0,1.0,1.0,0.0,1.0,1.0,1.0,0.3418
2136,1.0,1.0,1.0,0.6678,1.0,1.0,1.0,0.0,1.0,1.0,1.0,0.3281
2137,1.0,1.0,1.0,0.6368,1.0,1.0,1.0,0.0,1.0,1.0,1.0,0.3642
2138,1.0,1.0,1.0,0.8227,1.0,1.0,1.0,0.0,1.0,1.0,1.0,0.3902
2139,1.0,1.0,1.0,0.7707,1.0,1.0,1.0,0.0,1.0,1.0,1.0,0.2614
2140,1.0,1.0,1.0,0.8206,1.0,1.0,1.0,0.0,1.0,1.0,1.0,0.2764
2141,1.0,1.0,1.0,0.7566,1.0,1.0,1.0,0.0,1.0,1.0,1.0,0.2813
2142,1.0,1.0,1.0,0.7962,1.0,1.0,1.0,0.0219,1.0,1.0,1.0,0.1698
2143,1.0,1.0,1.0,0.8259,1.0,1.0,1.0,0.1582,1.0,1.0,1.0,0.1376
2144,1.0,1.0,1.0,0.7592,1.0,1.0,1.0,0.3876,1.0,1.0,1.0,0.165
2145,1.0,1.0,1.0,0.7427,1.0,1.0,1.0,0.5394,1.0,1.0,1.0,0.2495
2146,1.0,1.0,1.0,0.8421,1.0,1.0,1.0,0.5781,1.0,1.0,1.0,0.1603
2147,1.0,1.0,1.0,0.791,1.0,1.0,1.0,0.6372,1.0,1.0,1.0,0.2181
2148,1.0,1.0,1.0,0.8059,1.0,1.0,1.0,0.6673,1.0,1.0,1.0,0.129
2149,1.0,1.0,1.0,0.8161,1.0,1.0,1.0,0.704,1.0,1.0,1.0,0.2016
2150,1.0,1.0,1.0,0.8058,1.0,1.0,1.0,0.7123,1.0,1.0,1.0,0.1928
2151,1.0,1.0,1.0,0.6827,1.0,1.0,1.0,0.6303,1.0,1.0,1.0,0.1608
2152,1.0,1.0,1.0,0.736,1.0,1.0,1.0,0.4589,1.0,1.0,1.0,0.1837
2153,1.0,1.0,1.0,0.7292,1.0,1.0,1.0,0.2581,1.0,1.0,1.0,0.1422
2154,1.0,1.0,1.0,0.7924,1.0,1.0,1.0,0.0407,1.0,1.0,1.0,0.1714
2155,1.0,1.0,1.0,0.7978,1.0,1.0,1.0,0.0,1.0,1.0,1.0,0.1701
2156,1.0,1.0,1.0,0.7935,1.0,1.0,1.0,0.0,1.0,1.0,1.0,0.0529
2157,1.0,1.0,1.0,0.8066,1.0,1.0,1.0,0.0,1.0,1.0,1.0,0.0433
2158,1.0,1.0,1.0,0.7372,1.0,1.0,1.0,0.0,1.0,1.0,1.0,0.0498
2159,1.0,1.0,1.0,0.8232,1.0,1.0,1.0,0.0,1.0,1.0,1.0,0.0759
2160,1.0,0.0,1.0,0.793,1.0,1.0,1.0,0.0,1.0,1.0,1.0,0.0886
2161,1.0,0.0,1.0,0.7627,1.0,1.0,1.0,0.0,1.0,1.0,1.0,0.1293
2162,1.0,0.0,1.0,0.8287,1.0,1.0,1.0,0.0,1.0,1.0,1.0,0.1019
2163,1.0,0.0,1.0,0.8331,1.0,1.0,1.0,0.0,1.0,1.0,1.0,0.1336
2164,1.0,0.0,1.0,0.8128,1.0,1.0,1.0,0.0,1.0,1.0,1.0,0.1727
2165,1.0,0.0,1.0,0.8265,1.0,1.0,1.0,0.0,1.0,1.0,1.0,0.1087
2166,1.0,0.0,1.0,0.8487,1.0,1.0,1.0,0.0367,1.0,1.0,1.0,0.1585
2167,1.0,0.0,1.0,0.8353,1.0,1.0,1.0,0.2132,1.0,1.0,1.0,0.1797
2168,1.0,0.0,1.0,0.8687,1.0,1.0,1.0,0.3443,1.0,1.0,1.0,0.1702
2169,1.0,0.0,1.0,0.7989,1.0,1.0,1.0,0.4161,1.0,1.0,1.0,0.1604
2170,1.0,0.0,1.0,0.8056,1.0,1.0,1.0,0.5695,1.0,1.0,1.0,0.1211
2171,1.0,0.0,1.0,0.839,1.0,1.0,1.0,0.6658,1.0,1.0,1.0,0.1525
2172,1.0,0.0,1.0,0.8594,1.0,1.0,1.0,0.7979,1.0,1.0,1.0,0.172
2173,1.0,0.0,1.0,0.7239,1.0,1.0,1.0,0.7404,1.0,1.0,1.0,0.2085
2174,1.0,0.0,1.0,0.7073,1.0,1.0,1.0,0.6081,1.0,1.0,1.0,0.2176
2175,1.0,0.0,1.0,0.6041,1.0,1.0,1.0,0.5401,1.0,1.0,1.0,0.2346
2176,1.0,0.0,1.0,0.7009,1.0,1.0,1.0,0.3636,1.0,1.0,1.0,0.2202
2177,1.0,0.0,1.0,0.664,1.0,1.0,1.0,0.2014,1.0,1.0,1.0,0.2967
2178,1.0,0.0,1.0,0.7434,1.0,1.0,1.0,0.0372,1.0,1.0,1.0,0.3456
2179,1.0,0.0,1.0,0.6451,1.0,1.0,1.0,0.0,1.0,1.0,1.0,0.3608
2180,1.0,0.0,1.0,0.67,1.0,1.0,1.0,0.0,1.0,1.0,1.0,0.3508
2181,1.0,0.0,1.0,0.664,1.0,1.0,1.0,0.0,1.0,1.0,1.0,0.2263
2182,1.0,0.0,1.0,0.8348,1.0,1.0,1.0,0.0,1.0,1.0,1.0,0.1301
2183,1.0,0.0,1.0,0.8782,1.0,1.0,1.0,0.0,1.0,1.0,1.0,0.1207
2184,1.0,0.0,1.0,0.9079,1.0,1.0,1.0,0.0,1.0,1.0,1.0,0.1816
2185,1.0,0.0,1.0,0.9489,1.0,1.0,1.0,0.0,1.0,1.0,1.0,0.1518
2186,1.0,0.0,1.0,0.949,1.0,1.0,1.0,0.0,1.0,1.0,1.0,0.1283
2187,1.0,0.0,1.0,0.9423,1.0,1.0,1.0,0.0,1.0,1.0,1.0,0.0987
2188,1.0,0.0,1.0,0.9325,1.0,1.0,1.0,0.0,1.0,1.0,1.0,0.0684
2189,1.0,0.0,1.0,0.9342,1.0,1.0,1.0,0.0,1.0,1.0,1.0,0.0538
2190,1.0,0.0,1.0,0.8314,1.0,1.0,1.0,0.0376,1.0,1.0,1.0,0.0632
2191,1.0,0.0,1.0,0.8235,1.0,1.0,1.0,0.2093,1.0,1.0,1.0,0.0572
2192,1.0,0.0,1.0,0.827,1.0,1.0,1.0,0.3384,1.0,1.0,1.0,0.0512
2193,1.0,0.0,1.0,0.8107,1.0,1.0,1.0,0.4859,1.0,1.0,1.0,0.0446
2194,1.0,0.0,1.0,0.704,1.0,1.0,1.0,0.6818,1.0,1.0,1.0,0.052
2195,1.0,0.0,1.0,0.6856,1.0,1.0,1.0,0.7206,1.0,1.0,1.0,0.0633
2196,1.0,0.0,1.0,0.5525,1.0,1.0,1.0,0.6521,1.0,1.0,1.0,0.0362
2197,1.0,0.0,1.0,0.6936,1.0,1.0,1.0,0.6124,1.0,1.0,1.0,0.0304
2198,1.0,0.0,1.0,0.6668,1.0,1.0,1.0,0.4761,1.0,1.0,1.0,0.0322
2199,1.0,0.0,1.0,0.4856,1.0,1.0,1.0,0.4781,1.0,1.0,1.0,0.0406
2200,1.0,0.0,1.0,0.4659,1.0,1.0,1.0,0.3582,1.0,1.0,1.0,0.0458
2201,1.0,0.0,1.0,0.543,1.0,1.0,1.0,0.1916,1.0,1.0,1.0,0.0647
2202,1.0,0.0,1.0,0.5548,1.0,1.0,1.0,0.0346,1.0,1.0,1.0,0.0432
2203,1.0,0.0,1.0,0.4713,1.0,1.0,1.0,0.0,1.0,1.0,1.0,0.0535
2204,1.0,0.0,1.0,0.4116,1.0,1.0,1.0,0.0,1.0,1.0,1.0,0.1107
2205,1.0,0.0,1.0,0.3881,1.0,1.0,1.0,0.0,1.0,1.0,1.0,0.1173
2206,1.0,0.0,1.0,0.3534,1.0,1.0,1.0,0.0,1.0,1.0,1.0,0.1256
2207,1.0,0.0,1.0,0.262,1.0,1.0,1.0,0.0,1.0,1.0,1.0,0.1527
2208,1.0,0.0,1.0,0.2599,1.0,1.0,1.0,0.0,1.0,1.0,1.0,0.1328
2209,1.0,0.0,1.0,0.1838,1.0,1.0,1.0,0.0,1.0,1.0,1.0,0.1029
2210,1.0,0.0,1.0,0.2455,1.0,1.0,1.0,0.0,1.0,1.0,1.0,0.1096
2211,1.0,0.0,1.0,0.3268,1.0,1.0,1.0,0.0,1.0,1.0,1.0,0.0676
2212,1.0,0.0,1.0,0.2571,1.0,1.0,1.0,0.0,1.0,1.0,1.0,0.0815
2213,1.0,0.0,1.0,0.216,1.0,1.0,1.0,0.0,1.0,1.0,1.0,0.1029
2214,1.0,0.0,1.0,0.1967,1.0,1.0,1.0,0.0464,1.0,1.0,1.0,0.0644
2215,1.0,0.0,1.0,0.2002,1.0,1.0,1.0,0.2288,1.0,1.0,1.0,0.0723
2216,1.0,0.0,1.0,0.2206,1.0,1.0,1.0,0.3931,1.0,1.0,1.0,0.0714
2217,1.0,0.0,1.0,0.2552,1.0,1.0,1.0,0.6159,1.0,1.0,1.0,0.1207
2218,1.0,0.0,1.0,0.2903,1.0,1.0,1.0,0.721,1.0,1.0,1.0,0.1852
2219,1.0,0.0,1.0,0.4177,1.0,1.0,1.0,0.8485,1.0,1.0,1.0,0.2393
2220,1.0,0.0,1.0,0.4232,1.0,1.0,1.0,0.8789,1.0,1.0,1.0,0.3291
2221,1.0,0.0,1.0,0.3175,1.0,1.0,1.0,0.8513,1.0,1.0,1.0,0.3031
2222,1.0,0.0,1.0,0.2118,1.0,1.0,1.0,0.7551,1.0,1.0,1.0,0.325
2223,1.0,0.0,1.0,0.3293,1.0,1.0,1.0,0.6407,1.0,1.0,1.0,0.3076
2224,1.0,0.0,1.0,0.3728,1.0,1.0,1.0,0.4709,1.0,1.0,1.0,0.2405
2225,1.0,0.0,1.0,0.3914,1.0,1.0,1.0,0.2499,1.0,1.0,1.0,0.2496
2226,1.0,0.0,1.0,0.4305,1.0,1.0,1.0,0.0495,1.0,1.0,1.0,0.2477
2227,1.0,0.0,1.0,0.4442,1.0,1.0,1.0,0.0,1.0,1.0,1.0,0.2383
2228,1.0,0.0,1.0,0.4814,1.0,1.0,1.0,0.0,1.0,1.0,1.0,0.2383
2229,1.0,0.0,1.0,0.4473,1.0,1.0,1.0,0.0,1.0,1.0,1.0,0.246
2230,1.0,0.0,1.0,0.5388,1.0,1.0,1.0,0.0,1.0,1.0,1.0,0.3122
2231,1.0,0.0,1.0,0.4895,1.0,1.0,1.0,0.0,1.0,1.0,1.0,0.272
2232,1.0,0.0,1.0,0.4072,1.0,1.0,1.0,0.0,1.0,1.0,1.0,0.1936
2233,1.0,0.0,1.0,0.2759,1.0,1.0,1.0,0.0,1.0,1.0,1.0,0.2385
2234,1.0,0.0,1.0,0.2634,1.0,1.0,1.0,0.0,1.0,1.0,1.0,0.3014
2235,1.0,0.0,1.0,0.3628,1.0,1.0,1.0,0.0,1.0,1.0,1.0,0.3308
2236,1.0,0.0,1.0,0.3284,1.0,1.0,1.0,0.0,1.0,1.0,1.0,0.2504
2237,1.0,0.0,1.0,0.2341,1.0,1.0,1.0,0.0,1.0,1.0,1.0,0.2453
2238,1.0,0.0,1.0,0.2574,1.0,1.0,1.0,0.06,1.0,1.0,1.0,0.268
2239,1.0,0.0,1.0,0.2202,1.0,1.0,1.0,0.2761,1.0,1.0,1.0,0.2038
2240,1.0,0.0,1.0,0.3332,1.0,1.0,1.0,0.4466,1.0,1.0,1.0,0.1674
2241,1.0,0.0,1.0,0.4241,1.0,1.0,1.0,0.6441,1.0,1.0,1.0,0.165
2242,1.0,0.0,1.0,0.3206,1.0,1.0,1.0,0.7467,1.0,1.0,1.0,0.2363
2243,1.0,0.0,1.0,0.3104,1.0,1.0,1.0,0.8539,1.0,1.0,1.0,0.2548
2244,1.0,0.0,1.0,0.2596,1.0,1.0,1.0,0.8814,1.0,1.0,1.0,0.2217
2245,1.0,0.0,1.0,0.1928,1.0,1.0,1.0,0.8539,1.0,1.0,1.0,0.2136
2246,1.0,0.0,1.0,0.1951,1.0,1.0,1.0,0.7731,1.0,1.0,1.0,0.1807
2247,1.0,0.0,1.0,0.2502,1.0,1.0,1.0,0.6391,1.0,1.0,1.0,0.1646
2248,1.0,0.0,1.0,0.2493,1.0,1.0,1.0,0.4749,1.0,1.0,1.0,0.2079
2249,1.0,0.0,1.0,0.2211,1.0,1.0,1.0,0.2568,1.0,1.0,1.0,0.1209
2250,1.0,0.0,1.0,0.1189,1.0,1.0,1.0,0.0548,1.0,1.0,1.0,0.1857
2251,1.0,0.0,1.0,0.1011,1.0,1.0,1.0,0.0,1.0,1.0,1.0,0.3358
2252,1.0,0.0,1.0,0.1262,1.0,1.0,1.0,0.0,1.0,1.0,1.0,0.35
2253,1.0,0.0,1.0,0.0866,1.0,1.0,1.0,0.0,1.0,1.0,1.0,0.2879
2254,1.0,0.0,1.0,0.1364,1.0,1.0,1.0,0.0,1.0,1.0,1.0,0.3809
2255,1.0,0.0,1.0,0.1188,1.0,1.0,1.0,0.0,1.0,1.0,1.0,0.4041
2256,1.0,0.0,1.0,0.1307,1.0,1.0,1.0,0.0,1.0,1.0,1.0,0.3578
2257,1.0,0.0,1.0,0.1206,1.0,1.0,1.0,0.0,1.0,1.0,1.0,0.2845
2258,1.0,0.0,1.0,0.0872,1.0,1.0,1.0,0.0,1.0,1.0,1.0,0.259
2259,1.0,0.0,1.0,0.1059,1.0,1.0,1.0,0.0,1.0,1.0,1.0,0.2755
2260,1.0,0.0,1.0,0.0921,1.0,1.0,1.0,0.0,1.0,1.0,1.0,0.3455
2261,1.0,0.0,1.0,0.0744,1.0,1.0,1.0,0.0,1.0,1.0,1.0,0.3693
2262,1.0,0.0,1.0,0.0361,1.0,1.0,1.0,0.0489,1.0,1.0,1.0,0.4074
2263,1.0,0.0,1.0,0.0606,1.0,1.0,1.0,0.2216,1.0,1.0,1.0,0.3787
2264,1.0,0.0,1.0,0.065,1.0,1.0,1.0,0.404,1.0,1.0,1.0,0.4513
2265,1.0,0.0,1.0,0.099,1.0,1.0,1.0,0.5396,1.0,1.0,1.0,0.4313
2266,1.0,0.0,1.0,0.1263,1.0,1.0,1.0,0.6145,1.0,1.0,1.0,0.5891
2267,1.0,0.0,1.0,0.1827,1.0,1.0,1.0,0.6727,1.0,1.0,1.0,0.5266
2268,1.0,0.0,1.0,0.1597,1.0,1.0,1.0,0.7524,1.0,1.0,1.0,0.5565
2269,1.0,0.0,1.0,0.1091,1.0,1.0,1.0,0.646,1.0,1.0,1.0,0.7255
2270,1.0,0.0,1.0,0.1444,1.0,1.0,1.0,0.6363,1.0,1.0,1.0,0.7846
2271,1.0,0.0,1.0,0.1558,1.0,1.0,1.0,0.5493,1.0,1.0,1.0,0.8176
2272,1.0,0.0,0.6,0.1404,1.0,1.0,1.0,0.3963,1.0,1.0,1.0,0.8241
2273,1.0,0.0,0.6,0.1814,1.0,1.0,1.0,0.2279,1.0,1.0,1.0,0.8179
2274,1.0,0.0,0.6,0.2037,1.0,1.0,1.0,0.0532,1.0,1.0,1.0,0.7992
2275,1.0,0.0,0.6,0.2482,1.0,1.0,1.0,0.0,1.0,1.0,1.0,0.7556
2276,1.0,0.0,0.6,0.1912,1.0,1.0,1.0,0.0,1.0,1.0,1.0,0.6324
2277,1.0,0.0,0.6,0.2561,1.0,1.0,1.0,0.0,1.0,1.0,1.0,0.6761
2278,1.0,0.0,0.6,0.2601,1.0,1.0,1.0,0.0,1.0,1.0,1.0,0.5402
2279,1.0,0.0,0.6,0.3444,1.0,1.0,1.0,0.0,1.0,1.0,1.0,0.5913
2280,1.0,0.0,0.6,0.4244,1.0,1.0,1.0,0.0,1.0,1.0,1.0,0.5562
2281,1.0,0.0,0.6,0.4837,1.0,1.0,1.0,0.0,1.0,1.0,1.0,0.4674
2282,1.0,0.0,0.6,0.4721,1.0,1.0,1.0,0.0,1.0,1.0,1.0,0.5867
2283,1.0,0.0,0.6,0.5325,1.0,1.0,1.0,0.0,1.0,1.0,1.0,0.4546
2284,1.0,0.0,0.6,0.6237,1.0,1.0,1.0,0.0,1.0,1.0,1.0,0.3954
2285,1.0,0.0,0.6,0.6666,1.0,1.0,1.0,0.0,1.0,1.0,1.0,0.3481
2286,1.0,0.0,0.6,0.6755,1.0,1.0,1.0,0.0465,1.0,1.0,1.0,0.361
2287,1.0,0.0,0.6,0.7212,1.0,1.0,1.0,0.1741,1.0,1.0,1.0,0.3136
2288,1.0,0.0,0.6,0.6744,1.0,1.0,1.0,0.2069,1.0,1.0,1.0,0.4346
2289,1.0,0.0,0.6,0.7732,1.0,1.0,1.0,0.2976,1.0,1.0,1.0,0.3208
2290,1.0,0.0,0.6,0.6437,1.0,1.0,1.0,0.4369,1.0,1.0,1.0,0.6654
2291,1.0,0.0,0.6,0.6402,1.0,1.0,1.0,0.4893,1.0,1.0,1.0,0.5698
2292,1.0,0.0,0.6,0.6004,1.0,1.0,1.0,0.4398,1.0,1.0,1.0,0.7845
2293,1.0,0.0,0.6,0.5401,1.0,1.0,1.0,0.3986,1.0,1.0,1.0,0.835
2294,1.0,0.0,0.6,0.5629,1.0,1.0,1.0,0.371,1.0,1.0,1.0,0.8204
2295,1.0,0.0,0.6,0.4605,1.0,1.0,1.0,0.3744,1.0,1.0,1.0,0.8232
2296,1.0,0.0,0.6,0.6434,1.0,1.0,1.0,0.2839,1.0,1.0,1.0,0.7932
2297,1.0,0.0,0.6,0.5223,1.0,1.0,1.0,0.1895,1.0,1.0,1.0,0.8038
2298,1.0,0.0,0.6,0.4364,1.0,1.0,1.0,0.0471,1.0,1.0,1.0,0.7494
2299,1.0,0.0,0.6,0.3489,1.0,1.0,1.0,0.0,1.0,1.0,1.0,0.7851
2300,1.0,0.0,0.6,0.3669,1.0,1.0,1.0,0.0,1.0,1.0,1.0,0.7868
2301,1.0,0.0,0.6,0.4542,1.0,1.0,1.0,0.0,1.0,1.0,1.0,0.712
2302,1.0,0.0,0.6,0.499,1.0,1.0,1.0,0.0,1.0,1.0,1.0,0.7335
2303,1.0,0.0,0.6,0.6229,1.0,1.0,1.0,0.0,1.0,1.0,1.0,0.7493
2304,1.0,0.0,0.6,0.5443,1.0,1.0,1.0,0.0,1.0,1.0,1.0,0.6871
2305,1.0,0.0,0.6,0.597,1.0,1.0,1.0,0.0,1.0,1.0,1.0,0.6452
2306,1.0,0.0,0.6,0.5658,1.0,1.0,1.0,0.0,1.0,1.0,1.0,0.6779
2307,1.0,0.0,0.6,0.5809,1.0,1.0,1.0,0.0,1.0,1.0,1.0,0.7481
2308,1.0,0.0,0.6,0.667,1.0,1.0,1.0,0.0,1.0,1.0,1.0,0.7292
2309,1.0,0.0,0.6,0.5179,1.0,1.0,1.0,0.0,1.0,1.0,1.0,0.781
2310,1.0,0.0,0.6,0.6806,1.0,1.0,1.0,0.0449,1.0,1.0,1.0,0.8357
2311,1.0,0.0,0.6,0.6621,1.0,1.0,1.0,0.1329,1.0,1.0,1.0,0.8827
2312,1.0,0.0,0.6,0.5201,1.0,1.0,1.0,0.3187,1.0,1.0,1.0,0.8898
2313,1.0,0.0,0.6,0.4565,1.0,1.0,1.0,0.4305,1.0,1.0,1.0,0.8449
2314,1.0,0.0,0.6,0.4642,1.0,1.0,1.0,0.5421,1.0,1.0,1.0,0.8745
2315,1.0,0.0,0.6,0.4033,1.0,1.0,1.0,0.5679,1.0,1.0,1.0,0.8582
2316,1.0,0.0,0.6,0.2485,1.0,1.0,1.0,0.5818,1.0,1.0,1.0,0.8709
2317,1.0,0.0,0.6,0.2593,1.0,1.0,1.0,0.592,1.0,1.0,1.0,0.8343
2318,1.0,0.0,0.6,0.2174,1.0,1.0,1.0,0.4847,1.0,1.0,1.0,0.7929
2319,1.0,0.0,1.0,0.2641,1.0,1.0,1.0,0.5093,1.0,1.0,1.0,0.7391
2320,1.0,0.0,1.0,0.2014,1.0,1.0,1.0,0.4149,1.0,1.0,1.0,0.6297
2321,1.0,0.0,1.0,0.3647,1.0,1.0,1.0,0.2585,1.0,1.0,1.0,0.5731
2322,1.0,0.0,1.0,0.4089,1.0,1.0,1.0,0.0652,1.0,1.0,1.0,0.4773
2323,1.0,0.0,1.0,0.4259,1.0,1.0,1.0,0.0,1.0,1.0,1.0,0.5237
2324,1.0,0.0,1.0,0.4796,1.0,1.0,1.0,0.0,1.0,1.0,1.0,0.4265
2325,1.0,0.0,1.0,0.3259,1.0,1.0,1.0,0.0,1.0,1.0,1.0,0.3689
2326,1.0,0.0,1.0,0.2913,1.0,1.0,1.0,0.0,1.0,1.0,1.0,0.3694
2327,1.0,0.0,1.0,0.4383,1.0,1.0,1.0,0.0,1.0,1.0,1.0,0.5251
2328,1.0,0.0,1.0,0.4079,1.0,1.0,1.0,0.0,1.0,1.0,1.0,0.4576
2329,1.0,0.0,1.0,0.4028,1.0,1.0,1.0,0.0,1.0,1.0,1.0,0.3398
2330,1.0,0.0,1.0,0.3646,1.0,1.0,1.0,0.0,1.0,1.0,1.0,0.2462
2331,1.0,0.0,1.0,0.4908,1.0,1.0,1.0,0.0,1.0,1.0,1.0,0.1975
2332,1.0,0.0,1.0,0.4672,1.0,1.0,1.0,0.0,1.0,1.0,1.0,0.1672
2333,1.0,0.0,1.0,0.3598,1.0,1.0,1.0,0.0,1.0,1.0,1.0,0.3173
2334,1.0,0.0,1.0,0.5826,1.0,1.0,1.0,0.0696,1.0,1.0,1.0,0.3964
2335,1.0,0.0,1.0,0.4581,1.0,1.0,1.0,0.2311,1.0,1.0,1.0,0.3697
2336,1.0,0.0,1.0,0.4483,1.0,1.0,1.0,0.4307,1.0,1.0,1.0,0.5288
2337,1.0,0.0,1.0,0.3761,1.0,1.0,1.0,0.5726,1.0,1.0,1.0,0.4705
2338,1.0,0.0,1.0,0.3215,1.0,1.0,1.0,0.7197,1.0,1.0,1.0,0.4319
2339,1.0,0.0,1.0,0.2487,1.0,1.0,1.0,0.8644,1.0,1.0,1.0,0.3903
2340,1.0,0.0,1.0,0.2189,1.0,1.0,1.0,0.8413,1.0,1.0,1.0,0.4778
2341,1.0,0.0,1.0,0.2891,1.0,1.0,1.0,0.7504,1.0,1.0,1.0,0.4685
2342,1.0,0.0,1.0,0.1753,1.0,1.0,1.0,0.7848,1.0,1.0,1.0,0.5962
2343,1.0,0.0,1.0,0.2552,1.0,1.0,1.0,0.6576,1.0,1.0,1.0,0.6258
2344,1.0,0.0,1.0,0.3388,1.0,1.0,1.0,0.4905,1.0,1.0,1.0,0.6903
2345,1.0,0.0,1.0,0.3821,1.0,1.0,1.0,0.2936,1.0,1.0,1.0,0.5315
2346,1.0,0.0,1.0,0.3936,1.0,1.0,1.0,0.0789,1.0,1.0,1.0,0.3804
2347,1.0,0.0,1.0,0.4176,1.0,1.0,1.0,0.0,1.0,1.0,1.0,0.255
2348,1.0,0.0,1.0,0.5412,1.0,1.0,1.0,0.0,1.0,1.0,1.0,0.2306
2349,1.0,0.0,1.0,0.3867,1.0,1.0,1.0,0.0,1.0,1.0,1.0,0.1515
2350,1.0,0.0,1.0,0.4494,1.0,1.0,1.0,0.0,1.0,1.0,1.0,0.2222
2351,1.0,0.0,1.0,0.385,1.0,1.0,1.0,0.0,1.0,1.0,1.0,0.2141
2352,1.0,0.0,1.0,0.4537,1.0,1.0,1.0,0.0,1.0,1.0,1.0,0.2551
2353,1.0,0.0,1.0,0.4,1.0,1.0,1.0,0.0,1.0,1.0,1.0,0.2266
2354,1.0,0.0,1.0,0.4609,1.0,1.0,1.0,0.0,1.0,1.0,1.0,0.2854
2355,1.0,0.0,1.0,0.3308,1.0,1.0,1.0,0.0,1.0,1.0,1.0,0.1688
2356,1.0,0.0,1.0,0.2165,1.0,1.0,1.0,0.0,1.0,1.0,1.0,0.1709
2357,1.0,0.0,1.0,0.2145,1.0,1.0,1.0,0.0,1.0,1.0,1.0,0.2022
2358,1.0,0.0,1.0,0.3171,1.0,1.0,1.0,0.0705,1.0,1.0,1.0,0.2419
2359,1.0,0.0,1.0,0.3619,1.0,1.0,1.0,0.298,1.0,1.0,1.0,0.2253
2360,1.0,0.0,1.0,0.4072,1.0,1.0,1.0,0.4944,1.0,1.0,1.0,0.1403
2361,1.0,0.0,1.0,0.4815,1.0,1.0,1.0,0.661,1.0,1.0,1.0,0.1946
2362,1.0,0.0,1.0,0.4449,1.0,1.0,1.0,0.7877,1.0,1.0,1.0,0.1779
2363,1.0,0.0,1.0,0.4971,1.0,1.0,1.0,0.8669,1.0,1.0,1.0,0.1669
2364,1.0,0.0,1.0,0.4441,1.0,1.0,1.0,0.8939,1.0,1.0,1.0,0.3104
2365,1.0,0.0,1.0,0.4162,1.0,1.0,1.0,0.8669,1.0,1.0,1.0,0.3194
2366,1.0,0.0,1.0,0.4,1.0,1.0,1.0,0.7877,1.0,1.0,1.0,0.2827
2367,1.0,0.0,1.0,0.3556,1.0,1.0,1.0,0.661,1.0,1.0,1.0,0.2457
2368,1.0,0.0,1.0,0.3519,1.0,1.0,1.0,0.4944,1.0,1.0,1.0,0.2936
2369,1.0,0.0,1.0,0.3336,1.0,1.0,1.0,0.2936,1.0,1.0,1.0,0.2396
2370,1.0,0.0,1.0,0.283,1.0,1.0,1.0,0.0712,1.0,1.0,1.0,0.2775
2371,1.0,0.0,1.0,0.2766,1.0,1.0,1.0,0.0,1.0,1.0,1.0,0.3639
2372,1.0,0.0,1.0,0.2913,1.0,1.0,1.0,0.0,1.0,1.0,1.0,0.357
2373,1.0,0.0,1.0,0.2214,1.0,1.0,1.0,0.0,1.0,1.0,1.0,0.4401
2374,1.0,0.0,1.0,0.2526,1.0,1.0,1.0,0.0,1.0,1.0,1.0,0.432
2375,1.0,0.0,1.0,0.2252,1.0,1.0,1.0,0.0,1.0,1.0,1.0,0.3724
2376,1.0,0.0,1.0,0.2405,1.0,1.0,1.0,0.0,1.0,1.0,1.0,0.247
2377,1.0,0.0,1.0,0.2044,1.0,1.0,1.0,0.0,1.0,1.0,1.0,0.2687
2378,1.0,0.0,1.0,0.2766,1.0,1.0,1.0,0.0,1.0,1.0,1.0,0.2924
2379,1.0,0.0,1.0,0.3523,1.0,1.0,1.0,0.0,1.0,1.0,1.0,0.3706
2380,1.0,0.0,1.0,0.2751,1.0,1.0,1.0,0.0,1.0,1.0,1.0,0.4452
2381,1.0,0.0,1.0,0.3171,1.0,1.0,1.0,0.0,1.0,1.0,1.0,0.621
2382,1.0,0.0,1.0,0.4382,1.0,1.0,1.0,0.066,1.0,1.0,1.0,0.5645
2383,1.0,0.0,1.0,0.358,1.0,1.0,1.0,0.2237,1.0,1.0,1.0,0.5891
2384,1.0,0.0,1.0,0.2929,1.0,1.0,1.0,0.3798,1.0,1.0,1.0,0.5231
2385,1.0,0.0,1.0,0.3524,1.0,1.0,1.0,0.4856,1.0,1.0,1.0,0.5985
2386,1.0,0.0,1.0,0.2575,1.0,1.0,1.0,0.6793,1.0,1.0,1.0,0.5117
2387,1.0,0.0,1.0,0.2125,1.0,1.0,1.0,0.8269,1.0,1.0,1.0,0.5864
2388,1.0,0.0,1.0,0.1629,1.0,1.0,1.0,0.827,1.0,1.0,1.0,0.5161
2389,1.0,0.0,1.0,0.208,1.0,1.0,1.0,0.7288,1.0,1.0,1.0,0.578
2390,1.0,0.0,1.0,0.1751,1.0,1.0,1.0,0.6617,1.0,1.0,1.0,0.6707
2391,1.0,0.0,1.0,0.166,1.0,1.0,1.0,0.5497,1.0,1.0,1.0,0.5325
2392,1.0,0.0,1.0,0.1372,1.0,1.0,1.0,0.4109,1.0,1.0,1.0,0.4106
2393,1.0,0.0,1.0,0.199,1.0,1.0,1.0,0.2404,1.0,1.0,1.0,0.4293
2394,1.0,0.0,1.0,0.1594,1.0,1.0,1.0,0.0632,1.0,1.0,1.0,0.4385
2395,1.0,0.0,1.0,0.1075,1.0,1.0,1.0,0.0,1.0,1.0,1.0,0.4114
2396,1.0,0.0,1.0,0.0711,1.0,1.0,1.0,0.0,1.0,1.0,1.0,0.3705
2397,1.0,0.0,1.0,0.0944,1.0,1.0,1.0,0.0,1.0,1.0,1.0,0.3037
2398,1.0,0.0,1.0,0.1261,1.0,1.0,1.0,0.0,1.0,1.0,1.0,0.3307
2399,1.0,0.0,1.0,0.1897,1.0,1.0,1.0,0.0,1.0,1.0,1.0,0.2616
2400,1.0,0.0,1.0,0.1335,1.0,1.0,1.0,0.0,1.0,1.0,1.0,0.2881
2401,1.0,0.0,1.0,0.1294,1.0,1.0,1.0,0.0,1.0,1.0,1.0,0.2507
2402,1.0,0.0,1.0,0.2668,1.0,1.0,1.0,0.0,1.0,1.0,1.0,0.2268
2403,1.0,0.0,1.0,0.2501,1.0,1.0,1.0,0.0,1.0,1.0,1.0,0.3142
2404,1.0,0.0,1.0,0.2187,1.0,1.0,1.0,0.0,1.0,1.0,1.0,0.3918
2405,1.0,0.0,1.0,0.2221,1.0,1.0,1.0,0.0,1.0,1.0,1.0,0.3118
2406,1.0,0.0,1.0,0.2608,1.0,1.0,1.0,0.0528,1.0,1.0,1.0,0.2516
2407,1.0,0.0,1.0,0.3011,1.0,1.0,1.0,0.1513,1.0,1.0,1.0,0.3097
2408,1.0,0.0,1.0,0.2605,1.0,1.0,1.0,0.1977,1.0,1.0,1.0,0.2149
2409,1.0,0.0,1.0,0.2266,1.0,1.0,1.0,0.3203,1.0,1.0,1.0,0.3177
2410,1.0,0.0,1.0,0.2132,1.0,1.0,1.0,0.491,1.0,1.0,1.0,0.3295
2411,1.0,0.0,1.0,0.1775,1.0,1.0,1.0,0.5987,1.0,1.0,1.0,0.2874
2412,1.0,0.0,1.0,0.1266,1.0,1.0,1.0,0.597,1.0,1.0,1.0,0.2904
2413,1.0,0.0,1.0,0.2224,1.0,1.0,1.0,0.4757,1.0,1.0,1.0,0.3997
2414,1.0,0.0,1.0,0.203,1.0,1.0,1.0,0.4691,1.0,1.0,1.0,0.2392
2415,1.0,0.0,1.0,0.1884,1.0,1.0,1.0,0.3262,1.0,1.0,1.0,0.3144
2416,1.0,0.0,1.0,0.1766,1.0,1.0,1.0,0.2599,1.0,1.0,1.0,0.4123
2417,1.0,0.0,1.0,0.1776,1.0,1.0,1.0,0.1493,1.0,1.0,1.0,0.384
2418,1.0,0.0,1.0,0.2066,1.0,1.0,1.0,0.0316,1.0,1.0,1.0,0.3776
2419,1.0,0.0,1.0,0.1855,1.0,1.0,1.0,0.0,1.0,1.0,1.0,0.3885
2420,1.0,0.0,1.0,0.2597,1.0,1.0,1.0,0.0,1.0,1.0,1.0,0.4503
2421,1.0,0.0,1.0,0.3062,1.0,1.0,1.0,0.0,1.0,1.0,1.0,0.3857
2422,1.0,0.0,1.0,0.2949,1.0,1.0,1.0,0.0,1.0,1.0,1.0,0.3839
2423,1.0,0.0,1.0,0.2517,1.0,1.0,1.0,0.0,1.0,1.0,1.0,0.3751
2424,1.0,0.0,1.0,0.3321,1.0,1.0,1.0,0.0,1.0,1.0,1.0,0.4295
2425,1.0,0.0,1.0,0.3217,1.0,1.0,1.0,0.0,1.0,1.0,1.0,0.6557
2426,1.0,0.0,1.0,0.2368,1.0,1.0,1.0,0.0,1.0,1.0,1.0,0.5869
2427,1.0,0.0,1.0,0.3123,1.0,1.0,1.0,0.0,1.0,1.0,1.0,0.587
2428,1.0,0.0,1.0,0.2628,1.0,1.0,1.0,0.0,1.0,1.0,1.0,0.5145
2429,1.0,0.0,1.0,0.3301,1.0,1.0,1.0,0.0,1.0,1.0,1.0,0.4672
2430,1.0,0.0,1.0,0.1711,1.0,1.0,1.0,0.0527,1.0,1.0,1.0,0.3726
2431,1.0,0.0,1.0,0.1582,1.0,1.0,1.0,0.1489,1.0,1.0,1.0,0.2578
2432,1.0,0.0,1.0,0.2267,1.0,1.0,1.0,0.2729,1.0,1.0,1.0,0.3478
2433,1.0,0.0,1.0,0.2315,1.0,1.0,1.0,0.3608,1.0,1.0,1.0,0.3771
2434,1.0,0.0,1.0,0.2757,1.0,1.0,1.0,0.4769,1.0,1.0,1.0,0.3844
2435,1.0,0.0,1.0,0.2203,1.0,1.0,1.0,0.5725,1.0,1.0,1.0,0.3144
2436,1.0,0.0,1.0,0.2468,1.0,1.0,1.0,0.5046,1.0,1.0,1.0,0.3102
2437,1.0,0.0,1.0,0.2511,1.0,1.0,1.0,0.5669,1.0,1.0,1.0,0.2321
2438,1.0,0.0,1.0,0.2716,1.0,1.0,1.0,0.5503,1.0,1.0,1.0,0.2338
2439,1.0,0.0,1.0,0.4367,1.0,1.0,1.0,0.4428,1.0,1.0,1.0,0.259
2440,1.0,0.0,1.0,0.5494,1.0,1.0,1.0,0.3379,1.0,1.0,1.0,0.2268
2441,1.0,0.0,1.0,0.6125,1.0,1.0,1.0,0.2324,1.0,1.0,1.0,0.1867
2442,1.0,0.0,1.0,0.6713,1.0,1.0,1.0,0.0713,1.0,1.0,1.0,0.1657
2443,1.0,0.0,1.0,0.5898,1.0,1.0,1.0,0.0,1.0,1.0,1.0,0.2143
2444,1.0,0.0,1.0,0.5438,1.0,1.0,1.0,0.0,1.0,1.0,1.0,0.2303
2445,1.0,0.0,1.0,0.4067,1.0,1.0,1.0,0.0,1.0,1.0,1.0,0.1481
2446,1.0,0.0,1.0,0.3053,1.0,1.0,1.0,0.0,1.0,1.0,1.0,0.1884
2447,1.0,0.0,1.0,0.2462,1.0,1.0,1.0,0.0,1.0,1.0,1.0,0.2239
2448,1.0,0.0,1.0,0.2465,1.0,1.0,1.0,0.0,1.0,1.0,1.0,0.2373
2449,1.0,0.0,1.0,0.1788,1.0,1.0,1.0,0.0,1.0,1.0,1.0,0.3604
2450,1.0,0.0,1.0,0.1818,1.0,1.0,1.0,0.0,1.0,1.0,1.0,0.3624
2451,1.0,0.0,1.0,0.1787,1.0,1.0,1.0,0.0,1.0,1.0,1.0,0.3979
2452,1.0,0.0,1.0,0.1315,1.0,1.0,1.0,0.0,1.0,1.0,1.0,0.4367
2453,1.0,0.0,1.0,0.2126,1.0,1.0,1.0,0.0,1.0,1.0,1.0,0.5108
2454,1.0,0.0,1.0,0.1486,1.0,1.0,1.0,0.1011,1.0,1.0,1.0,0.4867
2455,1.0,0.0,1.0,0.2119,1.0,1.0,1.0,0.3048,1.0,1.0,1.0,0.4269
2456,1.0,0.0,1.0,0.1115,1.0,1.0,1.0,0.5087,1.0,1.0,1.0,0.5095
2457,1.0,0.0,1.0,0.1116,1.0,1.0,1.0,0.674,1.0,1.0,1.0,0.5847
2458,1.0,0.0,1.0,0.0799,1.0,1.0,1.0,0.799,1.0,1.0,1.0,0.6816
2459,1.0,0.0,1.0,0.0684,1.0,1.0,1.0,0.8771,1.0,1.0,1.0,0.7041
2460,1.0,0.0,1.0,0.1289,1.0,1.0,1.0,0.9037,1.0,1.0,1.0,0.5613
2461,1.0,0.0,1.0,0.1206,1.0,1.0,1.0,0.8771,1.0,1.0,1.0,0.5694
2462,1.0,0.0,1.0,0.089,1.0,1.0,1.0,0.799,1.0,1.0,1.0,0.5661
2463,1.0,0.0,1.0,0.1094,1.0,1.0,1.0,0.674,1.0,1.0,1.0,0.6618
2464,1.0,0.0,1.0,0.1024,1.0,1.0,1.0,0.5094,1.0,1.0,1.0,0.7319
2465,1.0,0.0,1.0,0.1126,1.0,1.0,1.0,0.3149,1.0,1.0,1.0,0.7635
2466,1.0,0.0,1.0,0.0883,1.0,1.0,1.0,0.0952,1.0,1.0,1.0,0.5973
2467,1.0,0.0,1.0,0.0705,1.0,1.0,1.0,0.0,1.0,1.0,1.0,0.5191
2468,1.0,0.0,1.0,0.0579,1.0,1.0,1.0,0.0,1.0,1.0,1.0,0.4824
2469,1.0,0.0,1.0,0.0803,1.0,1.0,1.0,0.0,1.0,1.0,1.0,0.449
2470,1.0,0.0,1.0,0.079,1.0,1.0,1.0,0.0,1.0,1.0,1.0,0.4608
2471,1.0,0.0,1.0,0.0595,1.0,1.0,1.0,0.0,1.0,1.0,1.0,0.5863
2472,1.0,0.0,1.0,0.0664,1.0,1.0,1.0,0.0,1.0,1.0,1.0,0.6419
2473,1.0,0.0,1.0,0.0725,1.0,1.0,1.0,0.0,1.0,1.0,1.0,0.5565
2474,1.0,0.0,1.0,0.0925,1.0,1.0,1.0,0.0,1.0,1.0,1.0,0.4782
2475,1.0,0.0,1.0,0.0835,1.0,1.0,1.0,0.0,1.0,1.0,1.0,0.3957
2476,1.0,0.0,1.0,0.086,1.0,1.0,1.0,0.0,1.0,1.0,1.0,0.3848
2477,1.0,0.0,1.0,0.1037,1.0,1.0,1.0,0.0,1.0,1.0,1.0,0.4525
2478,1.0,0.0,1.0,0.0789,1.0,1.0,1.0,0.1008,1.0,1.0,1.0,0.5338
2479,1.0,0.0,1.0,0.1105,1.0,1.0,1.0,0.2993,1.0,1.0,1.0,0.4956
2480,1.0,0.0,1.0,0.1161,1.0,1.0,1.0,0.4787,1.0,1.0,1.0,0.4887
2481,1.0,0.0,1.0,0.0858,1.0,1.0,1.0,0.4938,1.0,1.0,1.0,0.6283
2482,1.0,0.0,1.0,0.0633,1.0,1.0,1.0,0.6524,1.0,1.0,1.0,0.493
2483,1.0,0.0,1.0,0.0653,1.0,1.0,1.0,0.7505,1.0,1.0,1.0,0.5446
2484,1.0,0.0,1.0,0.0581,1.0,1.0,1.0,0.7933,1.0,1.0,1.0,0.5846
2485,1.0,0.0,1.0,0.0794,1.0,1.0,1.0,0.6802,1.0,1.0,1.0,0.5523
2486,1.0,0.0,1.0,0.0766,1.0,1.0,1.0,0.7532,1.0,1.0,1.0,0.5449
2487,1.0,0.0,1.0,0.0894,1.0,1.0,1.0,0.6772,1.0,1.0,1.0,0.5755
2488,1.0,0.0,1.0,0.0717,1.0,1.0,1.0,0.5131,1.0,1.0,1.0,0.5436
2489,1.0,0.0,1.0,0.0756,1.0,1.0,1.0,0.3191,1.0,1.0,1.0,0.4823
2490,1.0,0.0,1.0,0.1213,1.0,1.0,1.0,0.1064,1.0,1.0,1.0,0.4169
2491,1.0,0.0,1.0,0.1208,1.0,1.0,1.0,0.0,1.0,1.0,1.0,0.5766
2492,1.0,0.0,1.0,0.1061,1.0,1.0,1.0,0.0,1.0,1.0,1.0,0.532
2493,1.0,0.0,1.0,0.0846,1.0,1.0,1.0,0.0,1.0,1.0,1.0,0.5442
2494,1.0,0.0,1.0,0.0887,1.0,1.0,1.0,0.0,1.0,1.0,1.0,0.6058
2495,1.0,0.0,1.0,0.1445,1.0,1.0,1.0,0.0,1.0,1.0,1.0,0.5806
2496,1.0,1.0,1.0,0.0976,1.0,1.0,1.0,0.0,1.0,1.0,1.0,0.5745
2497,1.0,1.0,1.0,0.1009,1.0,1.0,1.0,0.0,1.0,1.0,1.0,0.6106
2498,1.0,1.0,1.0,0.061,1.0,1.0,1.0,0.0,1.0,1.0,1.0,0.5304
2499,1.0,1.0,1.0,0.0569,1.0,1.0,1.0,0.0,1.0,1.0,1.0,0.3924
2500,1.0,1.0,1.0,0.0663,1.0,1.0,1.0,0.0,1.0,1.0,1.0,0.3324
2501,1.0,1.0,1.0,0.0419,1.0,1.0,1.0,0.0,1.0,1.0,1.0,0.4777
2502,1.0,1.0,1.0,0.039,1.0,1.0,1.0,0.0633,1.0,1.0,1.0,0.4242
2503,1.0,1.0,1.0,0.0466,1.0,1.0,1.0,0.1795,1.0,1.0,1.0,0.4333
2504,1.0,1.0,1.0,0.0524,1.0,1.0,1.0,0.3025,1.0,1.0,1.0,0.3226
2505,1.0,1.0,1.0,0.0628,1.0,1.0,1.0,0.4459,1.0,1.0,1.0,0.4335
2506,1.0,1.0,1.0,0.0486,1.0,1.0,1.0,0.6485,1.0,1.0,1.0,0.4055
2507,1.0,1.0,1.0,0.0575,1.0,1.0,1.0,0.7134,1.0,1.0,1.0,0.3663
2508,1.0,1.0,1.0,0.0504,1.0,1.0,1.0,0.8703,1.0,1.0,1.0,0.3553
2509,1.0,1.0,1.0,0.0685,1.0,1.0,1.0,0.8642,1.0,1.0,1.0,0.5705
2510,1.0,1.0,1.0,0.0338,1.0,1.0,1.0,0.8046,1.0,1.0,1.0,0.6016
2511,1.0,1.0,1.0,0.0334,1.0,1.0,1.0,0.6804,1.0,1.0,1.0,0.5811
2512,1.0,1.0,1.0,0.0376,1.0,1.0,1.0,0.5168,1.0,1.0,1.0,0.3298
2513,1.0,1.0,1.0,0.0638,1.0,1.0,1.0,0.3232,1.0,1.0,1.0,0.4423
2514,1.0,1.0,1.0,0.07,1.0,1.0,1.0,0.1108,1.0,1.0,1.0,0.3809
2515,1.0,1.0,1.0,0.079,1.0,1.0,1.0,0.0,1.0,1.0,1.0,0.3127
2516,1.0,1.0,1.0,0.0942,1.0,1.0,1.0,0.0,1.0,1.0,1.0,0.2595
2517,1.0,1.0,1.0,0.1456,1.0,1.0,1.0,0.0,1.0,1.0,1.0,0.3724
2518,1.0,1.0,1.0,0.1344,1.0,1.0,1.0,0.0,1.0,1.0,1.0,0.3685
2519,1.0,1.0,1.0,0.0903,1.0,1.0,1.0,0.0,1.0,1.0,1.0,0.2548
2520,1.0,1.0,1.0,0.0562,1.0,1.0,1.0,0.0,0.0,1.0,1.0,0.2423
2521,1.0,1.0,1.0,0.0747,1.0,1.0,1.0,0.0,0.0,1.0,1.0,0.1954
2522,1.0,1.0,1.0,0.085,1.0,1.0,1.0,0.0,0.0,1.0,1.0,0.2202
2523,1.0,1.0,1.0,0.0826,1.0,1.0,1.0,0.0,0.0,1.0,1.0,0.201
2524,1.0,1.0,1.0,0.0722,1.0,1.0,1.0,0.0,0.0,1.0,1.0,0.1295
2525,1.0,1.0,1.0,0.0812,1.0,1.0,1.0,0.0,0.0,1.0,1.0,0.1306
2526,1.0,1.0,1.0,0.0917,1.0,1.0,1.0,0.1086,0.0,1.0,1.0,0.1328
2527,1.0,1.0,1.0,0.1122,1.0,1.0,1.0,0.3265,0.0,1.0,1.0,0.0931
2528,1.0,1.0,1.0,0.0826,1.0,1.0,1.0,0.5204,0.0,1.0,1.0,0.0515
2529,1.0,1.0,1.0,0.049,1.0,1.0,1.0,0.6798,0.0,1.0,1.0,0.0604
2530,1.0,1.0,1.0,0.0388,1.0,1.0,1.0,0.7435,0.0,1.0,1.0,0.0585
2531,1.0,1.0,1.0,0.0266,1.0,1.0,1.0,0.7751,0.0,1.0,1.0,0.058
2532,1.0,1.0,1.0,0.02,1.0,1.0,1.0,0.7237,0.0,1.0,1.0,0.0786
2533,1.0,1.0,1.0,0.0343,1.0,1.0,1.0,0.724,0.0,1.0,1.0,0.0438
2534,1.0,1.0,1.0,0.02,1.0,1.0,1.0,0.6873,0.0,1.0,1.0,0.048
2535,1.0,1.0,1.0,0.0225,1.0,1.0,1.0,0.6217,0.0,1.0,1.0,0.0639
2536,1.0,1.0,1.0,0.0338,1.0,1.0,1.0,0.4355,0.0,1.0,1.0,0.0638
2537,1.0,1.0,1.0,0.0512,1.0,1.0,1.0,0.2963,0.0,1.0,1.0,0.0423
2538,1.0,1.0,1.0,0.0602,1.0,1.0,1.0,0.0946,0.0,1.0,1.0,0.0364
2539,1.0,1.0,1.0,0.0983,1.0,1.0,1.0,0.0,0.0,1.0,1.0,0.0338
2540,1.0,1.0,1.0,0.1768,1.0,1.0,1.0,0.0,0.0,1.0,1.0,0.0214
2541,1.0,1.0,1.0,0.1665,1.0,1.0,1.0,0.0,0.0,1.0,1.0,0.0267
2542,1.0,1.0,1.0,0.1949,1.0,1.0,1.0,0.0,0.0,1.0,1.0,0.0292
2543,1.0,1.0,1.0,0.2805,1.0,1.0,1.0,0.0,0.0,1.0,1.0,0.0255
2544,1.0,1.0,1.0,0.2247,1.0,1.0,1.0,0.0,0.0,1.0,1.0,0.0385
2545,1.0,1.0,1.0,0.2142,1.0,1.0,1.0,0.0,0.0,1.0,1.0,0.0349
2546,1.0,1.0,1.0,0.1835,1.0,1.0,1.0,0.0,0.0,1.0,1.0,0.0617
2547,1.0,1.0,1.0,0.2142,1.0,1.0,1.0,0.0,0.0,1.0,1.0,0.0599
2548,1.0,1.0,1.0,0.1258,1.0,1.0,1.0,0.0,0.0,1.0,1.0,0.0464
2549,1.0,1.0,1.0,0.1993,1.0,1.0,1.0,0.0,0.0,1.0,1.0,0.0365
2550,1.0,1.0,1.0,0.2359,1.0,1.0,1.0,0.1096,0.0,1.0,1.0,0.0406
2551,1.0,1.0,1.0,0.2796,1.0,1.0,1.0,0.2704,0.0,1.0,1.0,0.0305
2552,1.0,1.0,1.0,0.147,1.0,1.0,1.0,0.4475,0.0,1.0,1.0,0.0348
2553,1.0,1.0,1.0,0.1108,1.0,1.0,1.0,0.5519,0.0,1.0,1.0,0.0328
2554,1.0,1.0,1.0,0.1807,1.0,1.0,1.0,0.7255,0.0,1.0,1.0,0.0308
2555,1.0,1.0,1.0,0.1763,1.0,1.0,1.0,0.887,0.0,1.0,1.0,0.033
2556,1.0,1.0,1.0,0.108,1.0,1.0,1.0,0.9132,0.0,1.0,1.0,0.0501
2557,1.0,1.0,1.0,0.1209,1.0,1.0,1.0,0.8866,0.0,1.0,1.0,0.0447
2558,1.0,1.0,1.0,0.1545,1.0,1.0,1.0,0.7726,0.0,1.0,1.0,0.051
2559,1.0,1.0,1.0,0.1861,1.0,1.0,1.0,0.6867,0.0,1.0,1.0,0.063
2560,1.0,1.0,1.0,0.1829,1.0,1.0,1.0,0.5182,0.0,1.0,1.0,0.0448
2561,1.0,1.0,1.0,0.2558,1.0,1.0,1.0,0.3313,0.0,1.0,1.0,0.0571
2562,1.0,1.0,1.0,0.2151,1.0,1.0,1.0,0.1191,0.0,1.0,1.0,0.0793
2563,1.0,1.0,1.0,0.2536,1.0,1.0,1.0,0.0,0.0,1.0,1.0,0.1132
2564,1.0,1.0,1.0,0.2664,1.0,1.0,1.0,0.0,0.0,1.0,1.0,0.0829
2565,1.0,1.0,1.0,0.2607,1.0,1.0,1.0,0.0,0.0,1.0,1.0,0.0622
2566,1.0,1.0,1.0,0.2393,1.0,1.0,1.0,0.0,0.0,1.0,1.0,0.0648
2567,1.0,1.0,1.0,0.2218,1.0,1.0,1.0,0.0,0.0,1.0,1.0,0.0662
2568,1.0,1.0,1.0,0.2262,1.0,1.0,1.0,0.0,0.0,1.0,1.0,0.0699
2569,1.0,1.0,1.0,0.2127,1.0,1.0,1.0,0.0,0.0,1.0,1.0,0.0657
2570,1.0,1.0,1.0,0.2638,1.0,1.0,1.0,0.0,0.0,1.0,1.0,0.0739
2571,1.0,1.0,1.0,0.2321,1.0,1.0,1.0,0.0,0.0,1.0,1.0,0.0334
2572,1.0,1.0,1.0,0.3486,1.0,1.0,1.0,0.0,0.0,1.0,1.0,0.0451
2573,1.0,1.0,1.0,0.3052,1.0,1.0,1.0,0.0,0.0,1.0,1.0,0.0784
2574,1.0,1.0,1.0,0.38,1.0,1.0,1.0,0.1239,0.0,1.0,1.0,0.069
2575,1.0,1.0,1.0,0.4623,1.0,1.0,1.0,0.3353,0.0,1.0,1.0,0.0778
2576,1.0,1.0,1.0,0.4746,1.0,1.0,1.0,0.5275,0.0,1.0,1.0,0.1384
2577,1.0,1.0,1.0,0.4787,1.0,1.0,1.0,0.6898,0.0,1.0,1.0,0.1443
2578,1.0,1.0,1.0,0.4131,1.0,1.0,1.0,0.8127,0.0,1.0,1.0,0.1627
2579,1.0,1.0,1.0,0.3693,1.0,1.0,1.0,0.8894,0.0,1.0,1.0,0.2762
2580,1.0,1.0,1.0,0.3881,1.0,1.0,1.0,0.9155,0.0,1.0,1.0,0.4402
2581,1.0,1.0,1.0,0.3844,1.0,1.0,1.0,0.8894,0.0,1.0,1.0,0.3491
2582,1.0,1.0,1.0,0.486,1.0,1.0,1.0,0.8127,0.0,1.0,1.0,0.3172
2583,1.0,1.0,1.0,0.4435,1.0,1.0,1.0,0.6898,0.0,1.0,1.0,0.3894
2584,1.0,1.0,1.0,0.4082,1.0,1.0,1.0,0.5275,0.0,1.0,1.0,0.4303
2585,1.0,1.0,1.0,0.2776,1.0,1.0,1.0,0.3353,0.0,1.0,1.0,0.489
2586,1.0,1.0,1.0,0.3283,1.0,1.0,1.0,0.1239,0.0,1.0,1.0,0.2732
2587,1.0,1.0,1.0,0.3743,1.0,1.0,1.0,0.0,0.0,1.0,1.0,0.1609
2588,1.0,1.0,1.0,0.4576,1.0,1.0,1.0,0.0,0.0,1.0,1.0,0.2697
2589,1.0,1.0,1.0,0.5457,1.0,1.0,1.0,0.0,0.0,1.0,1.0,0.3287
2590,1.0,1.0,1.0,0.6084,1.0,1.0,1.0,0.0,0.0,1.0,1.0,0.3572
2591,1.0,1.0,1.0,0.6693,1.0,1.0,1.0,0.0,0.0,1.0,1.0,0.2644
2592,1.0,1.0,1.0,0.7055,1.0,1.0,1.0,0.0,0.0,1.0,1.0,0.2375
2593,1.0,1.0,1.0,0.7505,1.0,1.0,1.0,0.0,0.0,1.0,1.0,0.2786
2594,1.0,1.0,1.0,0.601,1.0,1.0,1.0,0.0,0.0,1.0,1.0,0.1938
2595,1.0,1.0,1.0,0.4997,1.0,1.0,1.0,0.0,0.0,1.0,1.0,0.1613
2596,1.0,1.0,1.0,0.3877,1.0,1.0,1.0,0.0,0.0,1.0,1.0,0.1844
2597,1.0,1.0,1.0,0.4969,1.0,1.0,1.0,0.0,0.0,1.0,1.0,0.2219
2598,1.0,1.0,1.0,0.4257,1.0,1.0,1.0,0.1282,0.0,1.0,1.0,0.1948
2599,1.0,1.0,1.0,0.3723,1.0,1.0,1.0,0.3167,0.0,1.0,1.0,0.259
2600,1.0,1.0,1.0,0.3733,1.0,1.0,1.0,0.4755,0.0,1.0,1.0,0.3304
2601,1.0,1.0,1.0,0.2786,1.0,1.0,1.0,0.587,0.0,1.0,1.0,0.2089
2602,1.0,1.0,1.0,0.3093,1.0,1.0,1.0,0.6713,0.0,1.0,1.0,0.3236
2603,1.0,1.0,1.0,0.1767,1.0,1.0,1.0,0.7741,0.0,1.0,1.0,0.4193
2604,1.0,1.0,1.0,0.1281,1.0,1.0,1.0,0.9178,0.0,1.0,1.0,0.4347
2605,1.0,1.0,1.0,0.1413,1.0,1.0,1.0,0.8503,0.0,1.0,1.0,0.4203
2606,1.0,1.0,1.0,0.0999,1.0,1.0,1.0,0.7045,0.0,1.0,1.0,0.4864
2607,1.0,1.0,1.0,0.1555,1.0,1.0,1.0,0.5982,0.0,1.0,1.0,0.5287
2608,1.0,1.0,1.0,0.1627,1.0,1.0,1.0,0.4216,0.0,1.0,1.0,0.4994
2609,1.0,1.0,1.0,0.2302,1.0,1.0,1.0,0.2268,0.0,1.0,1.0,0.632
2610,1.0,1.0,1.0,0.2575,1.0,1.0,1.0,0.099,0.0,1.0,1.0,0.4426
2611,1.0,1.0,1.0,0.2601,1.0,1.0,1.0,0.0,0.0,1.0,1.0,0.3833
2612,1.0,1.0,1.0,0.2016,1.0,1.0,1.0,0.0,0.0,1.0,1.0,0.4199
2613,1.0,1.0,1.0,0.2643,1.0,1.0,1.0,0.0,0.0,1.0,1.0,0.4132
2614,1.0,1.0,1.0,0.299,1.0,1.0,1.0,0.0,0.0,1.0,1.0,0.4715
2615,1.0,1.0,1.0,0.4724,1.0,1.0,1.0,0.0,0.0,1.0,1.0,0.3503
2616,1.0,1.0,1.0,0.5396,1.0,1.0,1.0,0.0,0.0,1.0,1.0,0.3279
2617,1.0,1.0,1.0,0.5002,1.0,1.0,1.0,0.0,0.0,1.0,1.0,0.4225
2618,1.0,1.0,1.0,0.522,1.0,1.0,1.0,0.0,0.0,1.0,1.0,0.3004
2619,1.0,1.0,1.0,0.5546,1.0,1.0,1.0,0.0,0.0,1.0,1.0,0.2843
2620,1.0,1.0,1.0,0.647,1.0,1.0,1.0,0.0,0.0,1.0,1.0,0.2496
2621,1.0,1.0,1.0,0.7381,1.0,1.0,1.0,0.0,0.0,1.0,1.0,0.277
2622,1.0,1.0,1.0,0.718,1.0,1.0,1.0,0.0839,0.0,1.0,1.0,0.3074
2623,1.0,1.0,1.0,0.6147,1.0,1.0,1.0,0.209,0.0,1.0,1.0,0.3158
2624,1.0,1.0,1.0,0.4477,1.0,1.0,1.0,0.2984,0.0,1.0,1.0,0.2951
2625,1.0,1.0,1.0,0.3506,1.0,1.0,1.0,0.359,0.0,1.0,1.0,0.3012
2626,1.0,1.0,1.0,0.306,1.0,1.0,1.0,0.4062,0.0,1.0,1.0,0.2904
2627,1.0,1.0,1.0,0.43,1.0,1.0,1.0,0.4433,0.0,1.0,1.0,0.2897
2628,1.0,1.0,1.0,0.5608,1.0,1.0,1.0,0.4079,0.0,1.0,1.0,0.4063
2629,1.0,1.0,1.0,0.6363,1.0,1.0,1.0,0.4009,0.0,1.0,1.0,0.3083
2630,1.0,1.0,1.0,0.7229,1.0,1.0,1.0,0.4805,0.0,1.0,1.0,0.3355
2631,1.0,1.0,1.0,0.6612,1.0,1.0,1.0,0.4106,0.0,1.0,1.0,0.2666
2632,1.0,1.0,1.0,0.526,1.0,1.0,1.0,0.2763,0.0,1.0,1.0,0.4216
2633,1.0,1.0,1.0,0.4341,1.0,1.0,1.0,0.1268,0.0,1.0,1.0,0.4268
2634,1.0,1.0,1.0,0.2722,1.0,1.0,1.0,0.0748,0.0,1.0,1.0,0.321
2635,1.0,1.0,1.0,0.2046,1.0,1.0,1.0,0.0,0.0,1.0,1.0,0.3043
2636,1.0,1.0,1.0,0.1812,1.0,1.0,1.0,0.0,0.0,1.0,1.0,0.2088
2637,1.0,1.0,1.0,0.1949,1.0,1.0,1.0,0.0,0.0,1.0,1.0,0.1776
2638,1.0,1.0,1.0,0.2071,1.0,1.0,1.0,0.0,0.0,1.0,1.0,0.2158
2639,1.0,1.0,1.0,0.174,1.0,1.0,1.0,0.0,0.0,1.0,1.0,0.3112
2640,1.0,1.0,1.0,0.2082,1.0,1.0,1.0,0.0,0.0,1.0,1.0,0.396
2641,1.0,1.0,1.0,0.1758,1.0,1.0,1.0,0.0,0.0,1.0,1.0,0.3857
2642,1.0,1.0,1.0,0.181,1.0,1.0,1.0,0.0,0.0,1.0,1.0,0.4325
2643,1.0,1.0,1.0,0.1339,1.0,1.0,1.0,0.0,0.0,1.0,1.0,0.5
2644,1.0,1.0,1.0,0.1909,1.0,1.0,1.0,0.0,0.0,1.0,1.0,0.6831
2645,1.0,1.0,1.0,0.1966,1.0,1.0,1.0,0.0,0.0,1.0,1.0,0.6257
2646,1.0,1.0,1.0,0.2419,1.0,1.0,1.0,0.1232,0.0,1.0,1.0,0.7325
2647,1.0,1.0,1.0,0.1754,1.0,1.0,1.0,0.3239,0.0,1.0,1.0,0.64
2648,1.0,1.0,1.0,0.1893,1.0,1.0,1.0,0.4728,0.0,1.0,1.0,0.7214
2649,1.0,1.0,1.0,0.227,1.0,1.0,1.0,0.6136,0.0,1.0,1.0,0.6651
2650,1.0,1.0,1.0,0.1281,1.0,1.0,1.0,0.7539,0.0,1.0,1.0,0.6003
2651,1.0,1.0,1.0,0.1876,1.0,1.0,1.0,0.77,0.0,1.0,1.0,0.5685
2652,1.0,1.0,1.0,0.1331,1.0,1.0,1.0,0.8981,0.0,1.0,1.0,0.494
2653,1.0,1.0,1.0,0.1471,1.0,1.0,1.0,0.8605,0.0,1.0,1.0,0.5266
2654,1.0,1.0,1.0,0.2509,1.0,1.0,1.0,0.8207,0.0,1.0,1.0,0.6255
2655,1.0,1.0,1.0,0.3228,1.0,1.0,1.0,0.6587,0.0,1.0,1.0,0.4351
2656,1.0,1.0,1.0,0.2219,1.0,1.0,1.0,0.5303,0.0,1.0,1.0,0.4173
2657,1.0,1.0,1.0,0.2153,1.0,1.0,1.0,0.3126,0.0,1.0,1.0,0.3266
2658,1.0,1.0,1.0,0.3021,1.0,1.0,1.0,0.1155,0.0,1.0,1.0,0.4002
2659,1.0,1.0,1.0,0.2474,1.0,1.0,1.0,0.0,0.0,1.0,1.0,0.5213
2660,1.0,1.0,1.0,0.2281,1.0,1.0,1.0,0.0,0.0,1.0,1.0,0.5005
2661,1.0,1.0,1.0,0.2087,1.0,1.0,1.0,0.0,0.0,1.0,1.0,0.4345
2662,1.0,1.0,1.0,0.2483,1.0,1.0,1.0,0.0,0.0,1.0,1.0,0.3014
2663,1.0,1.0,1.0,0.1643,1.0,1.0,1.0,0.0,0.0,1.0,1.0,0.4619
2664,1.0,1.0,1.0,0.2005,1.0,1.0,1.0,0.0,0.0,1.0,1.0,0.5704
2665,1.0,1.0,1.0,0.1716,1.0,1.0,1.0,0.0,0.0,1.0,1.0,0.3924
2666,1.0,1.0,1.0,0.1757,1.0,1.0,1.0,0.0,0.0,1.0,1.0,0.4466
2667,1.0,1.0,1.0,0.169,1.0,1.0,1.0,0.0,0.0,1.0,1.0,0.3504
2668,1.0,1.0,1.0,0.2059,1.0,1.0,1.0,0.0,0.0,1.0,1.0,0.3108
2669,1.0,1.0,1.0,0.209,1.0,1.0,1.0,0.0,0.0,1.0,1.0,0.2263
2670,1.0,1.0,1.0,0.3097,1.0,1.0,1.0,0.1408,0.0,1.0,1.0,0.1287
2671,1.0,1.0,1.0,0.3904,1.0,1.0,1.0,0.3508,0.0,1.0,1.0,0.1311
2672,1.0,1.0,1.0,0.3262,1.0,1.0,1.0,0.4976,0.0,1.0,1.0,0.2331
2673,1.0,1.0,1.0,0.4402,1.0,1.0,1.0,0.6457,0.0,1.0,1.0,0.1826
2674,1.0,1.0,1.0,0.4661,1.0,1.0,1.0,0.7055,0.0,1.0,1.0,0.2383
2675,1.0,1.0,1.0,0.4782,1.0,1.0,1.0,0.6727,0.0,1.0,1.0,0.3144
2676,1.0,1.0,1.0,0.5493,1.0,1.0,1.0,0.6394,0.0,1.0,1.0,0.372
2677,1.0,1.0,1.0,0.4534,1.0,1.0,1.0,0.5913,0.0,1.0,1.0,0.5426
2678,1.0,1.0,1.0,0.3365,1.0,1.0,1.0,0.5418,0.0,1.0,1.0,0.6178
2679,1.0,1.0,1.0,0.3397,1.0,1.0,1.0,0.4943,0.0,1.0,1.0,0.7461
2680,1.0,1.0,1.0,0.295,1.0,1.0,1.0,0.4127,0.0,1.0,1.0,0.6512
2681,1.0,1.0,1.0,0.4665,1.0,1.0,1.0,0.259,0.0,1.0,1.0,0.6998
2682,1.0,1.0,1.0,0.3984,1.0,1.0,1.0,0.1234,0.0,1.0,1.0,0.7909
2683,1.0,1.0,1.0,0.4012,1.0,1.0,1.0,0.0,0.0,1.0,1.0,0.7311
2684,1.0,1.0,1.0,0.4169,1.0,1.0,1.0,0.0,0.0,1.0,1.0,0.4329
2685,1.0,1.0,1.0,0.5227,1.0,1.0,1.0,0.0,0.0,1.0,1.0,0.3263
2686,1.0,1.0,1.0,0.4318,1.0,1.0,1.0,0.0,0.0,1.0,1.0,0.2735
2687,1.0,1.0,1.0,0.3004,1.0,1.0,1.0,0.0,0.0,1.0,1.0,0.3163
2688,1.0,1.0,1.0,0.4117,1.0,1.0,1.0,0.0,0.0,1.0,1.0,0.2736
2689,1.0,1.0,1.0,0.4175,1.0,1.0,1.0,0.0,0.0,1.0,1.0,0.2757
2690,1.0,1.0,1.0,0.4864,1.0,1.0,1.0,0.0,0.0,1.0,1.0,0.2371
2691,1.0,1.0,1.0,0.5578,1.0,1.0,1.0,0.0,0.0,1.0,1.0,0.2317
2692,1.0,1.0,1.0,0.6389,1.0,1.0,1.0,0.0,0.0,1.0,1.0,0.2304
2693,1.0,1.0,1.0,0.6003,1.0,1.0,1.0,0.0,0.0,1.0,1.0,0.196
2694,1.0,1.0,1.0,0.538,1.0,1.0,1.0,0.0943,0.0,1.0,1.0,0.2494
2695,1.0,1.0,1.0,0.3622,1.0,1.0,1.0,0.1994,0.0,1.0,1.0,0.353
2696,1.0,1.0,1.0,0.2866,1.0,1.0,1.0,0.3277,0.0,1.0,1.0,0.267
2697,1.0,1.0,1.0,0.2936,1.0,1.0,1.0,0.4592,0.0,1.0,1.0,0.2842
2698,1.0,1.0,1.0,0.2475,1.0,1.0,1.0,0.5918,0.0,1.0,1.0,0.1952
2699,1.0,1.0,1.0,0.1835,1.0,1.0,1.0,0.6172,0.0,1.0,1.0,0.1184
2700,1.0,1.0,1.0,0.1907,1.0,1.0,1.0,0.641,0.0,1.0,1.0,0.1674
2701,1.0,1.0,1.0,0.2795,1.0,1.0,1.0,0.639,0.0,1.0,1.0,0.2944
2702,1.0,1.0,1.0,0.2783,1.0,1.0,1.0,0.6611,0.0,1.0,1.0,0.2723
2703,1.0,1.0,1.0,0.2082,1.0,1.0,1.0,0.6426,0.0,1.0,1.0,0.4178
2704,1.0,1.0,1.0,0.2962,1.0,1.0,1.0,0.5447,0.0,1.0,1.0,0.3615
2705,1.0,1.0,1.0,0.2451,1.0,1.0,1.0,0.3546,0.0,1.0,1.0,0.3421
2706,1.0,1.0,1.0,0.357,1.0,1.0,1.0,0.1449,0.0,1.0,1.0,0.4823
2707,1.0,1.0,1.0,0.3367,1.0,1.0,1.0,0.0,0.0,1.0,1.0,0.3994
2708,1.0,1.0,1.0,0.3461,1.0,1.0,1.0,0.0,0.0,1.0,1.0,0.4762
2709,1.0,1.0,1.0,0.4785,1.0,1.0,1.0,0.0,0.0,1.0,1.0,0.4417
2710,1.0,1.0,1.0,0.3609,1.0,1.0,1.0,0.0,0.0,1.0,1.0,0.3776
2711,1.0,1.0,1.0,0.2816,1.0,1.0,1.0,0.0,0.0,1.0,1.0,0.3356
2712,1.0,1.0,1.0,0.2596,1.0,1.0,1.0,0.0,0.0,1.0,1.0,0.1897
2713,1.0,1.0,1.0,0.2534,1.0,1.0,1.0,0.0,0.0,1.0,1.0,0.2714
2714,1.0,1.0,1.0,0.4653,1.0,1.0,1.0,0.0,0.0,1.0,1.0,0.2893
2715,1.0,1.0,1.0,0.3868,1.0,1.0,1.0,0.0,0.0,1.0,1.0,0.28
2716,1.0,1.0,1.0,0.2852,1.0,1.0,1.0,0.0,0.0,1.0,1.0,0.2353
2717,1.0,1.0,1.0,0.2255,1.0,1.0,1.0,0.0,0.0,1.0,1.0,0.2583
2718,1.0,1.0,1.0,0.244,1.0,1.0,1.0,0.1474,0.0,1.0,1.0,0.3242
2719,1.0,1.0,1.0,0.2809,1.0,1.0,1.0,0.3583,0.0,1.0,1.0,0.3039
2720,1.0,1.0,1.0,0.2361,1.0,1.0,1.0,0.545,0.0,1.0,1.0,0.3805
2721,1.0,1.0,1.0,0.241,1.0,1.0,1.0,0.6977,0.0,1.0,1.0,0.4021
2722,1.0,1.0,1.0,0.3901,1.0,1.0,1.0,0.7082,0.0,1.0,1.0,0.3922
2723,1.0,1.0,1.0,0.3926,1.0,1.0,1.0,0.9002,0.0,1.0,1.0,0.4686
2724,1.0,1.0,1.0,0.4191,1.0,1.0,1.0,0.884,0.0,1.0,1.0,0.4206
2725,1.0,1.0,1.0,0.5816,1.0,1.0,1.0,0.9035,0.0,1.0,1.0,0.3166
2726,1.0,1.0,1.0,0.515,1.0,1.0,1.0,0.8284,0.0,1.0,1.0,0.3132
2727,1.0,1.0,1.0,0.4442,1.0,1.0,1.0,0.6961,0.0,1.0,1.0,0.3165
2728,1.0,1.0,1.0,0.402,1.0,1.0,1.0,0.5374,0.0,1.0,1.0,0.3005
2729,1.0,1.0,1.0,0.3577,1.0,1.0,1.0,0.3547,0.0,1.0,1.0,0.3957
2730,1.0,1.0,1.0,0.2279,1.0,1.0,1.0,0.1423,0.0,1.0,1.0,0.4363
2731,1.0,1.0,1.0,0.2404,1.0,1.0,1.0,0.0,0.0,1.0,1.0,0.4233
2732,1.0,1.0,1.0,0.2582,1.0,1.0,1.0,0.0,0.0,1.0,1.0,0.4201
2733,1.0,1.0,1.0,0.249,1.0,1.0,1.0,0.0,0.0,1.0,1.0,0.4244
2734,1.0,1.0,1.0,0.269,1.0,1.0,1.0,0.0,0.0,1.0,1.0,0.4671
2735,1.0,1.0,1.0,0.2902,1.0,1.0,1.0,0.0,0.0,1.0,1.0,0.4675
2736,1.0,1.0,1.0,0.2053,1.0,1.0,1.0,0.0,0.0,1.0,1.0,0.4475
2737,1.0,1.0,1.0,0.2266,1.0,1.0,1.0,0.0,0.0,1.0,1.0,0.3335
2738,1.0,1.0,1.0,0.2668,1.0,1.0,1.0,0.0,0.0,1.0,1.0,0.2807
2739,1.0,1.0,1.0,0.1744,1.0,1.0,1.0,0.0,0.0,1.0,1.0,0.3023
2740,1.0,1.0,1.0,0.2666,1.0,1.0,1.0,0.0,0.0,1.0,1.0,0.3173
2741,1.0,1.0,1.0,0.1932,1.0,1.0,1.0,0.0,0.0,1.0,1.0,0.2169
2742,1.0,1.0,1.0,0.1418,1.0,1.0,1.0,0.1199,0.0,1.0,1.0,0.188
2743,1.0,1.0,1.0,0.1556,1.0,1.0,1.0,0.2635,0.0,1.0,1.0,0.1462
2744,1.0,1.0,1.0,0.1871,1.0,1.0,1.0,0.3829,0.0,1.0,1.0,0.2218
2745,1.0,1.0,1.0,0.2371,1.0,1.0,1.0,0.4755,0.0,1.0,1.0,0.2404
2746,1.0,1.0,1.0,0.2784,1.0,1.0,1.0,0.5511,0.0,1.0,1.0,0.2717
2747,1.0,1.0,1.0,0.2458,1.0,1.0,1.0,0.6182,0.0,1.0,1.0,0.2688
2748,1.0,1.0,1.0,0.2563,1.0,1.0,1.0,0.562,0.0,1.0,1.0,0.2296
2749,1.0,1.0,1.0,0.2387,1.0,1.0,1.0,0.5944,0.0,1.0,1.0,0.2057
2750,1.0,1.0,1.0,0.2536,1.0,1.0,1.0,0.642,0.0,1.0,1.0,0.2389
2751,1.0,1.0,1.0,0.2614,1.0,1.0,1.0,0.6301,0.0,1.0,1.0,0.2252
2752,1.0,1.0,1.0,0.2315,1.0,1.0,1.0,0.4755,0.0,1.0,1.0,0.2605
2753,1.0,1.0,1.0,0.214,1.0,1.0,1.0,0.3376,0.0,1.0,1.0,0.2724
2754,1.0,1.0,1.0,0.1272,1.0,1.0,1.0,0.133,0.0,1.0,1.0,0.2952
2755,1.0,1.0,1.0,0.169,1.0,1.0,1.0,0.0,0.0,1.0,1.0,0.3222
2756,1.0,1.0,1.0,0.189,1.0,1.0,1.0,0.0,0.0,1.0,1.0,0.2837
2757,1.0,1.0,1.0,0.0966,1.0,1.0,1.0,0.0,0.0,1.0,1.0,0.2634
2758,1.0,1.0,1.0,0.1294,1.0,1.0,1.0,0.0,0.0,1.0,1.0,0.3318
2759,1.0,1.0,1.0,0.132,1.0,1.0,1.0,0.0,0.0,1.0,1.0,0.4849
2760,1.0,1.0,1.0,0.1015,1.0,1.0,1.0,0.0,0.0,1.0,1.0,0.5576
2761,1.0,1.0,1.0,0.0766,1.0,1.0,1.0,0.0,0.0,1.0,1.0,0.3159
2762,1.0,1.0,1.0,0.0646,1.0,1.0,1.0,0.0,0.0,1.0,1.0,0.262
2763,1.0,1.0,1.0,0.0505,1.0,1.0,1.0,0.0,0.0,1.0,1.0,0.2718
2764,1.0,1.0,1.0,0.0415,1.0,1.0,1.0,0.0,0.0,1.0,1.0,0.204
2765,1.0,1.0,1.0,0.0782,1.0,1.0,1.0,0.0,0.0,1.0,1.0,0.149
2766,1.0,1.0,1.0,0.0929,1.0,1.0,1.0,0.106,0.0,1.0,1.0,0.135
2767,1.0,1.0,1.0,0.1804,1.0,1.0,1.0,0.2651,0.0,1.0,1.0,0.1542
2768,1.0,1.0,1.0,0.197,1.0,1.0,1.0,0.4369,0.0,1.0,1.0,0.1891
2769,1.0,1.0,1.0,0.2357,1.0,1.0,1.0,0.5809,0.0,1.0,1.0,0.1733
2770,1.0,1.0,1.0,0.1877,1.0,1.0,1.0,0.65,0.0,1.0,1.0,0.1555
2771,1.0,1.0,1.0,0.1831,1.0,1.0,1.0,0.6778,0.0,1.0,1.0,0.1238
2772,1.0,1.0,1.0,0.1831,1.0,1.0,1.0,0.7225,0.0,1.0,1.0,0.149
2773,1.0,1.0,1.0,0.2228,1.0,1.0,1.0,0.6189,0.0,1.0,1.0,0.1741
2774,1.0,1.0,1.0,0.2236,1.0,1.0,1.0,0.5881,0.0,1.0,1.0,0.229
2775,1.0,1.0,1.0,0.2497,1.0,1.0,1.0,0.4344,0.0,1.0,1.0,0.2399
2776,1.0,1.0,1.0,0.2743,1.0,1.0,1.0,0.3044,0.0,1.0,1.0,0.1682
2777,1.0,1.0,1.0,0.2563,1.0,1.0,1.0,0.2169,0.0,1.0,1.0,0.1553
2778,1.0,1.0,1.0,0.233,1.0,1.0,1.0,0.1044,0.0,1.0,1.0,0.2036
2779,1.0,1.0,1.0,0.1969,1.0,1.0,1.0,0.0,0.0,1.0,1.0,0.1244
2780,1.0,1.0,1.0,0.2688,1.0,1.0,1.0,0.0,0.0,1.0,1.0,0.1252
2781,1.0,1.0,1.0,0.2512,1.0,1.0,1.0,0.0,0.0,1.0,1.0,0.141
2782,1.0,1.0,1.0,0.2768,1.0,1.0,1.0,0.0,0.0,1.0,1.0,0.255
2783,1.0,1.0,1.0,0.2686,1.0,1.0,1.0,0.0,0.0,1.0,1.0,0.219
2784,1.0,1.0,1.0,0.3484,1.0,1.0,1.0,0.0,0.0,1.0,1.0,0.2129
2785,1.0,1.0,1.0,0.2109,1.0,1.0,1.0,0.0,0.0,1.0,1.0,0.3321
2786,1.0,1.0,1.0,0.2333,1.0,1.0,1.0,0.0,0.0,1.0,1.0,0.288
2787,1.0,1.0,1.0,0.1666,1.0,1.0,1.0,0.0,0.0,1.0,1.0,0.3721
2788,1.0,1.0,1.0,0.1914,1.0,1.0,1.0,0.0,0.0,1.0,1.0,0.4034
2789,1.0,1.0,1.0,0.1877,1.0,1.0,1.0,0.0,0.0,1.0,1.0,0.3826
2790,1.0,1.0,1.0,0.1241,1.0,1.0,1.0,0.1058,0.0,1.0,1.0,0.4189
2791,1.0,1.0,1.0,0.1426,1.0,1.0,1.0,0.2556,0.0,1.0,1.0,0.4036
2792,1.0,1.0,1.0,0.1574,1.0,1.0,1.0,0.4332,0.0,1.0,1.0,0.5963
2793,1.0,1.0,1.0,0.1513,1.0,1.0,1.0,0.6199,0.0,1.0,1.0,0.4095
2794,1.0,1.0,1.0,0.1512,1.0,1.0,1.0,0.7708,0.0,1.0,1.0,0.3834
2795,1.0,1.0,1.0,0.1634,1.0,1.0,1.0,0.9085,0.0,1.0,1.0,0.361
2796,1.0,1.0,1.0,0.2336,1.0,1.0,1.0,0.8737,0.0,1.0,1.0,0.3493
2797,1.0,1.0,1.0,0.2178,1.0,1.0,1.0,0.8897,0.0,1.0,1.0,0.4386
2798,1.0,1.0,1.0,0.2886,1.0,1.0,1.0,0.7835,0.0,1.0,1.0,0.3972
2799,1.0,1.0,1.0,0.2882,1.0,1.0,1.0,0.7161,0.0,1.0,1.0,0.4369
2800,1.0,1.0,1.0,0.3918,1.0,1.0,1.0,0.5578,0.0,1.0,1.0,0.4535
2801,1.0,1.0,1.0,0.3717,1.0,1.0,1.0,0.3693,0.0,1.0,1.0,0.5228
2802,1.0,1.0,1.0,0.319,1.0,1.0,1.0,0.1608,0.0,1.0,1.0,0.5048
2803,1.0,1.0,1.0,0.243,1.0,1.0,1.0,0.0,0.0,1.0,1.0,0.5274
2804,1.0,1.0,1.0,0.2441,1.0,1.0,1.0,0.0,0.0,1.0,1.0,0.5105
2805,1.0,1.0,1.0,0.1994,1.0,1.0,1.0,0.0,0.0,1.0,1.0,0.4193
2806,1.0,1.0,1.0,0.2947,1.0,1.0,1.0,0.0,0.0,1.0,1.0,0.5554
2807,1.0,1.0,1.0,0.2373,1.0,1.0,1.0,0.0,0.0,1.0,1.0,0.4819
2808,1.0,1.0,1.0,0.1977,1.0,1.0,1.0,0.0,0.0,1.0,1.0,0.4331
2809,1.0,1.0,1.0,0.2365,1.0,1.0,1.0,0.0,0.0,1.0,1.0,0.3583
2810,1.0,1.0,1.0,0.3234,1.0,1.0,1.0,0.0,0.0,1.0,1.0,0.3902
2811,1.0,1.0,1.0,0.3831,1.0,1.0,1.0,0.0,0.0,1.0,1.0,0.3493
2812,1.0,1.0,1.0,0.473,1.0,1.0,1.0,0.0,0.0,1.0,1.0,0.4763
2813,1.0,1.0,1.0,0.4627,1.0,1.0,1.0,0.0,0.0,1.0,1.0,0.5183
2814,1.0,1.0,1.0,0.454,1.0,1.0,1.0,0.0999,0.0,1.0,1.0,0.4881
2815,1.0,1.0,1.0,0.6245,1.0,1.0,1.0,0.24,0.0,1.0,1.0,0.4047
2816,1.0,1.0,1.0,0.7443,1.0,1.0,1.0,0.3455,0.0,1.0,1.0,0.3929
2817,1.0,1.0,1.0,0.7807,1.0,1.0,1.0,0.4396,0.0,1.0,1.0,0.435
2818,1.0,1.0,1.0,0.8324,1.0,1.0,1.0,0.5053,0.0,1.0,1.0,0.4276
2819,1.0,1.0,1.0,0.8628,1.0,1.0,1.0,0.479,0.0,1.0,1.0,0.4125
2820,1.0,1.0,1.0,0.7933,1.0,1.0,1.0,0.5064,0.0,1.0,1.0,0.327
2821,1.0,1.0,1.0,0.7815,1.0,1.0,1.0,0.52,0.0,1.0,1.0,0.5158
2822,1.0,1.0,1.0,0.8511,1.0,1.0,1.0,0.4621,0.0,1.0,1.0,0.4923
2823,1.0,1.0,1.0,0.8729,1.0,1.0,1.0,0.389,0.0,1.0,1.0,0.3699
2824,1.0,1.0,1.0,0.8618,1.0,1.0,1.0,0.3117,0.0,1.0,1.0,0.2861
2825,1.0,1.0,1.0,0.9078,1.0,1.0,1.0,0.2426,0.0,1.0,1.0,0.2633
2826,1.0,1.0,1.0,0.9114,1.0,1.0,1.0,0.1092,0.0,1.0,1.0,0.416
2827,1.0,1.0,1.0,0.9248,1.0,1.0,1.0,0.0,0.0,1.0,1.0,0.3988
2828,1.0,1.0,1.0,0.9275,1.0,1.0,1.0,0.0,0.0,1.0,1.0,0.3656
2829,1.0,1.0,1.0,0.9337,1.0,1.0,1.0,0.0,0.0,1.0,1.0,0.4353
2830,1.0,1.0,1.0,0.9407,1.0,1.0,1.0,0.0,0.0,1.0,1.0,0.5117
2831,1.0,1.0,1.0,0.9577,1.0,1.0,1.0,0.0,0.0,1.0,1.0,0.5633
2832,1.0,1.0,1.0,0.9707,1.0,1.0,1.0,0.0,0.0,1.0,1.0,0.5707
2833,1.0,1.0,1.0,0.9616,1.0,1.0,1.0,0.0,0.0,1.0,1.0,0.467
2834,1.0,1.0,1.0,0.962,1.0,1.0,1.0,0.0,0.0,1.0,1.0,0.3982
2835,1.0,1.0,1.0,0.9724,1.0,1.0,1.0,0.0,0.0,1.0,1.0,0.273
2836,1.0,1.0,1.0,0.9675,1.0,1.0,1.0,0.0,0.0,1.0,1.0,0.2591
2837,1.0,1.0,1.0,0.9435,1.0,1.0,1.0,0.0,0.0,1.0,1.0,0.2333
2838,1.0,1.0,1.0,0.9165,1.0,1.0,1.0,0.1451,0.0,1.0,1.0,0.2041
2839,1.0,1.0,1.0,0.8822,1.0,1.0,1.0,0.3512,0.0,1.0,1.0,0.2237
2840,1.0,1.0,1.0,0.8552,1.0,1.0,1.0,0.518,0.0,1.0,1.0,0.1886
2841,1.0,1.0,1.0,0.8092,1.0,1.0,1.0,0.5723,0.0,1.0,1.0,0.1742
2842,1.0,1.0,1.0,0.8513,1.0,1.0,1.0,0.6932,0.0,1.0,1.0,0.1542
2843,1.0,1.0,1.0,0.8291,1.0,1.0,1.0,0.6555,0.0,1.0,1.0,0.1566
2844,1.0,1.0,1.0,0.8761,1.0,1.0,1.0,0.8226,0.0,1.0,1.0,0.1783
2845,1.0,1.0,1.0,0.8154,1.0,1.0,1.0,0.7718,0.0,1.0,1.0,0.1219
2846,1.0,1.0,1.0,0.7859,1.0,1.0,1.0,0.7063,0.0,1.0,1.0,0.1445
2847,1.0,1.0,1.0,0.7826,1.0,1.0,1.0,0.568,0.0,1.0,1.0,0.1605
2848,1.0,1.0,1.0,0.819,1.0,1.0,1.0,0.4628,0.0,1.0,1.0,0.1853
2849,1.0,1.0,1.0,0.8639,1.0,1.0,1.0,0.3236,0.0,1.0,1.0,0.196
2850,1.0,1.0,1.0,0.8302,1.0,1.0,1.0,0.1355,0.0,1.0,1.0,0.2202
2851,1.0,1.0,1.0,0.8665,1.0,1.0,1.0,0.0,0.0,1.0,1.0,0.1987
2852,1.0,1.0,1.0,0.7701,1.0,1.0,1.0,0.0,0.0,1.0,1.0,0.2281
2853,1.0,1.0,1.0,0.8117,1.0,1.0,1.0,0.0,0.0,1.0,1.0,0.3092
2854,1.0,1.0,1.0,0.7172,1.0,1.0,1.0,0.0,0.0,1.0,1.0,0.2738
2855,1.0,1.0,1.0,0.7393,1.0,1.0,1.0,0.0,0.0,1.0,1.0,0.2444
2856,1.0,1.0,1.0,0.7989,1.0,1.0,1.0,0.0,1.0,1.0,1.0,0.2878
2857,1.0,1.0,1.0,0.8364,1.0,1.0,1.0,0.0,1.0,1.0,1.0,0.2506
2858,1.0,1.0,1.0,0.7294,1.0,1.0,1.0,0.0,1.0,1.0,1.0,0.2081
2859,1.0,1.0,1.0,0.6875,1.0,1.0,1.0,0.0,1.0,1.0,1.0,0.2367
2860,1.0,1.0,1.0,0.7308,1.0,1.0,1.0,0.0,1.0,1.0,1.0,0.2127
2861,1.0,1.0,1.0,0.7672,1.0,1.0,1.0,0.0,1.0,1.0,1.0,0.2965
2862,1.0,1.0,1.0,0.7749,1.0,1.0,1.0,0.131,1.0,1.0,1.0,0.2643
2863,1.0,1.0,1.0,0.6014,1.0,1.0,1.0,0.3581,1.0,1.0,1.0,0.2138
2864,1.0,1.0,1.0,0.6902,1.0,1.0,1.0,0.5671,1.0,1.0,1.0,0.2164
2865,1.0,1.0,1.0,0.7759,1.0,1.0,1.0,0.7243,1.0,1.0,1.0,0.2464
2866,1.0,1.0,1.0,0.7764,1.0,1.0,1.0,0.743,1.0,1.0,1.0,0.27
2867,1.0,1.0,1.0,0.7808,1.0,1.0,1.0,0.8517,1.0,1.0,1.0,0.3103
2868,1.0,1.0,1.0,0.8008,1.0,1.0,1.0,0.8466,1.0,1.0,1.0,0.2708
2869,1.0,1.0,1.0,0.8634,1.0,1.0,1.0,0.8708,1.0,1.0,1.0,0.3576
2870,1.0,1.0,1.0,0.8652,1.0,1.0,1.0,0.7173,1.0,1.0,1.0,0.2369
2871,1.0,1.0,1.0,0.848,1.0,1.0,1.0,0.5878,1.0,1.0,1.0,0.193
2872,1.0,1.0,1.0,0.8562,1.0,1.0,1.0,0.5026,1.0,1.0,1.0,0.1984
2873,1.0,1.0,1.0,0.8468,1.0,1.0,1.0,0.3797,1.0,1.0,1.0,0.1651
2874,1.0,1.0,1.0,0.8377,1.0,1.0,1.0,0.1663,1.0,1.0,1.0,0.1541
2875,1.0,1.0,1.0,0.7225,1.0,1.0,1.0,0.0,1.0,1.0,1.0,0.1174
2876,1.0,1.0,1.0,0.7492,1.0,1.0,1.0,0.0,1.0,1.0,1.0,0.1138
2877,1.0,1.0,1.0,0.8106,1.0,1.0,1.0,0.0,1.0,1.0,1.0,0.1358
2878,1.0,1.0,1.0,0.852,1.0,1.0,1.0,0.0,1.0,1.0,1.0,0.1187
2879,1.0,1.0,1.0,0.8822,1.0,1.0,1.0,0.0,1.0,1.0,1.0,0.0932
2880,0.0,1.0,1.0,0.8708,1.0,1.0,1.0,0.0,1.0,1.0,1.0,0.0831
2881,0.0,1.0,1.0,0.8681,1.0,1.0,1.0,0.0,1.0,1.0,1.0,0.123
2882,0.0,1.0,1.0,0.9027,1.0,1.0,1.0,0.0,1.0,1.0,1.0,0.1758
2883,0.0,1.0,1.0,0.9203,1.0,1.0,1.0,0.0,1.0,1.0,1.0,0.156
2884,0.0,1.0,1.0,0.9466,1.0,1.0,1.0,0.0,1.0,1.0,1.0,0.1851
2885,0.0,1.0,1.0,0.9267,1.0,1.0,1.0,0.0,1.0,1.0,1.0,0.1874
2886,0.0,1.0,1.0,0.9008,1.0,1.0,1.0,0.1334,1.0,1.0,1.0,0.2697
2887,0.0,1.0,1.0,0.8814,1.0,1.0,1.0,0.2997,1.0,1.0,1.0,0.2846
2888,0.0,1.0,1.0,0.8317,1.0,1.0,1.0,0.4666,1.0,1.0,1.0,0.2714
2889,0.0,1.0,1.0,0.7446,1.0,1.0,1.0,0.589,1.0,1.0,1.0,0.3964
2890,0.0,1.0,1.0,0.7658,1.0,1.0,1.0,0.7905,1.0,1.0,1.0,0.32
2891,0.0,1.0,1.0,0.7811,1.0,1.0,1.0,0.8145,1.0,1.0,1.0,0.3448
2892,0.0,1.0,1.0,0.7863,1.0,1.0,1.0,0.7518,1.0,1.0,1.0,0.4583
2893,0.0,1.0,1.0,0.7974,1.0,1.0,1.0,0.8591,1.0,1.0,1.0,0.5121
2894,0.0,1.0,1.0,0.6898,1.0,1.0,1.0,0.6345,1.0,1.0,1.0,0.4396
2895,0.0,1.0,1.0,0.6433,1.0,1.0,1.0,0.5439,1.0,1.0,1.0,0.3673
2896,0.0,1.0,1.0,0.6111,1.0,1.0,1.0,0.4289,1.0,1.0,1.0,0.2606
2897,0.0,1.0,1.0,0.6078,1.0,1.0,1.0,0.2885,1.0,1.0,1.0,0.3739
2898,0.0,1.0,1.0,0.4742,1.0,1.0,1.0,0.1123,1.0,1.0,1.0,0.2852
2899,0.0,1.0,1.0,0.3912,1.0,1.0,1.0,0.0,1.0,1.0,1.0,0.3398
2900,0.0,1.0,1.0,0.3545,1.0,1.0,1.0,0.0,1.0,1.0,1.0,0.2375
2901,0.0,1.0,1.0,0.4432,1.0,1.0,1.0,0.0,1.0,1.0,1.0,0.4356
2902,0.0,1.0,1.0,0.4633,1.0,1.0,1.0,0.0,1.0,1.0,1.0,0.3214
2903,0.0,1.0,1.0,0.5492,1.0,1.0,1.0,0.0,1.0,1.0,1.0,0.3246
2904,0.0,1.0,1.0,0.5302,1.0,1.0,1.0,0.0,1.0,1.0,1.0,0.4209
2905,0.0,1.0,1.0,0.525,1.0,1.0,1.0,0.0,1.0,1.0,1.0,0.3593
2906,0.0,1.0,1.0,0.5632,1.0,1.0,1.0,0.0,1.0,1.0,1.0,0.4045
2907,0.0,1.0,1.0,0.5416,1.0,1.0,1.0,0.0,1.0,1.0,1.0,0.3783
2908,0.0,1.0,1.0,0.4813,1.0,1.0,1.0,0.0,1.0,1.0,1.0,0.4088
2909,0.0,1.0,1.0,0.3517,1.0,1.0,1.0,0.0,1.0,1.0,1.0,0.4994
2910,0.0,1.0,1.0,0.3057,1.0,1.0,1.0,0.0918,1.0,1.0,1.0,0.4563
2911,0.0,1.0,1.0,0.3727,1.0,1.0,1.0,0.196,1.0,1.0,1.0,0.582
2912,0.0,1.0,1.0,0.4797,1.0,1.0,1.0,0.3087,1.0,1.0,1.0,0.6039
2913,0.0,1.0,1.0,0.4092,1.0,1.0,1.0,0.4013,1.0,1.0,1.0,0.7442
2914,0.0,1.0,1.0,0.2727,1.0,1.0,1.0,0.4934,1.0,1.0,1.0,0.673
2915,0.0,1.0,1.0,0.3442,1.0,1.0,1.0,0.4944,1.0,1.0,1.0,0.6113
2916,0.0,1.0,1.0,0.3501,1.0,1.0,1.0,0.5365,1.0,1.0,1.0,0.5829
2917,0.0,1.0,1.0,0.2517,1.0,1.0,1.0,0.4987,1.0,1.0,1.0,0.4694
2918,0.0,1.0,1.0,0.1031,1.0,1.0,1.0,0.4337,1.0,1.0,1.0,0.5454
2919,0.0,1.0,1.0,0.0792,1.0,1.0,1.0,0.2891,1.0,1.0,1.0,0.5318
2920,0.0,1.0,1.0,0.0718,1.0,1.0,1.0,0.245,1.0,1.0,1.0,0.4254
2921,0.0,1.0,1.0,0.052,1.0,1.0,1.0,0.2064,1.0,1.0,1.0,0.3538
2922,0.0,1.0,1.0,0.0697,1.0,1.0,1.0,0.0969,1.0,1.0,1.0,0.2866
2923,0.0,1.0,1.0,0.0565,1.0,1.0,1.0,0.0,1.0,1.0,1.0,0.358
2924,0.0,1.0,1.0,0.0604,1.0,1.0,1.0,0.0,1.0,1.0,1.0,0.3943
2925,0.0,1.0,1.0,0.1359,1.0,1.0,1.0,0.0,1.0,1.0,1.0,0.3809
2926,0.0,1.0,1.0,0.1455,1.0,1.0,1.0,0.0,1.0,1.0,1.0,0.3493
2927,0.0,1.0,1.0,0.1448,1.0,1.0,1.0,0.0,1.0,1.0,1.0,0.3296
2928,0.0,1.0,1.0,0.144,1.0,1.0,1.0,0.0,1.0,1.0,1.0,0.4755
2929,0.0,1.0,1.0,0.1805,1.0,1.0,1.0,0.0,1.0,1.0,1.0,0.4501
2930,0.0,1.0,1.0,0.215,1.0,1.0,1.0,0.0,1.0,1.0,1.0,0.5206
2931,0.0,1.0,1.0,0.1645,1.0,1.0,1.0,0.0,1.0,1.0,1.0,0.4854
2932,0.0,1.0,1.0,0.1495,1.0,1.0,1.0,0.0,1.0,1.0,1.0,0.6246
2933,0.0,1.0,1.0,0.1259,1.0,1.0,1.0,0.0,1.0,1.0,1.0,0.511
2934,0.0,1.0,1.0,0.1196,1.0,1.0,1.0,0.1755,1.0,1.0,1.0,0.5749
2935,0.0,1.0,1.0,0.2116,1.0,1.0,1.0,0.3446,1.0,1.0,1.0,0.5009
2936,0.0,1.0,1.0,0.2539,1.0,1.0,1.0,0.5006,1.0,1.0,1.0,0.6803
2937,0.0,1.0,1.0,0.2513,1.0,1.0,1.0,0.6254,1.0,1.0,1.0,0.7218
2938,0.0,1.0,1.0,0.345,1.0,1.0,1.0,0.7515,1.0,1.0,1.0,0.5757
2939,0.0,1.0,1.0,0.3603,1.0,1.0,1.0,0.923,1.0,1.0,1.0,0.4867
2940,0.0,1.0,1.0,0.2408,1.0,1.0,1.0,0.9478,1.0,1.0,1.0,0.5412
2941,0.0,1.0,1.0,0.366,1.0,1.0,1.0,0.923,1.0,1.0,1.0,0.5907
2942,0.0,1.0,1.0,0.3531,1.0,1.0,1.0,0.8016,1.0,1.0,1.0,0.6311
2943,0.0,1.0,1.0,0.1986,1.0,1.0,1.0,0.6725,1.0,1.0,1.0,0.6347
2944,0.0,1.0,1.0,0.1266,1.0,1.0,1.0,0.485,1.0,1.0,1.0,0.5989
2945,0.0,1.0,1.0,0.183,1.0,1.0,1.0,0.3329,1.0,1.0,1.0,0.6783
2946,0.0,1.0,1.0,0.1167,1.0,1.0,1.0,0.121,1.0,1.0,1.0,0.5982
2947,0.0,1.0,1.0,0.1811,1.0,1.0,1.0,0.0,1.0,1.0,1.0,0.5943
2948,0.0,1.0,1.0,0.1895,1.0,1.0,1.0,0.0,1.0,1.0,1.0,0.5324
2949,0.0,1.0,1.0,0.2355,1.0,1.0,1.0,0.0,1.0,1.0,1.0,0.4645
2950,0.0,1.0,1.0,0.2227,1.0,1.0,1.0,0.0,1.0,1.0,1.0,0.4202
2951,0.0,1.0,1.0,0.2597,1.0,1.0,1.0,0.0,1.0,1.0,1.0,0.356
2952,0.0,1.0,1.0,0.2822,1.0,1.0,1.0,0.0,1.0,1.0,1.0,0.3975
2953,0.0,1.0,1.0,0.2815,1.0,1.0,1.0,0.0,1.0,1.0,1.0,0.2802
2954,0.0,1.0,1.0,0.2141,1.0,1.0,1.0,0.0,1.0,1.0,1.0,0.3126
2955,0.0,1.0,1.0,0.2397,1.0,1.0,1.0,0.0,1.0,1.0,1.0,0.267
2956,0.0,1.0,1.0,0.1451,1.0,1.0,1.0,0.0,1.0,1.0,1.0,0.2705
2957,0.0,1.0,1.0,0.1958,1.0,1.0,1.0,0.0,1.0,1.0,1.0,0.2603
2958,0.0,1.0,1.0,0.2109,1.0,1.0,1.0,0.1617,1.0,1.0,1.0,0.2295
2959,0.0,1.0,1.0,0.2431,1.0,1.0,1.0,0.3774,1.0,1.0,1.0,0.3156
2960,0.0,1.0,1.0,0.1155,1.0,1.0,1.0,0.5591,1.0,1.0,1.0,0.2882
2961,0.0,1.0,1.0,0.0841,1.0,1.0,1.0,0.6475,1.0,1.0,1.0,0.342
2962,0.0,1.0,1.0,0.0751,1.0,1.0,1.0,0.8409,1.0,1.0,1.0,0.3995
2963,0.0,1.0,1.0,0.0981,1.0,1.0,1.0,0.875,1.0,1.0,1.0,0.3742
2964,0.0,1.0,1.0,0.0759,1.0,1.0,1.0,0.9234,1.0,1.0,1.0,0.2764
2965,0.0,1.0,1.0,0.1749,1.0,1.0,1.0,0.879,1.0,1.0,1.0,0.22
2966,0.0,1.0,1.0,0.1658,1.0,1.0,1.0,0.852,1.0,1.0,1.0,0.3092
2967,0.0,1.0,1.0,0.1256,1.0,1.0,1.0,0.7346,1.0,1.0,1.0,0.3473
2968,0.0,1.0,1.0,0.1228,1.0,1.0,1.0,0.5789,1.0,1.0,1.0,0.3574
2969,0.0,1.0,1.0,0.0946,1.0,1.0,1.0,0.393,1.0,1.0,1.0,0.3119
2970,0.0,1.0,1.0,0.0676,1.0,1.0,1.0,0.1866,1.0,1.0,1.0,0.4539
2971,0.0,1.0,1.0,0.0989,1.0,1.0,1.0,0.0,1.0,1.0,1.0,0.376
2972,0.0,1.0,1.0,0.1211,1.0,1.0,1.0,0.0,1.0,1.0,1.0,0.3856
2973,0.0,1.0,1.0,0.1468,1.0,1.0,1.0,0.0,1.0,1.0,1.0,0.4256
2974,0.0,1.0,1.0,0.2178,1.0,1.0,1.0,0.0,1.0,1.0,1.0,0.3162
2975,0.0,1.0,1.0,0.252,1.0,1.0,1.0,0.0,1.0,1.0,1.0,0.2617
2976,0.0,1.0,1.0,0.1889,1.0,1.0,1.0,0.0,1.0,1.0,1.0,0.2315
2977,0.0,1.0,1.0,0.2343,1.0,1.0,1.0,0.0,1.0,1.0,1.0,0.2919
2978,0.0,1.0,1.0,0.1734,1.0,1.0,1.0,0.0,1.0,1.0,1.0,0.2618
2979,0.0,1.0,1.0,0.1544,1.0,1.0,1.0,0.0,1.0,1.0,1.0,0.1777
2980,0.0,1.0,1.0,0.1565,1.0,1.0,1.0,0.0,1.0,1.0,1.0,0.1144
2981,0.0,1.0,1.0,0.1539,1.0,1.0,1.0,0.0,1.0,1.0,1.0,0.093
2982,0.0,1.0,1.0,0.0913,1.0,1.0,1.0,0.1427,1.0,1.0,1.0,0.0599
2983,0.0,1.0,1.0,0.07,1.0,1.0,1.0,0.3246,1.0,1.0,1.0,0.0812
2984,0.0,1.0,1.0,0.0734,1.0,1.0,1.0,0.4171,1.0,1.0,1.0,0.1096
2985,0.0,1.0,1.0,0.0635,1.0,1.0,1.0,0.5048,1.0,1.0,1.0,0.1137
2986,0.0,1.0,1.0,0.0966,1.0,1.0,1.0,0.5478,1.0,1.0,1.0,0.1084
2987,0.0,1.0,1.0,0.1502,1.0,1.0,1.0,0.5917,1.0,1.0,1.0,0.1408
2988,0.0,1.0,1.0,0.1099,1.0,1.0,1.0,0.7324,1.0,1.0,1.0,0.1776
2989,0.0,1.0,1.0,0.1164,1.0,1.0,1.0,0.7836,1.0,1.0,1.0,0.1352
2990,0.0,1.0,1.0,0.193,1.0,1.0,1.0,0.6897,1.0,1.0,1.0,0.1071
2991,0.0,1.0,1.0,0.1895,1.0,1.0,1.0,0.5699,1.0,1.0,1.0,0.1378
2992,0.0,1.0,1.0,0.1721,1.0,1.0,1.0,0.4955,1.0,1.0,1.0,0.1534
2993,0.0,1.0,1.0,0.2243,1.0,1.0,1.0,0.3005,1.0,1.0,1.0,0.1873
2994,0.0,1.0,1.0,0.2111,1.0,1.0,1.0,0.1463,1.0,1.0,1.0,0.1467
2995,0.0,1.0,1.0,0.2989,1.0,1.0,1.0,0.0,1.0,1.0,1.0,0.1198
2996,0.0,1.0,1.0,0.2585,1.0,1.0,1.0,0.0,1.0,1.0,1.0,0.1423
2997,0.0,1.0,1.0,0.2303,1.0,1.0,1.0,0.0,1.0,1.0,1.0,0.1187
2998,0.0,1.0,1.0,0.2864,1.0,1.0,1.0,0.0,1.0,1.0,1.0,0.0758
2999,0.0,1.0,1.0,0.2955,1.0,1.0,1.0,0.0,1.0,1.0,1.0,0.064
3000,0.0,1.0,1.0,0.3029,1.0,1.0,1.0,0.0,1.0,1.0,1.0,0.0625
3001,0.0,1.0,1.0,0.1831,1.0,1.0,1.0,0.0,1.0,1.0,1.0,0.1135
3002,0.0,1.0,1.0,0.1689,1.0,1.0,1.0,0.0,1.0,1.0,1.0,0.0902
3003,0.0,1.0,1.0,0.2206,1.0,1.0,1.0,0.0,1.0,1.0,1.0,0.0922
3004,0.0,1.0,1.0,0.1798,1.0,1.0,1.0,0.0,1.0,1.0,1.0,0.1783
3005,0.0,1.0,1.0,0.2235,1.0,1.0,1.0,0.0,1.0,1.0,1.0,0.1314
3006,0.0,1.0,1.0,0.2436,1.0,1.0,1.0,0.1935,1.0,1.0,1.0,0.1645
3007,0.0,1.0,1.0,0.2336,1.0,1.0,1.0,0.3993,1.0,1.0,1.0,0.1359
3008,0.0,1.0,1.0,0.3327,1.0,1.0,1.0,0.5845,1.0,1.0,1.0,0.1574
3009,0.0,1.0,1.0,0.3072,1.0,1.0,1.0,0.7395,1.0,1.0,1.0,0.3028
3010,0.0,1.0,1.0,0.2886,1.0,1.0,1.0,0.8197,1.0,1.0,1.0,0.3644
3011,0.0,1.0,1.0,0.2753,1.0,1.0,1.0,0.8634,1.0,1.0,1.0,0.3751
3012,0.0,1.0,1.0,0.283,1.0,1.0,1.0,0.7963,1.0,1.0,1.0,0.299
3013,0.0,1.0,1.0,0.3425,1.0,1.0,1.0,0.67,1.0,1.0,1.0,0.2866
3014,0.0,1.0,1.0,0.2374,1.0,1.0,1.0,0.7113,1.0,1.0,1.0,0.2485
3015,0.0,1.0,1.0,0.3001,1.0,1.0,1.0,0.543,1.0,1.0,1.0,0.1672
3016,0.0,1.0,1.0,0.3065,1.0,1.0,1.0,0.4016,1.0,1.0,1.0,0.089
3017,0.0,1.0,1.0,0.3504,1.0,1.0,1.0,0.2537,1.0,1.0,1.0,0.071
3018,0.0,1.0,1.0,0.5547,1.0,1.0,1.0,0.1447,1.0,1.0,1.0,0.0738
3019,0.0,1.0,1.0,0.5038,1.0,1.0,1.0,0.0,1.0,1.0,1.0,0.1105
3020,0.0,1.0,1.0,0.3934,1.0,1.0,1.0,0.0,1.0,1.0,1.0,0.0906
3021,0.0,1.0,1.0,0.4083,1.0,1.0,1.0,0.0,1.0,1.0,1.0,0.1003
3022,0.0,1.0,1.0,0.4365,1.0,1.0,1.0,0.0,1.0,1.0,1.0,0.0602
3023,0.0,1.0,1.0,0.5096,1.0,1.0,1.0,0.0,1.0,1.0,1.0,0.0488
3024,0.0,1.0,1.0,0.4551,1.0,1.0,1.0,0.0,1.0,1.0,1.0,0.0225
3025,0.0,1.0,1.0,0.3812,1.0,1.0,1.0,0.0,1.0,1.0,1.0,0.0521
3026,0.0,1.0,1.0,0.2639,1.0,1.0,1.0,0.0,1.0,1.0,1.0,0.0591
3027,0.0,1.0,1.0,0.1835,1.0,1.0,1.0,0.0,1.0,1.0,1.0,0.0659
3028,0.0,1.0,1.0,0.1662,1.0,1.0,1.0,0.0,1.0,1.0,1.0,0.0825
3029,0.0,1.0,1.0,0.1646,1.0,1.0,1.0,0.0,1.0,1.0,1.0,0.1862
3030,0.0,1.0,1.0,0.2948,1.0,1.0,1.0,0.1028,1.0,1.0,1.0,0.1669
3031,0.0,1.0,1.0,0.1888,1.0,1.0,1.0,0.2307,1.0,1.0,1.0,0.1271
3032,0.0,1.0,1.0,0.2115,1.0,1.0,1.0,0.3017,1.0,1.0,1.0,0.2326
3033,0.0,1.0,1.0,0.1752,1.0,1.0,1.0,0.3664,1.0,1.0,1.0,0.1662
3034,0.0,1.0,1.0,0.1909,1.0,1.0,1.0,0.4102,1.0,1.0,1.0,0.2433
3035,0.0,1.0,1.0,0.1661,1.0,1.0,1.0,0.5497,1.0,1.0,1.0,0.2403
3036,0.0,1.0,1.0,0.2276,1.0,1.0,1.0,0.6275,1.0,1.0,1.0,0.2711
3037,0.0,1.0,1.0,0.3006,1.0,1.0,1.0,0.617,1.0,1.0,1.0,0.1844
3038,0.0,0.0,1.0,0.2936,1.0,1.0,1.0,0.536,1.0,1.0,1.0,0.3639
3039,0.0,0.0,1.0,0.4092,1.0,1.0,1.0,0.5264,1.0,1.0,1.0,0.3318
3040,0.0,0.0,1.0,0.4727,1.0,1.0,1.0,0.5092,1.0,1.0,1.0,0.2791
3041,0.0,0.0,1.0,0.5896,1.0,1.0,1.0,0.3473,1.0,1.0,1.0,0.3202
3042,0.0,0.0,1.0,0.5786,1.0,1.0,1.0,0.1445,1.0,1.0,1.0,0.2728
3043,0.0,0.0,1.0,0.6505,1.0,1.0,1.0,0.0,1.0,1.0,1.0,0.3043
3044,0.0,0.0,1.0,0.578,1.0,1.0,1.0,0.0,1.0,1.0,1.0,0.2196
3045,0.0,0.0,1.0,0.4954,1.0,1.0,1.0,0.0,1.0,1.0,1.0,0.2309
3046,0.0,0.0,1.0,0.6739,1.0,1.0,1.0,0.0,1.0,1.0,1.0,0.1974
3047,0.0,0.0,1.0,0.5756,1.0,1.0,1.0,0.0,1.0,1.0,1.0,0.1599
3048,0.0,0.0,1.0,0.5285,1.0,1.0,1.0,0.0,1.0,1.0,1.0,0.122
3049,0.0,0.0,1.0,0.3605,1.0,1.0,1.0,0.0,1.0,1.0,1.0,0.164
3050,0.0,0.0,1.0,0.2949,1.0,1.0,1.0,0.0,1.0,1.0,1.0,0.1509
3051,0.0,0.0,1.0,0.2292,1.0,1.0,1.0,0.0,1.0,1.0,1.0,0.1462
3052,0.0,0.0,1.0,0.193,1.0,1.0,1.0,0.0,1.0,1.0,1.0,0.1698
3053,0.0,0.0,1.0,0.2138,1.0,1.0,1.0,0.0,1.0,1.0,1.0,0.2378
3054,0.0,0.0,1.0,0.251,1.0,1.0,1.0,0.13,1.0,1.0,1.0,0.1857
3055,0.0,0.0,1.0,0.1927,1.0,1.0,1.0,0.2282,1.0,1.0,1.0,0.2008
3056,0.0,0.0,1.0,0.1564,1.0,1.0,1.0,0.3571,1.0,1.0,1.0,0.1567
3057,0.0,0.0,1.0,0.2184,1.0,1.0,1.0,0.5121,1.0,1.0,1.0,0.1506
3058,0.0,0.0,1.0,0.3408,1.0,1.0,1.0,0.617,1.0,1.0,1.0,0.2092
3059,0.0,0.0,1.0,0.4453,1.0,1.0,1.0,0.773,1.0,1.0,1.0,0.1057
3060,0.0,0.0,1.0,0.3081,1.0,1.0,1.0,0.7084,1.0,1.0,1.0,0.0817
3061,0.0,0.0,1.0,0.4043,1.0,1.0,1.0,0.6415,1.0,1.0,1.0,0.0792
3062,0.0,0.0,1.0,0.563,1.0,1.0,1.0,0.5741,1.0,1.0,1.0,0.0936
3063,0.0,0.0,1.0,0.4091,1.0,1.0,1.0,0.706,1.0,1.0,1.0,0.1418
3064,0.0,0.0,1.0,0.5007,1.0,1.0,1.0,0.5778,1.0,1.0,1.0,0.0859
3065,0.0,0.0,1.0,0.5155,1.0,1.0,1.0,0.4054,1.0,1.0,1.0,0.139
3066,0.0,0.0,1.0,0.4816,1.0,1.0,1.0,0.2001,1.0,1.0,1.0,0.1664
3067,0.0,0.0,1.0,0.4865,1.0,1.0,1.0,0.0,1.0,1.0,1.0,0.1582
3068,0.0,0.0,1.0,0.5208,1.0,1.0,1.0,0.0,1.0,1.0,1.0,0.1034
3069,0.0,0.0,1.0,0.6146,1.0,1.0,1.0,0.0,1.0,1.0,1.0,0.0894
3070,0.0,0.0,1.0,0.6943,1.0,1.0,1.0,0.0,1.0,1.0,1.0,0.1282
3071,0.0,0.0,1.0,0.5618,1.0,1.0,1.0,0.0,1.0,1.0,1.0,0.133
3072,0.0,0.0,1.0,0.4962,1.0,1.0,1.0,0.0,1.0,1.0,1.0,0.1282
3073,0.0,0.0,1.0,0.4995,1.0,1.0,1.0,0.0,1.0,1.0,1.0,0.0976
3074,0.0,0.0,1.0,0.6292,1.0,1.0,1.0,0.0,1.0,1.0,1.0,0.1273
3075,0.0,0.0,1.0,0.3866,1.0,1.0,1.0,0.0,1.0,1.0,1.0,0.1251
3076,0.0,0.0,1.0,0.3359,1.0,1.0,1.0,0.0,1.0,1.0,1.0,0.1198
3077,0.0,0.0,1.0,0.2287,1.0,1.0,1.0,0.0,1.0,1.0,1.0,0.1199
3078,0.0,0.0,1.0,0.1573,1.0,1.0,1.0,0.1579,1.0,1.0,1.0,0.1012
3079,0.0,0.0,1.0,0.2137,1.0,1.0,1.0,0.3827,1.0,1.0,1.0,0.081
3080,0.0,0.0,1.0,0.187,1.0,1.0,1.0,0.5637,1.0,1.0,1.0,0.0515
3081,0.0,0.0,1.0,0.0943,1.0,1.0,1.0,0.7101,1.0,1.0,1.0,0.0445
3082,0.0,0.0,1.0,0.0937,1.0,1.0,1.0,0.7974,1.0,1.0,1.0,0.0258
3083,0.0,0.0,1.0,0.1811,1.0,1.0,1.0,0.9266,1.0,1.0,1.0,0.033
3084,0.0,0.0,1.0,0.1076,1.0,1.0,1.0,0.959,1.0,1.0,1.0,0.0284
3085,0.0,0.0,1.0,0.1318,1.0,1.0,1.0,0.9346,1.0,1.0,1.0,0.0269
3086,0.0,0.0,1.0,0.2142,1.0,1.0,1.0,0.8625,1.0,1.0,1.0,0.0287
3087,0.0,0.0,1.0,0.2145,1.0,1.0,1.0,0.6547,1.0,1.0,1.0,0.0236
3088,0.0,0.0,1.0,0.3534,1.0,1.0,1.0,0.4829,1.0,1.0,1.0,0.02
3089,0.0,0.0,1.0,0.3022,1.0,1.0,1.0,0.3523,1.0,1.0,1.0,0.0204
3090,0.0,0.0,1.0,0.4194,1.0,1.0,1.0,0.1682,1.0,1.0,1.0,0.0423
3091,0.0,0.0,1.0,0.522,1.0,1.0,1.0,0.0,1.0,1.0,1.0,0.0611
3092,0.0,0.0,1.0,0.5136,1.0,1.0,1.0,0.0,1.0,1.0,1.0,0.0973
3093,0.0,0.0,1.0,0.3805,1.0,1.0,1.0,0.0,1.0,1.0,1.0,0.0666
3094,0.0,1.0,1.0,0.3008,1.0,1.0,1.0,0.0,1.0,1.0,1.0,0.0658
3095,0.0,1.0,1.0,0.16,1.0,1.0,1.0,0.0,1.0,1.0,1.0,0.0649
3096,0.0,1.0,1.0,0.193,1.0,1.0,1.0,0.0,1.0,1.0,1.0,0.107
3097,0.0,1.0,1.0,0.2242,1.0,1.0,1.0,0.0,1.0,1.0,1.0,0.1464
3098,0.0,1.0,1.0,0.2321,1.0,1.0,1.0,0.0,1.0,1.0,1.0,0.1427
3099,0.0,1.0,1.0,0.2273,1.0,1.0,1.0,0.0,1.0,1.0,1.0,0.0714
3100,0.0,1.0,1.0,0.3247,1.0,1.0,1.0,0.0,1.0,1.0,1.0,0.0512
3101,0.0,1.0,1.0,0.3484,1.0,1.0,1.0,0.0,1.0,1.0,1.0,0.0669
3102,0.0,1.0,1.0,0.3055,1.0,1.0,1.0,0.2065,1.0,1.0,1.0,0.0633
3103,0.0,1.0,1.0,0.3175,1.0,1.0,1.0,0.4112,1.0,1.0,1.0,0.0643
3104,0.0,1.0,1.0,0.4885,1.0,1.0,1.0,0.5951,1.0,1.0,1.0,0.0826
3105,0.0,1.0,1.0,0.5382,1.0,1.0,1.0,0.7488,1.0,1.0,1.0,0.123
3106,0.0,1.0,1.0,0.498,1.0,1.0,1.0,0.8645,1.0,1.0,1.0,0.0995
3107,0.0,1.0,1.0,0.4891,1.0,1.0,1.0,0.8839,1.0,1.0,1.0,0.124
3108,0.0,1.0,1.0,0.525,1.0,1.0,1.0,0.8964,1.0,1.0,1.0,0.2046
3109,0.0,1.0,1.0,0.4824,1.0,1.0,1.0,0.9364,1.0,1.0,1.0,0.301
3110,0.0,1.0,1.0,0.4337,1.0,1.0,1.0,0.862,1.0,1.0,1.0,0.2634
3111,0.0,1.0,1.0,0.4297,1.0,1.0,1.0,0.5855,1.0,1.0,1.0,0.285
3112,0.0,1.0,1.0,0.559,1.0,1.0,1.0,0.4196,1.0,1.0,1.0,0.3419
3113,0.0,1.0,1.0,0.6194,1.0,1.0,1.0,0.315,1.0,1.0,1.0,0.3422
3114,0.0,1.0,1.0,0.5766,1.0,1.0,1.0,0.151,1.0,1.0,1.0,0.3216
3115,0.0,1.0,1.0,0.6419,1.0,1.0,1.0,0.0,1.0,1.0,1.0,0.2051
3116,0.0,1.0,1.0,0.6339,1.0,1.0,1.0,0.0,1.0,1.0,1.0,0.1621
3117,0.0,1.0,1.0,0.6532,1.0,1.0,1.0,0.0,1.0,1.0,1.0,0.1345
3118,0.0,1.0,1.0,0.6643,1.0,1.0,1.0,0.0,1.0,1.0,1.0,0.0934
3119,0.0,1.0,1.0,0.4759,1.0,1.0,1.0,0.0,1.0,1.0,1.0,0.1005
3120,0.0,1.0,1.0,0.2332,1.0,1.0,1.0,0.0,1.0,1.0,1.0,0.135
3121,0.0,1.0,1.0,0.2506,1.0,1.0,1.0,0.0,1.0,1.0,1.0,0.1219
3122,0.0,1.0,1.0,0.2008,1.0,1.0,1.0,0.0,1.0,1.0,1.0,0.0623
3123,0.0,1.0,1.0,0.1263,1.0,1.0,1.0,0.0,1.0,1.0,1.0,0.0631
3124,0.0,1.0,1.0,0.1012,1.0,1.0,1.0,0.0,1.0,1.0,1.0,0.0727
3125,0.0,1.0,1.0,0.14,1.0,1.0,1.0,0.0,1.0,1.0,1.0,0.0814
3126,0.0,1.0,1.0,0.1603,1.0,1.0,1.0,0.1298,1.0,1.0,1.0,0.0673
3127,0.0,1.0,1.0,0.2048,1.0,1.0,1.0,0.2402,1.0,1.0,1.0,0.0476
3128,0.0,1.0,1.0,0.2354,1.0,1.0,1.0,0.3597,1.0,1.0,1.0,0.0677
3129,0.0,1.0,1.0,0.1847,1.0,1.0,1.0,0.4933,1.0,1.0,1.0,0.0797
3130,0.0,1.0,1.0,0.2335,1.0,1.0,1.0,0.6486,1.0,1.0,1.0,0.0668
3131,0.0,1.0,1.0,0.2752,1.0,1.0,1.0,0.7316,1.0,1.0,1.0,0.0427
3132,0.0,1.0,1.0,0.2688,1.0,1.0,1.0,0.8092,1.0,1.0,1.0,0.0491
3133,0.0,1.0,1.0,0.2748,1.0,1.0,1.0,0.7087,1.0,1.0,1.0,0.0386
3134,0.0,1.0,1.0,0.3352,1.0,1.0,1.0,0.736,1.0,1.0,1.0,0.047
3135,0.0,1.0,1.0,0.2795,1.0,1.0,1.0,0.4399,1.0,1.0,1.0,0.0527
3136,0.0,1.0,1.0,0.364,1.0,1.0,1.0,0.4389,1.0,1.0,1.0,0.1089
3137,0.0,1.0,1.0,0.41,1.0,1.0,1.0,0.3535,1.0,1.0,1.0,0.1099
3138,0.0,1.0,1.0,0.4079,1.0,1.0,1.0,0.1914,1.0,1.0,1.0,0.2052
3139,0.0,1.0,1.0,0.5385,1.0,1.0,1.0,0.0,1.0,1.0,1.0,0.2124
3140,0.0,1.0,1.0,0.4197,1.0,1.0,1.0,0.0,1.0,1.0,1.0,0.178
3141,0.0,1.0,1.0,0.3786,1.0,1.0,1.0,0.0,1.0,1.0,1.0,0.1325
3142,0.0,1.0,1.0,0.323,1.0,1.0,1.0,0.0,1.0,1.0,1.0,0.1038
3143,0.0,1.0,1.0,0.3514,1.0,1.0,1.0,0.0,1.0,1.0,1.0,0.1228
3144,0.0,1.0,1.0,0.4475,1.0,1.0,1.0,0.0,1.0,1.0,1.0,0.1304
3145,0.0,1.0,1.0,0.3614,1.0,1.0,1.0,0.0,1.0,1.0,1.0,0.0752
3146,0.0,1.0,1.0,0.642,1.0,1.0,1.0,0.0,1.0,1.0,1.0,0.1088
3147,0.0,1.0,1.0,0.5779,1.0,1.0,1.0,0.0,1.0,1.0,1.0,0.1752
3148,0.0,1.0,1.0,0.6011,1.0,1.0,1.0,0.0,1.0,1.0,1.0,0.1019
3149,0.0,1.0,1.0,0.5934,1.0,1.0,1.0,0.0,1.0,1.0,1.0,0.144
3150,0.0,1.0,1.0,0.5896,1.0,1.0,1.0,0.1548,1.0,1.0,1.0,0.2377
3151,0.0,1.0,1.0,0.5133,1.0,1.0,1.0,0.3407,1.0,1.0,1.0,0.1437
3152,0.0,1.0,1.0,0.5998,1.0,1.0,1.0,0.5395,1.0,1.0,1.0,0.1278
3153,0.0,1.0,1.0,0.5182,1.0,1.0,1.0,0.7197,1.0,1.0,1.0,0.101
3154,0.0,1.0,1.0,0.3615,1.0,1.0,1.0,0.8684,1.0,1.0,1.0,0.1411
3155,0.0,1.0,1.0,0.2758,1.0,1.0,1.0,0.9399,1.0,1.0,1.0,0.1275
3156,0.0,1.0,1.0,0.3891,1.0,1.0,1.0,0.9642,1.0,1.0,1.0,0.114
3157,0.0,1.0,1.0,0.4948,1.0,1.0,1.0,0.9399,1.0,1.0,1.0,0.1339
3158,0.0,1.0,1.0,0.3223,1.0,1.0,1.0,0.8684,1.0,1.0,1.0,0.2157
3159,0.0,1.0,1.0,0.3877,1.0,1.0,1.0,0.7192,1.0,1.0,1.0,0.2142
3160,0.0,1.0,1.0,0.2391,1.0,1.0,1.0,0.5003,1.0,1.0,1.0,0.1898
3161,0.0,1.0,1.0,0.2399,1.0,1.0,1.0,0.3001,1.0,1.0,1.0,0.1775
3162,0.0,1.0,1.0,0.1734,1.0,1.0,1.0,0.1255,1.0,1.0,1.0,0.217
3163,0.0,1.0,1.0,0.2272,1.0,1.0,1.0,0.0,1.0,1.0,1.0,0.1498
3164,0.0,1.0,1.0,0.2662,1.0,1.0,1.0,0.0,1.0,1.0,1.0,0.1524
3165,0.0,1.0,1.0,0.3405,1.0,1.0,1.0,0.0,1.0,1.0,1.0,0.1173
3166,0.0,1.0,1.0,0.3175,1.0,1.0,1.0,0.0,1.0,1.0,1.0,0.0828
3167,0.0,1.0,1.0,0.3036,1.0,1.0,1.0,0.0,1.0,1.0,1.0,0.0457
3168,0.0,1.0,1.0,0.2042,1.0,1.0,1.0,0.0,1.0,1.0,1.0,0.0405
3169,0.0,1.0,1.0,0.1543,1.0,1.0,1.0,0.0,1.0,1.0,1.0,0.0619
3170,0.0,1.0,1.0,0.2077,1.0,1.0,1.0,0.0,1.0,1.0,1.0,0.0337
3171,0.0,1.0,1.0,0.233,1.0,1.0,1.0,0.0,1.0,1.0,1.0,0.0434
3172,0.0,1.0,1.0,0.2423,1.0,1.0,1.0,0.0,1.0,1.0,1.0,0.0372
3173,0.0,1.0,1.0,0.3351,1.0,1.0,1.0,0.0005,1.0,1.0,1.0,0.0278
3174,0.0,1.0,1.0,0.2422,1.0,1.0,1.0,0.1006,1.0,1.0,1.0,0.0338
3175,0.0,1.0,1.0,0.2942,1.0,1.0,1.0,0.2275,1.0,1.0,1.0,0.0563
3176,0.0,1.0,1.0,0.2171,1.0,1.0,1.0,0.3156,1.0,1.0,1.0,0.0965
3177,0.0,1.0,1.0,0.3213,1.0,1.0,1.0,0.5141,1.0,1.0,1.0,0.1094
3178,0.0,1.0,1.0,0.3645,1.0,1.0,1.0,0.5963,1.0,1.0,1.0,0.1106
3179,0.0,1.0,1.0,0.4446,1.0,1.0,1.0,0.6532,1.0,1.0,1.0,0.1288
3180,0.0,1.0,1.0,0.3817,1.0,1.0,1.0,0.7458,1.0,1.0,1.0,0.2664
3181,0.0,1.0,1.0,0.5682,1.0,1.0,1.0,0.6085,1.0,1.0,1.0,0.2476
3182,0.0,1.0,1.0,0.7201,1.0,1.0,1.0,0.6036,1.0,1.0,1.0,0.3303
3183,0.0,1.0,1.0,0.7401,1.0,1.0,1.0,0.5136,1.0,1.0,1.0,0.2851
3184,0.0,1.0,1.0,0.803,1.0,1.0,1.0,0.4695,1.0,1.0,1.0,0.2299
3185,0.0,1.0,1.0,0.7749,1.0,1.0,1.0,0.3082,1.0,1.0,1.0,0.3591
3186,0.0,1.0,1.0,0.6758,1.0,1.0,1.0,0.1639,1.0,1.0,1.0,0.3572
3187,0.0,1.0,1.0,0.7251,1.0,1.0,1.0,0.0006,1.0,1.0,1.0,0.3735
3188,0.0,1.0,1.0,0.6452,1.0,1.0,1.0,0.0,1.0,1.0,1.0,0.4166
3189,0.0,1.0,1.0,0.7345,1.0,1.0,1.0,0.0,1.0,1.0,1.0,0.3396
3190,0.0,1.0,1.0,0.7913,1.0,1.0,1.0,0.0,1.0,1.0,1.0,0.3048
3191,0.0,1.0,1.0,0.7948,1.0,1.0,1.0,0.0,1.0,1.0,1.0,0.2591
3192,0.0,1.0,1.0,0.7934,1.0,1.0,1.0,0.0,1.0,1.0,1.0,0.2811
3193,0.0,1.0,1.0,0.8362,1.0,1.0,1.0,0.0,1.0,1.0,1.0,0.3081
3194,0.0,1.0,1.0,0.8397,1.0,1.0,1.0,0.0,1.0,1.0,1.0,0.2648
3195,0.0,1.0,1.0,0.809,1.0,1.0,1.0,0.0,1.0,1.0,1.0,0.4237
3196,0.0,1.0,1.0,0.7004,1.0,1.0,1.0,0.0,1.0,1.0,1.0,0.4172
3197,0.0,1.0,1.0,0.7573,1.0,1.0,1.0,0.0032,1.0,1.0,1.0,0.422
3198,0.0,1.0,1.0,0.7705,1.0,1.0,1.0,0.1624,1.0,1.0,1.0,0.5346
3199,0.0,1.0,1.0,0.8926,1.0,1.0,1.0,0.3494,1.0,1.0,1.0,0.4506
3200,0.0,1.0,1.0,0.8807,1.0,1.0,1.0,0.4974,1.0,1.0,1.0,0.401
3201,0.0,1.0,1.0,0.8833,1.0,1.0,1.0,0.6893,1.0,1.0,1.0,0.4217
3202,0.0,1.0,1.0,0.8865,1.0,1.0,1.0,0.8312,1.0,1.0,1.0,0.2996
3203,0.0,1.0,1.0,0.9003,1.0,1.0,1.0,0.9351,1.0,1.0,1.0,0.2822
3204,0.0,1.0,1.0,0.8551,1.0,1.0,1.0,0.8507,1.0,1.0,1.0,0.4467
3205,0.0,1.0,1.0,0.842,1.0,1.0,1.0,0.8648,1.0,1.0,1.0,0.6001
3206,0.0,1.0,1.0,0.8689,1.0,1.0,1.0,0.8721,1.0,1.0,1.0,0.664
3207,0.0,1.0,1.0,0.8452,1.0,1.0,1.0,0.6716,1.0,1.0,1.0,0.7405
3208,0.0,1.0,1.0,0.8701,1.0,1.0,1.0,0.5188,1.0,1.0,1.0,0.7619
3209,0.0,1.0,1.0,0.8649,1.0,1.0,1.0,0.3738,1.0,1.0,1.0,0.7213
3210,0.0,1.0,1.0,0.8722,1.0,1.0,1.0,0.1944,1.0,1.0,1.0,0.8132
3211,0.0,1.0,1.0,0.9042,1.0,1.0,1.0,0.0039,1.0,1.0,1.0,0.7443
3212,0.0,1.0,1.0,0.8886,1.0,1.0,1.0,0.0,1.0,1.0,1.0,0.7939
3213,0.0,1.0,1.0,0.8153,1.0,1.0,1.0,0.0,1.0,1.0,1.0,0.7509
3214,0.0,1.0,1.0,0.7901,1.0,1.0,1.0,0.0,1.0,1.0,1.0,0.7082
3215,0.0,1.0,1.0,0.7263,1.0,1.0,1.0,0.0,1.0,1.0,1.0,0.7354
3216,0.0,1.0,1.0,0.5428,1.0,1.0,1.0,0.0,1.0,1.0,1.0,0.8412
3217,0.0,1.0,1.0,0.5269,1.0,1.0,1.0,0.0,1.0,1.0,1.0,0.89
3218,0.0,1.0,1.0,0.538,1.0,1.0,1.0,0.0,1.0,1.0,1.0,0.8928
3219,0.0,1.0,1.0,0.6186,1.0,1.0,1.0,0.0,1.0,1.0,1.0,0.8861
3220,0.0,1.0,1.0,0.5122,1.0,1.0,1.0,0.0,1.0,1.0,1.0,0.9035
3221,0.0,1.0,1.0,0.5142,1.0,1.0,1.0,0.0062,1.0,1.0,1.0,0.9322
3222,0.0,1.0,1.0,0.6055,1.0,1.0,1.0,0.2107,1.0,1.0,1.0,0.8698
3223,0.0,1.0,1.0,0.5481,1.0,1.0,1.0,0.4249,1.0,1.0,1.0,0.8546
3224,0.0,1.0,1.0,0.5874,1.0,1.0,1.0,0.5746,1.0,1.0,1.0,0.7896
3225,0.0,1.0,1.0,0.7069,1.0,1.0,1.0,0.702,1.0,1.0,1.0,0.7649
3226,0.0,1.0,1.0,0.545,1.0,1.0,1.0,0.7678,1.0,1.0,1.0,0.6631
3227,0.0,1.0,1.0,0.5619,1.0,1.0,1.0,0.9088,1.0,1.0,1.0,0.4995
3228,0.0,1.0,1.0,0.6518,1.0,1.0,1.0,0.969,1.0,1.0,1.0,0.3798
3229,0.0,1.0,1.0,0.6139,1.0,1.0,1.0,0.945,1.0,1.0,1.0,0.3326
3230,0.0,1.0,1.0,0.7137,1.0,1.0,1.0,0.648,1.0,1.0,1.0,0.3783
3231,0.0,1.0,1.0,0.7477,1.0,1.0,1.0,0.6414,1.0,1.0,1.0,0.3114
3232,0.0,1.0,1.0,0.8391,1.0,1.0,1.0,0.5154,1.0,1.0,1.0,0.2498
3233,0.0,1.0,1.0,0.8563,1.0,1.0,1.0,0.3623,1.0,1.0,1.0,0.2779
3234,0.0,1.0,1.0,0.9136,1.0,1.0,1.0,0.2058,1.0,1.0,1.0,0.2989
3235,0.0,1.0,1.0,0.9146,1.0,1.0,1.0,0.0061,1.0,1.0,1.0,0.4358
3236,0.0,1.0,1.0,0.858,1.0,1.0,1.0,0.0,1.0,1.0,1.0,0.5125
3237,0.0,1.0,1.0,0.818,1.0,1.0,1.0,0.0,1.0,1.0,1.0,0.4165
3238,0.0,1.0,1.0,0.8572,1.0,1.0,1.0,0.0,1.0,1.0,1.0,0.357
3239,0.0,1.0,1.0,0.8876,1.0,1.0,1.0,0.0,1.0,1.0,1.0,0.4167
3240,0.0,1.0,1.0,0.8659,1.0,1.0,1.0,0.0,1.0,1.0,1.0,0.3378
3241,0.0,1.0,1.0,0.9182,1.0,1.0,1.0,0.0,1.0,1.0,1.0,0.3115
3242,0.0,1.0,1.0,0.9003,1.0,1.0,1.0,0.0,1.0,1.0,1.0,0.1986
3243,0.0,1.0,1.0,0.9067,1.0,1.0,1.0,0.0,1.0,1.0,1.0,0.1373
3244,0.0,1.0,1.0,0.9118,1.0,1.0,1.0,0.0,1.0,1.0,1.0,0.2028
3245,0.0,1.0,1.0,0.8555,1.0,1.0,1.0,0.0098,1.0,1.0,1.0,0.2148
3246,0.0,1.0,1.0,0.8409,1.0,1.0,1.0,0.2241,1.0,1.0,1.0,0.1817
3247,0.0,1.0,1.0,0.9188,1.0,1.0,1.0,0.4274,1.0,1.0,1.0,0.1601
3248,0.0,1.0,1.0,0.8817,1.0,1.0,1.0,0.5714,1.0,1.0,1.0,0.2622
3249,0.0,1.0,1.0,0.8952,1.0,1.0,1.0,0.7454,1.0,1.0,1.0,0.2209
3250,0.0,1.0,1.0,0.8396,1.0,1.0,1.0,0.8263,1.0,1.0,1.0,0.2528
3251,0.0,1.0,1.0,0.7785,1.0,1.0,1.0,0.8771,1.0,1.0,1.0,0.3157
3252,0.0,1.0,1.0,0.6688,1.0,1.0,1.0,0.7622,1.0,1.0,1.0,0.4325
3253,0.0,1.0,1.0,0.7289,1.0,1.0,1.0,0.7165,1.0,1.0,1.0,0.357
3254,0.0,1.0,1.0,0.6531,1.0,1.0,1.0,0.6312,1.0,1.0,1.0,0.2521
3255,0.0,1.0,1.0,0.7379,1.0,1.0,1.0,0.5842,1.0,1.0,1.0,0.1872
3256,0.0,1.0,1.0,0.6892,1.0,1.0,1.0,0.4596,1.0,1.0,1.0,0.2323
3257,0.0,1.0,1.0,0.689,1.0,1.0,1.0,0.2358,1.0,1.0,1.0,0.38
3258,0.0,1.0,1.0,0.7097,1.0,1.0,1.0,0.1229,1.0,1.0,1.0,0.4418
3259,0.0,1.0,1.0,0.5694,1.0,1.0,1.0,0.0045,1.0,1.0,1.0,0.3811
3260,0.0,1.0,1.0,0.5794,1.0,1.0,1.0,0.0,1.0,1.0,1.0,0.4796
3261,0.0,1.0,1.0,0.6014,1.0,1.0,1.0,0.0,1.0,1.0,1.0,0.4328
3262,0.0,1.0,1.0,0.6848,1.0,1.0,1.0,0.0,1.0,1.0,1.0,0.3589
3263,0.0,1.0,1.0,0.5975,1.0,1.0,1.0,0.0,1.0,1.0,1.0,0.3305
3264,0.0,1.0,1.0,0.5165,1.0,1.0,1.0,0.0,1.0,1.0,1.0,0.284
3265,0.0,1.0,1.0,0.5678,1.0,1.0,1.0,0.0,1.0,1.0,1.0,0.2369
3266,0.0,1.0,1.0,0.6763,1.0,1.0,1.0,0.0,1.0,1.0,1.0,0.3242
3267,0.0,1.0,1.0,0.619,1.0,1.0,1.0,0.0,1.0,1.0,1.0,0.2849
3268,0.0,1.0,1.0,0.5041,1.0,1.0,1.0,0.0,1.0,1.0,1.0,0.1861
3269,0.0,1.0,1.0,0.4707,1.0,1.0,1.0,0.0058,1.0,1.0,1.0,0.2221
3270,0.0,1.0,1.0,0.3798,1.0,1.0,1.0,0.1343,1.0,1.0,1.0,0.1711
3271,0.0,1.0,1.0,0.4113,1.0,1.0,1.0,0.2247,1.0,1.0,1.0,0.1323
3272,0.0,1.0,1.0,0.3213,1.0,1.0,1.0,0.3588,1.0,1.0,1.0,0.1672
3273,0.0,1.0,1.0,0.3996,1.0,1.0,1.0,0.3958,1.0,1.0,1.0,0.1372
3274,0.0,1.0,1.0,0.4152,1.0,1.0,1.0,0.4517,1.0,1.0,1.0,0.1224
3275,0.0,1.0,1.0,0.4992,1.0,1.0,1.0,0.4229,1.0,1.0,1.0,0.1275
3276,0.0,1.0,1.0,0.2946,1.0,1.0,1.0,0.4318,1.0,1.0,1.0,0.1199
3277,0.0,1.0,1.0,0.1847,1.0,1.0,1.0,0.4444,1.0,1.0,1.0,0.1081
3278,0.0,1.0,1.0,0.267,1.0,1.0,1.0,0.364,1.0,1.0,1.0,0.0524
3279,0.0,1.0,1.0,0.2221,1.0,1.0,1.0,0.3691,1.0,1.0,1.0,0.0524
3280,0.0,1.0,1.0,0.1479,1.0,1.0,1.0,0.34,1.0,1.0,1.0,0.0935
3281,0.0,1.0,1.0,0.1429,1.0,1.0,1.0,0.3446,1.0,1.0,1.0,0.1181
3282,0.0,1.0,1.0,0.1577,1.0,1.0,1.0,0.1998,1.0,1.0,1.0,0.1082
3283,0.0,1.0,1.0,0.1542,1.0,1.0,1.0,0.0122,1.0,1.0,1.0,0.1292
3284,0.0,1.0,1.0,0.181,1.0,1.0,1.0,0.0,1.0,1.0,1.0,0.1599
3285,0.0,1.0,1.0,0.2026,1.0,1.0,1.0,0.0,1.0,1.0,1.0,0.1266
3286,0.0,1.0,1.0,0.2222,1.0,1.0,1.0,0.0,1.0,1.0,1.0,0.1884
3287,0.0,1.0,1.0,0.3174,1.0,1.0,1.0,0.0,1.0,1.0,1.0,0.1999
3288,0.0,1.0,1.0,0.3145,1.0,1.0,1.0,0.0,1.0,1.0,1.0,0.1837
3289,0.0,1.0,1.0,0.3114,1.0,1.0,1.0,0.0,1.0,1.0,1.0,0.2855
3290,0.0,1.0,1.0,0.3749,1.0,1.0,1.0,0.0,1.0,1.0,1.0,0.1622
3291,0.0,1.0,1.0,0.4195,1.0,1.0,1.0,0.0,1.0,1.0,1.0,0.1159
3292,0.0,1.0,1.0,0.3422,1.0,1.0,1.0,0.0,1.0,1.0,1.0,0.1451
3293,0.0,1.0,1.0,0.3344,1.0,1.0,1.0,0.0137,1.0,1.0,1.0,0.1806
3294,0.0,1.0,1.0,0.3689,1.0,1.0,1.0,0.2147,1.0,1.0,1.0,0.2854
3295,0.0,1.0,1.0,0.3212,1.0,1.0,1.0,0.4323,1.0,1.0,1.0,0.1535
3296,0.0,1.0,1.0,0.2815,1.0,1.0,1.0,0.6139,1.0,1.0,1.0,0.2004
3297,0.0,1.0,1.0,0.1949,1.0,1.0,1.0,0.7653,1.0,1.0,1.0,0.1412
3298,0.0,1.0,1.0,0.0826,1.0,1.0,1.0,0.8791,1.0,1.0,1.0,0.1635
3299,0.0,1.0,1.0,0.0767,1.0,1.0,1.0,0.9497,1.0,1.0,1.0,0.1633
3300,0.0,1.0,1.0,0.0838,1.0,1.0,1.0,0.9736,1.0,1.0,1.0,0.2117
3301,0.0,1.0,1.0,0.0615,1.0,1.0,1.0,0.9497,1.0,1.0,1.0,0.2001
3302,0.0,1.0,1.0,0.1012,1.0,1.0,1.0,0.8791,1.0,1.0,1.0,0.2655
3303,0.0,1.0,1.0,0.0754,1.0,1.0,1.0,0.7653,1.0,1.0,1.0,0.2134
3304,0.0,1.0,1.0,0.1057,1.0,1.0,1.0,0.6139,1.0,1.0,1.0,0.2106
3305,0.0,1.0,1.0,0.1249,1.0,1.0,1.0,0.4323,1.0,1.0,1.0,0.2241
3306,0.0,1.0,1.0,0.2406,1.0,1.0,1.0,0.2295,1.0,1.0,1.0,0.344
3307,0.0,1.0,1.0,0.2793,1.0,1.0,1.0,0.0154,1.0,1.0,1.0,0.4104
3308,0.0,1.0,1.0,0.1903,1.0,1.0,1.0,0.0,1.0,1.0,1.0,0.4237
3309,0.0,1.0,1.0,0.2576,1.0,1.0,1.0,0.0,1.0,1.0,1.0,0.4745
3310,0.0,1.0,1.0,0.3882,1.0,1.0,1.0,0.0,1.0,1.0,1.0,0.5631
3311,0.0,1.0,1.0,0.2528,1.0,1.0,1.0,0.0,1.0,1.0,1.0,0.5865
3312,0.0,1.0,1.0,0.2975,1.0,1.0,1.0,0.0,1.0,1.0,1.0,0.4858
3313,0.0,1.0,1.0,0.3647,1.0,1.0,1.0,0.0,1.0,1.0,1.0,0.5342
3314,0.0,1.0,1.0,0.3462,1.0,1.0,1.0,0.0,1.0,1.0,1.0,0.5238
3315,0.0,1.0,1.0,0.1844,1.0,1.0,1.0,0.0,1.0,1.0,1.0,0.4852
3316,0.0,1.0,1.0,0.1724,1.0,1.0,1.0,0.0,1.0,1.0,1.0,0.4109
3317,0.0,1.0,1.0,0.1484,1.0,1.0,1.0,0.0181,1.0,1.0,1.0,0.4565
3318,0.0,1.0,1.0,0.2346,1.0,1.0,1.0,0.232,1.0,1.0,1.0,0.4955
3319,0.0,1.0,1.0,0.2314,1.0,1.0,1.0,0.4346,1.0,1.0,1.0,0.4062
3320,0.0,1.0,1.0,0.2089,1.0,1.0,1.0,0.5838,1.0,1.0,1.0,0.3136
3321,0.0,1.0,1.0,0.1795,1.0,1.0,1.0,0.7143,1.0,1.0,1.0,0.4686
3322,0.0,1.0,1.0,0.2006,1.0,1.0,1.0,0.7215,1.0,1.0,1.0,0.5378
3323,0.0,1.0,1.0,0.2069,1.0,1.0,1.0,0.8182,1.0,1.0,1.0,0.5373
3324,0.0,1.0,1.0,0.1676,1.0,1.0,1.0,0.9473,1.0,1.0,1.0,0.5815
3325,0.0,1.0,1.0,0.1847,1.0,1.0,1.0,0.9164,1.0,1.0,1.0,0.5319
3326,0.0,1.0,1.0,0.16,1.0,1.0,1.0,0.8807,1.0,1.0,1.0,0.5089
3327,0.0,1.0,1.0,0.0732,1.0,1.0,1.0,0.7671,1.0,1.0,1.0,0.5035
3328,0.0,1.0,1.0,0.0952,1.0,1.0,1.0,0.5688,1.0,1.0,1.0,0.5801
3329,0.0,1.0,1.0,0.1186,1.0,1.0,1.0,0.4346,1.0,1.0,1.0,0.4479
3330,0.0,1.0,1.0,0.1303,1.0,1.0,1.0,0.1996,1.0,1.0,1.0,0.3572
3331,0.0,1.0,1.0,0.1172,1.0,1.0,1.0,0.0155,1.0,1.0,1.0,0.2637
3332,0.0,1.0,1.0,0.1185,1.0,1.0,1.0,0.0,1.0,1.0,1.0,0.3263
3333,0.0,1.0,1.0,0.1568,1.0,1.0,1.0,0.0,1.0,1.0,1.0,0.3172
3334,0.0,1.0,1.0,0.1329,1.0,1.0,1.0,0.0,1.0,1.0,1.0,0.2512
3335,0.0,1.0,1.0,0.1764,1.0,1.0,1.0,0.0,1.0,1.0,1.0,0.2378
3336,0.0,1.0,1.0,0.1148,1.0,1.0,1.0,0.0,1.0,1.0,1.0,0.1997
3337,0.0,1.0,1.0,0.125,1.0,1.0,1.0,0.0,1.0,1.0,1.0,0.1328
3338,0.0,1.0,1.0,0.13,1.0,1.0,1.0,0.0,1.0,1.0,1.0,0.1966
3339,0.0,1.0,1.0,0.18,1.0,1.0,1.0,0.0,1.0,1.0,1.0,0.1907
3340,0.0,1.0,1.0,0.14,1.0,1.0,1.0,0.0,1.0,1.0,1.0,0.2726
3341,0.0,1.0,1.0,0.1123,1.0,1.0,1.0,0.0174,1.0,1.0,1.0,0.1843
3342,0.0,1.0,1.0,0.0747,1.0,1.0,1.0,0.2205,1.0,1.0,1.0,0.2151
3343,0.0,1.0,1.0,0.0653,1.0,1.0,1.0,0.4369,1.0,1.0,1.0,0.1433
3344,0.0,1.0,1.0,0.0748,1.0,1.0,1.0,0.5872,1.0,1.0,1.0,0.2876
3345,0.0,1.0,1.0,0.0434,1.0,1.0,1.0,0.695,1.0,1.0,1.0,0.1804
3346,0.0,1.0,1.0,0.04,1.0,1.0,1.0,0.6687,1.0,1.0,1.0,0.2958
3347,0.0,1.0,1.0,0.0526,1.0,1.0,1.0,0.5742,1.0,1.0,1.0,0.2939
3348,0.0,1.0,1.0,0.054,1.0,1.0,1.0,0.6723,1.0,1.0,1.0,0.2804
3349,0.0,1.0,1.0,0.0587,1.0,1.0,1.0,0.7379,1.0,1.0,1.0,0.3239
3350,0.0,1.0,1.0,0.0376,1.0,1.0,1.0,0.7153,1.0,1.0,1.0,0.2553
3351,0.0,1.0,1.0,0.0391,1.0,1.0,1.0,0.6379,1.0,1.0,1.0,0.3118
3352,0.0,1.0,1.0,0.0423,1.0,1.0,1.0,0.4791,1.0,1.0,1.0,0.3785
3353,0.0,1.0,1.0,0.0429,1.0,1.0,1.0,0.3933,1.0,1.0,1.0,0.3764
3354,0.0,1.0,1.0,0.0482,1.0,1.0,1.0,0.1765,1.0,1.0,1.0,0.394
3355,0.0,1.0,1.0,0.0464,1.0,1.0,1.0,0.015,1.0,1.0,1.0,0.5572
3356,0.0,1.0,1.0,0.0425,1.0,1.0,1.0,0.0,1.0,1.0,1.0,0.6041
3357,0.0,1.0,1.0,0.032,1.0,1.0,1.0,0.0,1.0,1.0,1.0,0.527
3358,0.0,1.0,1.0,0.0479,1.0,1.0,1.0,0.0,1.0,1.0,1.0,0.584
3359,0.0,1.0,1.0,0.0339,1.0,1.0,1.0,0.0,1.0,1.0,1.0,0.5281
3360,0.0,1.0,1.0,0.0381,1.0,1.0,1.0,0.0,1.0,1.0,1.0,0.4541
3361,0.0,1.0,1.0,0.0745,1.0,1.0,1.0,0.0,1.0,1.0,1.0,0.4931
3362,0.0,1.0,1.0,0.1109,1.0,1.0,1.0,0.0,1.0,1.0,1.0,0.3993
3363,0.0,1.0,1.0,0.1342,1.0,1.0,1.0,0.0,1.0,1.0,1.0,0.3993
3364,0.0,1.0,1.0,0.1488,1.0,1.0,1.0,0.0,1.0,1.0,1.0,0.4529
3365,0.0,1.0,1.0,0.1469,1.0,1.0,1.0,0.0174,1.0,1.0,1.0,0.6122
3366,0.0,1.0,1.0,0.1145,1.0,1.0,1.0,0.1835,1.0,1.0,1.0,0.6543
3367,0.0,1.0,1.0,0.1095,1.0,1.0,1.0,0.2816,1.0,1.0,1.0,0.519
3368,0.0,1.0,1.0,0.1353,1.0,1.0,1.0,0.3278,1.0,1.0,1.0,0.3978
3369,0.0,1.0,1.0,0.1562,1.0,1.0,1.0,0.4404,1.0,1.0,1.0,0.5433
3370,0.0,1.0,1.0,0.2005,1.0,1.0,1.0,0.4867,1.0,1.0,1.0,0.4795
3371,0.0,1.0,1.0,0.2813,1.0,1.0,1.0,0.5121,1.0,1.0,1.0,0.3455
3372,0.0,1.0,1.0,0.2712,1.0,1.0,1.0,0.6,1.0,1.0,1.0,0.269
3373,0.0,1.0,1.0,0.286,1.0,1.0,1.0,0.5325,1.0,1.0,1.0,0.3273
3374,0.0,1.0,1.0,0.1715,1.0,1.0,1.0,0.3485,1.0,1.0,1.0,0.3346
3375,0.0,1.0,1.0,0.3183,1.0,1.0,1.0,0.4411,1.0,1.0,1.0,0.3849
3376,0.0,1.0,1.0,0.2876,1.0,1.0,1.0,0.4321,1.0,1.0,1.0,0.3788
3377,0.0,1.0,1.0,0.3374,1.0,1.0,1.0,0.3549,1.0,1.0,1.0,0.2902
3378,0.0,1.0,1.0,0.3051,1.0,1.0,1.0,0.1712,1.0,1.0,1.0,0.1792
3379,0.0,1.0,1.0,0.274,1.0,1.0,1.0,0.017,1.0,1.0,1.0,0.1423
3380,0.0,1.0,1.0,0.2589,1.0,1.0,1.0,0.0,1.0,1.0,1.0,0.1508
3381,0.0,1.0,1.0,0.1856,1.0,1.0,1.0,0.0,1.0,1.0,1.0,0.1072
3382,0.0,1.0,1.0,0.089,1.0,1.0,1.0,0.0,1.0,1.0,1.0,0.1493
3383,0.0,1.0,1.0,0.1331,1.0,1.0,1.0,0.0,1.0,1.0,1.0,0.1124
3384,1.0,1.0,1.0,0.1599,1.0,1.0,1.0,0.0,1.0,1.0,1.0,0.0679
3385,1.0,1.0,1.0,0.1242,1.0,1.0,1.0,0.0,1.0,1.0,1.0,0.0711
3386,1.0,1.0,1.0,0.1468,1.0,1.0,1.0,0.0,1.0,1.0,1.0,0.0949
3387,1.0,1.0,1.0,0.1912,1.0,1.0,1.0,0.0,1.0,1.0,1.0,0.1553
3388,1.0,1.0,1.0,0.1591,1.0,1.0,1.0,0.0,1.0,1.0,1.0,0.0966
3389,1.0,1.0,1.0,0.1833,1.0,1.0,1.0,0.0128,1.0,1.0,1.0,0.1546
3390,1.0,1.0,1.0,0.2459,1.0,1.0,1.0,0.1671,1.0,1.0,1.0,0.1663
3391,1.0,1.0,1.0,0.1661,1.0,1.0,1.0,0.3022,1.0,1.0,1.0,0.1406
3392,1.0,1.0,1.0,0.1975,1.0,1.0,1.0,0.4481,1.0,1.0,1.0,0.1757
3393,1.0,1.0,1.0,0.2216,1.0,1.0,1.0,0.567,1.0,1.0,1.0,0.2585
3394,1.0,1.0,1.0,0.358,1.0,1.0,1.0,0.7606,1.0,1.0,1.0,0.1626
3395,1.0,1.0,1.0,0.4025,1.0,1.0,1.0,0.6741,1.0,1.0,1.0,0.1456
3396,1.0,1.0,1.0,0.3658,1.0,1.0,1.0,0.8091,1.0,1.0,1.0,0.1261
3397,1.0,1.0,1.0,0.3406,1.0,1.0,1.0,0.8881,1.0,1.0,1.0,0.1562
3398,1.0,1.0,1.0,0.511,1.0,1.0,1.0,0.8164,1.0,1.0,1.0,0.2397
3399,1.0,1.0,1.0,0.4737,1.0,1.0,1.0,0.7322,1.0,1.0,1.0,0.2455
3400,1.0,1.0,1.0,0.5199,1.0,1.0,1.0,0.565,1.0,1.0,1.0,0.228
3401,1.0,1.0,1.0,0.4926,1.0,1.0,1.0,0.3389,1.0,1.0,1.0,0.2581
3402,1.0,1.0,1.0,0.5808,1.0,1.0,1.0,0.1969,1.0,1.0,1.0,0.2432
3403,1.0,1.0,1.0,0.6656,1.0,1.0,1.0,0.0218,1.0,1.0,1.0,0.1313
3404,1.0,1.0,1.0,0.654,1.0,1.0,1.0,0.0,1.0,1.0,1.0,0.1571
3405,1.0,1.0,1.0,0.611,1.0,1.0,1.0,0.0,1.0,1.0,1.0,0.2119
3406,1.0,1.0,1.0,0.5656,1.0,1.0,1.0,0.0,1.0,1.0,1.0,0.2835
3407,1.0,1.0,1.0,0.408,1.0,1.0,1.0,0.0,1.0,1.0,1.0,0.2087
3408,1.0,1.0,1.0,0.4114,1.0,1.0,1.0,0.0,1.0,1.0,1.0,0.2464
3409,1.0,1.0,1.0,0.415,1.0,1.0,1.0,0.0,1.0,1.0,1.0,0.3597
3410,1.0,1.0,1.0,0.3447,1.0,1.0,1.0,0.0,1.0,1.0,1.0,0.5738
3411,1.0,1.0,1.0,0.216,1.0,1.0,1.0,0.0,1.0,1.0,1.0,0.6051
3412,1.0,1.0,1.0,0.2311,1.0,1.0,1.0,0.0,1.0,1.0,1.0,0.6747
3413,1.0,1.0,1.0,0.2548,1.0,1.0,1.0,0.028,1.0,1.0,1.0,0.5821
3414,1.0,1.0,1.0,0.2836,1.0,1.0,1.0,0.2416,1.0,1.0,1.0,0.4748
3415,1.0,1.0,1.0,0.2194,1.0,1.0,1.0,0.4065,1.0,1.0,1.0,0.5545
3416,1.0,1.0,1.0,0.2468,1.0,1.0,1.0,0.5537,1.0,1.0,1.0,0.3707
3417,1.0,1.0,1.0,0.2371,1.0,1.0,1.0,0.6462,1.0,1.0,1.0,0.3803
3418,1.0,1.0,1.0,0.2984,1.0,1.0,1.0,0.7682,1.0,1.0,1.0,0.4996
3419,1.0,1.0,1.0,0.2325,1.0,1.0,1.0,0.8514,1.0,1.0,1.0,0.5545
3420,1.0,1.0,1.0,0.3144,1.0,1.0,1.0,0.8677,1.0,1.0,1.0,0.6059
3421,1.0,1.0,1.0,0.4375,1.0,1.0,1.0,0.7887,1.0,1.0,1.0,0.5917
3422,1.0,1.0,1.0,0.4435,1.0,1.0,1.0,0.7316,1.0,1.0,1.0,0.5467
3423,1.0,1.0,1.0,0.4743,1.0,1.0,1.0,0.6605,1.0,1.0,1.0,0.7124
3424,1.0,1.0,1.0,0.5377,1.0,1.0,1.0,0.5232,1.0,1.0,1.0,0.7829
3425,1.0,1.0,1.0,0.4412,1.0,1.0,1.0,0.4117,1.0,1.0,1.0,0.8193
3426,1.0,1.0,1.0,0.3957,1.0,1.0,1.0,0.2343,1.0,1.0,1.0,0.8095
3427,1.0,1.0,1.0,0.4086,1.0,1.0,1.0,0.027,1.0,1.0,1.0,0.7631
3428,1.0,1.0,1.0,0.581,1.0,1.0,1.0,0.0,1.0,1.0,1.0,0.8151
3429,1.0,1.0,1.0,0.4687,1.0,1.0,1.0,0.0,1.0,1.0,1.0,0.7863
3430,1.0,1.0,1.0,0.6054,1.0,1.0,1.0,0.0,1.0,1.0,1.0,0.7794
3431,1.0,1.0,1.0,0.5802,1.0,1.0,1.0,0.0,1.0,1.0,1.0,0.8039
3432,1.0,1.0,1.0,0.5669,1.0,1.0,1.0,0.0,1.0,1.0,1.0,0.8028
3433,1.0,1.0,1.0,0.66,1.0,1.0,1.0,0.0,1.0,1.0,1.0,0.8671
3434,1.0,1.0,1.0,0.7903,1.0,1.0,1.0,0.0,1.0,1.0,1.0,0.7905
3435,1.0,1.0,1.0,0.8039,1.0,1.0,1.0,0.0,1.0,1.0,1.0,0.7828
3436,1.0,1.0,1.0,0.8523,1.0,1.0,1.0,0.0,1.0,1.0,1.0,0.8768
3437,1.0,1.0,1.0,0.7947,1.0,1.0,1.0,0.0269,1.0,1.0,1.0,0.8992
3438,1.0,1.0,1.0,0.751,1.0,1.0,1.0,0.1815,1.0,1.0,1.0,0.8834
3439,1.0,1.0,1.0,0.6395,1.0,1.0,1.0,0.3521,1.0,1.0,1.0,0.9015
3440,1.0,1.0,1.0,0.587,1.0,1.0,1.0,0.5566,1.0,1.0,1.0,0.8911
3441,1.0,1.0,1.0,0.6259,1.0,1.0,1.0,0.5839,1.0,1.0,1.0,0.9257
3442,1.0,1.0,1.0,0.634,1.0,1.0,1.0,0.6624,1.0,1.0,1.0,0.9373
3443,1.0,1.0,1.0,0.7528,1.0,1.0,1.0,0.9064,1.0,1.0,1.0,0.9082
3444,1.0,1.0,1.0,0.8551,1.0,1.0,1.0,0.8982,1.0,1.0,1.0,0.907
3445,1.0,1.0,1.0,0.8389,1.0,1.0,1.0,0.958,1.0,1.0,1.0,0.911
3446,1.0,1.0,1.0,0.7923,1.0,1.0,1.0,0.8882,1.0,1.0,1.0,0.9161
3447,1.0,1.0,1.0,0.843,1.0,1.0,1.0,0.7368,1.0,1.0,1.0,0.9169
3448,1.0,1.0,1.0,0.8858,1.0,1.0,1.0,0.5529,1.0,1.0,1.0,0.924
3449,1.0,1.0,1.0,0.8926,1.0,1.0,1.0,0.3466,1.0,1.0,1.0,0.9269
3450,1.0,1.0,1.0,0.9069,1.0,1.0,1.0,0.1585,1.0,1.0,1.0,0.8987
3451,1.0,1.0,1.0,0.915,1.0,1.0,1.0,0.0199,1.0,1.0,1.0,0.873
3452,1.0,1.0,1.0,0.8738,1.0,1.0,1.0,0.0,1.0,1.0,1.0,0.8522
3453,1.0,1.0,1.0,0.8064,1.0,1.0,1.0,0.0,1.0,1.0,1.0,0.846
3454,1.0,1.0,1.0,0.7928,1.0,1.0,1.0,0.0,1.0,1.0,1.0,0.8228
3455,1.0,1.0,1.0,0.7698,1.0,1.0,1.0,0.0,1.0,1.0,1.0,0.8637
3456,1.0,1.0,1.0,0.7747,1.0,1.0,1.0,0.0,1.0,1.0,1.0,0.8048
3457,1.0,1.0,1.0,0.7555,1.0,1.0,1.0,0.0,1.0,1.0,1.0,0.6764
3458,1.0,1.0,1.0,0.6163,1.0,1.0,1.0,0.0,1.0,1.0,1.0,0.798
3459,1.0,1.0,1.0,0.4246,1.0,1.0,1.0,0.0,1.0,1.0,1.0,0.7344
3460,1.0,1.0,1.0,0.4847,1.0,1.0,1.0,0.0,1.0,1.0,1.0,0.7929
3461,1.0,1.0,1.0,0.4217,1.0,1.0,1.0,0.0252,1.0,1.0,1.0,0.8154
3462,1.0,1.0,1.0,0.3985,1.0,1.0,1.0,0.184,1.0,1.0,1.0,0.7573
3463,1.0,1.0,1.0,0.35,1.0,1.0,1.0,0.3404,1.0,1.0,1.0,0.7364
3464,1.0,1.0,1.0,0.28,1.0,1.0,1.0,0.4764,1.0,1.0,1.0,0.7044
3465,1.0,1.0,1.0,0.2194,1.0,1.0,1.0,0.5155,1.0,1.0,1.0,0.7186
3466,1.0,1.0,1.0,0.2894,1.0,1.0,1.0,0.7263,1.0,1.0,1.0,0.6483
3467,1.0,1.0,1.0,0.273,1.0,1.0,1.0,0.8594,1.0,1.0,1.0,0.6229
3468,1.0,1.0,1.0,0.3203,1.0,1.0,1.0,0.8455,1.0,1.0,1.0,0.6092
3469,1.0,1.0,1.0,0.3811,1.0,1.0,1.0,0.6891,1.0,1.0,1.0,0.6872
3470,1.0,1.0,1.0,0.4052,1.0,1.0,1.0,0.476,1.0,1.0,1.0,0.6434
3471,1.0,1.0,1.0,0.4711,1.0,1.0,1.0,0.5649,1.0,1.0,1.0,0.5501
3472,1.0,1.0,1.0,0.4671,1.0,1.0,1.0,0.455,1.0,1.0,1.0,0.4938
3473,1.0,1.0,1.0,0.5806,1.0,1.0,1.0,0.3574,1.0,1.0,1.0,0.5187
3474,1.0,1.0,1.0,0.6409,1.0,1.0,1.0,0.1791,1.0,1.0,1.0,0.3596
3475,1.0,1.0,1.0,0.7053,1.0,1.0,1.0,0.0235,1.0,1.0,1.0,0.4575
3476,1.0,1.0,1.0,0.6209,1.0,1.0,1.0,0.0,1.0,1.0,1.0,0.4532
3477,1.0,1.0,1.0,0.6333,1.0,1.0,1.0,0.0,1.0,1.0,1.0,0.485
3478,1.0,1.0,1.0,0.466,1.0,1.0,1.0,0.0,1.0,1.0,1.0,0.4972
3479,1.0,1.0,1.0,0.5827,1.0,1.0,1.0,0.0,1.0,1.0,1.0,0.432
3480,1.0,1.0,1.0,0.5181,1.0,1.0,1.0,0.0,1.0,1.0,1.0,0.3357
3481,1.0,1.0,1.0,0.4691,1.0,1.0,1.0,0.0,1.0,1.0,1.0,0.2815
3482,1.0,1.0,1.0,0.349,1.0,1.0,1.0,0.0,1.0,1.0,1.0,0.1876
3483,1.0,1.0,1.0,0.3448,1.0,1.0,1.0,0.0,1.0,1.0,1.0,0.2092
3484,1.0,1.0,1.0,0.3228,1.0,1.0,1.0,0.0,1.0,1.0,1.0,0.2016
3485,1.0,1.0,1.0,0.4737,1.0,1.0,1.0,0.0204,1.0,1.0,1.0,0.1299
3486,1.0,1.0,1.0,0.5434,1.0,1.0,1.0,0.1814,1.0,1.0,1.0,0.11
3487,1.0,1.0,1.0,0.491,1.0,1.0,1.0,0.3168,1.0,1.0,1.0,0.1383
3488,1.0,1.0,1.0,0.3446,1.0,1.0,1.0,0.4545,1.0,1.0,1.0,0.2056
3489,1.0,1.0,1.0,0.1904,1.0,1.0,1.0,0.4561,1.0,1.0,1.0,0.143
3490,1.0,1.0,1.0,0.1434,1.0,1.0,1.0,0.5693,1.0,1.0,1.0,0.267
3491,1.0,1.0,1.0,0.0976,1.0,1.0,1.0,0.5642,1.0,1.0,1.0,0.2067
3492,1.0,1.0,1.0,0.113,1.0,1.0,1.0,0.5796,1.0,1.0,1.0,0.1266
3493,1.0,1.0,1.0,0.1117,1.0,1.0,1.0,0.6273,1.0,1.0,1.0,0.2162
3494,1.0,1.0,1.0,0.1161,1.0,1.0,1.0,0.6363,1.0,1.0,1.0,0.162
3495,1.0,1.0,1.0,0.089,1.0,1.0,1.0,0.4762,1.0,1.0,1.0,0.2515
3496,1.0,1.0,1.0,0.0973,1.0,1.0,1.0,0.44,1.0,1.0,1.0,0.2108
3497,1.0,1.0,1.0,0.064,1.0,1.0,1.0,0.3197,1.0,1.0,1.0,0.1958
3498,1.0,1.0,1.0,0.0655,1.0,1.0,1.0,0.2051,1.0,1.0,1.0,0.135
3499,1.0,1.0,1.0,0.0902,1.0,1.0,1.0,0.0331,1.0,1.0,1.0,0.2003
3500,1.0,1.0,1.0,0.0836,1.0,1.0,1.0,0.0,1.0,1.0,1.0,0.2742
3501,1.0,1.0,1.0,0.1005,1.0,1.0,1.0,0.0,1.0,1.0,1.0,0.2306
3502,1.0,1.0,1.0,0.0551,1.0,1.0,1.0,0.0,1.0,1.0,1.0,0.2271
3503,1.0,1.0,1.0,0.0293,1.0,1.0,1.0,0.0,1.0,1.0,1.0,0.2716
3504,1.0,1.0,1.0,0.035,1.0,1.0,1.0,0.0,1.0,1.0,1.0,0.2387
3505,1.0,1.0,1.0,0.0534,1.0,1.0,1.0,0.0,1.0,1.0,1.0,0.3367
3506,1.0,1.0,1.0,0.0523,1.0,1.0,1.0,0.0,1.0,1.0,1.0,0.3264
3507,1.0,1.0,1.0,0.1107,1.0,1.0,1.0,0.0,1.0,1.0,1.0,0.286
3508,1.0,1.0,1.0,0.0724,1.0,1.0,1.0,0.0,1.0,1.0,1.0,0.1867
3509,1.0,1.0,1.0,0.0608,1.0,1.0,1.0,0.0369,1.0,1.0,1.0,0.129
3510,1.0,1.0,1.0,0.0672,1.0,1.0,1.0,0.2454,1.0,1.0,1.0,0.1575
3511,1.0,1.0,1.0,0.0821,1.0,1.0,1.0,0.4334,1.0,1.0,1.0,0.1716
3512,1.0,1.0,1.0,0.071,1.0,1.0,1.0,0.498,1.0,1.0,1.0,0.219
3513,1.0,1.0,1.0,0.0527,1.0,1.0,1.0,0.5701,1.0,1.0,1.0,0.1884
3514,1.0,1.0,1.0,0.0685,1.0,1.0,1.0,0.8248,1.0,1.0,1.0,0.117
3515,1.0,1.0,1.0,0.0751,1.0,1.0,1.0,0.8752,1.0,1.0,1.0,0.103
3516,1.0,1.0,1.0,0.0704,1.0,1.0,1.0,0.9033,1.0,1.0,1.0,0.1953
3517,1.0,1.0,1.0,0.0868,1.0,1.0,1.0,0.8747,1.0,1.0,1.0,0.1492
3518,1.0,1.0,1.0,0.0866,1.0,1.0,1.0,0.7768,1.0,1.0,1.0,0.1504
3519,1.0,1.0,1.0,0.0864,1.0,1.0,1.0,0.6799,1.0,1.0,1.0,0.0721
3520,1.0,1.0,1.0,0.0852,1.0,1.0,1.0,0.5278,1.0,1.0,1.0,0.0636
3521,1.0,1.0,1.0,0.0682,1.0,1.0,1.0,0.2958,1.0,1.0,1.0,0.0582
3522,1.0,1.0,1.0,0.0529,1.0,1.0,1.0,0.1845,1.0,1.0,1.0,0.0682
3523,1.0,1.0,1.0,0.0471,1.0,1.0,1.0,0.0326,1.0,1.0,1.0,0.0643
3524,1.0,1.0,1.0,0.0507,1.0,1.0,1.0,0.0,1.0,1.0,1.0,0.0408
3525,1.0,1.0,1.0,0.0287,1.0,1.0,1.0,0.0,1.0,1.0,1.0,0.0347
3526,1.0,1.0,1.0,0.0427,1.0,1.0,1.0,0.0,1.0,1.0,1.0,0.0346
3527,1.0,1.0,1.0,0.0458,1.0,1.0,1.0,0.0,1.0,1.0,1.0,0.0264
3528,1.0,1.0,1.0,0.0339,1.0,1.0,1.0,0.0,1.0,1.0,1.0,0.0211
3529,1.0,1.0,1.0,0.0624,1.0,1.0,1.0,0.0,1.0,1.0,1.0,0.0323
3530,1.0,1.0,1.0,0.0667,1.0,1.0,1.0,0.0,1.0,1.0,1.0,0.0281
3531,1.0,1.0,1.0,0.0451,1.0,1.0,1.0,0.0,1.0,1.0,1.0,0.0351
3532,1.0,1.0,1.0,0.0805,1.0,1.0,1.0,0.0,1.0,1.0,1.0,0.0353
3533,1.0,1.0,1.0,0.1286,1.0,1.0,1.0,0.0391,1.0,1.0,1.0,0.0249
3534,1.0,1.0,1.0,0.0999,1.0,1.0,1.0,0.2521,1.0,1.0,1.0,0.024
3535,1.0,1.0,1.0,0.0936,1.0,1.0,1.0,0.446,1.0,1.0,1.0,0.0286
3536,1.0,1.0,1.0,0.0841,1.0,1.0,1.0,0.6323,1.0,1.0,1.0,0.0552
3537,1.0,1.0,1.0,0.0473,1.0,0.6,1.0,0.7815,1.0,1.0,1.0,0.045
3538,1.0,1.0,1.0,0.056,1.0,0.6,1.0,0.8934,1.0,1.0,1.0,0.0463
3539,1.0,1.0,1.0,0.0781,1.0,0.6,1.0,0.9628,1.0,1.0,1.0,0.0663
3540,1.0,1.0,1.0,0.1007,1.0,0.6,1.0,0.9863,1.0,1.0,1.0,0.1038
3541,1.0,1.0,1.0,0.1055,1.0,0.6,1.0,0.9628,1.0,1.0,1.0,0.0872
3542,1.0,1.0,1.0,0.1457,1.0,0.6,1.0,0.8934,1.0,1.0,1.0,0.0861
3543,1.0,1.0,1.0,0.1054,1.0,0.6,1.0,0.7672,1.0,1.0,1.0,0.1265
3544,1.0,1.0,1.0,0.188,1.0,0.6,1.0,0.6036,1.0,1.0,1.0,0.1511
3545,1.0,1.0,1.0,0.1526,1.0,0.6,1.0,0.3611,1.0,1.0,1.0,0.2071
3546,1.0,1.0,1.0,0.1279,1.0,0.6,1.0,0.1547,1.0,1.0,1.0,0.2845
3547,1.0,1.0,1.0,0.1103,1.0,0.6,1.0,0.027,1.0,1.0,1.0,0.3249
3548,1.0,1.0,1.0,0.093,1.0,0.6,1.0,0.0,1.0,1.0,1.0,0.3342
3549,1.0,1.0,1.0,0.091,1.0,0.6,1.0,0.0,1.0,1.0,1.0,0.2821
3550,1.0,1.0,1.0,0.088,1.0,0.6,1.0,0.0,1.0,1.0,1.0,0.2647
3551,1.0,1.0,1.0,0.0955,1.0,0.6,1.0,0.0,1.0,1.0,1.0,0.2528
3552,1.0,1.0,1.0,0.0758,1.0,0.6,1.0,0.0,1.0,1.0,1.0,0.3385
3553,1.0,1.0,1.0,0.0837,1.0,0.6,1.0,0.0,1.0,1.0,1.0,0.3501
3554,1.0,1.0,1.0,0.0613,1.0,0.6,1.0,0.0,1.0,1.0,1.0,0.3622
3555,1.0,1.0,1.0,0.082,1.0,0.6,1.0,0.0,1.0,1.0,1.0,0.2835
3556,1.0,1.0,1.0,0.1076,1.0,0.6,1.0,0.0,1.0,1.0,1.0,0.3756
3557,1.0,1.0,1.0,0.1111,1.0,0.6,1.0,0.0167,1.0,1.0,1.0,0.3117
3558,1.0,1.0,1.0,0.0936,1.0,0.6,1.0,0.1242,1.0,1.0,1.0,0.2893
3559,1.0,1.0,1.0,0.1073,1.0,0.6,1.0,0.2291,1.0,1.0,1.0,0.3908
3560,1.0,1.0,1.0,0.0839,1.0,0.6,1.0,0.3022,1.0,1.0,1.0,0.4624
3561,1.0,1.0,1.0,0.0885,1.0,0.6,1.0,0.4355,1.0,1.0,1.0,0.3836
3562,1.0,1.0,1.0,0.0878,1.0,0.6,1.0,0.5478,1.0,1.0,1.0,0.2956
3563,1.0,1.0,1.0,0.2017,1.0,0.6,1.0,0.4352,1.0,1.0,1.0,0.2801
3564,1.0,1.0,1.0,0.1432,1.0,0.6,1.0,0.526,1.0,1.0,1.0,0.2409
3565,1.0,1.0,1.0,0.0633,1.0,0.6,1.0,0.6352,1.0,1.0,1.0,0.1601
3566,1.0,1.0,1.0,0.0541,1.0,0.6,1.0,0.5978,1.0,1.0,1.0,0.1299
3567,1.0,1.0,1.0,0.0322,1.0,0.6,1.0,0.5226,1.0,1.0,1.0,0.0553
3568,1.0,1.0,1.0,0.0271,1.0,0.6,1.0,0.5307,1.0,1.0,1.0,0.0782
3569,1.0,1.0,1.0,0.02,1.0,0.6,1.0,0.3555,1.0,1.0,1.0,0.1063
3570,1.0,1.0,1.0,0.02,1.0,0.6,1.0,0.1969,1.0,1.0,1.0,0.1677
3571,1.0,1.0,1.0,0.02,1.0,0.6,1.0,0.0333,1.0,1.0,1.0,0.1884
3572,1.0,1.0,1.0,0.02,1.0,0.6,1.0,0.0,1.0,1.0,1.0,0.1674
3573,1.0,1.0,1.0,0.02,1.0,0.6,1.0,0.0,1.0,1.0,1.0,0.2264
3574,1.0,1.0,1.0,0.0306,1.0,0.6,1.0,0.0,1.0,1.0,1.0,0.1873
3575,1.0,1.0,1.0,0.0335,1.0,0.6,1.0,0.0,1.0,1.0,1.0,0.128
3576,1.0,1.0,1.0,0.0487,1.0,0.6,1.0,0.0,1.0,1.0,1.0,0.1244
3577,1.0,1.0,1.0,0.0468,1.0,0.6,1.0,0.0,1.0,1.0,1.0,0.1443
3578,1.0,1.0,1.0,0.0839,1.0,0.6,1.0,0.0,1.0,1.0,1.0,0.1149
3579,1.0,1.0,1.0,0.1016,1.0,0.6,1.0,0.0,1.0,1.0,1.0,0.0849
3580,1.0,1.0,1.0,0.0822,1.0,0.6,1.0,0.0,1.0,1.0,1.0,0.0771
3581,1.0,1.0,1.0,0.1044,1.0,0.6,1.0,0.0333,1.0,1.0,1.0,0.0915
3582,1.0,1.0,1.0,0.109,1.0,0.6,1.0,0.2494,1.0,1.0,1.0,0.0905
3583,1.0,1.0,1.0,0.1058,1.0,0.6,1.0,0.4381,1.0,1.0,1.0,0.2064
3584,1.0,1.0,1.0,0.1128,1.0,0.6,1.0,0.5329,1.0,1.0,1.0,0.2003
3585,1.0,1.0,1.0,0.1464,1.0,0.6,1.0,0.67,1.0,1.0,1.0,0.2477
3586,1.0,1.0,1.0,0.0775,1.0,1.0,1.0,0.7077,1.0,1.0,1.0,0.1658
3587,1.0,1.0,1.0,0.0724,1.0,1.0,1.0,0.7358,1.0,1.0,1.0,0.199
3588,1.0,1.0,1.0,0.0944,1.0,1.0,1.0,0.6428,1.0,1.0,1.0,0.176
3589,1.0,1.0,1.0,0.106,1.0,1.0,1.0,0.6284,1.0,1.0,1.0,0.1778
3590,1.0,1.0,1.0,0.0767,1.0,1.0,1.0,0.4491,1.0,1.0,1.0,0.2838
3591,1.0,1.0,1.0,0.0367,1.0,1.0,1.0,0.3828,1.0,1.0,1.0,0.2575
3592,1.0,1.0,1.0,0.0692,1.0,1.0,1.0,0.2911,1.0,1.0,1.0,0.1801
3593,1.0,1.0,1.0,0.0683,1.0,1.0,1.0,0.2086,1.0,1.0,1.0,0.1296
3594,1.0,1.0,1.0,0.1161,1.0,1.0,1.0,0.1113,1.0,1.0,1.0,0.1397
3595,1.0,1.0,1.0,0.1523,1.0,1.0,1.0,0.0206,1.0,1.0,1.0,0.1478
3596,1.0,1.0,1.0,0.1226,1.0,1.0,1.0,0.0,1.0,1.0,1.0,0.154
3597,1.0,1.0,1.0,0.0568,1.0,1.0,1.0,0.0,1.0,1.0,1.0,0.1059
3598,1.0,1.0,1.0,0.0515,1.0,1.0,1.0,0.0,1.0,1.0,1.0,0.1993
3599,1.0,1.0,1.0,0.0539,1.0,1.0,1.0,0.0,1.0,1.0,1.0,0.2959
3600,1.0,1.0,1.0,0.0657,1.0,1.0,1.0,0.0,1.0,1.0,1.0,0.3027
3601,1.0,1.0,1.0,0.0479,1.0,1.0,1.0,0.0,1.0,1.0,1.0,0.2022
3602,1.0,1.0,1.0,0.054,1.0,1.0,1.0,0.0,1.0,1.0,1.0,0.3083
3603,1.0,1.0,1.0,0.0606,1.0,1.0,1.0,0.0,1.0,1.0,1.0,0.3972
3604,1.0,1.0,1.0,0.0879,1.0,1.0,1.0,0.0,1.0,1.0,1.0,0.4014
3605,1.0,1.0,1.0,0.083,1.0,1.0,1.0,0.0373,1.0,1.0,1.0,0.5002
3606,1.0,1.0,1.0,0.0996,1.0,1.0,1.0,0.2029,1.0,1.0,1.0,0.4494
3607,1.0,1.0,1.0,0.113,1.0,1.0,1.0,0.3505,1.0,1.0,1.0,0.3626
3608,1.0,1.0,1.0,0.1522,1.0,1.0,1.0,0.5158,1.0,1.0,1.0,0.3721
3609,1.0,1.0,1.0,0.1214,1.0,1.0,1.0,0.5711,1.0,1.0,1.0,0.2531
3610,1.0,1.0,1.0,0.0465,1.0,1.0,1.0,0.5953,1.0,1.0,1.0,0.1871
3611,1.0,1.0,1.0,0.0457,1.0,1.0,1.0,0.6093,1.0,1.0,1.0,0.22
3612,1.0,1.0,1.0,0.045,1.0,1.0,1.0,0.6495,1.0,1.0,1.0,0.236
3613,1.0,1.0,1.0,0.0325,1.0,1.0,1.0,0.5805,1.0,1.0,1.0,0.1605
3614,1.0,1.0,1.0,0.0209,1.0,1.0,1.0,0.5803,1.0,1.0,1.0,0.1445
3615,1.0,1.0,1.0,0.02,1.0,1.0,1.0,0.5016,1.0,1.0,1.0,0.0976
3616,1.0,1.0,1.0,0.02,1.0,1.0,1.0,0.4536,1.0,1.0,1.0,0.0863
3617,1.0,1.0,1.0,0.0223,1.0,1.0,1.0,0.3348,1.0,1.0,1.0,0.0738
3618,1.0,1.0,1.0,0.02,1.0,1.0,1.0,0.2274,1.0,1.0,1.0,0.1055
3619,1.0,1.0,1.0,0.02,1.0,1.0,1.0,0.0399,1.0,1.0,1.0,0.1035
3620,1.0,1.0,1.0,0.02,1.0,1.0,1.0,0.0,1.0,1.0,1.0,0.0988
3621,1.0,1.0,1.0,0.02,1.0,1.0,1.0,0.0,1.0,1.0,1.0,0.0901
3622,1.0,1.0,1.0,0.02,1.0,1.0,1.0,0.0,1.0,1.0,1.0,0.0533
3623,1.0,1.0,1.0,0.02,1.0,1.0,1.0,0.0,1.0,1.0,1.0,0.0544
3624,1.0,1.0,1.0,0.02,1.0,1.0,1.0,0.0,1.0,1.0,1.0,0.0666
3625,1.0,1.0,1.0,0.02,1.0,1.0,1.0,0.0,1.0,1.0,1.0,0.0751
3626,1.0,1.0,1.0,0.02,1.0,1.0,1.0,0.0,1.0,1.0,1.0,0.0976
3627,1.0,1.0,1.0,0.02,1.0,1.0,1.0,0.0,1.0,1.0,1.0,0.1268
3628,1.0,1.0,1.0,0.02,1.0,1.0,1.0,0.0,1.0,1.0,1.0,0.2434
3629,1.0,1.0,1.0,0.02,1.0,1.0,1.0,0.0383,1.0,1.0,1.0,0.1786
3630,1.0,1.0,1.0,0.02,1.0,1.0,1.0,0.2297,1.0,1.0,1.0,0.1932
3631,1.0,1.0,1.0,0.02,1.0,1.0,1.0,0.4104,1.0,1.0,1.0,0.2147
3632,1.0,1.0,1.0,0.02,1.0,1.0,1.0,0.5974,1.0,1.0,1.0,0.1977
3633,1.0,1.0,1.0,0.02,1.0,1.0,1.0,0.6982,1.0,1.0,1.0,0.1664
3634,1.0,1.0,1.0,0.02,1.0,1.0,1.0,0.6858,1.0,1.0,1.0,0.1947
3635,1.0,1.0,1.0,0.0258,1.0,1.0,1.0,0.7216,1.0,1.0,1.0,0.2197
3636,1.0,1.0,1.0,0.0317,1.0,1.0,1.0,0.7096,1.0,1.0,1.0,0.1639
3637,1.0,1.0,1.0,0.0261,1.0,1.0,1.0,0.5482,1.0,1.0,1.0,0.0961
3638,1.0,1.0,1.0,0.0248,1.0,1.0,1.0,0.4585,1.0,1.0,1.0,0.0849
3639,1.0,1.0,1.0,0.0387,1.0,1.0,1.0,0.3509,1.0,1.0,1.0,0.0709
3640,1.0,1.0,1.0,0.02,1.0,1.0,1.0,0.2566,1.0,1.0,1.0,0.0898
3641,1.0,1.0,1.0,0.02,1.0,1.0,1.0,0.2544,1.0,1.0,1.0,0.0691
3642,1.0,1.0,1.0,0.0253,1.0,1.0,1.0,0.1617,1.0,1.0,1.0,0.0681
3643,1.0,1.0,1.0,0.0213,1.0,1.0,1.0,0.0337,1.0,1.0,1.0,0.0404
3644,1.0,1.0,1.0,0.0245,1.0,1.0,1.0,0.0,1.0,1.0,1.0,0.0254
3645,1.0,1.0,1.0,0.0315,1.0,1.0,1.0,0.0,1.0,1.0,1.0,0.0211
3646,1.0,1.0,1.0,0.0223,1.0,1.0,1.0,0.0,1.0,1.0,1.0,0.021
3647,1.0,1.0,1.0,0.0324,1.0,1.0,1.0,0.0,1.0,1.0,1.0,0.02
3648,1.0,1.0,1.0,0.0382,1.0,1.0,1.0,0.0,1.0,1.0,1.0,0.02
3649,1.0,1.0,1.0,0.0388,1.0,1.0,1.0,0.0,1.0,1.0,1.0,0.02
3650,1.0,1.0,1.0,0.043,1.0,1.0,1.0,0.0,1.0,1.0,1.0,0.02
3651,1.0,1.0,1.0,0.058,1.0,1.0,1.0,0.0,1.0,1.0,1.0,0.02
3652,1.0,1.0,1.0,0.1279,1.0,1.0,1.0,0.0,1.0,1.0,1.0,0.02
3653,1.0,1.0,1.0,0.1578,1.0,1.0,1.0,0.0482,1.0,1.0,1.0,0.02
3654,1.0,1.0,1.0,0.2031,1.0,1.0,1.0,0.2295,1.0,1.0,1.0,0.02
3655,1.0,1.0,1.0,0.2168,1.0,1.0,1.0,0.3822,1.0,1.0,1.0,0.02
3656,1.0,1.0,1.0,0.3528,1.0,1.0,1.0,0.4403,1.0,1.0,1.0,0.02
3657,1.0,1.0,1.0,0.2445,1.0,1.0,1.0,0.5779,1.0,1.0,1.0,0.02
3658,1.0,1.0,1.0,0.1508,1.0,1.0,1.0,0.6392,1.0,1.0,1.0,0.02
3659,1.0,1.0,1.0,0.1612,1.0,1.0,1.0,0.7602,1.0,1.0,1.0,0.02
3660,1.0,1.0,1.0,0.1986,1.0,1.0,1.0,0.7874,1.0,1.0,1.0,0.02
3661,1.0,1.0,1.0,0.0927,1.0,1.0,1.0,0.6093,1.0,1.0,1.0,0.02
3662,1.0,1.0,1.0,0.0962,1.0,1.0,1.0,0.4664,1.0,1.0,1.0,0.02
3663,1.0,1.0,1.0,0.0943,1.0,1.0,1.0,0.4399,1.0,1.0,1.0,0.02
3664,1.0,1.0,1.0,0.1234,1.0,1.0,1.0,0.3995,1.0,1.0,1.0,0.02
3665,1.0,1.0,1.0,0.1446,1.0,1.0,1.0,0.2166,1.0,1.0,1.0,0.02
3666,1.0,1.0,1.0,0.0844,1.0,1.0,1.0,0.1307,1.0,1.0,1.0,0.02
3667,1.0,1.0,1.0,0.062,1.0,1.0,1.0,0.0219,1.0,1.0,1.0,0.0254
3668,1.0,1.0,1.0,0.05,1.0,1.0,1.0,0.0,1.0,1.0,1.0,0.0289
3669,1.0,1.0,1.0,0.0677,1.0,1.0,1.0,0.0,1.0,1.0,1.0,0.0265
3670,1.0,1.0,1.0,0.0802,1.0,1.0,1.0,0.0,1.0,1.0,1.0,0.02
3671,1.0,1.0,1.0,0.0685,1.0,1.0,1.0,0.0,1.0,1.0,1.0,0.02
3672,1.0,1.0,1.0,0.0748,1.0,1.0,1.0,0.0,1.0,1.0,1.0,0.02
3673,1.0,1.0,1.0,0.0554,1.0,1.0,1.0,0.0,1.0,1.0,1.0,0.0367
3674,1.0,1.0,1.0,0.113,1.0,1.0,1.0,0.0,1.0,1.0,1.0,0.0409
3675,1.0,1.0,1.0,0.1389,1.0,1.0,1.0,0.0,1.0,1.0,1.0,0.0238
3676,1.0,1.0,1.0,0.1793,1.0,1.0,1.0,0.0,1.0,1.0,1.0,0.02
3677,1.0,1.0,1.0,0.2651,1.0,1.0,1.0,0.0205,1.0,1.0,1.0,0.02
3678,1.0,1.0,1.0,0.3407,1.0,1.0,1.0,0.1202,1.0,1.0,1.0,0.02
3679,1.0,1.0,1.0,0.3417,1.0,1.0,1.0,0.2208,1.0,1.0,1.0,0.02
3680,1.0,1.0,1.0,0.3258,1.0,1.0,1.0,0.3383,1.0,1.0,1.0,0.02
3681,1.0,1.0,1.0,0.4302,1.0,1.0,1.0,0.4389,1.0,1.0,1.0,0.02
3682,1.0,1.0,1.0,0.428,1.0,1.0,1.0,0.5862,1.0,1.0,1.0,0.0348
3683,1.0,1.0,1.0,0.3612,1.0,1.0,1.0,0.7731,1.0,1.0,1.0,0.0326
3684,1.0,1.0,1.0,0.5272,1.0,1.0,1.0,0.7956,1.0,1.0,1.0,0.0373
3685,1.0,1.0,1.0,0.4382,1.0,1.0,1.0,0.7334,1.0,1.0,1.0,0.0509
3686,1.0,1.0,1.0,0.2943,1.0,1.0,1.0,0.5862,1.0,1.0,1.0,0.075
3687,1.0,1.0,1.0,0.3711,1.0,1.0,1.0,0.5703,1.0,1.0,1.0,0.0521
3688,1.0,1.0,1.0,0.3113,1.0,1.0,1.0,0.425,1.0,1.0,1.0,0.0628
3689,1.0,1.0,1.0,0.3442,1.0,1.0,1.0,0.4021,1.0,1.0,1.0,0.069
3690,1.0,1.0,1.0,0.4961,1.0,1.0,1.0,0.2621,1.0,1.0,1.0,0.0794
3691,1.0,1.0,1.0,0.3721,1.0,1.0,1.0,0.0498,1.0,1.0,1.0,0.0841
3692,1.0,1.0,1.0,0.3663,1.0,1.0,1.0,0.0,1.0,1.0,1.0,0.1483
3693,1.0,1.0,1.0,0.4902,1.0,1.0,1.0,0.0,1.0,1.0,1.0,0.1151
3694,1.0,1.0,1.0,0.5434,1.0,1.0,1.0,0.0,1.0,1.0,1.0,0.0877
3695,1.0,1.0,1.0,0.5199,1.0,1.0,1.0,0.0,1.0,1.0,1.0,0.0697
3696,1.0,1.0,1.0,0.7066,1.0,1.0,1.0,0.0,1.0,1.0,1.0,0.0657
3697,1.0,1.0,1.0,0.6884,1.0,1.0,1.0,0.0,1.0,1.0,1.0,0.0756
3698,1.0,1.0,1.0,0.707,1.0,1.0,1.0,0.0,1.0,1.0,1.0,0.0678
3699,1.0,1.0,1.0,0.803,1.0,1.0,1.0,0.0,1.0,1.0,1.0,0.0978
3700,1.0,1.0,1.0,0.8428,1.0,1.0,1.0,0.0,1.0,1.0,1.0,0.1008
3701,1.0,1.0,1.0,0.8874,1.0,1.0,1.0,0.0467,1.0,1.0,1.0,0.1008
3702,1.0,1.0,1.0,0.8404,1.0,1.0,1.0,0.2479,1.0,1.0,1.0,0.0678
3703,1.0,1.0,1.0,0.8823,1.0,1.0,1.0,0.4635,1.0,1.0,1.0,0.126
3704,1.0,1.0,1.0,0.8794,1.0,1.0,1.0,0.6417,1.0,1.0,1.0,0.1271
3705,1.0,1.0,1.0,0.8374,1.0,1.0,1.0,0.7898,1.0,1.0,1.0,0.2095
3706,1.0,1.0,1.0,0.8377,1.0,1.0,1.0,0.8458,1.0,1.0,1.0,0.1768
3707,1.0,1.0,1.0,0.8364,1.0,1.0,1.0,0.9696,1.0,1.0,1.0,0.2256
3708,1.0,1.0,1.0,0.9011,1.0,1.0,1.0,0.9929,1.0,1.0,1.0,0.1939
3709,1.0,1.0,1.0,0.9047,1.0,1.0,1.0,0.9696,1.0,1.0,1.0,0.3148
3710,1.0,1.0,1.0,0.8679,1.0,1.0,1.0,0.8907,1.0,1.0,1.0,0.4028
3711,1.0,1.0,1.0,0.8093,1.0,1.0,1.0,0.7898,1.0,1.0,1.0,0.4708
3712,1.0,1.0,1.0,0.7955,1.0,1.0,1.0,0.5908,1.0,1.0,1.0,0.4016
3713,1.0,1.0,1.0,0.6942,1.0,1.0,1.0,0.4327,1.0,1.0,1.0,0.5618
3714,1.0,1.0,1.0,0.6267,1.0,1.0,1.0,0.2462,1.0,1.0,1.0,0.7155
3715,1.0,1.0,1.0,0.5964,1.0,1.0,1.0,0.048,1.0,1.0,1.0,0.6747
3716,1.0,1.0,1.0,0.5509,1.0,1.0,1.0,0.0,1.0,1.0,1.0,0.6753
3717,1.0,1.0,1.0,0.6049,1.0,1.0,1.0,0.0,1.0,1.0,1.0,0.7316
3718,1.0,1.0,1.0,0.5319,1.0,1.0,1.0,0.0,1.0,1.0,1.0,0.5623
3719,1.0,1.0,1.0,0.3171,1.0,1.0,1.0,0.0,1.0,1.0,1.0,0.6484
3720,1.0,1.0,1.0,0.2029,1.0,1.0,1.0,0.0,1.0,1.0,1.0,0.7135
3721,1.0,1.0,1.0,0.2041,1.0,1.0,1.0,0.0,1.0,1.0,1.0,0.6583
3722,1.0,1.0,1.0,0.1748,1.0,1.0,1.0,0.0,1.0,1.0,1.0,0.4592
3723,1.0,1.0,1.0,0.1229,1.0,1.0,1.0,0.0,1.0,1.0,1.0,0.4815
3724,1.0,1.0,1.0,0.223,1.0,1.0,1.0,0.0,1.0,1.0,1.0,0.3773
3725,1.0,1.0,1.0,0.2794,1.0,1.0,1.0,0.041,1.0,1.0,1.0,0.2546
3726,1.0,1.0,1.0,0.2756,1.0,1.0,1.0,0.2309,1.0,1.0,1.0,0.28
3727,1.0,1.0,1.0,0.2926,1.0,1.0,1.0,0.4417,1.0,1.0,1.0,0.3806
3728,1.0,1.0,1.0,0.2736,1.0,1.0,1.0,0.6428,1.0,1.0,1.0,0.3587
3729,1.0,1.0,1.0,0.1958,1.0,1.0,1.0,0.7792,1.0,1.0,1.0,0.4549
3730,1.0,1.0,1.0,0.2618,1.0,1.0,1.0,0.9017,1.0,1.0,1.0,0.5062
3731,1.0,1.0,1.0,0.3242,1.0,1.0,1.0,0.9198,1.0,1.0,1.0,0.3801
3732,1.0,1.0,1.0,0.1928,1.0,1.0,1.0,0.9494,1.0,1.0,1.0,0.3317
3733,1.0,1.0,1.0,0.2081,1.0,1.0,1.0,0.9127,1.0,1.0,1.0,0.4173
3734,1.0,1.0,1.0,0.2305,1.0,1.0,1.0,0.8592,1.0,1.0,1.0,0.3652
3735,1.0,1.0,1.0,0.2127,1.0,1.0,1.0,0.6307,1.0,1.0,1.0,0.43
3736,1.0,1.0,1.0,0.363,1.0,1.0,1.0,0.6122,1.0,1.0,1.0,0.3896
3737,1.0,1.0,1.0,0.5308,1.0,1.0,1.0,0.4647,1.0,1.0,1.0,0.4464
3738,1.0,1.0,1.0,0.4901,1.0,1.0,1.0,0.2536,1.0,1.0,1.0,0.4773
3739,1.0,1.0,1.0,0.4643,1.0,1.0,1.0,0.0523,1.0,1.0,1.0,0.4484
3740,1.0,1.0,1.0,0.4292,1.0,1.0,1.0,0.0,1.0,1.0,1.0,0.5023
3741,1.0,1.0,1.0,0.3734,1.0,1.0,1.0,0.0,1.0,1.0,1.0,0.3145
3742,1.0,1.0,1.0,0.2992,1.0,1.0,1.0,0.0,1.0,1.0,1.0,0.2372
3743,1.0,1.0,1.0,0.3373,1.0,1.0,1.0,0.0,1.0,1.0,1.0,0.2096
3744,1.0,1.0,1.0,0.4993,1.0,1.0,1.0,0.0,1.0,1.0,1.0,0.2856
3745,1.0,1.0,1.0,0.6254,1.0,1.0,1.0,0.0,1.0,1.0,1.0,0.1934
3746,1.0,1.0,1.0,0.6783,1.0,1.0,1.0,0.0,1.0,1.0,1.0,0.1931
3747,1.0,1.0,1.0,0.4636,1.0,1.0,1.0,0.0,1.0,1.0,1.0,0.2128
3748,1.0,1.0,1.0,0.3055,1.0,1.0,1.0,0.0,1.0,1.0,1.0,0.2289
3749,1.0,1.0,1.0,0.389,1.0,1.0,1.0,0.054,1.0,1.0,1.0,0.2235
3750,1.0,1.0,1.0,0.5254,1.0,1.0,1.0,0.2662,1.0,1.0,1.0,0.1889
3751,1.0,1.0,1.0,0.5659,1.0,1.0,1.0,0.4659,1.0,1.0,1.0,0.1776
3752,1.0,1.0,1.0,0.5307,1.0,1.0,1.0,0.6353,1.0,1.0,1.0,0.2354
3753,1.0,1.0,1.0,0.6377,1.0,1.0,1.0,0.7916,1.0,1.0,1.0,0.1953
3754,1.0,1.0,1.0,0.6867,1.0,1.0,1.0,0.9025,1.0,1.0,1.0,0.1033
3755,1.0,1.0,1.0,0.7563,1.0,1.0,1.0,0.9711,1.0,1.0,1.0,0.1228
3756,1.0,1.0,1.0,0.6038,1.0,1.0,1.0,0.9166,1.0,1.0,1.0,0.1953
3757,1.0,1.0,1.0,0.6228,1.0,1.0,1.0,0.9233,1.0,1.0,1.0,0.1451
3758,1.0,1.0,1.0,0.7466,1.0,1.0,1.0,0.9025,1.0,1.0,1.0,0.2181
3759,1.0,1.0,1.0,0.7695,1.0,1.0,1.0,0.7916,1.0,1.0,1.0,0.2519
3760,1.0,1.0,1.0,0.8136,1.0,1.0,1.0,0.61,1.0,1.0,1.0,0.1835
3761,1.0,1.0,1.0,0.8046,1.0,1.0,1.0,0.3861,1.0,1.0,1.0,0.151
3762,1.0,1.0,1.0,0.7994,1.0,1.0,1.0,0.1906,1.0,1.0,1.0,0.1225
3763,1.0,1.0,1.0,0.8587,1.0,1.0,1.0,0.0401,1.0,1.0,1.0,0.132
3764,1.0,1.0,1.0,0.8159,1.0,1.0,1.0,0.0,1.0,1.0,1.0,0.1275
3765,1.0,1.0,1.0,0.7592,1.0,1.0,1.0,0.0,1.0,1.0,1.0,0.1808
3766,1.0,1.0,1.0,0.7149,1.0,1.0,1.0,0.0,1.0,1.0,1.0,0.2314
3767,1.0,1.0,1.0,0.7053,1.0,1.0,1.0,0.0,1.0,1.0,1.0,0.1496
3768,1.0,1.0,1.0,0.5618,1.0,1.0,1.0,0.0,1.0,1.0,1.0,0.0978
3769,1.0,1.0,1.0,0.6153,1.0,1.0,1.0,0.0,1.0,1.0,1.0,0.1221
3770,1.0,1.0,1.0,0.5916,1.0,1.0,1.0,0.0,1.0,1.0,1.0,0.1065
3771,1.0,1.0,1.0,0.6527,1.0,1.0,1.0,0.0,1.0,1.0,1.0,0.1037
3772,1.0,1.0,1.0,0.4607,1.0,1.0,1.0,0.0,1.0,1.0,1.0,0.1263
3773,1.0,1.0,1.0,0.53,1.0,1.0,1.0,0.05,1.0,1.0,1.0,0.1669
3774,1.0,1.0,1.0,0.6357,1.0,1.0,1.0,0.1963,1.0,1.0,1.0,0.1167
3775,1.0,1.0,1.0,0.6607,1.0,1.0,1.0,0.3407,1.0,1.0,1.0,0.0588
3776,1.0,1.0,1.0,0.6523,1.0,1.0,1.0,0.481,1.0,1.0,1.0,0.0594
3777,1.0,1.0,1.0,0.708,1.0,1.0,1.0,0.5362,1.0,1.0,1.0,0.0469
3778,1.0,1.0,1.0,0.7819,1.0,1.0,1.0,0.6516,1.0,1.0,1.0,0.0507
3779,1.0,1.0,1.0,0.8013,1.0,1.0,1.0,0.7747,1.0,1.0,1.0,0.0518
3780,1.0,1.0,1.0,0.8226,1.0,1.0,1.0,0.8344,1.0,1.0,1.0,0.0394
3781,1.0,1.0,1.0,0.885,1.0,1.0,1.0,0.9544,1.0,1.0,1.0,0.0832
3782,1.0,1.0,1.0,0.9019,1.0,1.0,1.0,0.8438,1.0,1.0,1.0,0.0867
3783,1.0,1.0,1.0,0.8634,1.0,1.0,1.0,0.7653,1.0,1.0,1.0,0.0747
3784,1.0,1.0,1.0,0.9007,1.0,1.0,1.0,0.6397,1.0,1.0,1.0,0.0803
3785,1.0,1.0,1.0,0.8877,1.0,1.0,1.0,0.4479,1.0,1.0,1.0,0.0986
3786,1.0,1.0,1.0,0.8797,1.0,1.0,1.0,0.2674,1.0,1.0,1.0,0.0831
3787,1.0,1.0,1.0,0.8744,1.0,1.0,1.0,0.0553,1.0,1.0,1.0,0.1752
3788,1.0,1.0,1.0,0.8997,1.0,1.0,1.0,0.0,1.0,1.0,1.0,0.1122
3789,1.0,1.0,1.0,0.9378,1.0,1.0,1.0,0.0,1.0,1.0,1.0,0.0726
3790,1.0,1.0,1.0,0.9316,1.0,1.0,1.0,0.0,1.0,1.0,1.0,0.0446
3791,1.0,1.0,1.0,0.9574,1.0,1.0,1.0,0.0,1.0,1.0,1.0,0.0473
3792,1.0,1.0,1.0,0.9544,1.0,1.0,1.0,0.0,1.0,1.0,1.0,0.058
3793,1.0,1.0,1.0,0.9681,1.0,1.0,1.0,0.0,1.0,1.0,1.0,0.0546
3794,1.0,1.0,1.0,0.9662,1.0,1.0,1.0,0.0,1.0,1.0,1.0,0.0669
3795,1.0,1.0,1.0,0.9549,1.0,1.0,1.0,0.0,1.0,1.0,1.0,0.081
3796,1.0,1.0,1.0,0.9736,1.0,1.0,1.0,0.0,1.0,1.0,1.0,0.0748
3797,1.0,1.0,1.0,0.9632,1.0,1.0,1.0,0.0437,1.0,1.0,1.0,0.0892
3798,1.0,1.0,1.0,0.9483,1.0,1.0,1.0,0.1944,1.0,1.0,1.0,0.0867
3799,1.0,1.0,1.0,0.9133,1.0,1.0,1.0,0.3093,1.0,1.0,1.0,0.0787
3800,1.0,1.0,1.0,0.9371,1.0,1.0,1.0,0.455,1.0,1.0,1.0,0.0695
3801,1.0,1.0,1.0,0.9576,1.0,1.0,1.0,0.5638,1.0,1.0,1.0,0.0782
3802,1.0,1.0,1.0,0.958,1.0,1.0,1.0,0.5893,1.0,1.0,1.0,0.1192
3803,1.0,1.0,1.0,0.9347,1.0,1.0,1.0,0.6651,1.0,1.0,1.0,0.0836
3804,1.0,1.0,1.0,0.9277,1.0,1.0,1.0,0.6921,1.0,1.0,1.0,0.0742
3805,1.0,1.0,1.0,0.9123,1.0,1.0,1.0,0.4934,1.0,1.0,1.0,0.0814
3806,1.0,1.0,1.0,0.8679,1.0,1.0,1.0,0.5697,1.0,1.0,1.0,0.1457
3807,1.0,1.0,1.0,0.8359,1.0,1.0,1.0,0.5816,1.0,1.0,1.0,0.1683
3808,1.0,1.0,1.0,0.8492,1.0,1.0,1.0,0.4686,1.0,1.0,1.0,0.1339
3809,1.0,1.0,1.0,0.808,1.0,1.0,1.0,0.3587,1.0,1.0,1.0,0.1027
3810,1.0,1.0,1.0,0.8128,1.0,1.0,1.0,0.201,1.0,1.0,1.0,0.143
3811,1.0,1.0,1.0,0.6846,1.0,1.0,1.0,0.0356,1.0,1.0,1.0,0.1325
3812,1.0,1.0,1.0,0.7878,1.0,1.0,1.0,0.0,1.0,1.0,1.0,0.0922
3813,1.0,1.0,1.0,0.7517,1.0,1.0,1.0,0.0,1.0,1.0,1.0,0.1305
3814,1.0,1.0,1.0,0.7943,1.0,1.0,1.0,0.0,1.0,1.0,1.0,0.1463
3815,1.0,1.0,1.0,0.794,1.0,1.0,1.0,0.0,1.0,1.0,1.0,0.1032
3816,1.0,1.0,1.0,0.8045,1.0,1.0,1.0,0.0,1.0,1.0,1.0,0.0687
3817,1.0,1.0,1.0,0.7208,1.0,1.0,1.0,0.0,1.0,1.0,1.0,0.0349
3818,1.0,1.0,1.0,0.6515,1.0,1.0,1.0,0.0,1.0,1.0,1.0,0.0301
3819,1.0,1.0,1.0,0.5795,1.0,1.0,1.0,0.0,1.0,1.0,1.0,0.0358
3820,1.0,1.0,1.0,0.5725,1.0,1.0,1.0,0.0,1.0,1.0,1.0,0.0526
3821,1.0,1.0,1.0,0.6726,1.0,1.0,1.0,0.0537,1.0,1.0,1.0,0.0636
3822,1.0,1.0,1.0,0.6946,1.0,1.0,1.0,0.2558,1.0,1.0,1.0,0.0432
3823,1.0,1.0,1.0,0.6117,1.0,1.0,1.0,0.4482,1.0,1.0,1.0,0.0416
3824,1.0,1.0,1.0,0.6091,1.0,1.0,1.0,0.5739,1.0,1.0,1.0,0.0707
3825,1.0,1.0,1.0,0.5924,1.0,1.0,1.0,0.7275,1.0,1.0,1.0,0.0623
3826,1.0,1.0,1.0,0.5528,1.0,1.0,1.0,0.9046,1.0,1.0,1.0,0.0836
3827,1.0,1.0,1.0,0.543,1.0,1.0,1.0,0.9731,1.0,1.0,1.0,0.1063
3828,1.0,1.0,1.0,0.6003,1.0,1.0,1.0,0.9963,1.0,1.0,1.0,0.1379
3829,1.0,1.0,1.0,0.5286,1.0,1.0,1.0,0.9731,1.0,1.0,1.0,0.1598
3830,1.0,1.0,1.0,0.4906,1.0,1.0,1.0,0.9009,1.0,1.0,1.0,0.2013
3831,1.0,1.0,1.0,0.5694,1.0,1.0,1.0,0.7708,1.0,1.0,1.0,0.1314
3832,1.0,1.0,1.0,0.6004,1.0,1.0,1.0,0.6114,1.0,1.0,1.0,0.2084
3833,1.0,1.0,1.0,0.6931,1.0,1.0,1.0,0.3592,1.0,1.0,1.0,0.1235
3834,1.0,1.0,1.0,0.7799,1.0,1.0,1.0,0.2258,1.0,1.0,1.0,0.1388
3835,1.0,1.0,1.0,0.6733,1.0,1.0,1.0,0.044,1.0,1.0,1.0,0.1394
3836,1.0,1.0,1.0,0.6845,1.0,1.0,1.0,0.0,1.0,1.0,1.0,0.1173
3837,1.0,1.0,1.0,0.6331,1.0,1.0,1.0,0.0,1.0,1.0,1.0,0.0885
3838,1.0,1.0,1.0,0.5204,1.0,1.0,1.0,0.0,1.0,1.0,1.0,0.1089
3839,1.0,1.0,1.0,0.444,1.0,1.0,1.0,0.0,1.0,1.0,1.0,0.1428
3840,1.0,1.0,1.0,0.4114,1.0,1.0,1.0,0.0,1.0,1.0,1.0,0.1401
3841,1.0,1.0,1.0,0.3826,1.0,1.0,1.0,0.0,1.0,1.0,1.0,0.1307
3842,1.0,1.0,1.0,0.3308,1.0,1.0,1.0,0.0,1.0,1.0,1.0,0.1943
3843,1.0,1.0,1.0,0.3282,1.0,1.0,1.0,0.0,1.0,1.0,1.0,0.1735
3844,1.0,1.0,1.0,0.5333,1.0,1.0,1.0,0.0,1.0,1.0,1.0,0.1734
3845,1.0,1.0,1.0,0.3769,1.0,1.0,1.0,0.0586,1.0,1.0,1.0,0.1653
3846,1.0,1.0,1.0,0.4706,1.0,1.0,1.0,0.2705,1.0,1.0,1.0,0.3231
3847,1.0,1.0,1.0,0.4629,1.0,1.0,1.0,0.4698,1.0,1.0,1.0,0.2603
3848,1.0,1.0,1.0,0.4193,1.0,1.0,1.0,0.6473,1.0,1.0,1.0,0.3196
3849,1.0,1.0,1.0,0.2592,1.0,1.0,1.0,0.7948,1.0,1.0,1.0,0.2041
3850,1.0,1.0,1.0,0.3144,1.0,1.0,1.0,0.9052,1.0,1.0,1.0,0.1559
3851,1.0,1.0,1.0,0.2161,1.0,1.0,1.0,0.9736,1.0,1.0,1.0,0.1444
3852,1.0,1.0,1.0,0.2712,1.0,1.0,1.0,0.9968,1.0,1.0,1.0,0.1412
3853,1.0,1.0,1.0,0.4067,1.0,1.0,1.0,0.9736,1.0,1.0,1.0,0.1323
3854,1.0,1.0,1.0,0.3009,1.0,1.0,1.0,0.9052,1.0,1.0,1.0,0.131
3855,1.0,1.0,1.0,0.3924,1.0,1.0,1.0,0.7948,1.0,1.0,1.0,0.1081
3856,1.0,1.0,1.0,0.391,1.0,1.0,1.0,0.6473,1.0,1.0,1.0,0.1639
3857,1.0,1.0,1.0,0.2331,1.0,1.0,1.0,0.4698,1.0,1.0,1.0,0.1231
3858,1.0,1.0,1.0,0.1673,1.0,1.0,1.0,0.2705,1.0,1.0,1.0,0.1574
3859,1.0,1.0,1.0,0.1791,1.0,1.0,1.0,0.0586,1.0,1.0,1.0,0.1941
3860,1.0,1.0,1.0,0.2035,1.0,1.0,1.0,0.0,1.0,1.0,1.0,0.1486
3861,1.0,1.0,1.0,0.1296,1.0,1.0,1.0,0.0,1.0,1.0,1.0,0.1353
3862,1.0,1.0,1.0,0.1342,1.0,1.0,1.0,0.0,1.0,1.0,1.0,0.1378
3863,1.0,1.0,1.0,0.1753,1.0,1.0,1.0,0.0,1.0,1.0,1.0,0.227
3864,1.0,1.0,1.0,0.2337,1.0,1.0,1.0,0.0,1.0,1.0,1.0,0.2046
3865,1.0,1.0,1.0,0.21,1.0,1.0,1.0,0.0,1.0,1.0,1.0,0.4794
3866,1.0,1.0,1.0,0.2387,1.0,1.0,1.0,0.0,1.0,1.0,1.0,0.5387
3867,1.0,1.0,1.0,0.3148,1.0,1.0,1.0,0.0,1.0,1.0,1.0,0.559
3868,1.0,1.0,1.0,0.3812,1.0,1.0,1.0,0.0,1.0,1.0,1.0,0.6239
3869,1.0,1.0,1.0,0.4536,1.0,1.0,1.0,0.0595,1.0,1.0,1.0,0.464
3870,1.0,1.0,1.0,0.4578,1.0,1.0,1.0,0.2582,1.0,1.0,1.0,0.559
3871,1.0,1.0,1.0,0.4439,1.0,1.0,1.0,0.3986,1.0,1.0,1.0,0.4337
3872,1.0,1.0,1.0,0.4621,1.0,1.0,1.0,0.5389,1.0,1.0,1.0,0.503
3873,1.0,1.0,1.0,0.3911,1.0,1.0,1.0,0.7135,1.0,1.0,1.0,0.443
3874,1.0,1.0,1.0,0.4829,1.0,1.0,1.0,0.7943,1.0,1.0,1.0,0.3693
3875,1.0,1.0,1.0,0.3474,1.0,1.0,1.0,0.944,1.0,1.0,1.0,0.5169
3876,1.0,1.0,1.0,0.3065,1.0,1.0,1.0,0.9973,1.0,1.0,1.0,0.4993
3877,1.0,1.0,1.0,0.303,1.0,1.0,1.0,0.9742,1.0,1.0,1.0,0.3607
3878,1.0,1.0,1.0,0.3381,1.0,1.0,1.0,0.9058,1.0,1.0,1.0,0.4385
3879,1.0,1.0,1.0,0.3894,1.0,1.0,1.0,0.7951,1.0,1.0,1.0,0.3317
3880,1.0,1.0,1.0,0.5142,1.0,1.0,1.0,0.6481,1.0,1.0,1.0,0.4411
3881,1.0,1.0,1.0,0.5135,1.0,1.0,1.0,0.4707,1.0,1.0,1.0,0.4332
3882,1.0,1.0,1.0,0.4434,1.0,1.0,1.0,0.2714,1.0,1.0,1.0,0.323
3883,1.0,1.0,1.0,0.4257,1.0,1.0,1.0,0.0595,1.0,1.0,1.0,0.386
3884,1.0,1.0,1.0,0.394,1.0,1.0,1.0,0.0,1.0,1.0,1.0,0.4253
3885,1.0,1.0,1.0,0.4344,1.0,1.0,1.0,0.0,1.0,1.0,1.0,0.2556
3886,1.0,1.0,1.0,0.3412,1.0,1.0,1.0,0.0,1.0,1.0,1.0,0.2512
3887,1.0,1.0,1.0,0.3257,1.0,1.0,1.0,0.0,1.0,1.0,1.0,0.2712
3888,1.0,1.0,1.0,0.4568,1.0,1.0,1.0,0.0,1.0,1.0,1.0,0.286
3889,1.0,1.0,1.0,0.4667,1.0,1.0,1.0,0.0,1.0,1.0,1.0,0.2717
3890,1.0,1.0,1.0,0.3714,1.0,1.0,1.0,0.0,1.0,1.0,1.0,0.3254
3891,1.0,1.0,1.0,0.3412,1.0,1.0,1.0,0.0,1.0,1.0,1.0,0.3677
3892,1.0,1.0,1.0,0.1903,1.0,1.0,1.0,0.0,1.0,1.0,1.0,0.3662
3893,1.0,1.0,1.0,0.1894,1.0,1.0,1.0,0.036,1.0,1.0,1.0,0.3433
3894,1.0,1.0,1.0,0.2969,1.0,1.0,1.0,0.2038,1.0,1.0,1.0,0.3519
3895,1.0,1.0,1.0,0.2175,1.0,1.0,1.0,0.3519,1.0,1.0,1.0,0.3021
3896,1.0,1.0,1.0,0.1443,1.0,1.0,1.0,0.5104,1.0,1.0,1.0,0.2308
3897,1.0,1.0,1.0,0.1209,1.0,1.0,1.0,0.6861,1.0,1.0,1.0,0.1687
3898,1.0,1.0,1.0,0.1638,1.0,1.0,1.0,0.9063,1.0,1.0,1.0,0.1658
3899,1.0,1.0,1.0,0.2664,1.0,1.0,1.0,0.9747,1.0,1.0,1.0,0.13
3900,1.0,1.0,1.0,0.2986,1.0,1.0,1.0,0.9978,1.0,1.0,1.0,0.1264
3901,1.0,1.0,1.0,0.213,1.0,1.0,1.0,0.9077,1.0,1.0,1.0,0.191
3902,1.0,1.0,1.0,0.2135,1.0,1.0,1.0,0.8612,1.0,1.0,1.0,0.1815
3903,1.0,1.0,1.0,0.3391,1.0,1.0,1.0,0.796,1.0,1.0,1.0,0.1905
3904,1.0,1.0,1.0,0.3133,1.0,1.0,1.0,0.6487,1.0,1.0,1.0,0.1799
3905,1.0,1.0,1.0,0.3229,1.0,1.0,1.0,0.4714,1.0,1.0,1.0,0.2596
3906,1.0,1.0,1.0,0.3402,1.0,1.0,1.0,0.2722,1.0,1.0,1.0,0.3846
3907,1.0,1.0,1.0,0.2293,1.0,1.0,1.0,0.0509,1.0,1.0,1.0,0.3421
3908,1.0,1.0,1.0,0.2984,1.0,1.0,1.0,0.0,1.0,1.0,1.0,0.3982
3909,1.0,1.0,1.0,0.3638,1.0,1.0,1.0,0.0,1.0,1.0,1.0,0.5738
3910,1.0,1.0,1.0,0.2195,1.0,1.0,1.0,0.0,1.0,1.0,1.0,0.4622
3911,1.0,1.0,1.0,0.1513,1.0,1.0,1.0,0.0,1.0,1.0,1.0,0.5406
3912,1.0,1.0,1.0,0.1143,1.0,1.0,1.0,0.0,1.0,1.0,1.0,0.3795
3913,1.0,1.0,1.0,0.1477,1.0,1.0,1.0,0.0,1.0,1.0,1.0,0.3774
3914,1.0,1.0,1.0,0.1201,1.0,1.0,1.0,0.0,1.0,1.0,1.0,0.3616
3915,1.0,1.0,1.0,0.1394,1.0,1.0,1.0,0.0,1.0,1.0,1.0,0.2345
3916,1.0,1.0,1.0,0.135,1.0,1.0,1.0,0.0,1.0,1.0,1.0,0.31
3917,1.0,1.0,1.0,0.1411,1.0,1.0,1.0,0.0501,1.0,1.0,1.0,0.319
3918,1.0,1.0,1.0,0.167,1.0,1.0,1.0,0.2019,1.0,1.0,1.0,0.2509
3919,1.0,1.0,1.0,0.1836,1.0,1.0,1.0,0.3595,1.0,1.0,1.0,0.2729
3920,1.0,1.0,1.0,0.1851,1.0,1.0,1.0,0.5357,1.0,1.0,1.0,0.3389
3921,1.0,1.0,1.0,0.2055,1.0,1.0,1.0,0.6452,1.0,1.0,1.0,0.214
3922,1.0,1.0,1.0,0.2202,1.0,1.0,1.0,0.6729,1.0,1.0,1.0,0.0833
3923,1.0,1.0,1.0,0.2094,1.0,1.0,1.0,0.7523,1.0,1.0,1.0,0.0851
3924,1.0,1.0,1.0,0.1872,1.0,1.0,1.0,0.9731,1.0,1.0,1.0,0.0688
3925,1.0,1.0,1.0,0.3112,1.0,1.0,1.0,0.769,1.0,1.0,1.0,0.1098
3926,1.0,1.0,1.0,0.278,1.0,1.0,1.0,0.7376,1.0,1.0,1.0,0.1003
3927,1.0,1.0,1.0,0.3832,1.0,1.0,1.0,0.6161,1.0,1.0,1.0,0.1137
3928,1.0,1.0,1.0,0.3251,1.0,1.0,1.0,0.4851,1.0,1.0,1.0,0.1099
3929,1.0,1.0,1.0,0.3885,1.0,1.0,1.0,0.3536,1.0,1.0,1.0,0.0689
3930,1.0,1.0,1.0,0.5388,1.0,1.0,1.0,0.1997,1.0,1.0,1.0,0.0725
3931,1.0,1.0,1.0,0.5011,1.0,1.0,1.0,0.0484,1.0,1.0,1.0,0.0488
3932,1.0,1.0,1.0,0.4358,1.0,1.0,1.0,0.0,1.0,1.0,1.0,0.0324
3933,1.0,1.0,1.0,0.3943,1.0,1.0,1.0,0.0,1.0,1.0,1.0,0.0238
3934,1.0,1.0,1.0,0.3889,1.0,1.0,1.0,0.0,1.0,1.0,1.0,0.02
3935,1.0,1.0,1.0,0.4123,1.0,1.0,1.0,0.0,1.0,1.0,1.0,0.02
3936,1.0,1.0,1.0,0.403,1.0,1.0,1.0,0.0,1.0,1.0,0.6,0.02
3937,1.0,1.0,1.0,0.3643,1.0,1.0,1.0,0.0,1.0,1.0,0.6,0.02
3938,1.0,1.0,1.0,0.5287,1.0,1.0,1.0,0.0,1.0,1.0,0.6,0.02
3939,1.0,1.0,1.0,0.5031,1.0,1.0,1.0,0.0,1.0,1.0,0.6,0.02
3940,1.0,1.0,1.0,0.4418,1.0,1.0,1.0,0.0,1.0,1.0,0.6,0.02
3941,1.0,1.0,1.0,0.5088,1.0,1.0,1.0,0.0619,1.0,1.0,0.6,0.02
3942,1.0,1.0,1.0,0.5748,1.0,1.0,1.0,0.2736,1.0,1.0,0.6,0.02
3943,1.0,1.0,1.0,0.6809,1.0,1.0,1.0,0.4727,1.0,1.0,0.6,0.02
3944,1.0,1.0,1.0,0.7991,1.0,1.0,1.0,0.6499,1.0,1.0,0.6,0.02
3945,1.0,1.0,1.0,0.8072,1.0,1.0,1.0,0.797,1.0,1.0,0.6,0.02
3946,1.0,1.0,1.0,0.7789,1.0,1.0,1.0,0.8606,1.0,1.0,0.6,0.02
3947,1.0,1.0,1.0,0.6287,1.0,1.0,1.0,0.7925,1.0,1.0,0.6,0.0255
3948,1.0,1.0,1.0,0.5384,1.0,1.0,1.0,0.8549,1.0,1.0,0.6,0.0285
3949,1.0,1.0,1.0,0.5482,1.0,1.0,1.0,0.8855,1.0,1.0,0.6,0.0314
3950,1.0,1.0,1.0,0.4367,1.0,1.0,1.0,0.7902,1.0,1.0,0.6,0.0217
3951,1.0,1.0,1.0,0.3035,1.0,1.0,1.0,0.6538,1.0,1.0,0.6,0.02
3952,1.0,1.0,1.0,0.3075,1.0,1.0,1.0,0.5166,1.0,1.0,0.6,0.0228
3953,1.0,1.0,1.0,0.3672,1.0,1.0,1.0,0.3856,1.0,1.0,0.6,0.0239
3954,1.0,1.0,1.0,0.3445,1.0,1.0,1.0,0.1735,1.0,1.0,0.6,0.025
3955,1.0,1.0,1.0,0.4161,1.0,1.0,1.0,0.0429,1.0,1.0,0.6,0.02
3956,1.0,1.0,1.0,0.4646,1.0,1.0,1.0,0.0,1.0,1.0,0.6,0.02
3957,1.0,1.0,1.0,0.5587,1.0,1.0,1.0,0.0,1.0,1.0,0.6,0.02
3958,1.0,1.0,1.0,0.7232,1.0,1.0,1.0,0.0,1.0,1.0,0.6,0.0203
3959,1.0,1.0,1.0,0.8603,1.0,1.0,1.0,0.0,1.0,1.0,0.6,0.02
3960,1.0,1.0,1.0,0.8791,1.0,1.0,1.0,0.0,1.0,1.0,0.6,0.02
3961,1.0,1.0,1.0,0.85,1.0,1.0,1.0,0.0,1.0,1.0,0.6,0.02
3962,1.0,1.0,1.0,0.8423,1.0,1.0,1.0,0.0,1.0,1.0,0.6,0.02
3963,1.0,1.0,1.0,0.8953,1.0,1.0,1.0,0.0,1.0,1.0,0.6,0.02
3964,1.0,1.0,1.0,0.8507,1.0,1.0,1.0,0.0,1.0,1.0,0.6,0.02
3965,1.0,1.0,1.0,0.8971,1.0,1.0,1.0,0.0441,1.0,1.0,0.6,0.02
3966,1.0,1.0,1.0,0.8821,1.0,1.0,1.0,0.1876,1.0,1.0,0.6,0.02
3967,1.0,1.0,1.0,0.881,1.0,1.0,1.0,0.3208,1.0,1.0,0.6,0.02
3968,1.0,1.0,1.0,0.8362,1.0,1.0,1.0,0.4343,1.0,1.0,0.6,0.02
3969,1.0,1.0,1.0,0.7482,1.0,1.0,1.0,0.6392,1.0,1.0,0.6,0.02
3970,1.0,1.0,1.0,0.7171,1.0,1.0,1.0,0.8719,1.0,1.0,0.6,0.0209
3971,1.0,1.0,1.0,0.7907,1.0,1.0,1.0,0.9452,1.0,1.0,0.6,0.0205
3972,1.0,1.0,1.0,0.7339,1.0,1.0,1.0,0.9227,1.0,1.0,0.6,0.0293
3973,1.0,1.0,1.0,0.8204,1.0,1.0,1.0,0.7904,1.0,1.0,0.6,0.0297
3974,1.0,1.0,1.0,0.7763,1.0,1.0,1.0,0.6373,1.0,1.0,0.6,0.0349
3975,1.0,1.0,1.0,0.6908,1.0,1.0,1.0,0.6642,1.0,1.0,0.6,0.0696
3976,1.0,1.0,1.0,0.6984,1.0,1.0,1.0,0.4664,1.0,1.0,0.6,0.0851
3977,1.0,1.0,1.0,0.7355,1.0,1.0,1.0,0.329,1.0,1.0,1.0,0.0691
3978,1.0,1.0,1.0,0.7367,1.0,1.0,1.0,0.1983,1.0,1.0,1.0,0.0615
3979,1.0,1.0,1.0,0.7353,1.0,1.0,1.0,0.033,1.0,1.0,1.0,0.0854
3980,1.0,1.0,1.0,0.821,1.0,1.0,1.0,0.0,1.0,1.0,1.0,0.1224
3981,1.0,1.0,1.0,0.8148,1.0,1.0,1.0,0.0,1.0,1.0,1.0,0.1237
3982,1.0,1.0,1.0,0.7762,1.0,1.0,1.0,0.0,1.0,1.0,1.0,0.0781
3983,1.0,1.0,1.0,0.6858,1.0,1.0,1.0,0.0,1.0,1.0,1.0,0.0595
3984,1.0,1.0,1.0,0.7627,1.0,1.0,1.0,0.0,1.0,1.0,1.0,0.0657
3985,1.0,1.0,1.0,0.722,1.0,1.0,1.0,0.0,1.0,1.0,1.0,0.0827
3986,1.0,1.0,1.0,0.6861,1.0,1.0,1.0,0.0,1.0,1.0,1.0,0.1174
3987,1.0,1.0,1.0,0.7497,1.0,1.0,1.0,0.0,1.0,1.0,1.0,0.0628
3988,1.0,1.0,1.0,0.8525,1.0,1.0,1.0,0.0,1.0,1.0,1.0,0.087
3989,1.0,1.0,1.0,0.8532,1.0,1.0,1.0,0.0374,1.0,1.0,1.0,0.14
3990,1.0,1.0,1.0,0.8362,1.0,1.0,1.0,0.1798,1.0,1.0,1.0,0.067
3991,1.0,1.0,1.0,0.8249,1.0,1.0,1.0,0.2161,1.0,1.0,1.0,0.0698
3992,1.0,1.0,1.0,0.7883,1.0,1.0,1.0,0.3558,1.0,1.0,1.0,0.0926
3993,1.0,1.0,1.0,0.7543,1.0,1.0,1.0,0.4685,1.0,1.0,1.0,0.0605
3994,1.0,1.0,1.0,0.7183,1.0,1.0,1.0,0.5758,1.0,1.0,1.0,0.0537
3995,1.0,1.0,1.0,0.7681,1.0,1.0,1.0,0.7322,1.0,1.0,1.0,0.0678
3996,1.0,1.0,1.0,0.7505,1.0,1.0,1.0,0.6168,1.0,1.0,1.0,0.0595
3997,1.0,1.0,1.0,0.8198,1.0,1.0,1.0,0.5272,1.0,1.0,1.0,0.0553
3998,1.0,1.0,1.0,0.8021,1.0,1.0,1.0,0.5134,1.0,1.0,1.0,0.0623
3999,1.0,1.0,1.0,0.7685,1.0,1.0,1.0,0.3257,1.0,1.0,1.0,0.0442
4000,1.0,1.0,1.0,0.8295,1.0,1.0,1.0,0.2834,1.0,1.0,1.0,0.0326
4001,1.0,1.0,1.0,0.8194,1.0,1.0,1.0,0.258,1.0,1.0,1.0,0.0408
4002,1.0,1.0,1.0,0.8012,1.0,1.0,1.0,0.1667,1.0,1.0,1.0,0.0592
4003,1.0,1.0,1.0,0.7916,1.0,1.0,1.0,0.0402,1.0,1.0,1.0,0.0706
4004,1.0,1.0,1.0,0.8555,1.0,1.0,1.0,0.0,1.0,1.0,1.0,0.1132
4005,1.0,1.0,1.0,0.8585,1.0,1.0,1.0,0.0,1.0,1.0,1.0,0.1319
4006,1.0,1.0,1.0,0.8963,1.0,1.0,1.0,0.0,1.0,1.0,1.0,0.2287
4007,1.0,1.0,1.0,0.8788,1.0,1.0,1.0,0.0,1.0,1.0,1.0,0.2332
4008,1.0,1.0,1.0,0.9061,1.0,1.0,1.0,0.0,1.0,1.0,1.0,0.2484
4009,1.0,1.0,1.0,0.9049,1.0,1.0,1.0,0.0,1.0,1.0,1.0,0.2754
4010,1.0,1.0,1.0,0.9217,1.0,1.0,1.0,0.0,1.0,1.0,1.0,0.2328
4011,1.0,1.0,1.0,0.937,1.0,1.0,1.0,0.0,1.0,1.0,1.0,0.188
4012,1.0,1.0,1.0,0.9055,1.0,1.0,1.0,0.0,1.0,1.0,1.0,0.1457
4013,1.0,1.0,1.0,0.8992,1.0,1.0,1.0,0.0416,1.0,1.0,1.0,0.1251
4014,1.0,1.0,1.0,0.9189,1.0,1.0,1.0,0.2141,1.0,1.0,1.0,0.2321
4015,1.0,1.0,1.0,0.938,1.0,1.0,1.0,0.4133,1.0,1.0,1.0,0.3641
4016,1.0,1.0,1.0,0.9545,1.0,1.0,1.0,0.4844,1.0,1.0,1.0,0.3339
4017,1.0,1.0,1.0,0.9507,1.0,1.0,1.0,0.5975,1.0,1.0,1.0,0.2991
4018,1.0,1.0,1.0,0.9671,1.0,1.0,1.0,0.7042,1.0,1.0,1.0,0.1663
4019,1.0,1.0,1.0,0.9535,1.0,1.0,1.0,0.6026,1.0,1.0,1.0,0.125
4020,1.0,1.0,1.0,0.915,1.0,1.0,1.0,0.4706,1.0,1.0,1.0,0.0992
4021,1.0,1.0,1.0,0.8983,1.0,1.0,1.0,0.4316,1.0,1.0,1.0,0.0888
4022,1.0,1.0,1.0,0.9243,1.0,1.0,1.0,0.3431,1.0,1.0,1.0,0.0764
4023,1.0,1.0,1.0,0.8827,1.0,1.0,1.0,0.2726,1.0,1.0,1.0,0.0849
4024,1.0,1.0,1.0,0.8043,1.0,1.0,1.0,0.1871,1.0,1.0,1.0,0.1121
4025,1.0,1.0,1.0,0.6769,1.0,1.0,1.0,0.1582,1.0,1.0,1.0,0.0914
4026,1.0,1.0,1.0,0.7202,1.0,1.0,1.0,0.0864,1.0,1.0,1.0,0.1469
4027,1.0,1.0,1.0,0.5941,1.0,1.0,1.0,0.029,1.0,1.0,1.0,0.1652
4028,1.0,1.0,1.0,0.6301,1.0,1.0,1.0,0.0,1.0,1.0,1.0,0.215
4029,1.0,1.0,1.0,0.592,1.0,1.0,1.0,0.0,1.0,1.0,1.0,0.1908
4030,1.0,1.0,1.0,0.5155,1.0,1.0,1.0,0.0,1.0,1.0,1.0,0.2236
4031,1.0,1.0,1.0,0.4209,1.0,1.0,1.0,0.0,1.0,1.0,1.0,0.2528
4032,1.0,1.0,1.0,0.4323,1.0,1.0,1.0,0.0,1.0,1.0,1.0,0.3594
4033,1.0,1.0,1.0,0.364,1.0,1.0,1.0,0.0,1.0,1.0,1.0,0.4093
4034,1.0,1.0,1.0,0.3607,1.0,1.0,1.0,0.0,1.0,1.0,1.0,0.477
4035,1.0,1.0,1.0,0.3907,1.0,1.0,1.0,0.0,1.0,1.0,1.0,0.4233
4036,1.0,1.0,1.0,0.4388,1.0,1.0,1.0,0.0,1.0,1.0,1.0,0.521
4037,1.0,1.0,1.0,0.5146,1.0,1.0,1.0,0.0359,1.0,1.0,1.0,0.4013
4038,1.0,1.0,1.0,0.5212,1.0,1.0,1.0,0.2106,1.0,1.0,1.0,0.349
4039,1.0,1.0,1.0,0.4219,1.0,1.0,1.0,0.3785,1.0,1.0,1.0,0.3679
4040,1.0,1.0,1.0,0.4571,1.0,1.0,1.0,0.5253,1.0,1.0,1.0,0.2762
4041,1.0,1.0,1.0,0.5083,1.0,1.0,1.0,0.5668,1.0,1.0,1.0,0.2155
4042,1.0,1.0,1.0,0.4848,1.0,1.0,1.0,0.5679,1.0,1.0,1.0,0.1664
4043,1.0,1.0,1.0,0.4528,1.0,1.0,1.0,0.6158,1.0,1.0,1.0,0.1877
4044,1.0,1.0,1.0,0.6577,1.0,1.0,1.0,0.7427,1.0,1.0,1.0,0.1807
4045,1.0,1.0,1.0,0.5377,1.0,1.0,1.0,0.7205,1.0,1.0,1.0,0.238
4046,1.0,1.0,1.0,0.572,1.0,1.0,1.0,0.669,1.0,1.0,1.0,0.3763
4047,1.0,1.0,1.0,0.6497,1.0,1.0,1.0,0.5495,1.0,1.0,1.0,0.394
4048,1.0,1.0,1.0,0.6107,1.0,1.0,1.0,0.3681,1.0,1.0,1.0,0.3472
4049,1.0,1.0,1.0,0.5861,1.0,1.0,1.0,0.2982,1.0,1.0,1.0,0.3732
4050,1.0,1.0,1.0,0.5418,1.0,1.0,1.0,0.1736,1.0,1.0,1.0,0.2992
4051,1.0,1.0,1.0,0.5332,1.0,1.0,1.0,0.0439,1.0,1.0,1.0,0.2926
4052,1.0,1.0,1.0,0.6021,1.0,1.0,1.0,0.0,1.0,1.0,1.0,0.4927
4053,1.0,1.0,1.0,0.5751,1.0,1.0,1.0,0.0,1.0,1.0,1.0,0.4665
4054,1.0,1.0,1.0,0.7946,1.0,1.0,1.0,0.0,1.0,1.0,1.0,0.4852
4055,1.0,1.0,1.0,0.7547,1.0,1.0,1.0,0.0,1.0,1.0,1.0,0.4629
4056,1.0,1.0,1.0,0.8231,1.0,1.0,1.0,0.0,1.0,1.0,1.0,0.4187
4057,1.0,1.0,1.0,0.8391,1.0,1.0,1.0,0.0,1.0,1.0,1.0,0.4539
4058,1.0,1.0,1.0,0.8335,1.0,1.0,1.0,0.0,1.0,1.0,1.0,0.3409
4059,1.0,1.0,1.0,0.8856,1.0,1.0,1.0,0.0,1.0,1.0,1.0,0.3246
4060,1.0,1.0,1.0,0.8015,1.0,1.0,1.0,0.0,1.0,1.0,1.0,0.2278
4061,1.0,1.0,1.0,0.8135,1.0,1.0,1.0,0.0405,1.0,1.0,1.0,0.3366
4062,1.0,1.0,1.0,0.7592,1.0,1.0,1.0,0.1934,1.0,1.0,1.0,0.414
4063,1.0,1.0,1.0,0.7174,1.0,1.0,1.0,0.2338,1.0,1.0,1.0,0.345
4064,1.0,1.0,1.0,0.6692,1.0,1.0,1.0,0.3899,1.0,1.0,1.0,0.2131
4065,1.0,1.0,1.0,0.5784,1.0,1.0,1.0,0.4846,1.0,1.0,1.0,0.2441
4066,1.0,1.0,1.0,0.4252,1.0,1.0,1.0,0.4905,1.0,1.0,1.0,0.2411
4067,1.0,1.0,1.0,0.4537,1.0,1.0,1.0,0.5288,1.0,1.0,1.0,0.4104
4068,1.0,1.0,1.0,0.442,1.0,1.0,1.0,0.5129,1.0,1.0,1.0,0.5261
4069,1.0,1.0,1.0,0.4107,1.0,1.0,1.0,0.4382,1.0,1.0,1.0,0.5716
4070,1.0,1.0,1.0,0.4714,1.0,1.0,1.0,0.3032,1.0,1.0,1.0,0.515
4071,1.0,1.0,1.0,0.5044,1.0,1.0,1.0,0.3544,1.0,1.0,1.0,0.4829
4072,1.0,1.0,1.0,0.4735,1.0,1.0,1.0,0.2865,1.0,1.0,1.0,0.5011
4073,1.0,1.0,1.0,0.7181,1.0,1.0,1.0,0.2133,1.0,1.0,1.0,0.5234
4074,1.0,1.0,1.0,0.7744,1.0,1.0,1.0,0.1536,1.0,1.0,1.0,0.4522
4075,1.0,1.0,1.0,0.8831,1.0,1.0,1.0,0.0379,1.0,1.0,1.0,0.3321
4076,1.0,1.0,1.0,0.8565,1.0,1.0,1.0,0.0,1.0,1.0,1.0,0.4906
4077,1.0,1.0,1.0,0.857,1.0,1.0,1.0,0.0,1.0,1.0,1.0,0.4851
4078,1.0,1.0,1.0,0.7814,1.0,1.0,1.0,0.0,1.0,1.0,1.0,0.5139
4079,1.0,1.0,1.0,0.7484,1.0,1.0,1.0,0.0,1.0,1.0,1.0,0.4302
4080,1.0,1.0,1.0,0.6938,1.0,1.0,1.0,0.0,1.0,1.0,1.0,0.5411
4081,1.0,1.0,1.0,0.8596,1.0,1.0,1.0,0.0,1.0,1.0,1.0,0.6198
4082,1.0,1.0,1.0,0.8153,1.0,1.0,1.0,0.0,1.0,1.0,1.0,0.6131
4083,1.0,1.0,1.0,0.7906,1.0,1.0,1.0,0.0,1.0,1.0,1.0,0.6189
4084,1.0,1.0,1.0,0.6792,1.0,1.0,1.0,0.0,1.0,1.0,1.0,0.6306
4085,1.0,1.0,1.0,0.7077,1.0,1.0,1.0,0.0444,1.0,1.0,1.0,0.6267
4086,1.0,1.0,1.0,0.6255,1.0,1.0,1.0,0.1806,1.0,1.0,1.0,0.6598
4087,1.0,1.0,1.0,0.6876,1.0,1.0,1.0,0.3589,1.0,1.0,1.0,0.6768
4088,1.0,1.0,1.0,0.5273,1.0,1.0,1.0,0.4761,1.0,1.0,1.0,0.6503
4089,1.0,1.0,1.0,0.5084,1.0,1.0,1.0,0.7025,1.0,1.0,1.0,0.5393
4090,1.0,1.0,1.0,0.3445,1.0,1.0,1.0,0.7858,1.0,1.0,1.0,0.5272
4091,1.0,1.0,1.0,0.3046,1.0,1.0,1.0,0.9346,1.0,1.0,1.0,0.5825
4092,1.0,1.0,1.0,0.2827,1.0,1.0,1.0,0.9766,1.0,1.0,1.0,0.6279
4093,1.0,1.0,1.0,0.2418,1.0,1.0,1.0,0.9768,1.0,1.0,1.0,0.7174
4094,1.0,1.0,1.0,0.2119,1.0,1.0,1.0,0.899,1.0,1.0,1.0,0.7966
4095,1.0,1.0,1.0,0.276,1.0,1.0,1.0,0.7719,1.0,1.0,1.0,0.8226
4096,1.0,1.0,1.0,0.4491,1.0,1.0,1.0,0.6442,1.0,1.0,1.0,0.8204
4097,1.0,1.0,1.0,0.4727,1.0,1.0,1.0,0.4748,1.0,1.0,1.0,0.8261
4098,1.0,1.0,1.0,0.3924,1.0,1.0,1.0,0.2759,1.0,1.0,1.0,0.7817
4099,1.0,1.0,1.0,0.3938,1.0,1.0,1.0,0.0578,1.0,1.0,1.0,0.8148
4100,1.0,1.0,1.0,0.3607,1.0,1.0,1.0,0.0,1.0,1.0,1.0,0.8659
4101,1.0,1.0,1.0,0.4319,1.0,1.0,1.0,0.0,1.0,1.0,1.0,0.8946
4102,1.0,1.0,1.0,0.4514,1.0,1.0,1.0,0.0,1.0,1.0,1.0,0.9033
4103,1.0,1.0,1.0,0.3162,1.0,1.0,1.0,0.0,1.0,1.0,1.0,0.8857
4104,1.0,1.0,1.0,0.4015,1.0,1.0,1.0,0.0,1.0,1.0,1.0,0.8607
4105,1.0,1.0,1.0,0.4803,1.0,1.0,1.0,0.0,1.0,1.0,1.0,0.8423
4106,1.0,1.0,1.0,0.6027,1.0,1.0,1.0,0.0,1.0,1.0,1.0,0.7915
4107,1.0,1.0,1.0,0.5482,1.0,1.0,1.0,0.0,1.0,1.0,1.0,0.795
4108,1.0,1.0,1.0,0.5653,1.0,1.0,1.0,0.0,1.0,1.0,1.0,0.5745
4109,1.0,1.0,1.0,0.4527,1.0,1.0,1.0,0.0645,1.0,1.0,1.0,0.5168
4110,1.0,1.0,1.0,0.4422,1.0,1.0,1.0,0.2761,1.0,1.0,1.0,0.5135
4111,1.0,1.0,1.0,0.4709,1.0,1.0,1.0,0.4749,1.0,1.0,1.0,0.7094
4112,1.0,1.0,1.0,0.4096,1.0,1.0,1.0,0.6519,1.0,1.0,1.0,0.6968
4113,1.0,1.0,1.0,0.4341,1.0,1.0,1.0,0.7988,1.0,1.0,1.0,0.687
4114,1.0,1.0,1.0,0.4432,1.0,1.0,1.0,0.9088,1.0,1.0,1.0,0.6072
4115,1.0,1.0,1.0,0.3991,1.0,1.0,1.0,0.9769,1.0,1.0,1.0,0.7289
4116,1.0,1.0,1.0,0.5156,1.0,1.0,1.0,0.9124,1.0,1.0,1.0,0.6546
4117,1.0,1.0,1.0,0.4871,1.0,1.0,1.0,0.9769,1.0,1.0,1.0,0.7852
4118,1.0,1.0,1.0,0.4915,1.0,1.0,1.0,0.9088,1.0,1.0,1.0,0.7237
4119,1.0,1.0,1.0,0.3598,1.0,1.0,1.0,0.7988,1.0,1.0,1.0,0.7736
4120,1.0,1.0,1.0,0.3995,1.0,1.0,1.0,0.6519,1.0,1.0,1.0,0.757
4121,1.0,1.0,1.0,0.3561,1.0,1.0,1.0,0.4749,1.0,1.0,1.0,0.7048
4122,1.0,1.0,1.0,0.433,1.0,1.0,1.0,0.2761,1.0,1.0,1.0,0.7617
4123,1.0,1.0,1.0,0.3207,1.0,1.0,1.0,0.0645,1.0,1.0,1.0,0.8259
4124,1.0,1.0,1.0,0.3527,1.0,1.0,1.0,0.0,1.0,1.0,1.0,0.8038
4125,1.0,1.0,1.0,0.2005,1.0,1.0,1.0,0.0,1.0,1.0,1.0,0.7898
4126,1.0,1.0,1.0,0.2394,1.0,1.0,1.0,0.0,1.0,1.0,1.0,0.7511
4127,1.0,1.0,1.0,0.2292,1.0,1.0,1.0,0.0,1.0,1.0,1.0,0.753
4128,1.0,1.0,1.0,0.2551,1.0,1.0,1.0,0.0,1.0,1.0,1.0,0.6587
4129,1.0,1.0,1.0,0.2176,1.0,1.0,1.0,0.0,1.0,1.0,1.0,0.4157
4130,1.0,1.0,1.0,0.1674,1.0,1.0,1.0,0.0,1.0,1.0,1.0,0.2649
4131,1.0,1.0,1.0,0.1495,1.0,1.0,1.0,0.0,1.0,1.0,1.0,0.2492
4132,1.0,1.0,1.0,0.1612,1.0,1.0,1.0,0.0,1.0,1.0,1.0,0.1855
4133,1.0,1.0,1.0,0.1934,1.0,1.0,1.0,0.0431,1.0,1.0,1.0,0.1807
4134,1.0,1.0,1.0,0.2126,1.0,1.0,1.0,0.201,1.0,1.0,1.0,0.1569
4135,1.0,1.0,1.0,0.1641,1.0,1.0,1.0,0.3332,1.0,1.0,1.0,0.1286
4136,1.0,1.0,1.0,0.2756,1.0,1.0,1.0,0.4943,1.0,1.0,1.0,0.1073
4137,1.0,1.0,1.0,0.2992,1.0,1.0,1.0,0.6061,1.0,1.0,1.0,0.1478
4138,1.0,1.0,1.0,0.2547,1.0,1.0,1.0,0.6783,1.0,1.0,1.0,0.1608
4139,1.0,1.0,1.0,0.2843,1.0,1.0,1.0,0.735,1.0,1.0,1.0,0.2515
4140,1.0,1.0,1.0,0.3023,1.0,1.0,1.0,0.9038,1.0,1.0,1.0,0.2578
4141,1.0,1.0,1.0,0.2885,1.0,1.0,1.0,0.9281,1.0,1.0,1.0,0.1506
4142,1.0,1.0,1.0,0.2673,1.0,1.0,1.0,0.8326,1.0,1.0,1.0,0.1112
4143,1.0,1.0,1.0,0.3399,1.0,1.0,1.0,0.7836,1.0,1.0,1.0,0.118
4144,1.0,1.0,1.0,0.4827,1.0,1.0,1.0,0.6519,1.0,1.0,1.0,0.1299
4145,1.0,1.0,1.0,0.3079,1.0,1.0,1.0,0.475,1.0,1.0,1.0,0.1105
4146,1.0,1.0,1.0,0.4048,1.0,1.0,1.0,0.2743,1.0,1.0,1.0,0.0881
4147,1.0,1.0,1.0,0.402,1.0,1.0,1.0,0.0611,1.0,1.0,1.0,0.0748
4148,1.0,1.0,1.0,0.4176,1.0,1.0,1.0,0.0,1.0,1.0,1.0,0.0741
4149,1.0,1.0,1.0,0.53,1.0,1.0,1.0,0.0,1.0,1.0,1.0,0.0757
4150,1.0,1.0,1.0,0.3009,1.0,1.0,1.0,0.0,1.0,1.0,1.0,0.0548
4151,1.0,1.0,1.0,0.3629,1.0,1.0,1.0,0.0,1.0,1.0,1.0,0.0623
4152,1.0,1.0,1.0,0.467,1.0,1.0,1.0,0.0,1.0,1.0,1.0,0.07
4153,1.0,1.0,1.0,0.4014,1.0,1.0,1.0,0.0,1.0,1.0,1.0,0.0702
4154,1.0,1.0,1.0,0.2878,1.0,1.0,1.0,0.0,1.0,1.0,1.0,0.0582
4155,1.0,1.0,1.0,0.4169,1.0,1.0,1.0,0.0,1.0,1.0,1.0,0.0758
4156,1.0,1.0,1.0,0.2748,1.0,1.0,1.0,0.0,1.0,1.0,1.0,0.1194
4157,1.0,1.0,1.0,0.3047,1.0,1.0,1.0,0.0645,1.0,1.0,1.0,0.1062
4158,1.0,1.0,1.0,0.384,1.0,1.0,1.0,0.2761,1.0,1.0,1.0,0.0893
4159,1.0,1.0,1.0,0.4133,1.0,1.0,1.0,0.4749,1.0,1.0,1.0,0.1067
4160,1.0,1.0,1.0,0.457,1.0,1.0,1.0,0.6519,1.0,1.0,1.0,0.0754
4161,1.0,1.0,1.0,0.4279,1.0,1.0,1.0,0.7293,1.0,1.0,1.0,0.0515
4162,1.0,1.0,1.0,0.4625,1.0,1.0,1.0,0.8525,1.0,1.0,1.0,0.0436
4163,1.0,1.0,1.0,0.3955,1.0,1.0,1.0,0.8394,1.0,1.0,1.0,0.051
4164,1.0,1.0,1.0,0.3443,1.0,1.0,1.0,0.8898,1.0,1.0,1.0,0.0399
4165,1.0,1.0,1.0,0.3446,1.0,1.0,1.0,0.808,1.0,1.0,1.0,0.042
4166,1.0,1.0,1.0,0.2327,1.0,1.0,1.0,0.7967,1.0,1.0,1.0,0.0225
4167,1.0,1.0,1.0,0.2717,1.0,1.0,1.0,0.6883,1.0,1.0,1.0,0.0299
4168,1.0,1.0,1.0,0.1353,1.0,1.0,1.0,0.5012,1.0,1.0,1.0,0.0519
4169,1.0,1.0,1.0,0.1541,1.0,1.0,1.0,0.358,1.0,1.0,1.0,0.0402
4170,1.0,1.0,1.0,0.1792,1.0,1.0,1.0,0.2595,1.0,1.0,1.0,0.0494
4171,1.0,1.0,1.0,0.1437,1.0,1.0,1.0,0.0483,1.0,1.0,1.0,0.0485
4172,1.0,1.0,1.0,0.1003,1.0,1.0,1.0,0.0,1.0,1.0,1.0,0.0528
4173,1.0,1.0,1.0,0.091,1.0,1.0,1.0,0.0,1.0,1.0,1.0,0.0511
4174,1.0,1.0,1.0,0.1152,1.0,1.0,1.0,0.0,1.0,1.0,1.0,0.0485
4175,1.0,1.0,1.0,0.1316,1.0,1.0,1.0,0.0,1.0,1.0,1.0,0.0387
4176,1.0,1.0,1.0,0.0949,1.0,1.0,1.0,0.0,1.0,1.0,1.0,0.0282
4177,1.0,1.0,1.0,0.1015,1.0,1.0,1.0,0.0,1.0,1.0,1.0,0.0437
4178,1.0,1.0,1.0,0.1136,1.0,1.0,1.0,0.0,1.0,1.0,1.0,0.0262
4179,1.0,1.0,1.0,0.125,1.0,1.0,1.0,0.0,1.0,1.0,1.0,0.0279
4180,1.0,1.0,1.0,0.0942,1.0,1.0,1.0,0.0,1.0,1.0,1.0,0.0293
4181,1.0,1.0,1.0,0.1023,1.0,1.0,1.0,0.0561,1.0,1.0,1.0,0.0308
4182,1.0,1.0,1.0,0.1399,1.0,1.0,1.0,0.2298,1.0,1.0,1.0,0.0412
4183,1.0,1.0,1.0,0.1674,1.0,1.0,1.0,0.3966,1.0,1.0,1.0,0.0384
4184,1.0,1.0,1.0,0.1911,1.0,1.0,1.0,0.4468,1.0,1.0,1.0,0.0507
4185,1.0,1.0,1.0,0.2984,1.0,1.0,1.0,0.6264,1.0,1.0,1.0,0.1013
4186,1.0,1.0,1.0,0.3098,1.0,1.0,1.0,0.8602,1.0,1.0,1.0,0.0992
4187,1.0,1.0,1.0,0.2493,1.0,1.0,1.0,0.8815,1.0,1.0,1.0,0.0528
4188,1.0,1.0,1.0,0.1989,1.0,1.0,1.0,0.991,1.0,1.0,1.0,0.0528
4189,1.0,1.0,1.0,0.2107,1.0,1.0,1.0,0.9439,1.0,1.0,1.0,0.0512
4190,1.0,1.0,1.0,0.1401,1.0,1.0,1.0,0.8237,1.0,1.0,1.0,0.0614
4191,1.0,1.0,1.0,0.1302,1.0,1.0,1.0,0.6951,1.0,1.0,1.0,0.033
4192,1.0,1.0,1.0,0.1531,1.0,1.0,1.0,0.5704,1.0,1.0,1.0,0.0392
4193,1.0,1.0,1.0,0.2175,1.0,1.0,1.0,0.3869,1.0,1.0,1.0,0.036
4194,1.0,1.0,1.0,0.1403,1.0,1.0,1.0,0.2392,1.0,1.0,1.0,0.0501
4195,1.0,1.0,1.0,0.1475,1.0,1.0,1.0,0.053,1.0,1.0,1.0,0.0443
4196,1.0,1.0,1.0,0.1473,1.0,1.0,1.0,0.0,1.0,1.0,1.0,0.0623
4197,1.0,1.0,1.0,0.1518,1.0,1.0,1.0,0.0,1.0,1.0,1.0,0.0393
4198,1.0,1.0,1.0,0.1611,1.0,1.0,1.0,0.0,1.0,1.0,1.0,0.0419
4199,1.0,1.0,1.0,0.1622,1.0,1.0,1.0,0.0,1.0,1.0,1.0,0.032
4200,1.0,1.0,1.0,0.2421,1.0,1.0,1.0,0.0,1.0,1.0,1.0,0.0287
4201,1.0,1.0,1.0,0.3313,1.0,1.0,1.0,0.0,1.0,1.0,1.0,0.076
4202,1.0,1.0,1.0,0.5096,1.0,1.0,1.0,0.0,1.0,1.0,1.0,0.0578
4203,1.0,1.0,1.0,0.5007,1.0,1.0,1.0,0.0,1.0,1.0,1.0,0.0534
4204,1.0,1.0,1.0,0.4572,1.0,1.0,1.0,0.0,1.0,1.0,1.0,0.0383
4205,1.0,1.0,1.0,0.3691,1.0,1.0,1.0,0.0503,1.0,1.0,1.0,0.0366
4206,1.0,1.0,1.0,0.3247,1.0,1.0,1.0,0.2321,1.0,1.0,1.0,0.0369
4207,1.0,1.0,1.0,0.3796,1.0,1.0,1.0,0.4079,1.0,1.0,1.0,0.0306
4208,1.0,1.0,1.0,0.4494,1.0,1.0,1.0,0.6516,1.0,1.0,1.0,0.0554
4209,1.0,1.0,1.0,0.5022,1.0,1.0,1.0,0.7776,1.0,1.0,1.0,0.0844
4210,1.0,1.0,1.0,0.4367,1.0,1.0,1.0,0.9086,1.0,1.0,1.0,0.0642
4211,1.0,1.0,1.0,0.3755,1.0,1.0,1.0,0.9075,1.0,1.0,1.0,0.0872
4212,1.0,1.0,1.0,0.5401,1.0,1.0,1.0,0.8266,1.0,1.0,1.0,0.0771
4213,1.0,1.0,1.0,0.4586,1.0,1.0,1.0,0.9414,1.0,1.0,1.0,0.0535
4214,1.0,1.0,1.0,0.5755,1.0,1.0,1.0,0.834,1.0,1.0,1.0,0.0441
4215,1.0,1.0,1.0,0.6001,1.0,1.0,1.0,0.653,1.0,1.0,1.0,0.0305
4216,1.0,1.0,1.0,0.5266,1.0,1.0,1.0,0.5324,1.0,1.0,1.0,0.0447
4217,1.0,1.0,1.0,0.4154,1.0,1.0,1.0,0.4374,1.0,1.0,1.0,0.0352
4218,1.0,1.0,1.0,0.3536,1.0,1.0,1.0,0.2353,1.0,1.0,1.0,0.0575
4219,1.0,1.0,1.0,0.3846,1.0,1.0,1.0,0.0545,1.0,1.0,1.0,0.063
4220,1.0,1.0,1.0,0.309,1.0,1.0,1.0,0.0,1.0,1.0,1.0,0.0575
4221,1.0,1.0,1.0,0.4336,1.0,1.0,1.0,0.0,1.0,1.0,1.0,0.051
4222,1.0,1.0,1.0,0.4103,1.0,1.0,1.0,0.0,1.0,1.0,1.0,0.0946
4223,1.0,1.0,1.0,0.4657,1.0,1.0,1.0,0.0,1.0,1.0,1.0,0.0977
4224,1.0,1.0,1.0,0.5121,1.0,1.0,1.0,0.0,1.0,1.0,1.0,0.0852
4225,1.0,1.0,1.0,0.6419,1.0,1.0,1.0,0.0,1.0,1.0,1.0,0.1151
4226,1.0,1.0,1.0,0.5943,1.0,1.0,1.0,0.0,1.0,1.0,1.0,0.1406
4227,1.0,1.0,1.0,0.5931,1.0,1.0,1.0,0.0,1.0,1.0,1.0,0.1055
4228,1.0,1.0,1.0,0.4611,1.0,1.0,1.0,0.0,1.0,1.0,1.0,0.1084
4229,1.0,1.0,1.0,0.4636,1.0,1.0,1.0,0.049,1.0,1.0,1.0,0.0622
4230,1.0,1.0,1.0,0.5564,1.0,1.0,1.0,0.2143,1.0,1.0,1.0,0.0642
4231,1.0,1.0,1.0,0.5661,1.0,1.0,1.0,0.3489,1.0,1.0,1.0,0.0741
4232,1.0,1.0,1.0,0.7382,1.0,1.0,1.0,0.4461,1.0,1.0,1.0,0.0887
4233,1.0,1.0,1.0,0.7607,1.0,1.0,1.0,0.5876,1.0,1.0,1.0,0.0663
4234,1.0,1.0,1.0,0.7113,1.0,1.0,1.0,0.7944,1.0,1.0,1.0,0.0542
4235,1.0,1.0,1.0,0.7317,1.0,1.0,1.0,0.7781,1.0,1.0,1.0,0.0616
4236,1.0,1.0,1.0,0.6059,1.0,1.0,1.0,0.7204,1.0,1.0,1.0,0.0962
4237,1.0,1.0,1.0,0.5267,1.0,1.0,1.0,0.6277,1.0,1.0,1.0,0.1018
4238,1.0,1.0,1.0,0.4126,1.0,1.0,1.0,0.6631,1.0,1.0,1.0,0.0876
4239,1.0,1.0,1.0,0.4091,1.0,1.0,1.0,0.5897,1.0,1.0,1.0,0.1224
4240,1.0,1.0,1.0,0.3992,1.0,1.0,1.0,0.5173,1.0,1.0,1.0,0.13
4241,1.0,1.0,1.0,0.4986,1.0,1.0,1.0,0.3601,1.0,1.0,1.0,0.1397
4242,1.0,1.0,1.0,0.4823,1.0,1.0,1.0,0.2253,1.0,1.0,1.0,0.1795
4243,1.0,1.0,1.0,0.3892,1.0,1.0,1.0,0.0509,1.0,1.0,1.0,0.1759
4244,1.0,1.0,1.0,0.5195,1.0,1.0,1.0,0.0,1.0,1.0,1.0,0.1346
4245,1.0,1.0,1.0,0.2717,1.0,1.0,1.0,0.0,1.0,1.0,1.0,0.1307
4246,1.0,1.0,1.0,0.2741,1.0,1.0,1.0,0.0,1.0,1.0,1.0,0.1847
4247,1.0,1.0,1.0,0.2892,1.0,1.0,1.0,0.0,1.0,1.0,1.0,0.307
4248,1.0,1.0,1.0,0.2868,1.0,1.0,1.0,0.0,1.0,1.0,1.0,0.2215
4249,1.0,1.0,1.0,0.3231,1.0,1.0,1.0,0.0,1.0,1.0,1.0,0.3358
4250,1.0,1.0,1.0,0.3296,1.0,1.0,1.0,0.0,1.0,1.0,1.0,0.3044
4251,1.0,1.0,1.0,0.3671,1.0,1.0,1.0,0.0,1.0,1.0,1.0,0.3035
4252,1.0,1.0,1.0,0.3165,1.0,1.0,1.0,0.0,1.0,1.0,1.0,0.4386
4253,1.0,1.0,1.0,0.2161,1.0,1.0,1.0,0.0511,1.0,1.0,1.0,0.3967
4254,1.0,1.0,1.0,0.2146,1.0,1.0,1.0,0.2369,1.0,1.0,1.0,0.3685
4255,1.0,1.0,1.0,0.1613,1.0,1.0,1.0,0.4009,1.0,1.0,1.0,0.3135
4256,1.0,1.0,1.0,0.1318,1.0,1.0,1.0,0.5457,1.0,1.0,1.0,0.3136
4257,1.0,1.0,1.0,0.1896,1.0,1.0,1.0,0.5063,1.0,1.0,1.0,0.3348
4258,1.0,1.0,1.0,0.2901,1.0,1.0,1.0,0.536,1.0,1.0,1.0,0.2803
4259,1.0,1.0,1.0,0.3777,1.0,1.0,1.0,0.6147,1.0,1.0,1.0,0.391
4260,1.0,1.0,1.0,0.4551,1.0,1.0,1.0,0.5902,1.0,1.0,1.0,0.3257
4261,1.0,1.0,1.0,0.454,1.0,1.0,1.0,0.4983,1.0,1.0,1.0,0.3618
4262,1.0,1.0,1.0,0.5363,1.0,1.0,1.0,0.5292,1.0,1.0,1.0,0.3595
4263,1.0,1.0,1.0,0.5583,1.0,1.0,1.0,0.5698,1.0,1.0,1.0,0.4599
4264,1.0,1.0,1.0,0.7064,1.0,1.0,1.0,0.4361,1.0,1.0,1.0,0.3838
4265,1.0,1.0,1.0,0.6223,1.0,1.0,1.0,0.3593,1.0,1.0,1.0,0.4267
4266,1.0,1.0,1.0,0.6657,1.0,1.0,1.0,0.227,1.0,1.0,1.0,0.6283
4267,1.0,1.0,1.0,0.5485,1.0,1.0,1.0,0.0476,1.0,1.0,1.0,0.4921
4268,1.0,1.0,1.0,0.5975,1.0,1.0,1.0,0.0,1.0,1.0,1.0,0.4056
4269,1.0,1.0,1.0,0.438,1.0,1.0,1.0,0.0,1.0,1.0,1.0,0.5799
4270,1.0,1.0,1.0,0.3324,1.0,1.0,1.0,0.0,1.0,1.0,1.0,0.5572
4271,1.0,1.0,1.0,0.2393,1.0,1.0,1.0,0.0,1.0,1.0,1.0,0.5564
4272,1.0,1.0,1.0,0.2556,1.0,1.0,1.0,0.0,1.0,1.0,1.0,0.5157
4273,1.0,1.0,1.0,0.2801,1.0,1.0,1.0,0.0,1.0,1.0,1.0,0.6465
4274,1.0,1.0,1.0,0.4778,1.0,1.0,1.0,0.0,1.0,1.0,1.0,0.4961
4275,1.0,1.0,1.0,0.4627,1.0,1.0,1.0,0.0,1.0,1.0,1.0,0.5942
4276,1.0,1.0,1.0,0.5236,1.0,1.0,1.0,0.0,1.0,1.0,1.0,0.4543
4277,1.0,1.0,1.0,0.5292,1.0,1.0,1.0,0.0604,1.0,1.0,1.0,0.3181
4278,1.0,1.0,1.0,0.5801,1.0,1.0,1.0,0.25,1.0,1.0,1.0,0.2393
4279,1.0,1.0,1.0,0.5824,1.0,1.0,1.0,0.432,1.0,1.0,1.0,0.231
4280,1.0,1.0,1.0,0.663,1.0,1.0,1.0,0.6283,1.0,1.0,1.0,0.1895
4281,1.0,1.0,1.0,0.5638,1.0,1.0,1.0,0.7034,1.0,1.0,1.0,0.1523
4282,1.0,1.0,1.0,0.3455,1.0,1.0,1.0,0.9079,1.0,1.0,1.0,0.1165
4283,1.0,1.0,1.0,0.3765,1.0,1.0,1.0,0.9761,1.0,1.0,1.0,0.0895
4284,1.0,1.0,1.0,0.2401,1.0,1.0,1.0,0.9992,1.0,1.0,1.0,0.0683
4285,1.0,1.0,1.0,0.3341,1.0,1.0,1.0,0.9761,1.0,1.0,1.0,0.0766
4286,1.0,1.0,1.0,0.2907,1.0,1.0,1.0,0.9079,1.0,1.0,1.0,0.0646
4287,1.0,1.0,1.0,0.221,1.0,1.0,1.0,0.7978,1.0,1.0,1.0,0.0276
4288,1.0,1.0,1.0,0.4236,1.0,1.0,1.0,0.6508,1.0,1.0,1.0,0.0292
4289,1.0,1.0,1.0,0.4167,1.0,1.0,1.0,0.4737,1.0,1.0,1.0,0.0402
4290,1.0,1.0,1.0,0.3939,1.0,1.0,1.0,0.2671,1.0,1.0,1.0,0.0387
4291,1.0,1.0,1.0,0.4533,1.0,1.0,1.0,0.0601,1.0,1.0,1.0,0.0268
4292,1.0,1.0,1.0,0.5182,1.0,1.0,1.0,0.0,1.0,1.0,1.0,0.0369
4293,1.0,1.0,1.0,0.6078,1.0,1.0,1.0,0.0,1.0,1.0,1.0,0.0246
4294,1.0,1.0,1.0,0.4818,1.0,1.0,1.0,0.0,1.0,1.0,1.0,0.0237
4295,1.0,1.0,1.0,0.5215,1.0,1.0,1.0,0.0,1.0,1.0,1.0,0.0253
4296,1.0,1.0,1.0,0.4864,1.0,1.0,1.0,0.0,1.0,1.0,1.0,0.039
4297,1.0,1.0,1.0,0.3998,1.0,1.0,1.0,0.0,1.0,1.0,1.0,0.0501
4298,1.0,1.0,1.0,0.3993,1.0,1.0,1.0,0.0,1.0,1.0,1.0,0.0569
4299,1.0,1.0,1.0,0.257,1.0,1.0,1.0,0.0,1.0,1.0,1.0,0.0806
4300,1.0,1.0,1.0,0.3235,1.0,1.0,1.0,0.0,1.0,1.0,1.0,0.0572
4301,1.0,1.0,1.0,0.2997,1.0,1.0,1.0,0.0516,1.0,1.0,1.0,0.0996
4302,1.0,1.0,1.0,0.2647,1.0,1.0,1.0,0.2474,1.0,1.0,1.0,0.0375
4303,1.0,1.0,1.0,0.2553,1.0,1.0,1.0,0.4336,1.0,1.0,1.0,0.0639
4304,1.0,1.0,1.0,0.2445,1.0,1.0,1.0,0.6503,1.0,1.0,1.0,0.0505
4305,1.0,1.0,1.0,0.326,1.0,1.0,1.0,0.7974,1.0,1.0,1.0,0.0601
4306,1.0,1.0,1.0,0.2462,1.0,1.0,1.0,0.8631,1.0,1.0,1.0,0.1
4307,1.0,1.0,1.0,0.2226,1.0,1.0,1.0,0.8667,1.0,1.0,1.0,0.1223
4308,1.0,1.0,1.0,0.2108,1.0,1.0,1.0,0.8345,1.0,1.0,1.0,0.1397
4309,1.0,1.0,1.0,0.1565,1.0,1.0,1.0,0.8408,1.0,1.0,1.0,0.1829
4310,1.0,1.0,1.0,0.1667,1.0,1.0,1.0,0.759,1.0,1.0,1.0,0.1185
4311,1.0,1.0,1.0,0.1364,1.0,1.0,1.0,0.596,1.0,1.0,1.0,0.0796
4312,1.0,1.0,1.0,0.09,1.0,1.0,1.0,0.5234,1.0,1.0,1.0,0.0898
4313,1.0,1.0,1.0,0.11,1.0,1.0,1.0,0.4208,1.0,1.0,1.0,0.0869
4314,1.0,1.0,1.0,0.1798,1.0,1.0,1.0,0.2405,1.0,1.0,1.0,0.0811
4315,1.0,1.0,1.0,0.1844,1.0,1.0,1.0,0.0557,1.0,1.0,1.0,0.1237
4316,1.0,1.0,1.0,0.181,1.0,1.0,1.0,0.0,1.0,1.0,1.0,0.1776
4317,1.0,1.0,1.0,0.1767,1.0,1.0,1.0,0.0,1.0,1.0,1.0,0.1364
4318,1.0,1.0,1.0,0.1539,1.0,1.0,1.0,0.0,1.0,1.0,1.0,0.1582
4319,1.0,1.0,1.0,0.2184,1.0,1.0,1.0,0.0,1.0,1.0,1.0,0.0993
4320,1.0,1.0,1.0,0.2246,1.0,1.0,1.0,0.0,1.0,1.0,1.0,0.0609
4321,1.0,1.0,1.0,0.1196,1.0,1.0,1.0,0.0,1.0,1.0,1.0,0.0473
4322,1.0,1.0,1.0,0.1754,1.0,1.0,1.0,0.0,1.0,1.0,1.0,0.0489
4323,1.0,1.0,1.0,0.2317,1.0,1.0,1.0,0.0,1.0,1.0,1.0,0.0413
4324,1.0,1.0,1.0,0.2722,1.0,1.0,1.0,0.0,1.0,1.0,1.0,0.0508
4325,1.0,1.0,1.0,0.1246,1.0,1.0,1.0,0.0381,1.0,1.0,1.0,0.053
4326,1.0,1.0,1.0,0.1274,1.0,1.0,1.0,0.1842,1.0,1.0,1.0,0.08
4327,1.0,1.0,1.0,0.1701,1.0,1.0,1.0,0.3281,1.0,1.0,1.0,0.0984
4328,1.0,1.0,1.0,0.1922,1.0,1.0,1.0,0.4474,1.0,1.0,1.0,0.0725
4329,1.0,1.0,1.0,0.2055,1.0,1.0,1.0,0.561,1.0,1.0,1.0,0.1004
4330,1.0,1.0,1.0,0.2632,1.0,1.0,1.0,0.6037,1.0,1.0,1.0,0.0783
4331,1.0,1.0,1.0,0.2727,1.0,1.0,1.0,0.7181,1.0,1.0,1.0,0.0924
4332,1.0,1.0,1.0,0.3631,1.0,1.0,1.0,0.6415,1.0,1.0,1.0,0.0813
4333,1.0,1.0,1.0,0.3729,1.0,1.0,1.0,0.6725,1.0,1.0,1.0,0.1273
4334,1.0,1.0,1.0,0.376,1.0,1.0,1.0,0.5908,1.0,1.0,1.0,0.1614
4335,1.0,1.0,1.0,0.4476,1.0,1.0,1.0,0.5077,1.0,1.0,1.0,0.1327
4336,1.0,1.0,1.0,0.4073,1.0,1.0,1.0,0.407,1.0,1.0,1.0,0.12
4337,1.0,1.0,1.0,0.3145,1.0,1.0,1.0,0.3004,1.0,1.0,1.0,0.3047
4338,1.0,1.0,1.0,0.3131,1.0,1.0,1.0,0.1907,1.0,1.0,1.0,0.2178
4339,1.0,1.0,1.0,0.3573,1.0,1.0,1.0,0.0439,1.0,1.0,1.0,0.1782
4340,1.0,1.0,1.0,0.4312,1.0,1.0,1.0,0.0,1.0,1.0,1.0,0.1475
4341,1.0,1.0,1.0,0.5065,1.0,1.0,1.0,0.0,1.0,1.0,1.0,0.1049
4342,1.0,1.0,1.0,0.4924,1.0,1.0,1.0,0.0,1.0,1.0,1.0,0.0769
4343,1.0,1.0,1.0,0.4699,1.0,1.0,1.0,0.0,1.0,1.0,1.0,0.0769
4344,1.0,1.0,1.0,0.4111,1.0,1.0,1.0,0.0,1.0,1.0,1.0,0.0925
4345,1.0,1.0,1.0,0.4273,1.0,1.0,1.0,0.0,1.0,1.0,1.0,0.0568
4346,1.0,1.0,1.0,0.2912,1.0,1.0,1.0,0.0,1.0,1.0,1.0,0.0503
4347,1.0,1.0,1.0,0.2918,1.0,1.0,1.0,0.0,1.0,1.0,1.0,0.0404
4348,1.0,1.0,1.0,0.5265,1.0,1.0,1.0,0.0,1.0,1.0,1.0,0.0288
4349,1.0,1.0,1.0,0.3882,1.0,1.0,1.0,0.0612,1.0,1.0,1.0,0.043
4350,1.0,1.0,1.0,0.397,1.0,1.0,1.0,0.273,1.0,1.0,1.0,0.0351
4351,1.0,1.0,1.0,0.4244,1.0,1.0,1.0,0.4721,1.0,1.0,1.0,0.0234
4352,1.0,1.0,1.0,0.4626,1.0,1.0,1.0,0.6493,1.0,1.0,1.0,0.034
4353,1.0,1.0,1.0,0.374,1.0,1.0,1.0,0.7965,1.0,1.0,1.0,0.055
4354,1.0,1.0,1.0,0.4132,1.0,1.0,1.0,0.9068,1.0,1.0,1.0,0.0622
4355,1.0,1.0,1.0,0.3639,1.0,1.0,1.0,0.9751,1.0,1.0,1.0,0.0475
4356,1.0,1.0,1.0,0.2548,1.0,1.0,1.0,0.9982,1.0,1.0,1.0,0.0456
4357,1.0,1.0,1.0,0.3232,1.0,1.0,1.0,0.9751,1.0,1.0,1.0,0.0386
4358,1.0,1.0,1.0,0.3738,1.0,1.0,1.0,0.9068,1.0,1.0,1.0,0.0402
4359,1.0,1.0,1.0,0.2952,1.0,1.0,1.0,0.7965,1.0,1.0,1.0,0.0539
4360,1.0,1.0,1.0,0.2562,1.0,1.0,1.0,0.6493,1.0,1.0,1.0,0.056
4361,1.0,1.0,1.0,0.2196,1.0,1.0,1.0,0.4721,1.0,1.0,1.0,0.0586
4362,1.0,1.0,1.0,0.1374,1.0,1.0,1.0,0.2279,1.0,1.0,1.0,0.0517
4363,1.0,1.0,1.0,0.1756,1.0,1.0,1.0,0.058,1.0,1.0,1.0,0.0674
4364,1.0,1.0,1.0,0.2224,1.0,1.0,1.0,0.0,1.0,1.0,1.0,0.079
4365,1.0,0.6,1.0,0.2039,1.0,1.0,1.0,0.0,1.0,1.0,1.0,0.0447
4366,1.0,0.6,1.0,0.2039,1.0,1.0,1.0,0.0,1.0,1.0,1.0,0.0258
4367,1.0,0.6,1.0,0.212,1.0,1.0,1.0,0.0,1.0,1.0,1.0,0.0247
4368,1.0,0.6,1.0,0.2274,1.0,1.0,1.0,0.0,1.0,1.0,1.0,0.0368
4369,1.0,0.6,1.0,0.1558,1.0,1.0,1.0,0.0,1.0,1.0,1.0,0.0576
4370,1.0,0.6,1.0,0.1825,1.0,1.0,1.0,0.0,1.0,1.0,1.0,0.0772
4371,1.0,0.6,1.0,0.1304,1.0,1.0,1.0,0.0,1.0,1.0,1.0,0.0761
4372,1.0,0.6,1.0,0.1633,1.0,1.0,1.0,0.0,1.0,1.0,1.0,0.1251
4373,1.0,0.6,1.0,0.1204,1.0,1.0,1.0,0.0587,1.0,1.0,1.0,0.1019
4374,1.0,0.6,1.0,0.082,1.0,1.0,1.0,0.2328,1.0,1.0,1.0,0.0938
4375,1.0,0.6,1.0,0.0843,1.0,1.0,1.0,0.4126,1.0,1.0,1.0,0.061
4376,1.0,0.6,1.0,0.0861,1.0,1.0,1.0,0.5268,1.0,1.0,1.0,0.0568
4377,1.0,0.6,1.0,0.0922,1.0,1.0,1.0,0.7335,1.0,1.0,1.0,0.0446
4378,1.0,0.6,1.0,0.0716,1.0,1.0,1.0,0.8341,1.0,1.0,1.0,0.078
4379,1.0,0.6,1.0,0.0797,1.0,1.0,1.0,0.9419,1.0,1.0,1.0,0.1231
4380,1.0,0.6,1.0,0.0911,1.0,1.0,1.0,0.9735,1.0,1.0,1.0,0.128
4381,1.0,0.6,1.0,0.1353,1.0,1.0,1.0,0.9747,1.0,1.0,1.0,0.15
4382,1.0,0.6,1.0,0.146,1.0,1.0,1.0,0.8674,1.0,1.0,1.0,0.1266
4383,1.0,0.6,1.0,0.1241,1.0,1.0,1.0,0.746,1.0,1.0,1.0,0.0574
4384,1.0,0.6,1.0,0.0833,1.0,1.0,1.0,0.5525,1.0,1.0,1.0,0.0466
4385,1.0,0.6,1.0,0.0525,1.0,1.0,1.0,0.3241,1.0,1.0,1.0,0.0629
4386,1.0,0.6,1.0,0.0615,1.0,1.0,1.0,0.1693,1.0,1.0,1.0,0.0756
4387,1.0,0.6,1.0,0.0833,1.0,1.0,1.0,0.0446,1.0,1.0,1.0,0.0689
4388,1.0,0.6,1.0,0.0648,1.0,1.0,1.0,0.0,1.0,1.0,1.0,0.0909
4389,1.0,0.6,1.0,0.0737,1.0,1.0,1.0,0.0,1.0,1.0,1.0,0.0805
4390,1.0,0.6,1.0,0.0726,1.0,1.0,1.0,0.0,1.0,1.0,1.0,0.0574
4391,1.0,0.6,1.0,0.0952,1.0,1.0,1.0,0.0,1.0,1.0,1.0,0.0764
4392,1.0,0.6,1.0,0.1283,1.0,1.0,1.0,0.0,1.0,1.0,1.0,0.0646
4393,1.0,0.6,1.0,0.064,1.0,1.0,1.0,0.0,1.0,1.0,1.0,0.0936
4394,1.0,0.6,1.0,0.0934,1.0,1.0,1.0,0.0,1.0,1.0,1.0,0.0503
4395,1.0,0.6,1.0,0.1045,1.0,1.0,1.0,0.0,1.0,1.0,1.0,0.0437
4396,1.0,0.6,1.0,0.091,1.0,1.0,1.0,0.0,1.0,1.0,1.0,0.0562
4397,1.0,0.6,1.0,0.0801,1.0,1.0,1.0,0.0514,1.0,1.0,1.0,0.0691
4398,1.0,0.6,1.0,0.0841,1.0,1.0,1.0,0.2322,1.0,1.0,1.0,0.0668
4399,1.0,0.6,1.0,0.0742,1.0,1.0,1.0,0.4438,1.0,1.0,1.0,0.0763
4400,1.0,0.6,1.0,0.0569,1.0,1.0,1.0,0.597,1.0,1.0,1.0,0.0826
4401,1.0,0.6,1.0,0.0473,1.0,1.0,1.0,0.6997,1.0,1.0,1.0,0.0525
4402,1.0,0.6,1.0,0.0353,1.0,1.0,1.0,0.9058,1.0,1.0,1.0,0.0488
4403,1.0,0.6,1.0,0.059,1.0,1.0,1.0,0.9742,1.0,1.0,1.0,0.0553
4404,1.0,0.6,1.0,0.063,1.0,1.0,1.0,0.9973,1.0,1.0,1.0,0.0683
4405,1.0,0.6,1.0,0.1345,1.0,1.0,1.0,0.9742,1.0,1.0,1.0,0.0695
4406,1.0,0.6,1.0,0.1535,1.0,1.0,1.0,0.7671,1.0,1.0,1.0,0.0603
4407,1.0,0.6,1.0,0.1852,1.0,1.0,1.0,0.7189,1.0,1.0,1.0,0.0404
4408,1.0,0.6,1.0,0.137,1.0,1.0,1.0,0.6479,1.0,1.0,1.0,0.0549
4409,1.0,0.6,1.0,0.1309,1.0,1.0,1.0,0.4707,1.0,1.0,1.0,0.0709
4410,1.0,0.6,1.0,0.1367,1.0,1.0,1.0,0.2342,1.0,1.0,1.0,0.1009
4411,1.0,0.6,1.0,0.1148,1.0,1.0,1.0,0.0521,1.0,1.0,1.0,0.0734
4412,1.0,1.0,1.0,0.102,1.0,1.0,1.0,0.0,1.0,1.0,1.0,0.0791
4413,1.0,1.0,1.0,0.1198,1.0,1.0,1.0,0.0,1.0,1.0,1.0,0.0654
4414,1.0,1.0,1.0,0.1403,1.0,1.0,1.0,0.0,1.0,1.0,1.0,0.0691
4415,1.0,1.0,1.0,0.0947,1.0,1.0,1.0,0.0,1.0,1.0,1.0,0.1762
4416,1.0,1.0,1.0,0.1066,1.0,1.0,1.0,0.0,1.0,1.0,1.0,0.228
4417,1.0,1.0,1.0,0.1301,1.0,1.0,1.0,0.0,1.0,1.0,1.0,0.1847
4418,1.0,1.0,1.0,0.1109,1.0,1.0,1.0,0.0,1.0,1.0,1.0,0.1729
4419,1.0,1.0,1.0,0.0917,1.0,1.0,1.0,0.0,1.0,1.0,1.0,0.1568
4420,1.0,1.0,1.0,0.1089,1.0,1.0,1.0,0.0,1.0,1.0,1.0,0.1645
4421,1.0,1.0,1.0,0.0488,1.0,1.0,1.0,0.0576,1.0,1.0,1.0,0.1046
4422,1.0,1.0,1.0,0.0515,1.0,1.0,1.0,0.2447,1.0,1.0,1.0,0.1185
4423,1.0,1.0,1.0,0.0924,1.0,1.0,1.0,0.453,1.0,1.0,1.0,0.0616
4424,1.0,1.0,1.0,0.0408,1.0,1.0,1.0,0.5012,1.0,1.0,1.0,0.0368
4425,1.0,1.0,1.0,0.057,1.0,1.0,1.0,0.5867,1.0,1.0,1.0,0.0756
4426,1.0,1.0,1.0,0.0715,1.0,1.0,1.0,0.7228,1.0,1.0,1.0,0.0697
4427,1.0,1.0,1.0,0.0465,1.0,1.0,1.0,0.8779,1.0,1.0,1.0,0.1139
4428,1.0,1.0,1.0,0.0584,1.0,1.0,1.0,0.9312,1.0,1.0,1.0,0.0902
4429,1.0,1.0,1.0,0.0848,1.0,1.0,1.0,0.849,1.0,1.0,1.0,0.0468
4430,1.0,1.0,1.0,0.0601,1.0,1.0,1.0,0.7837,1.0,1.0,1.0,0.0346
4431,1.0,1.0,1.0,0.0499,1.0,1.0,1.0,0.7053,1.0,1.0,1.0,0.0891
4432,1.0,1.0,1.0,0.0531,1.0,1.0,1.0,0.6473,1.0,1.0,1.0,0.0581
4433,1.0,1.0,1.0,0.0769,1.0,1.0,1.0,0.4698,1.0,1.0,1.0,0.1074
4434,1.0,1.0,1.0,0.0671,1.0,1.0,1.0,0.2705,1.0,1.0,1.0,0.1224
4435,1.0,1.0,1.0,0.0692,1.0,1.0,1.0,0.0586,1.0,1.0,1.0,0.1295
4436,1.0,1.0,1.0,0.0581,1.0,1.0,1.0,0.0,1.0,1.0,1.0,0.1046
4437,1.0,1.0,1.0,0.0615,1.0,1.0,1.0,0.0,1.0,1.0,1.0,0.0805
4438,1.0,1.0,1.0,0.0904,1.0,1.0,1.0,0.0,1.0,1.0,1.0,0.0996
4439,1.0,1.0,1.0,0.0967,1.0,1.0,1.0,0.0,1.0,1.0,1.0,0.153
4440,1.0,1.0,1.0,0.0889,1.0,1.0,1.0,0.0,1.0,1.0,1.0,0.1636
4441,1.0,1.0,1.0,0.0911,1.0,1.0,1.0,0.0,1.0,1.0,1.0,0.2041
4442,1.0,1.0,1.0,0.0728,1.0,1.0,1.0,0.0,1.0,1.0,1.0,0.1815
4443,1.0,1.0,1.0,0.0548,1.0,1.0,1.0,0.0,1.0,1.0,1.0,0.3236
4444,1.0,1.0,1.0,0.0853,1.0,1.0,1.0,0.0,1.0,1.0,1.0,0.3388
4445,1.0,1.0,1.0,0.1468,1.0,1.0,1.0,0.0549,1.0,1.0,1.0,0.5065
4446,1.0,1.0,1.0,0.0858,1.0,1.0,1.0,0.2477,1.0,1.0,1.0,0.4134
4447,1.0,1.0,1.0,0.1068,1.0,1.0,1.0,0.3966,1.0,1.0,1.0,0.4032
4448,1.0,1.0,1.0,0.143,1.0,1.0,1.0,0.5962,1.0,1.0,1.0,0.4894
4449,1.0,1.0,1.0,0.1004,1.0,1.0,1.0,0.7821,1.0,1.0,1.0,0.4929
4450,1.0,1.0,1.0,0.0891,1.0,1.0,1.0,0.9046,1.0,1.0,1.0,0.5291
4451,1.0,1.0,1.0,0.0767,1.0,1.0,1.0,0.9645,1.0,1.0,1.0,0.4338
4452,1.0,1.0,1.0,0.1443,1.0,1.0,1.0,0.8861,1.0,1.0,1.0,0.3924
4453,1.0,1.0,1.0,0.235,1.0,1.0,1.0,0.8605,1.0,1.0,1.0,0.317
4454,1.0,1.0,1.0,0.1825,1.0,1.0,1.0,0.8987,1.0,1.0,1.0,0.3075
4455,1.0,1.0,1.0,0.1195,1.0,1.0,1.0,0.7198,1.0,1.0,1.0,0.291
4456,1.0,1.0,1.0,0.1547,1.0,1.0,1.0,0.5849,1.0,1.0,1.0,0.2524
4457,1.0,1.0,1.0,0.1841,1.0,1.0,1.0,0.469,1.0,1.0,1.0,0.2954
4458,1.0,1.0,1.0,0.261,1.0,1.0,1.0,0.2662,1.0,1.0,1.0,0.2222
4459,1.0,1.0,1.0,0.1959,1.0,1.0,1.0,0.0555,1.0,1.0,1.0,0.1187
4460,1.0,1.0,1.0,0.2408,1.0,1.0,1.0,0.0,1.0,1.0,1.0,0.1014
4461,1.0,1.0,1.0,0.1975,1.0,1.0,1.0,0.0,1.0,1.0,1.0,0.1978
4462,1.0,1.0,1.0,0.2362,1.0,1.0,1.0,0.0,1.0,1.0,1.0,0.2285
4463,1.0,1.0,1.0,0.2345,1.0,1.0,1.0,0.0,1.0,1.0,1.0,0.1804
4464,1.0,1.0,1.0,0.3735,1.0,1.0,1.0,0.0,1.0,1.0,1.0,0.2055
4465,1.0,1.0,1.0,0.4068,1.0,1.0,1.0,0.0,1.0,1.0,1.0,0.1985
4466,1.0,1.0,1.0,0.3757,1.0,1.0,1.0,0.0,1.0,1.0,1.0,0.2218
4467,1.0,1.0,1.0,0.3831,1.0,1.0,1.0,0.0,1.0,1.0,1.0,0.2795
4468,1.0,1.0,1.0,0.3707,1.0,1.0,1.0,0.0,1.0,1.0,1.0,0.2916
4469,1.0,1.0,1.0,0.279,1.0,1.0,1.0,0.0335,1.0,1.0,1.0,0.2981
4470,1.0,1.0,1.0,0.4307,1.0,1.0,1.0,0.1465,1.0,1.0,1.0,0.414
4471,1.0,1.0,1.0,0.5639,1.0,1.0,1.0,0.2576,1.0,1.0,1.0,0.4538
4472,1.0,1.0,1.0,0.5388,1.0,1.0,1.0,0.4646,1.0,1.0,1.0,0.4629
4473,1.0,1.0,1.0,0.59,1.0,1.0,1.0,0.6625,1.0,1.0,1.0,0.4584
4474,1.0,1.0,1.0,0.7387,1.0,1.0,1.0,0.7485,1.0,1.0,1.0,0.4021
4475,1.0,1.0,1.0,0.8036,1.0,1.0,1.0,0.8708,1.0,1.0,1.0,0.2977
4476,1.0,1.0,1.0,0.7733,1.0,1.0,1.0,0.8967,1.0,1.0,1.0,0.3464
4477,1.0,1.0,1.0,0.7554,1.0,1.0,1.0,0.7329,1.0,1.0,1.0,0.4486
4478,1.0,1.0,1.0,0.6131,1.0,1.0,1.0,0.5487,1.0,1.0,1.0,0.4782
4479,1.0,1.0,1.0,0.665,1.0,1.0,1.0,0.4431,1.0,1.0,1.0,0.519
4480,1.0,1.0,1.0,0.7443,1.0,1.0,1.0,0.2981,1.0,1.0,1.0,0.432
4481,1.0,1.0,1.0,0.8087,1.0,1.0,1.0,0.2444,1.0,1.0,1.0,0.3748
4482,1.0,1.0,1.0,0.8337,1.0,1.0,1.0,0.1372,1.0,1.0,1.0,0.2725
4483,1.0,1.0,1.0,0.8395,1.0,1.0,1.0,0.0327,1.0,1.0,1.0,0.2541
4484,1.0,1.0,1.0,0.7728,1.0,1.0,1.0,0.0,1.0,1.0,1.0,0.3235
4485,1.0,1.0,1.0,0.7803,1.0,1.0,1.0,0.0,1.0,1.0,1.0,0.2696
4486,1.0,1.0,1.0,0.7263,1.0,1.0,1.0,0.0,1.0,1.0,1.0,0.263
4487,1.0,1.0,1.0,0.75,1.0,1.0,1.0,0.0,1.0,1.0,1.0,0.312
4488,1.0,1.0,1.0,0.6821,1.0,1.0,1.0,0.0,1.0,1.0,1.0,0.4051
4489,1.0,1.0,1.0,0.7089,1.0,1.0,1.0,0.0,1.0,1.0,1.0,0.2716
4490,1.0,1.0,1.0,0.7849,1.0,1.0,1.0,0.0,1.0,1.0,1.0,0.2385
4491,1.0,1.0,1.0,0.7951,1.0,1.0,1.0,0.0,1.0,1.0,1.0,0.1944
4492,1.0,1.0,1.0,0.8019,1.0,1.0,1.0,0.0,1.0,1.0,1.0,0.1515
4493,1.0,1.0,1.0,0.838,1.0,1.0,1.0,0.051,1.0,1.0,1.0,0.1367
4494,1.0,1.0,1.0,0.8986,1.0,1.0,1.0,0.2118,1.0,1.0,1.0,0.0754
4495,1.0,1.0,1.0,0.8856,1.0,1.0,1.0,0.307,1.0,1.0,1.0,0.0693
4496,1.0,1.0,1.0,0.8943,1.0,1.0,1.0,0.4604,1.0,1.0,1.0,0.0728
4497,1.0,1.0,1.0,0.9288,1.0,1.0,1.0,0.6595,1.0,1.0,1.0,0.0536
4498,1.0,1.0,1.0,0.9366,1.0,1.0,1.0,0.6643,1.0,1.0,1.0,0.0479
4499,1.0,1.0,1.0,0.8676,1.0,1.0,1.0,0.727,1.0,1.0,1.0,0.0507
4500,1.0,1.0,1.0,0.8236,1.0,1.0,1.0,0.7895,1.0,1.0,1.0,0.0553
4501,1.0,1.0,1.0,0.8488,1.0,1.0,1.0,0.7288,1.0,1.0,1.0,0.0335
4502,1.0,1.0,1.0,0.8178,1.0,1.0,1.0,0.6619,1.0,1.0,1.0,0.0451
4503,1.0,1.0,1.0,0.8731,1.0,1.0,1.0,0.6289,1.0,1.0,1.0,0.0603
4504,1.0,1.0,1.0,0.9234,1.0,1.0,1.0,0.5209,1.0,1.0,1.0,0.0492
4505,1.0,1.0,1.0,0.8981,1.0,1.0,1.0,0.3834,1.0,1.0,1.0,0.0893
4506,1.0,1.0,1.0,0.8478,1.0,1.0,1.0,0.1993,1.0,1.0,1.0,0.1062
4507,1.0,1.0,1.0,0.8186,1.0,1.0,1.0,0.0417,1.0,1.0,1.0,0.1198
4508,1.0,1.0,1.0,0.783,1.0,1.0,1.0,0.0,1.0,1.0,1.0,0.1503
4509,1.0,1.0,1.0,0.852,1.0,1.0,1.0,0.0,1.0,1.0,1.0,0.1111
4510,1.0,1.0,1.0,0.7864,1.0,1.0,1.0,0.0,1.0,1.0,1.0,0.1018
4511,1.0,1.0,1.0,0.8164,1.0,1.0,1.0,0.0,1.0,1.0,1.0,0.1263
4512,1.0,1.0,1.0,0.8697,1.0,1.0,1.0,0.0,1.0,1.0,1.0,0.1002
4513,1.0,1.0,1.0,0.8905,1.0,1.0,1.0,0.0,1.0,1.0,1.0,0.092
4514,1.0,1.0,1.0,0.896,1.0,1.0,1.0,0.0,1.0,1.0,1.0,0.1143
4515,1.0,1.0,1.0,0.8808,1.0,1.0,1.0,0.0,1.0,1.0,1.0,0.1284
4516,1.0,1.0,1.0,0.9279,1.0,1.0,1.0,0.0,1.0,1.0,1.0,0.1315
4517,1.0,1.0,1.0,0.9138,1.0,1.0,1.0,0.0315,1.0,1.0,1.0,0.1363
4518,1.0,1.0,1.0,0.9302,1.0,1.0,1.0,0.1783,1.0,1.0,1.0,0.1313
4519,1.0,1.0,1.0,0.9187,1.0,1.0,1.0,0.2905,1.0,1.0,1.0,0.1719
4520,1.0,1.0,1.0,0.8422,1.0,1.0,1.0,0.4512,1.0,1.0,1.0,0.3035
4521,1.0,1.0,1.0,0.8173,1.0,1.0,1.0,0.5017,1.0,1.0,1.0,0.3229
4522,1.0,1.0,1.0,0.7968,1.0,1.0,1.0,0.5693,1.0,1.0,1.0,0.4238
4523,1.0,1.0,1.0,0.7761,1.0,1.0,1.0,0.5926,1.0,1.0,1.0,0.3803
4524,1.0,1.0,1.0,0.7196,1.0,1.0,1.0,0.6086,1.0,1.0,1.0,0.321
4525,1.0,1.0,1.0,0.7505,1.0,1.0,1.0,0.6677,1.0,1.0,1.0,0.2611
4526,1.0,1.0,1.0,0.7848,1.0,1.0,1.0,0.6061,1.0,1.0,1.0,0.203
4527,1.0,1.0,1.0,0.7532,1.0,1.0,1.0,0.5243,1.0,1.0,1.0,0.1875
4528,1.0,1.0,1.0,0.7192,1.0,1.0,1.0,0.4768,1.0,1.0,1.0,0.2405
4529,1.0,1.0,1.0,0.6253,1.0,1.0,1.0,0.3524,1.0,1.0,1.0,0.3097
4530,1.0,1.0,1.0,0.635,1.0,1.0,1.0,0.1912,1.0,1.0,1.0,0.2703
4531,1.0,1.0,1.0,0.7285,1.0,1.0,1.0,0.0406,1.0,1.0,1.0,0.2471
4532,1.0,1.0,1.0,0.8035,1.0,1.0,1.0,0.0,1.0,1.0,1.0,0.2462
4533,1.0,1.0,1.0,0.7547,1.0,1.0,1.0,0.0,1.0,1.0,1.0,0.261
4534,1.0,1.0,1.0,0.8526,1.0,1.0,1.0,0.0,1.0,1.0,1.0,0.3012
4535,1.0,1.0,1.0,0.824,1.0,1.0,1.0,0.0,1.0,1.0,1.0,0.2703
4536,1.0,1.0,1.0,0.7516,1.0,1.0,1.0,0.0,1.0,1.0,1.0,0.2547
4537,1.0,1.0,1.0,0.6376,1.0,1.0,1.0,0.0,1.0,1.0,1.0,0.3533
4538,1.0,1.0,1.0,0.5347,1.0,1.0,1.0,0.0,1.0,1.0,1.0,0.3271
4539,1.0,1.0,1.0,0.5547,1.0,1.0,1.0,0.0,1.0,1.0,1.0,0.2813
4540,1.0,1.0,1.0,0.5226,1.0,1.0,1.0,0.0,1.0,1.0,1.0,0.2734
4541,1.0,1.0,1.0,0.4587,1.0,1.0,1.0,0.0304,1.0,1.0,1.0,0.2772
4542,1.0,1.0,1.0,0.3801,1.0,1.0,1.0,0.1764,1.0,1.0,1.0,0.1815
4543,1.0,1.0,1.0,0.2917,1.0,1.0,1.0,0.2835,1.0,1.0,1.0,0.1606
4544,1.0,1.0,1.0,0.2308,1.0,1.0,1.0,0.4557,1.0,1.0,1.0,0.1833
4545,1.0,1.0,1.0,0.3005,1.0,1.0,1.0,0.5897,1.0,1.0,1.0,0.3131
4546,1.0,1.0,1.0,0.4451,1.0,1.0,1.0,0.5891,1.0,1.0,1.0,0.272
4547,1.0,1.0,1.0,0.6003,1.0,1.0,1.0,0.6282,1.0,1.0,1.0,0.3264
4548,1.0,1.0,1.0,0.6463,1.0,1.0,1.0,0.7027,1.0,1.0,1.0,0.3368
4549,1.0,1.0,1.0,0.5939,1.0,1.0,1.0,0.7032,1.0,1.0,1.0,0.4283
4550,1.0,1.0,1.0,0.5257,1.0,1.0,1.0,0.6921,1.0,1.0,1.0,0.3696
4551,1.0,1.0,1.0,0.5823,1.0,1.0,1.0,0.5763,1.0,1.0,1.0,0.4578
4552,1.0,1.0,1.0,0.5508,1.0,1.0,1.0,0.5048,1.0,1.0,1.0,0.5718
4553,1.0,1.0,1.0,0.5768,1.0,1.0,1.0,0.3531,1.0,1.0,1.0,0.6789
4554,1.0,1.0,1.0,0.7199,1.0,1.0,1.0,0.2577,1.0,1.0,1.0,0.7664
4555,1.0,1.0,1.0,0.723,1.0,1.0,1.0,0.045,1.0,1.0,1.0,0.7653
4556,1.0,1.0,1.0,0.845,1.0,1.0,1.0,0.0,1.0,1.0,1.0,0.7882
4557,1.0,1.0,1.0,0.7717,1.0,1.0,1.0,0.0,1.0,1.0,1.0,0.7484
4558,1.0,1.0,1.0,0.7868,1.0,1.0,1.0,0.0,1.0,1.0,1.0,0.5602
4559,1.0,1.0,1.0,0.7932,1.0,1.0,1.0,0.0,1.0,1.0,1.0,0.5713
4560,1.0,1.0,1.0,0.7161,1.0,1.0,1.0,0.0,1.0,1.0,1.0,0.5455
4561,1.0,1.0,1.0,0.7587,1.0,1.0,1.0,0.0,1.0,1.0,1.0,0.6169
4562,1.0,1.0,1.0,0.8341,1.0,1.0,1.0,0.0,1.0,1.0,1.0,0.674
4563,1.0,1.0,1.0,0.9093,1.0,1.0,1.0,0.0,1.0,1.0,1.0,0.5733
4564,1.0,1.0,1.0,0.9127,1.0,1.0,1.0,0.0,1.0,1.0,1.0,0.7442
4565,1.0,1.0,1.0,0.8292,1.0,1.0,1.0,0.0485,1.0,1.0,1.0,0.7566
4566,1.0,1.0,1.0,0.8412,1.0,1.0,1.0,0.2378,1.0,1.0,1.0,0.6486
4567,1.0,1.0,1.0,0.8635,1.0,1.0,1.0,0.4284,1.0,1.0,1.0,0.5391
4568,1.0,1.0,1.0,0.8422,1.0,1.0,1.0,0.5419,1.0,1.0,1.0,0.3435
4569,1.0,1.0,1.0,0.8412,1.0,1.0,1.0,0.6127,1.0,1.0,1.0,0.4017
4570,1.0,1.0,1.0,0.8047,1.0,1.0,1.0,0.7743,1.0,1.0,1.0,0.3524
4571,1.0,1.0,1.0,0.7849,1.0,1.0,1.0,0.8657,1.0,1.0,1.0,0.2846
4572,1.0,1.0,1.0,0.8291,1.0,1.0,1.0,0.7785,1.0,1.0,1.0,0.2392
4573,1.0,1.0,1.0,0.8793,1.0,1.0,1.0,0.6888,1.0,1.0,1.0,0.2201
4574,1.0,1.0,1.0,0.8099,1.0,1.0,1.0,0.4986,1.0,1.0,1.0,0.2567
4575,1.0,1.0,1.0,0.7676,1.0,1.0,1.0,0.518,1.0,1.0,1.0,0.1619
4576,1.0,1.0,1.0,0.6389,1.0,1.0,1.0,0.4687,1.0,1.0,1.0,0.1185
4577,1.0,1.0,1.0,0.7622,1.0,1.0,1.0,0.3037,1.0,1.0,1.0,0.1393
4578,1.0,1.0,1.0,0.8025,1.0,1.0,1.0,0.1915,1.0,1.0,1.0,0.1179
4579,1.0,1.0,1.0,0.6519,1.0,1.0,1.0,0.046,1.0,1.0,1.0,0.1436
4580,1.0,1.0,1.0,0.635,1.0,1.0,1.0,0.0,1.0,1.0,1.0,0.1253
4581,1.0,1.0,1.0,0.6,1.0,1.0,1.0,0.0,1.0,1.0,1.0,0.2024
4582,1.0,1.0,1.0,0.5241,1.0,1.0,1.0,0.0,1.0,1.0,1.0,0.2151
4583,1.0,1.0,1.0,0.6045,1.0,1.0,1.0,0.0,1.0,1.0,1.0,0.2965
4584,1.0,1.0,1.0,0.6752,1.0,1.0,1.0,0.0,1.0,1.0,1.0,0.3326
4585,1.0,1.0,1.0,0.6839,1.0,1.0,1.0,0.0,1.0,1.0,1.0,0.375
4586,1.0,1.0,1.0,0.6205,1.0,1.0,1.0,0.0,1.0,1.0,1.0,0.3108
4587,1.0,1.0,1.0,0.5555,1.0,1.0,1.0,0.0,1.0,1.0,1.0,0.401
4588,1.0,1.0,1.0,0.5497,1.0,1.0,1.0,0.0,1.0,1.0,1.0,0.413
4589,1.0,1.0,1.0,0.5002,1.0,1.0,1.0,0.036,1.0,1.0,1.0,0.3291
4590,1.0,1.0,1.0,0.4916,1.0,1.0,1.0,0.1801,1.0,1.0,1.0,0.1874
4591,1.0,1.0,1.0,0.5326,1.0,1.0,1.0,0.3078,1.0,1.0,1.0,0.196
4592,1.0,1.0,1.0,0.3912,1.0,1.0,1.0,0.4303,1.0,1.0,1.0,0.2934
4593,1.0,1.0,1.0,0.3259,1.0,1.0,1.0,0.5496,1.0,1.0,1.0,0.2301
4594,1.0,1.0,1.0,0.321,1.0,1.0,1.0,0.6842,1.0,1.0,1.0,0.1768
4595,1.0,1.0,1.0,0.4474,1.0,1.0,1.0,0.7904,1.0,1.0,1.0,0.1624
4596,1.0,1.0,1.0,0.5147,1.0,1.0,1.0,0.6938,1.0,1.0,1.0,0.2239
4597,1.0,1.0,1.0,0.5058,1.0,1.0,1.0,0.8012,1.0,1.0,1.0,0.1317
4598,1.0,1.0,1.0,0.5327,1.0,1.0,1.0,0.7506,1.0,1.0,1.0,0.1096
4599,1.0,1.0,1.0,0.5148,1.0,1.0,1.0,0.6382,1.0,1.0,1.0,0.0815
4600,1.0,1.0,1.0,0.5992,1.0,1.0,1.0,0.4746,1.0,1.0,1.0,0.1007
4601,1.0,1.0,1.0,0.6247,1.0,1.0,1.0,0.4211,1.0,1.0,1.0,0.0987
4602,1.0,1.0,1.0,0.7129,1.0,1.0,1.0,0.2621,1.0,1.0,1.0,0.0908
4603,1.0,1.0,1.0,0.5928,1.0,1.0,1.0,0.0498,1.0,1.0,1.0,0.0882
4604,1.0,1.0,1.0,0.5125,1.0,1.0,1.0,0.0,1.0,1.0,1.0,0.1163
4605,1.0,1.0,1.0,0.528,1.0,1.0,1.0,0.0,1.0,1.0,1.0,0.1662
4606,1.0,1.0,1.0,0.562,1.0,1.0,1.0,0.0,1.0,1.0,1.0,0.2239
4607,1.0,1.0,1.0,0.7407,1.0,1.0,1.0,0.0,1.0,1.0,1.0,0.2608
4608,1.0,1.0,1.0,0.5869,1.0,1.0,1.0,0.0,1.0,1.0,1.0,0.3622
4609,1.0,1.0,1.0,0.5736,1.0,1.0,1.0,0.0,1.0,1.0,1.0,0.2865
4610,1.0,1.0,1.0,0.5567,1.0,1.0,1.0,0.0,1.0,1.0,1.0,0.3128
4611,1.0,1.0,1.0,0.5676,1.0,1.0,1.0,0.0,1.0,1.0,1.0,0.5053
4612,1.0,1.0,1.0,0.6981,1.0,1.0,1.0,0.0,1.0,1.0,1.0,0.3407
4613,1.0,1.0,1.0,0.7479,1.0,1.0,1.0,0.0482,1.0,1.0,1.0,0.2963
4614,1.0,1.0,1.0,0.6132,1.0,1.0,1.0,0.2607,1.0,1.0,1.0,0.2246
4615,1.0,1.0,1.0,0.7214,1.0,1.0,1.0,0.4608,1.0,1.0,1.0,0.2426
4616,1.0,1.0,1.0,0.8049,1.0,1.0,1.0,0.6393,1.0,1.0,1.0,0.3455
4617,1.0,1.0,1.0,0.8076,1.0,1.0,1.0,0.7877,1.0,1.0,1.0,0.3849
4618,1.0,1.0,1.0,0.6885,1.0,1.0,1.0,0.8989,1.0,1.0,1.0,0.3616
4619,1.0,1.0,1.0,0.6646,1.0,1.0,1.0,0.9679,1.0,1.0,1.0,0.4018
4620,1.0,1.0,1.0,0.6889,1.0,1.0,1.0,0.8673,1.0,1.0,1.0,0.3716
4621,1.0,1.0,1.0,0.7479,1.0,1.0,1.0,0.7807,1.0,1.0,1.0,0.3825
4622,1.0,1.0,1.0,0.5994,1.0,1.0,1.0,0.7459,1.0,1.0,1.0,0.429
4623,1.0,1.0,1.0,0.5223,1.0,1.0,1.0,0.7208,1.0,1.0,1.0,0.5741
4624,1.0,1.0,1.0,0.6079,1.0,1.0,1.0,0.6277,1.0,1.0,1.0,0.601
4625,1.0,1.0,1.0,0.7147,1.0,1.0,1.0,0.4608,1.0,1.0,1.0,0.6072
4626,1.0,1.0,1.0,0.7329,1.0,1.0,1.0,0.2256,1.0,1.0,1.0,0.7498
4627,1.0,1.0,1.0,0.7939,1.0,1.0,1.0,0.0383,1.0,1.0,1.0,0.5848
4628,1.0,1.0,1.0,0.8077,1.0,1.0,1.0,0.0,1.0,1.0,1.0,0.5652
4629,1.0,1.0,1.0,0.8451,1.0,1.0,1.0,0.0,1.0,1.0,1.0,0.4893
4630,1.0,1.0,1.0,0.8408,1.0,1.0,1.0,0.0,1.0,1.0,1.0,0.4595
4631,1.0,1.0,1.0,0.8519,1.0,1.0,1.0,0.0,1.0,1.0,1.0,0.5041
4632,1.0,1.0,1.0,0.7748,1.0,1.0,1.0,0.0,1.0,1.0,1.0,0.5792
4633,1.0,1.0,1.0,0.8051,1.0,1.0,1.0,0.0,1.0,1.0,1.0,0.5225
4634,1.0,1.0,1.0,0.7121,1.0,1.0,1.0,0.0,1.0,1.0,1.0,0.5705
4635,1.0,1.0,1.0,0.7499,1.0,1.0,1.0,0.0,1.0,1.0,1.0,0.4809
4636,1.0,1.0,1.0,0.7066,1.0,1.0,1.0,0.0,1.0,1.0,1.0,0.3636
4637,1.0,1.0,1.0,0.7211,1.0,1.0,1.0,0.0335,1.0,1.0,1.0,0.3645
4638,1.0,1.0,1.0,0.6354,1.0,1.0,1.0,0.1899,1.0,1.0,1.0,0.3422
4639,1.0,1.0,1.0,0.5818,1.0,1.0,1.0,0.308,1.0,1.0,1.0,0.4626
4640,1.0,1.0,1.0,0.6026,1.0,1.0,1.0,0.4132,1.0,1.0,1.0,0.6369
4641,1.0,1.0,1.0,0.6537,1.0,1.0,1.0,0.523,1.0,1.0,1.0,0.5731
4642,1.0,1.0,1.0,0.7245,1.0,1.0,1.0,0.4674,1.0,1.0,1.0,0.4047
4643,1.0,1.0,1.0,0.6231,1.0,1.0,1.0,0.6091,1.0,1.0,1.0,0.291
4644,1.0,1.0,1.0,0.4825,1.0,1.0,1.0,0.5368,1.0,1.0,1.0,0.2325
4645,1.0,1.0,1.0,0.3913,1.0,1.0,1.0,0.4813,1.0,1.0,1.0,0.2454
4646,1.0,1.0,1.0,0.3028,1.0,1.0,1.0,0.5504,1.0,1.0,1.0,0.2282
4647,1.0,1.0,1.0,0.4273,1.0,1.0,1.0,0.5366,1.0,1.0,1.0,0.1597
4648,1.0,1.0,1.0,0.538,1.0,1.0,1.0,0.4504,1.0,1.0,1.0,0.2644
4649,1.0,1.0,1.0,0.4419,1.0,1.0,1.0,0.2682,1.0,1.0,1.0,0.3105
4650,1.0,1.0,1.0,0.5841,1.0,1.0,1.0,0.1456,1.0,1.0,1.0,0.4512
4651,1.0,1.0,1.0,0.6782,1.0,1.0,1.0,0.0267,1.0,1.0,1.0,0.2977
4652,1.0,1.0,1.0,0.53,1.0,1.0,1.0,0.0,1.0,1.0,1.0,0.3954
4653,1.0,1.0,1.0,0.4313,1.0,1.0,1.0,0.0,1.0,1.0,1.0,0.3771
4654,1.0,1.0,1.0,0.2929,1.0,1.0,1.0,0.0,1.0,1.0,1.0,0.3404
4655,1.0,1.0,1.0,0.2854,1.0,1.0,1.0,0.0,1.0,1.0,1.0,0.3383
4656,1.0,1.0,1.0,0.2853,1.0,1.0,1.0,0.0,1.0,1.0,1.0,0.282
4657,1.0,1.0,1.0,0.2854,1.0,1.0,1.0,0.0,1.0,1.0,1.0,0.27
4658,1.0,1.0,1.0,0.1636,1.0,1.0,1.0,0.0,1.0,1.0,1.0,0.3383
4659,1.0,1.0,1.0,0.1076,1.0,1.0,1.0,0.0,1.0,1.0,1.0,0.2017
4660,1.0,1.0,1.0,0.1199,1.0,1.0,1.0,0.0,1.0,1.0,1.0,0.2998
4661,1.0,1.0,1.0,0.1483,1.0,1.0,1.0,0.02,1.0,1.0,1.0,0.3267
4662,1.0,1.0,1.0,0.0805,1.0,1.0,1.0,0.1171,1.0,1.0,1.0,0.3148
4663,1.0,1.0,1.0,0.0551,1.0,1.0,1.0,0.2199,1.0,1.0,1.0,0.3859
4664,1.0,1.0,1.0,0.0808,1.0,1.0,1.0,0.2482,1.0,1.0,1.0,0.4107
4665,1.0,1.0,1.0,0.0562,1.0,1.0,1.0,0.2886,1.0,1.0,1.0,0.3645
4666,1.0,1.0,1.0,0.0588,1.0,1.0,1.0,0.2705,1.0,1.0,1.0,0.3
4667,1.0,1.0,1.0,0.0398,1.0,1.0,1.0,0.3345,1.0,1.0,1.0,0.4171
4668,1.0,1.0,1.0,0.0557,1.0,1.0,1.0,0.3249,1.0,1.0,1.0,0.2932
4669,1.0,1.0,1.0,0.0298,1.0,1.0,1.0,0.4457,1.0,1.0,1.0,0.2768
4670,1.0,1.0,1.0,0.0288,1.0,1.0,1.0,0.4608,1.0,1.0,1.0,0.188
4671,1.0,1.0,1.0,0.0424,1.0,1.0,1.0,0.5307,1.0,1.0,1.0,0.2165
4672,1.0,1.0,1.0,0.0551,1.0,1.0,1.0,0.4182,1.0,1.0,1.0,0.211
4673,1.0,1.0,1.0,0.0497,1.0,1.0,1.0,0.3882,1.0,1.0,1.0,0.1475
4674,1.0,1.0,1.0,0.0415,1.0,1.0,1.0,0.2183,1.0,1.0,1.0,0.1147
4675,1.0,1.0,1.0,0.0407,1.0,1.0,1.0,0.0361,1.0,1.0,1.0,0.1187
4676,1.0,1.0,1.0,0.028,1.0,1.0,1.0,0.0,1.0,1.0,1.0,0.1321
4677,1.0,1.0,1.0,0.029,1.0,1.0,1.0,0.0,1.0,1.0,1.0,0.073
4678,1.0,1.0,1.0,0.0303,1.0,1.0,1.0,0.0,1.0,1.0,1.0,0.0601
4679,1.0,1.0,1.0,0.0282,1.0,1.0,1.0,0.0,1.0,1.0,1.0,0.066
4680,1.0,1.0,1.0,0.0424,1.0,1.0,1.0,0.0,1.0,1.0,1.0,0.1011
4681,1.0,1.0,1.0,0.0313,1.0,1.0,1.0,0.0,1.0,1.0,1.0,0.1343
4682,1.0,1.0,1.0,0.02,1.0,1.0,1.0,0.0,1.0,1.0,1.0,0.1187
4683,1.0,1.0,1.0,0.02,1.0,1.0,1.0,0.0,1.0,1.0,1.0,0.1635
4684,1.0,1.0,1.0,0.02,1.0,1.0,1.0,0.0,1.0,1.0,1.0,0.1504
4685,1.0,1.0,1.0,0.0203,1.0,1.0,1.0,0.0242,1.0,1.0,1.0,0.0568
4686,1.0,1.0,1.0,0.0209,1.0,1.0,1.0,0.1605,1.0,1.0,1.0,0.0945
4687,1.0,1.0,1.0,0.02,1.0,1.0,1.0,0.3117,1.0,1.0,1.0,0.1121
4688,1.0,1.0,1.0,0.02,1.0,1.0,1.0,0.5063,1.0,1.0,1.0,0.1214
4689,1.0,1.0,1.0,0.02,1.0,1.0,1.0,0.73,1.0,1.0,1.0,0.124
4690,1.0,1.0,1.0,0.02,1.0,1.0,1.0,0.737,1.0,1.0,1.0,0.1385
4691,1.0,1.0,1.0,0.02,1.0,1.0,1.0,0.8339,1.0,1.0,1.0,0.1409
4692,1.0,1.0,1.0,0.02,1.0,1.0,1.0,0.8312,1.0,1.0,1.0,0.1309
4693,1.0,1.0,1.0,0.02,1.0,1.0,1.0,0.801,1.0,1.0,1.0,0.1089
4694,1.0,1.0,1.0,0.0283,1.0,1.0,1.0,0.6371,1.0,1.0,1.0,0.114
4695,1.0,1.0,1.0,0.0354,1.0,1.0,1.0,0.5352,1.0,1.0,1.0,0.0883
4696,1.0,1.0,1.0,0.0238,1.0,1.0,1.0,0.4227,1.0,1.0,1.0,0.0628
4697,1.0,1.0,1.0,0.02,1.0,1.0,1.0,0.3643,1.0,1.0,1.0,0.0714
4698,1.0,1.0,1.0,0.02,1.0,1.0,1.0,0.1818,1.0,1.0,1.0,0.1013
4699,1.0,1.0,1.0,0.02,1.0,1.0,1.0,0.023,1.0,1.0,1.0,0.0807
4700,1.0,1.0,1.0,0.02,1.0,1.0,1.0,0.0,1.0,1.0,1.0,0.0681
4701,1.0,1.0,1.0,0.02,1.0,1.0,1.0,0.0,1.0,1.0,1.0,0.0404
4702,1.0,1.0,1.0,0.02,1.0,1.0,1.0,0.0,1.0,1.0,1.0,0.0273
4703,1.0,1.0,1.0,0.02,1.0,1.0,1.0,0.0,1.0,1.0,1.0,0.02
4704,1.0,1.0,1.0,0.0264,1.0,1.0,1.0,0.0,1.0,1.0,1.0,0.0285
4705,1.0,1.0,1.0,0.0391,1.0,1.0,1.0,0.0,1.0,1.0,1.0,0.02
4706,1.0,1.0,1.0,0.0651,1.0,1.0,1.0,0.0,1.0,1.0,1.0,0.0214
4707,1.0,1.0,1.0,0.0797,1.0,1.0,1.0,0.0,1.0,1.0,1.0,0.021
4708,1.0,1.0,1.0,0.0957,1.0,1.0,1.0,0.0,1.0,1.0,1.0,0.0279
4709,0.0,1.0,1.0,0.0887,1.0,1.0,1.0,0.0293,1.0,1.0,1.0,0.0442
4710,0.0,1.0,1.0,0.1187,1.0,1.0,1.0,0.1641,1.0,1.0,1.0,0.0461
4711,0.0,1.0,1.0,0.0799,1.0,1.0,1.0,0.3249,1.0,1.0,1.0,0.0704
4712,0.0,1.0,1.0,0.0793,1.0,1.0,1.0,0.3833,1.0,1.0,1.0,0.1194
4713,0.0,1.0,1.0,0.0978,1.0,1.0,1.0,0.5266,1.0,1.0,1.0,0.1817
4714,0.0,1.0,1.0,0.1552,1.0,1.0,1.0,0.6104,1.0,1.0,1.0,0.1503
4715,0.0,1.0,1.0,0.1366,1.0,1.0,1.0,0.6812,1.0,1.0,1.0,0.0826
4716,0.0,1.0,1.0,0.185,1.0,1.0,1.0,0.7877,1.0,1.0,1.0,0.0819
4717,0.0,1.0,1.0,0.1766,1.0,1.0,1.0,0.7107,1.0,1.0,1.0,0.0895
4718,0.0,1.0,1.0,0.235,1.0,1.0,1.0,0.6679,1.0,1.0,1.0,0.0487
4719,0.0,1.0,1.0,0.1887,1.0,1.0,1.0,0.6115,1.0,1.0,1.0,0.0522
4720,0.0,1.0,1.0,0.2327,1.0,1.0,1.0,0.4843,1.0,1.0,1.0,0.023
4721,0.0,1.0,1.0,0.2274,1.0,1.0,1.0,0.3774,1.0,1.0,1.0,0.0417
4722,0.0,1.0,1.0,0.1633,1.0,1.0,1.0,0.218,1.0,1.0,1.0,0.0516
4723,0.0,1.0,1.0,0.1583,1.0,1.0,1.0,0.0333,1.0,1.0,1.0,0.0412
4724,0.0,1.0,1.0,0.2331,1.0,1.0,1.0,0.0,1.0,1.0,1.0,0.0454
4725,0.0,1.0,1.0,0.1759,1.0,1.0,1.0,0.0,1.0,1.0,1.0,0.0519
4726,0.0,1.0,1.0,0.114,1.0,1.0,1.0,0.0,1.0,1.0,1.0,0.0637
4727,0.0,1.0,1.0,0.1322,1.0,1.0,1.0,0.0,1.0,1.0,1.0,0.0679
4728,0.0,1.0,1.0,0.0797,1.0,1.0,1.0,0.0,1.0,1.0,1.0,0.0954
4729,0.0,1.0,1.0,0.1349,1.0,1.0,1.0,0.0,1.0,1.0,1.0,0.0651
4730,0.0,1.0,1.0,0.2147,1.0,1.0,1.0,0.0,1.0,1.0,1.0,0.065
4731,0.0,1.0,1.0,0.2835,1.0,1.0,1.0,0.0,1.0,1.0,1.0,0.1193
4732,0.0,1.0,1.0,0.2818,1.0,1.0,1.0,0.0,1.0,1.0,1.0,0.1091
4733,0.0,1.0,1.0,0.4116,1.0,1.0,1.0,0.0196,1.0,1.0,1.0,0.1202
4734,0.0,1.0,1.0,0.5229,1.0,1.0,1.0,0.1147,1.0,1.0,1.0,0.0897
4735,0.0,1.0,1.0,0.4675,1.0,1.0,1.0,0.229,1.0,1.0,1.0,0.1779
4736,0.0,1.0,1.0,0.5853,1.0,1.0,1.0,0.3167,1.0,1.0,1.0,0.1943
4737,0.0,1.0,1.0,0.4956,1.0,1.0,1.0,0.393,1.0,1.0,1.0,0.1349
4738,0.0,1.0,1.0,0.4704,1.0,1.0,1.0,0.3818,1.0,1.0,1.0,0.1887
4739,0.0,1.0,1.0,0.3153,1.0,1.0,1.0,0.4357,1.0,1.0,1.0,0.1384
4740,0.0,1.0,1.0,0.3244,1.0,1.0,1.0,0.3669,1.0,1.0,1.0,0.1719
4741,0.0,1.0,1.0,0.3,1.0,1.0,1.0,0.5165,1.0,1.0,1.0,0.2311
4742,0.0,1.0,1.0,0.2665,1.0,1.0,1.0,0.6319,1.0,1.0,1.0,0.3788
4743,0.0,1.0,1.0,0.2549,1.0,1.0,1.0,0.5343,1.0,1.0,1.0,0.3919
4744,0.0,1.0,1.0,0.2182,1.0,1.0,1.0,0.386,1.0,1.0,1.0,0.3901
4745,0.0,1.0,1.0,0.2217,1.0,1.0,1.0,0.3184,1.0,1.0,1.0,0.235
4746,0.0,1.0,1.0,0.3097,1.0,1.0,1.0,0.1928,1.0,1.0,1.0,0.2071
4747,0.0,1.0,1.0,0.2347,1.0,1.0,1.0,0.0361,1.0,1.0,1.0,0.1693
4748,0.0,1.0,1.0,0.2938,1.0,1.0,1.0,0.0,1.0,1.0,1.0,0.162
4749,0.0,1.0,1.0,0.3083,1.0,1.0,1.0,0.0,1.0,1.0,1.0,0.1401
4750,0.0,1.0,1.0,0.3351,1.0,1.0,1.0,0.0,1.0,1.0,1.0,0.1791
4751,0.0,1.0,1.0,0.33,1.0,1.0,1.0,0.0,1.0,1.0,1.0,0.1531
4752,0.0,1.0,1.0,0.2746,1.0,1.0,1.0,0.0,1.0,1.0,1.0,0.1778
4753,0.0,1.0,1.0,0.3059,1.0,1.0,1.0,0.0,1.0,1.0,1.0,0.1731
4754,0.0,1.0,1.0,0.3439,1.0,1.0,1.0,0.0,1.0,1.0,1.0,0.1452
4755,0.0,1.0,1.0,0.2811,1.0,1.0,1.0,0.0,1.0,1.0,1.0,0.1185
4756,0.0,1.0,1.0,0.1959,1.0,1.0,1.0,0.0,1.0,1.0,1.0,0.1298
4757,0.0,1.0,1.0,0.2022,1.0,1.0,1.0,0.0358,1.0,1.0,1.0,0.1972
4758,0.0,1.0,1.0,0.2498,1.0,1.0,1.0,0.2501,1.0,1.0,1.0,0.1603
4759,0.0,1.0,1.0,0.3213,1.0,1.0,1.0,0.4326,1.0,1.0,1.0,0.1642
4760,0.0,1.0,1.0,0.4166,1.0,1.0,1.0,0.6307,1.0,1.0,1.0,0.1905
4761,0.0,1.0,1.0,0.4429,1.0,1.0,1.0,0.7801,1.0,1.0,1.0,0.1903
4762,0.0,1.0,1.0,0.4141,1.0,1.0,1.0,0.8605,1.0,1.0,1.0,0.1132
4763,0.0,1.0,1.0,0.4085,1.0,1.0,1.0,0.9019,1.0,1.0,1.0,0.1339
4764,0.0,1.0,1.0,0.3043,1.0,1.0,1.0,0.7938,1.0,1.0,1.0,0.085
4765,0.0,1.0,1.0,0.2547,1.0,1.0,1.0,0.6608,1.0,1.0,1.0,0.0539
4766,0.0,1.0,1.0,0.2511,1.0,1.0,1.0,0.6927,1.0,1.0,1.0,0.0365
4767,0.0,1.0,1.0,0.234,1.0,1.0,1.0,0.504,1.0,1.0,1.0,0.0366
4768,0.0,1.0,1.0,0.2404,1.0,1.0,1.0,0.5475,1.0,1.0,1.0,0.028
4769,1.0,1.0,1.0,0.1638,1.0,1.0,1.0,0.3875,1.0,1.0,1.0,0.02
4770,1.0,1.0,1.0,0.1175,1.0,1.0,1.0,0.194,1.0,1.0,1.0,0.0226
4771,1.0,1.0,1.0,0.1522,1.0,1.0,1.0,0.0303,1.0,1.0,1.0,0.0241
4772,1.0,1.0,1.0,0.1202,1.0,1.0,1.0,0.0,1.0,1.0,1.0,0.0335
4773,1.0,1.0,1.0,0.0998,1.0,1.0,1.0,0.0,1.0,1.0,1.0,0.0278
4774,1.0,1.0,1.0,0.1059,1.0,1.0,1.0,0.0,1.0,1.0,1.0,0.0291
4775,1.0,1.0,1.0,0.0811,1.0,1.0,1.0,0.0,1.0,1.0,1.0,0.0407
4776,1.0,1.0,1.0,0.1191,1.0,1.0,1.0,0.0,1.0,1.0,1.0,0.0275
4777,1.0,1.0,1.0,0.0822,1.0,1.0,1.0,0.0,1.0,1.0,1.0,0.0235
4778,1.0,1.0,1.0,0.0852,1.0,1.0,1.0,0.0,1.0,1.0,1.0,0.0354
4779,1.0,1.0,1.0,0.0694,1.0,1.0,1.0,0.0,1.0,1.0,1.0,0.0378
4780,1.0,1.0,1.0,0.0761,1.0,1.0,1.0,0.0,1.0,1.0,1.0,0.038
4781,1.0,1.0,1.0,0.0673,1.0,1.0,1.0,0.0214,1.0,1.0,1.0,0.0397
4782,1.0,1.0,1.0,0.0697,1.0,1.0,1.0,0.1532,1.0,1.0,1.0,0.063
4783,1.0,1.0,1.0,0.1073,1.0,1.0,1.0,0.1996,1.0,1.0,1.0,0.0651
4784,1.0,1.0,1.0,0.0888,1.0,1.0,1.0,0.2498,1.0,1.0,1.0,0.0687
4785,1.0,1.0,1.0,0.0735,1.0,1.0,1.0,0.2664,1.0,1.0,1.0,0.071
4786,1.0,1.0,1.0,0.069,1.0,1.0,1.0,0.2048,1.0,1.0,1.0,0.0432
4787,1.0,1.0,1.0,0.1151,1.0,1.0,1.0,0.3302,1.0,1.0,1.0,0.0538
4788,1.0,1.0,1.0,0.1148,1.0,1.0,1.0,0.3778,1.0,1.0,1.0,0.0428
4789,1.0,1.0,1.0,0.1705,1.0,1.0,1.0,0.3659,1.0,1.0,1.0,0.0295
4790,1.0,1.0,1.0,0.1639,1.0,1.0,1.0,0.429,1.0,1.0,1.0,0.02
4791,1.0,1.0,1.0,0.232,1.0,1.0,1.0,0.3012,1.0,1.0,1.0,0.02
4792,1.0,1.0,1.0,0.259,1.0,1.0,1.0,0.2049,1.0,1.0,1.0,0.02
4793,1.0,1.0,1.0,0.2977,1.0,1.0,1.0,0.2101,1.0,1.0,1.0,0.02
4794,1.0,1.0,1.0,0.203,1.0,1.0,1.0,0.1708,1.0,1.0,1.0,0.02
4795,1.0,1.0,1.0,0.1286,1.0,1.0,1.0,0.0266,1.0,1.0,1.0,0.02
4796,1.0,1.0,1.0,0.1803,1.0,1.0,1.0,0.0,1.0,1.0,1.0,0.02
4797,1.0,1.0,1.0,0.2439,1.0,1.0,1.0,0.0,1.0,1.0,1.0,0.02
4798,1.0,1.0,1.0,0.4299,1.0,1.0,1.0,0.0,1.0,1.0,1.0,0.02
4799,1.0,1.0,1.0,0.3043,1.0,1.0,1.0,0.0,1.0,1.0,1.0,0.02
4800,1.0,1.0,1.0,0.3396,1.0,1.0,1.0,0.0,1.0,1.0,1.0,0.02
4801,1.0,1.0,1.0,0.2619,1.0,1.0,1.0,0.0,1.0,1.0,1.0,0.02
4802,1.0,1.0,1.0,0.2147,1.0,1.0,1.0,0.0,1.0,1.0,1.0,0.02
4803,1.0,1.0,1.0,0.1875,1.0,1.0,1.0,0.0,1.0,1.0,1.0,0.02
4804,1.0,1.0,1.0,0.2106,1.0,1.0,1.0,0.0,1.0,1.0,1.0,0.02
4805,1.0,1.0,1.0,0.1756,1.0,1.0,1.0,0.0287,1.0,1.0,1.0,0.02
4806,1.0,1.0,1.0,0.1793,1.0,1.0,1.0,0.2176,1.0,1.0,1.0,0.02
4807,1.0,1.0,1.0,0.2285,1.0,1.0,1.0,0.4162,1.0,1.0,1.0,0.02
4808,1.0,1.0,1.0,0.3061,1.0,1.0,1.0,0.5518,1.0,1.0,1.0,0.02
4809,1.0,1.0,1.0,0.358,1.0,1.0,1.0,0.6181,1.0,1.0,1.0,0.02
4810,1.0,1.0,1.0,0.3915,1.0,1.0,1.0,0.7382,1.0,1.0,1.0,0.0227
4811,1.0,1.0,1.0,0.3752,1.0,1.0,1.0,0.7876,1.0,1.0,1.0,0.02
4812,1.0,1.0,1.0,0.3259,1.0,1.0,1.0,0.8205,1.0,1.0,1.0,0.02
4813,1.0,1.0,1.0,0.3661,1.0,1.0,1.0,0.8527,1.0,1.0,1.0,0.02
4814,1.0,1.0,1.0,0.2823,1.0,1.0,1.0,0.8803,1.0,1.0,1.0,0.02
4815,1.0,1.0,1.0,0.2899,1.0,1.0,1.0,0.7772,1.0,1.0,1.0,0.0229
4816,1.0,1.0,1.0,0.2179,1.0,1.0,1.0,0.6274,1.0,1.0,1.0,0.0445
4817,1.0,1.0,1.0,0.2164,1.0,1.0,1.0,0.4443,1.0,1.0,1.0,0.0634
4818,1.0,1.0,1.0,0.1611,1.0,1.0,1.0,0.234,1.0,1.0,1.0,0.0816
4819,1.0,1.0,1.0,0.1452,1.0,1.0,1.0,0.032,1.0,1.0,1.0,0.1144
4820,1.0,1.0,1.0,0.1203,1.0,1.0,1.0,0.0,1.0,1.0,1.0,0.1751
4821,1.0,1.0,1.0,0.0961,1.0,1.0,1.0,0.0,1.0,1.0,1.0,0.1469
4822,1.0,1.0,1.0,0.0965,1.0,1.0,1.0,0.0,1.0,1.0,1.0,0.0914
4823,1.0,1.0,1.0,0.0452,1.0,1.0,1.0,0.0,1.0,1.0,1.0,0.0774
4824,1.0,1.0,1.0,0.026,1.0,1.0,1.0,0.0,1.0,1.0,1.0,0.051
4825,1.0,1.0,1.0,0.0368,1.0,1.0,1.0,0.0,1.0,1.0,1.0,0.0385
4826,1.0,1.0,1.0,0.0411,1.0,1.0,1.0,0.0,1.0,1.0,1.0,0.0421
4827,1.0,1.0,1.0,0.0342,1.0,1.0,1.0,0.0,1.0,1.0,1.0,0.0369
4828,1.0,1.0,1.0,0.0506,1.0,1.0,1.0,0.0,1.0,1.0,1.0,0.0486
4829,1.0,1.0,1.0,0.0431,1.0,1.0,1.0,0.0279,1.0,1.0,1.0,0.0564
4830,1.0,1.0,1.0,0.0376,1.0,1.0,1.0,0.2381,1.0,1.0,1.0,0.0664
4831,1.0,1.0,1.0,0.0307,1.0,1.0,1.0,0.4379,1.0,1.0,1.0,0.0455
4832,1.0,1.0,1.0,0.0621,1.0,1.0,1.0,0.5778,1.0,1.0,1.0,0.0356
4833,1.0,1.0,1.0,0.0702,1.0,1.0,1.0,0.6766,1.0,1.0,1.0,0.02
4834,1.0,1.0,1.0,0.078,1.0,1.0,1.0,0.7522,1.0,1.0,1.0,0.0259
4835,1.0,1.0,1.0,0.094,1.0,1.0,1.0,0.8194,1.0,1.0,1.0,0.053
4836,1.0,1.0,1.0,0.0532,1.0,1.0,1.0,0.9612,1.0,1.0,1.0,0.0588
4837,1.0,1.0,1.0,0.046,1.0,1.0,1.0,0.958,1.0,1.0,1.0,0.067
4838,1.0,1.0,1.0,0.0565,1.0,1.0,1.0,0.8882,1.0,1.0,1.0,0.0585
4839,1.0,1.0,1.0,0.0593,1.0,1.0,1.0,0.7756,1.0,1.0,1.0,0.0568
4840,1.0,1.0,1.0,0.1254,1.0,1.0,1.0,0.6256,1.0,1.0,1.0,0.0898
4841,1.0,1.0,1.0,0.1087,1.0,1.0,1.0,0.4019,1.0,1.0,1.0,0.0951
4842,1.0,1.0,1.0,0.1488,1.0,1.0,1.0,0.2223,1.0,1.0,1.0,0.1193
4843,1.0,1.0,1.0,0.1912,1.0,1.0,1.0,0.0279,1.0,1.0,1.0,0.1791
4844,1.0,1.0,1.0,0.2008,1.0,1.0,1.0,0.0,1.0,1.0,1.0,0.2443
4845,1.0,1.0,1.0,0.2211,1.0,1.0,1.0,0.0,1.0,1.0,1.0,0.2457
4846,1.0,1.0,1.0,0.2049,1.0,1.0,1.0,0.0,1.0,1.0,1.0,0.2518
4847,1.0,1.0,1.0,0.1152,1.0,1.0,1.0,0.0,1.0,1.0,1.0,0.2263
4848,1.0,1.0,1.0,0.1315,1.0,1.0,1.0,0.0,1.0,1.0,1.0,0.2581
4849,1.0,1.0,1.0,0.1527,1.0,1.0,1.0,0.0,1.0,1.0,1.0,0.2302
4850,1.0,1.0,1.0,0.1839,1.0,1.0,1.0,0.0,1.0,1.0,1.0,0.2523
4851,1.0,1.0,1.0,0.1891,1.0,1.0,1.0,0.0,1.0,1.0,1.0,0.3256
4852,1.0,1.0,1.0,0.2487,1.0,1.0,1.0,0.0,1.0,1.0,1.0,0.2085
4853,1.0,1.0,1.0,0.1965,1.0,1.0,1.0,0.0282,1.0,1.0,1.0,0.1211
4854,1.0,1.0,1.0,0.2922,1.0,1.0,1.0,0.2384,1.0,1.0,1.0,0.1217
4855,1.0,1.0,1.0,0.225,1.0,1.0,1.0,0.4063,1.0,1.0,1.0,0.1518
4856,1.0,1.0,1.0,0.2193,1.0,1.0,1.0,0.5934,1.0,1.0,1.0,0.167
4857,1.0,1.0,1.0,0.2638,1.0,1.0,1.0,0.6803,1.0,1.0,1.0,0.1171
4858,1.0,1.0,1.0,0.23,1.0,1.0,1.0,0.6686,1.0,1.0,1.0,0.1568
4859,1.0,1.0,1.0,0.2804,1.0,1.0,1.0,0.6476,1.0,1.0,1.0,0.2685
4860,1.0,1.0,1.0,0.256,1.0,1.0,1.0,0.7633,1.0,1.0,1.0,0.2118
4861,1.0,1.0,1.0,0.2638,1.0,1.0,1.0,0.7231,1.0,1.0,1.0,0.1728
4862,1.0,1.0,1.0,0.2513,1.0,1.0,1.0,0.6946,1.0,1.0,1.0,0.1754
4863,1.0,1.0,1.0,0.2153,1.0,1.0,1.0,0.5475,1.0,1.0,1.0,0.1703
4864,1.0,1.0,1.0,0.3777,1.0,1.0,1.0,0.4691,1.0,1.0,1.0,0.24
4865,1.0,1.0,1.0,0.3077,1.0,1.0,1.0,0.3282,1.0,1.0,1.0,0.2579
4866,1.0,1.0,1.0,0.1653,1.0,1.0,1.0,0.1901,1.0,1.0,1.0,0.2377
4867,1.0,1.0,1.0,0.1318,1.0,1.0,1.0,0.0213,1.0,1.0,1.0,0.2019
4868,1.0,1.0,1.0,0.14,1.0,1.0,1.0,0.0,1.0,1.0,1.0,0.1294
4869,1.0,1.0,1.0,0.1273,1.0,1.0,1.0,0.0,1.0,1.0,1.0,0.1967
4870,1.0,1.0,1.0,0.176,1.0,1.0,1.0,0.0,1.0,1.0,1.0,0.2345
4871,1.0,1.0,1.0,0.2339,1.0,1.0,1.0,0.0,1.0,1.0,1.0,0.2284
4872,1.0,1.0,1.0,0.215,1.0,1.0,1.0,0.0,1.0,1.0,1.0,0.2349
4873,1.0,1.0,1.0,0.1327,1.0,1.0,1.0,0.0,1.0,1.0,1.0,0.2278
4874,1.0,1.0,1.0,0.0909,1.0,1.0,1.0,0.0,1.0,1.0,1.0,0.137
4875,1.0,1.0,1.0,0.093,1.0,1.0,1.0,0.0,1.0,1.0,1.0,0.0895
4876,1.0,1.0,1.0,0.0579,1.0,1.0,1.0,0.0,1.0,1.0,1.0,0.0863
4877,1.0,1.0,1.0,0.0538,1.0,1.0,1.0,0.0215,1.0,1.0,1.0,0.0828
4878,1.0,1.0,1.0,0.0898,1.0,1.0,1.0,0.1983,1.0,1.0,1.0,0.0851
4879,1.0,1.0,1.0,0.1034,1.0,1.0,1.0,0.3353,1.0,1.0,1.0,0.1484
4880,1.0,1.0,1.0,0.108,1.0,1.0,1.0,0.4825,1.0,1.0,1.0,0.1379
4881,1.0,1.0,1.0,0.0798,1.0,1.0,1.0,0.6463,1.0,1.0,1.0,0.1108
4882,1.0,1.0,1.0,0.0878,1.0,1.0,1.0,0.6476,1.0,1.0,1.0,0.1151
4883,1.0,1.0,1.0,0.0836,1.0,1.0,1.0,0.6092,1.0,1.0,1.0,0.0755
4884,1.0,1.0,1.0,0.0935,1.0,1.0,1.0,0.5932,1.0,1.0,1.0,0.0822
4885,1.0,1.0,1.0,0.1212,1.0,1.0,1.0,0.5875,1.0,1.0,1.0,0.0671
4886,1.0,1.0,1.0,0.1624,1.0,1.0,1.0,0.4096,1.0,1.0,1.0,0.075
4887,1.0,1.0,1.0,0.171,1.0,1.0,1.0,0.4227,1.0,1.0,1.0,0.0732
4888,1.0,1.0,1.0,0.2002,1.0,1.0,1.0,0.3501,1.0,1.0,1.0,0.0725
4889,1.0,1.0,1.0,0.1743,1.0,1.0,1.0,0.1781,1.0,1.0,1.0,0.0918
4890,1.0,1.0,1.0,0.2414,1.0,1.0,1.0,0.086,1.0,1.0,1.0,0.1188
4891,1.0,1.0,1.0,0.1894,1.0,1.0,1.0,0.0099,1.0,1.0,1.0,0.2193
4892,1.0,1.0,1.0,0.1802,1.0,1.0,1.0,0.0,1.0,1.0,1.0,0.2637
4893,1.0,1.0,1.0,0.2555,1.0,1.0,1.0,0.0,1.0,1.0,1.0,0.2461
4894,1.0,1.0,1.0,0.2246,1.0,1.0,1.0,0.0,1.0,1.0,1.0,0.2066
4895,1.0,1.0,1.0,0.154,1.0,1.0,1.0,0.0,1.0,1.0,1.0,0.2277
4896,1.0,1.0,1.0,0.1384,1.0,1.0,1.0,0.0,1.0,1.0,1.0,0.3294
4897,1.0,1.0,1.0,0.2109,1.0,1.0,1.0,0.0,1.0,1.0,1.0,0.3946
4898,1.0,1.0,1.0,0.1084,1.0,1.0,1.0,0.0,1.0,1.0,1.0,0.3313
4899,1.0,1.0,1.0,0.115,1.0,1.0,1.0,0.0,1.0,1.0,1.0,0.3634
4900,1.0,1.0,1.0,0.0967,1.0,1.0,1.0,0.0,1.0,1.0,1.0,0.3766
4901,1.0,1.0,1.0,0.0946,1.0,1.0,1.0,0.015,1.0,1.0,1.0,0.4602
4902,1.0,1.0,1.0,0.0874,1.0,1.0,1.0,0.1728,1.0,1.0,1.0,0.4782
4903,1.0,1.0,1.0,0.1222,1.0,1.0,1.0,0.3304,1.0,1.0,1.0,0.4925
4904,1.0,1.0,1.0,0.1271,1.0,1.0,1.0,0.4495,1.0,1.0,1.0,0.3821
4905,1.0,1.0,1.0,0.1754,1.0,1.0,1.0,0.6204,1.0,1.0,1.0,0.4435
4906,1.0,1.0,1.0,0.2527,1.0,1.0,1.0,0.79,1.0,1.0,1.0,0.322
4907,1.0,1.0,1.0,0.2546,1.0,1.0,1.0,0.8552,1.0,1.0,1.0,0.3255
4908,1.0,1.0,1.0,0.2314,1.0,1.0,1.0,0.9765,1.0,1.0,1.0,0.2814
4909,1.0,1.0,1.0,0.2563,1.0,1.0,1.0,0.9206,1.0,1.0,1.0,0.2385
4910,1.0,1.0,1.0,0.296,1.0,1.0,1.0,0.8337,1.0,1.0,1.0,0.2769
4911,1.0,1.0,1.0,0.2181,1.0,1.0,1.0,0.72,1.0,1.0,1.0,0.2748
4912,1.0,1.0,1.0,0.2336,1.0,1.0,1.0,0.5676,1.0,1.0,1.0,0.1398
4913,1.0,1.0,1.0,0.2186,1.0,1.0,1.0,0.3883,1.0,1.0,1.0,0.1336
4914,1.0,1.0,1.0,0.1953,1.0,1.0,1.0,0.1951,1.0,1.0,1.0,0.1206
4915,1.0,1.0,1.0,0.1614,1.0,1.0,1.0,0.0174,1.0,1.0,1.0,0.1787
4916,1.0,1.0,1.0,0.1359,1.0,1.0,1.0,0.0,1.0,1.0,1.0,0.1243
4917,1.0,1.0,1.0,0.1998,1.0,1.0,1.0,0.0,1.0,1.0,1.0,0.2209
4918,1.0,1.0,1.0,0.1815,1.0,1.0,1.0,0.0,1.0,1.0,1.0,0.2767
4919,1.0,1.0,1.0,0.251,1.0,1.0,1.0,0.0,1.0,1.0,1.0,0.2559
4920,1.0,1.0,1.0,0.2598,1.0,1.0,1.0,0.0,1.0,1.0,1.0,0.2281
4921,1.0,1.0,1.0,0.1908,1.0,1.0,1.0,0.0,1.0,1.0,1.0,0.1909
4922,1.0,1.0,1.0,0.2031,1.0,1.0,1.0,0.0,1.0,1.0,1.0,0.2097
4923,1.0,1.0,1.0,0.145,1.0,1.0,1.0,0.0,1.0,1.0,1.0,0.1679
4924,1.0,1.0,1.0,0.1763,1.0,1.0,1.0,0.0,1.0,1.0,1.0,0.1636
4925,1.0,1.0,1.0,0.1679,1.0,1.0,1.0,0.0174,1.0,1.0,1.0,0.1191
4926,1.0,1.0,1.0,0.2165,1.0,1.0,1.0,0.2088,1.0,1.0,1.0,0.1507
4927,1.0,1.0,1.0,0.3147,1.0,1.0,1.0,0.42,1.0,1.0,1.0,0.1603
4928,1.0,1.0,1.0,0.1986,1.0,1.0,1.0,0.5015,1.0,1.0,1.0,0.1409
4929,1.0,1.0,1.0,0.1755,1.0,1.0,1.0,0.618,1.0,1.0,1.0,0.1328
4930,1.0,1.0,1.0,0.1238,1.0,1.0,1.0,0.5083,1.0,1.0,1.0,0.1091
4931,1.0,1.0,1.0,0.2359,1.0,1.0,1.0,0.5679,1.0,1.0,1.0,0.1229
4932,1.0,1.0,1.0,0.2097,1.0,1.0,1.0,0.5989,1.0,1.0,1.0,0.0844
4933,1.0,1.0,1.0,0.1443,1.0,1.0,1.0,0.7422,1.0,1.0,1.0,0.1156
4934,1.0,1.0,1.0,0.2738,1.0,1.0,1.0,0.7978,1.0,1.0,1.0,0.1245
4935,1.0,1.0,1.0,0.2257,1.0,1.0,1.0,0.7485,1.0,1.0,1.0,0.1104
4936,1.0,1.0,1.0,0.1423,1.0,1.0,1.0,0.5465,1.0,1.0,1.0,0.1351
4937,1.0,1.0,1.0,0.1015,1.0,1.0,1.0,0.3493,1.0,1.0,1.0,0.1541
4938,1.0,1.0,1.0,0.1093,1.0,1.0,1.0,0.1681,1.0,1.0,1.0,0.1135
4939,1.0,1.0,1.0,0.1139,1.0,1.0,1.0,0.0177,1.0,1.0,1.0,0.1716
4940,1.0,1.0,1.0,0.0899,1.0,1.0,1.0,0.0,1.0,1.0,1.0,0.0803
4941,1.0,1.0,1.0,0.0796,1.0,1.0,1.0,0.0,1.0,1.0,1.0,0.1169
4942,1.0,1.0,1.0,0.084,1.0,1.0,1.0,0.0,1.0,1.0,1.0,0.1134
4943,1.0,1.0,1.0,0.1317,1.0,1.0,1.0,0.0,1.0,1.0,1.0,0.1563
4944,1.0,1.0,1.0,0.1487,1.0,1.0,1.0,0.0,1.0,1.0,1.0,0.2371
4945,1.0,1.0,1.0,0.1276,1.0,1.0,1.0,0.0,1.0,1.0,1.0,0.2107
4946,1.0,1.0,1.0,0.1216,1.0,1.0,1.0,0.0,1.0,1.0,1.0,0.1897
4947,1.0,1.0,1.0,0.1569,1.0,1.0,1.0,0.0,1.0,1.0,1.0,0.2081
4948,1.0,1.0,1.0,0.2543,1.0,1.0,1.0,0.0,1.0,1.0,1.0,0.1505
4949,1.0,1.0,1.0,0.1881,1.0,1.0,1.0,0.0098,1.0,1.0,1.0,0.1379
4950,1.0,1.0,1.0,0.257,1.0,1.0,1.0,0.1258,1.0,1.0,1.0,0.1233
4951,1.0,1.0,1.0,0.2365,1.0,1.0,1.0,0.2701,1.0,1.0,1.0,0.0866
4952,1.0,1.0,1.0,0.1496,1.0,1.0,1.0,0.3258,1.0,1.0,1.0,0.0768
4953,1.0,1.0,1.0,0.0866,1.0,1.0,1.0,0.3938,1.0,1.0,1.0,0.1009
4954,1.0,1.0,1.0,0.1358,1.0,1.0,1.0,0.5183,1.0,1.0,1.0,0.1278
4955,1.0,1.0,1.0,0.2109,1.0,1.0,1.0,0.5352,1.0,1.0,1.0,0.1231
4956,1.0,1.0,1.0,0.1807,1.0,1.0,1.0,0.601,1.0,1.0,1.0,0.1278
4957,1.0,1.0,1.0,0.1717,1.0,1.0,1.0,0.5213,1.0,1.0,1.0,0.1185
4958,1.0,1.0,1.0,0.1013,1.0,1.0,1.0,0.4512,1.0,1.0,1.0,0.0691
4959,1.0,1.0,1.0,0.132,1.0,1.0,1.0,0.3096,1.0,1.0,1.0,0.0513
4960,1.0,1.0,1.0,0.1336,1.0,1.0,1.0,0.1747,1.0,1.0,1.0,0.0737
4961,1.0,1.0,1.0,0.084,1.0,1.0,1.0,0.1313,1.0,1.0,1.0,0.1116
4962,1.0,1.0,1.0,0.0929,1.0,1.0,1.0,0.0912,1.0,1.0,1.0,0.087
4963,1.0,1.0,1.0,0.0613,1.0,1.0,1.0,0.0078,1.0,1.0,1.0,0.1272
4964,1.0,1.0,1.0,0.0769,1.0,1.0,1.0,0.0,1.0,1.0,1.0,0.089
4965,1.0,1.0,1.0,0.0562,1.0,1.0,1.0,0.0,1.0,1.0,1.0,0.0776
4966,1.0,1.0,1.0,0.0659,1.0,1.0,1.0,0.0,1.0,1.0,1.0,0.0772
4967,1.0,1.0,1.0,0.0555,1.0,1.0,1.0,0.0,1.0,1.0,1.0,0.0731
4968,1.0,1.0,1.0,0.0264,1.0,1.0,1.0,0.0,1.0,1.0,1.0,0.0605
4969,1.0,1.0,1.0,0.0398,1.0,1.0,1.0,0.0,1.0,1.0,1.0,0.0657
4970,1.0,1.0,1.0,0.0599,1.0,1.0,1.0,0.0,1.0,1.0,1.0,0.0878
4971,1.0,1.0,1.0,0.0529,1.0,1.0,1.0,0.0,1.0,1.0,1.0,0.0564
4972,1.0,1.0,1.0,0.0609,1.0,1.0,1.0,0.0,1.0,1.0,1.0,0.0614
4973,1.0,1.0,1.0,0.0736,1.0,1.0,1.0,0.0086,1.0,1.0,1.0,0.0875
4974,1.0,1.0,1.0,0.0891,1.0,1.0,1.0,0.1307,1.0,1.0,1.0,0.079
4975,1.0,1.0,1.0,0.1566,1.0,1.0,1.0,0.2566,1.0,1.0,1.0,0.0684
4976,1.0,1.0,1.0,0.1794,1.0,1.0,1.0,0.3558,1.0,1.0,1.0,0.0537
4977,1.0,1.0,1.0,0.1635,1.0,1.0,1.0,0.4459,1.0,1.0,1.0,0.1071
4978,1.0,1.0,1.0,0.1875,1.0,1.0,1.0,0.5798,1.0,1.0,1.0,0.1718
4979,1.0,1.0,1.0,0.1672,1.0,1.0,1.0,0.5875,1.0,1.0,1.0,0.1589
4980,1.0,1.0,1.0,0.1232,1.0,1.0,1.0,0.574,1.0,1.0,1.0,0.2242
4981,1.0,1.0,1.0,0.181,1.0,1.0,1.0,0.4647,1.0,1.0,1.0,0.1937
4982,1.0,1.0,1.0,0.2125,1.0,1.0,1.0,0.5073,1.0,1.0,1.0,0.1861
4983,1.0,1.0,1.0,0.124,1.0,1.0,1.0,0.4429,1.0,1.0,1.0,0.137
4984,1.0,1.0,1.0,0.1026,1.0,1.0,1.0,0.3099,1.0,1.0,1.0,0.0781
4985,1.0,1.0,1.0,0.1335,1.0,1.0,1.0,0.2616,1.0,1.0,1.0,0.0669
4986,1.0,1.0,1.0,0.0836,1.0,1.0,1.0,0.1426,1.0,1.0,1.0,0.0605
4987,1.0,1.0,1.0,0.0679,1.0,1.0,1.0,0.0089,1.0,1.0,1.0,0.0725
4988,1.0,1.0,1.0,0.1623,1.0,1.0,1.0,0.0,1.0,1.0,1.0,0.0927
4989,1.0,1.0,1.0,0.1492,1.0,1.0,1.0,0.0,1.0,1.0,1.0,0.0917
4990,1.0,1.0,1.0,0.2072,1.0,1.0,1.0,0.0,1.0,1.0,1.0,0.0686
4991,1.0,1.0,1.0,0.308,1.0,1.0,1.0,0.0,1.0,1.0,1.0,0.0574
4992,1.0,1.0,1.0,0.2433,1.0,1.0,1.0,0.0,1.0,1.0,1.0,0.1002
4993,1.0,1.0,1.0,0.2611,1.0,1.0,1.0,0.0,1.0,1.0,1.0,0.1249
4994,1.0,1.0,1.0,0.4204,1.0,1.0,1.0,0.0,1.0,1.0,1.0,0.1934
4995,1.0,1.0,1.0,0.4544,1.0,1.0,1.0,0.0,1.0,1.0,1.0,0.3098
4996,1.0,1.0,1.0,0.6497,1.0,1.0,1.0,0.0,1.0,1.0,1.0,0.2602
4997,1.0,1.0,1.0,0.5851,1.0,1.0,1.0,0.0102,1.0,1.0,1.0,0.3177
4998,1.0,1.0,1.0,0.717,1.0,1.0,1.0,0.188,1.0,1.0,1.0,0.2507
4999,1.0,1.0,1.0,0.7058,1.0,1.0,1.0,0.3684,1.0,1.0,1.0,0.3233
5000,1.0,1.0,1.0,0.6685,1.0,1.0,1.0,0.4545,1.0,1.0,1.0,0.386
5001,1.0,1.0,1.0,0.7052,1.0,1.0,1.0,0.4398,1.0,1.0,1.0,0.2265
5002,1.0,1.0,1.0,0.6844,1.0,1.0,1.0,0.6628,1.0,1.0,1.0,0.252
5003,1.0,1.0,1.0,0.6657,1.0,1.0,1.0,0.6025,1.0,1.0,1.0,0.1989
5004,1.0,1.0,1.0,0.6911,1.0,1.0,1.0,0.7618,1.0,1.0,1.0,0.1812
5005,1.0,1.0,1.0,0.5289,1.0,1.0,1.0,0.7851,1.0,1.0,1.0,0.1504
5006,1.0,1.0,1.0,0.4502,1.0,1.0,1.0,0.7369,1.0,1.0,1.0,0.1978
5007,1.0,1.0,1.0,0.5066,1.0,1.0,1.0,0.61,1.0,1.0,1.0,0.1632
5008,1.0,1.0,1.0,0.5842,1.0,1.0,1.0,0.6023,1.0,1.0,1.0,0.1119
5009,1.0,1.0,1.0,0.6041,1.0,1.0,1.0,0.3918,1.0,1.0,1.0,0.0887
5010,1.0,1.0,1.0,0.6163,1.0,1.0,1.0,0.1923,1.0,1.0,1.0,0.0853
5011,1.0,1.0,1.0,0.6382,1.0,1.0,1.0,0.0113,1.0,1.0,1.0,0.1001
5012,1.0,1.0,1.0,0.7013,1.0,1.0,1.0,0.0,1.0,1.0,1.0,0.1482
5013,1.0,1.0,1.0,0.5734,1.0,1.0,1.0,0.0,1.0,1.0,1.0,0.1744
5014,1.0,1.0,1.0,0.519,1.0,1.0,1.0,0.0,1.0,1.0,1.0,0.2073
5015,1.0,1.0,1.0,0.5038,1.0,1.0,1.0,0.0,1.0,1.0,1.0,0.2534
5016,1.0,1.0,1.0,0.5129,1.0,1.0,1.0,0.0,1.0,1.0,1.0,0.3103
5017,1.0,1.0,1.0,0.3272,1.0,1.0,1.0,0.0,1.0,1.0,1.0,0.3891
5018,1.0,1.0,1.0,0.2365,1.0,1.0,1.0,0.0,1.0,1.0,1.0,0.599
5019,1.0,1.0,1.0,0.2359,1.0,1.0,1.0,0.0,1.0,1.0,1.0,0.6529
5020,1.0,1.0,1.0,0.3062,1.0,1.0,1.0,0.0,1.0,1.0,1.0,0.6627
5021,1.0,1.0,1.0,0.2744,1.0,1.0,1.0,0.0081,1.0,1.0,1.0,0.6117
5022,1.0,1.0,1.0,0.2298,1.0,1.0,1.0,0.175,1.0,1.0,1.0,0.6252
5023,1.0,1.0,1.0,0.2649,1.0,1.0,1.0,0.3143,1.0,1.0,1.0,0.7032
5024,1.0,1.0,1.0,0.2428,1.0,1.0,1.0,0.4005,1.0,1.0,1.0,0.592
5025,1.0,1.0,1.0,0.3042,1.0,1.0,1.0,0.3702,1.0,1.0,1.0,0.6822
5026,1.0,1.0,1.0,0.2864,1.0,1.0,1.0,0.5553,1.0,1.0,1.0,0.635
5027,1.0,1.0,1.0,0.2128,1.0,1.0,1.0,0.6848,1.0,1.0,1.0,0.6031
5028,1.0,1.0,1.0,0.3091,1.0,1.0,1.0,0.7092,1.0,1.0,1.0,0.6343
5029,1.0,1.0,1.0,0.4062,1.0,1.0,1.0,0.6258,1.0,1.0,1.0,0.5773
5030,1.0,1.0,1.0,0.324,1.0,1.0,1.0,0.6784,1.0,1.0,1.0,0.6048
5031,1.0,1.0,1.0,0.3527,1.0,1.0,1.0,0.5887,1.0,1.0,1.0,0.4929
5032,1.0,1.0,1.0,0.3239,1.0,1.0,1.0,0.4453,1.0,1.0,1.0,0.56
5033,1.0,1.0,1.0,0.3705,1.0,1.0,1.0,0.2594,1.0,1.0,1.0,0.5658
5034,1.0,1.0,1.0,0.2988,1.0,1.0,1.0,0.1502,1.0,1.0,1.0,0.5542
5035,1.0,1.0,1.0,0.3647,1.0,1.0,1.0,0.0064,1.0,1.0,1.0,0.567
5036,1.0,1.0,1.0,0.4619,1.0,1.0,1.0,0.0,1.0,1.0,1.0,0.5539
5037,1.0,1.0,1.0,0.3747,1.0,1.0,1.0,0.0,1.0,1.0,1.0,0.581
5038,1.0,1.0,1.0,0.3762,1.0,1.0,1.0,0.0,1.0,1.0,1.0,0.5515
5039,1.0,1.0,1.0,0.4756,1.0,1.0,1.0,0.0,1.0,1.0,1.0,0.5152
5040,1.0,1.0,1.0,0.3831,1.0,1.0,1.0,0.0,1.0,1.0,1.0,0.3552
5041,1.0,1.0,1.0,0.3255,1.0,1.0,1.0,0.0,1.0,1.0,1.0,0.4655
5042,1.0,1.0,1.0,0.3757,1.0,1.0,1.0,0.0,1.0,1.0,1.0,0.3592
5043,1.0,1.0,1.0,0.3586,1.0,1.0,1.0,0.0,1.0,1.0,1.0,0.4915
5044,1.0,1.0,1.0,0.2409,1.0,1.0,1.0,0.0,1.0,1.0,1.0,0.4612
5045,1.0,1.0,1.0,0.2213,1.0,1.0,1.0,0.0067,1.0,1.0,1.0,0.5591
5046,1.0,1.0,1.0,0.3449,1.0,1.0,1.0,0.1856,1.0,1.0,1.0,0.6359
5047,1.0,1.0,1.0,0.5168,1.0,1.0,1.0,0.3894,1.0,1.0,1.0,0.6984
5048,1.0,1.0,1.0,0.4526,1.0,1.0,1.0,0.5214,1.0,1.0,1.0,0.6885
5049,1.0,1.0,1.0,0.3689,1.0,1.0,1.0,0.6996,1.0,1.0,1.0,0.5777
5050,1.0,1.0,1.0,0.3288,1.0,1.0,1.0,0.8739,1.0,1.0,1.0,0.5505
5051,1.0,1.0,1.0,0.4765,1.0,1.0,1.0,0.945,1.0,1.0,1.0,0.5122
5052,1.0,1.0,1.0,0.5427,1.0,1.0,1.0,0.969,1.0,1.0,1.0,0.4934
5053,1.0,1.0,1.0,0.6561,1.0,1.0,1.0,0.9272,1.0,1.0,1.0,0.3792
5054,1.0,1.0,1.0,0.7198,1.0,1.0,1.0,0.8131,1.0,1.0,1.0,0.3507
5055,1.0,1.0,1.0,0.6037,1.0,1.0,1.0,0.7594,1.0,1.0,1.0,0.16
5056,1.0,1.0,1.0,0.5109,1.0,1.0,1.0,0.5996,1.0,1.0,1.0,0.1479
5057,1.0,1.0,1.0,0.4418,1.0,1.0,1.0,0.3398,1.0,1.0,1.0,0.1554
5058,1.0,1.0,1.0,0.3912,1.0,1.0,1.0,0.1938,1.0,1.0,1.0,0.1242
5059,1.0,1.0,1.0,0.3321,1.0,1.0,1.0,0.0064,1.0,1.0,1.0,0.1164
5060,1.0,1.0,1.0,0.2876,1.0,1.0,1.0,0.0,1.0,1.0,1.0,0.1249
5061,1.0,1.0,1.0,0.3344,1.0,1.0,1.0,0.0,1.0,1.0,1.0,0.172
5062,1.0,1.0,1.0,0.3424,1.0,1.0,1.0,0.0,1.0,1.0,1.0,0.2327
5063,1.0,1.0,1.0,0.4406,1.0,1.0,1.0,0.0,1.0,1.0,1.0,0.2519
5064,1.0,1.0,1.0,0.4565,1.0,1.0,1.0,0.0,1.0,1.0,1.0,0.2493
5065,1.0,1.0,1.0,0.3921,1.0,1.0,1.0,0.0,1.0,1.0,1.0,0.2724
5066,1.0,1.0,1.0,0.4033,1.0,1.0,1.0,0.0,1.0,1.0,1.0,0.4107
5067,1.0,1.0,1.0,0.2806,1.0,1.0,1.0,0.0,1.0,1.0,1.0,0.4471
5068,1.0,1.0,1.0,0.1474,1.0,1.0,1.0,0.0,1.0,1.0,1.0,0.462
5069,1.0,1.0,1.0,0.181,1.0,1.0,1.0,0.0034,1.0,1.0,1.0,0.5473
5070,1.0,1.0,1.0,0.2422,1.0,1.0,1.0,0.1767,1.0,1.0,1.0,0.5408
5071,1.0,1.0,1.0,0.2472,1.0,1.0,1.0,0.2861,1.0,1.0,1.0,0.4556
5072,1.0,1.0,1.0,0.2228,1.0,1.0,1.0,0.3806,1.0,1.0,1.0,0.4876
5073,1.0,1.0,1.0,0.1526,1.0,1.0,1.0,0.577,1.0,1.0,1.0,0.4935
5074,1.0,1.0,1.0,0.2164,1.0,1.0,1.0,0.6926,1.0,1.0,1.0,0.4652
5075,1.0,1.0,1.0,0.2482,1.0,1.0,1.0,0.7995,1.0,1.0,1.0,0.5043
5076,1.0,1.0,1.0,0.2678,1.0,1.0,1.0,0.7715,1.0,1.0,1.0,0.3418
5077,1.0,1.0,1.0,0.267,1.0,1.0,1.0,0.7938,1.0,1.0,1.0,0.2968
5078,1.0,1.0,1.0,0.2357,1.0,1.0,1.0,0.6285,1.0,1.0,1.0,0.2347
5079,1.0,1.0,1.0,0.1732,1.0,1.0,1.0,0.6123,1.0,1.0,1.0,0.1892
5080,1.0,1.0,1.0,0.1884,1.0,1.0,1.0,0.4356,1.0,1.0,1.0,0.1819
5081,1.0,1.0,1.0,0.1628,1.0,1.0,1.0,0.2429,1.0,1.0,1.0,0.1401
5082,1.0,1.0,1.0,0.1456,1.0,1.0,1.0,0.1712,1.0,1.0,1.0,0.2295
5083,1.0,1.0,1.0,0.241,1.0,1.0,1.0,0.0031,1.0,1.0,1.0,0.2584
5084,1.0,1.0,1.0,0.2383,1.0,1.0,1.0,0.0,1.0,1.0,1.0,0.2078
5085,1.0,1.0,1.0,0.1173,1.0,1.0,1.0,0.0,1.0,1.0,1.0,0.1251
5086,1.0,1.0,1.0,0.1018,1.0,1.0,1.0,0.0,1.0,1.0,1.0,0.1064
5087,1.0,1.0,1.0,0.0762,1.0,1.0,1.0,0.0,1.0,1.0,1.0,0.0982
5088,1.0,1.0,1.0,0.0758,1.0,1.0,1.0,0.0,1.0,1.0,1.0,0.0824
5089,1.0,1.0,1.0,0.0494,1.0,1.0,1.0,0.0,1.0,1.0,1.0,0.1847
5090,1.0,1.0,1.0,0.0602,1.0,1.0,1.0,0.0,1.0,1.0,1.0,0.1133
5091,1.0,1.0,1.0,0.0572,1.0,1.0,1.0,0.0,1.0,1.0,1.0,0.1176
5092,1.0,1.0,1.0,0.0513,1.0,1.0,1.0,0.0,1.0,1.0,1.0,0.1153
5093,1.0,1.0,1.0,0.0568,1.0,1.0,1.0,0.0006,1.0,1.0,1.0,0.1089
5094,1.0,1.0,1.0,0.0582,1.0,1.0,1.0,0.1881,1.0,1.0,1.0,0.0598
5095,1.0,1.0,1.0,0.0584,1.0,1.0,1.0,0.3679,1.0,1.0,1.0,0.0615
5096,1.0,1.0,1.0,0.0569,1.0,1.0,1.0,0.5308,1.0,1.0,1.0,0.068
5097,1.0,1.0,1.0,0.0593,1.0,1.0,1.0,0.6128,1.0,1.0,1.0,0.0888
5098,1.0,1.0,1.0,0.0696,1.0,1.0,1.0,0.6651,1.0,1.0,1.0,0.1065
5099,1.0,1.0,1.0,0.0779,1.0,1.0,1.0,0.8175,1.0,1.0,1.0,0.1578
5100,1.0,1.0,1.0,0.1156,1.0,1.0,1.0,0.9526,1.0,1.0,1.0,0.0848
5101,1.0,1.0,1.0,0.1,1.0,1.0,1.0,0.9416,1.0,1.0,1.0,0.0812
5102,1.0,1.0,1.0,0.111,1.0,1.0,1.0,0.8703,1.0,1.0,1.0,0.1802
5103,1.0,1.0,1.0,0.2324,1.0,1.0,1.0,0.7553,1.0,1.0,1.0,0.243
5104,1.0,1.0,1.0,0.2305,1.0,1.0,1.0,0.6025,1.0,1.0,1.0,0.1613
5105,1.0,1.0,1.0,0.231,1.0,1.0,1.0,0.396,1.0,1.0,1.0,0.1672
5106,1.0,1.0,1.0,0.1623,1.0,1.0,1.0,0.177,1.0,1.0,1.0,0.1233
5107,1.0,1.0,1.0,0.1331,1.0,1.0,1.0,0.0008,1.0,1.0,1.0,0.1099
5108,1.0,1.0,1.0,0.1315,1.0,1.0,1.0,0.0,1.0,1.0,1.0,0.2031
5109,1.0,1.0,1.0,0.1575,1.0,1.0,1.0,0.0,1.0,1.0,1.0,0.2635
5110,1.0,1.0,1.0,0.1929,1.0,1.0,1.0,0.0,1.0,1.0,1.0,0.1727
5111,1.0,1.0,1.0,0.213,1.0,1.0,1.0,0.0,1.0,1.0,1.0,0.1388
5112,1.0,1.0,1.0,0.2656,1.0,1.0,1.0,0.0,1.0,1.0,1.0,0.1411
5113,1.0,1.0,1.0,0.2029,1.0,1.0,1.0,0.0,1.0,1.0,1.0,0.1322
5114,1.0,1.0,1.0,0.2335,1.0,1.0,1.0,0.0,1.0,1.0,1.0,0.1476
5115,1.0,1.0,1.0,0.2349,1.0,1.0,1.0,0.0,1.0,1.0,1.0,0.1182
5116,1.0,1.0,1.0,0.2434,1.0,1.0,1.0,0.0,1.0,1.0,1.0,0.1076
5117,1.0,1.0,1.0,0.2211,1.0,1.0,1.0,0.0,1.0,1.0,1.0,0.0859
5118,1.0,1.0,1.0,0.1697,1.0,1.0,1.0,0.1822,1.0,1.0,1.0,0.0787
5119,1.0,1.0,1.0,0.1195,1.0,1.0,1.0,0.3514,1.0,1.0,1.0,0.1018
5120,1.0,1.0,1.0,0.135,1.0,1.0,1.0,0.4746,1.0,1.0,1.0,0.1145
5121,1.0,1.0,1.0,0.1597,1.0,1.0,1.0,0.6016,1.0,1.0,1.0,0.0939
5122,1.0,1.0,1.0,0.156,1.0,1.0,1.0,0.7491,1.0,1.0,1.0,0.137
5123,1.0,1.0,1.0,0.1578,1.0,1.0,1.0,0.8154,1.0,1.0,1.0,0.1899
5124,1.0,1.0,1.0,0.1291,1.0,1.0,1.0,0.9642,1.0,1.0,1.0,0.1908
5125,1.0,1.0,1.0,0.1534,1.0,1.0,1.0,0.9399,1.0,1.0,1.0,0.178
5126,1.0,1.0,1.0,0.1587,1.0,1.0,1.0,0.8684,1.0,1.0,1.0,0.2881
5127,1.0,1.0,1.0,0.1445,1.0,1.0,1.0,0.7532,1.0,1.0,1.0,0.4128
5128,1.0,1.0,1.0,0.1893,1.0,1.0,1.0,0.6001,1.0,1.0,1.0,0.287
5129,1.0,1.0,1.0,0.2284,1.0,1.0,1.0,0.4169,1.0,1.0,1.0,0.377
5130,1.0,1.0,1.0,0.1479,1.0,1.0,1.0,0.1996,1.0,1.0,1.0,0.5197
5131,1.0,1.0,1.0,0.1527,1.0,1.0,1.0,0.0,1.0,1.0,1.0,0.5667
5132,1.0,1.0,1.0,0.1161,1.0,1.0,1.0,0.0,1.0,1.0,1.0,0.5149
5133,1.0,1.0,1.0,0.1243,1.0,1.0,1.0,0.0,1.0,1.0,1.0,0.4748
5134,1.0,1.0,1.0,0.0461,1.0,1.0,1.0,0.0,1.0,1.0,1.0,0.6138
5135,1.0,1.0,1.0,0.0521,1.0,1.0,1.0,0.0,1.0,1.0,1.0,0.6691
5136,1.0,1.0,1.0,0.0694,1.0,1.0,1.0,0.0,1.0,1.0,1.0,0.6982
5137,1.0,1.0,1.0,0.0698,1.0,1.0,1.0,0.0,1.0,1.0,1.0,0.831
5138,1.0,1.0,1.0,0.0497,1.0,1.0,1.0,0.0,1.0,1.0,1.0,0.7603
5139,1.0,1.0,1.0,0.0988,1.0,1.0,1.0,0.0,1.0,1.0,1.0,0.7409
5140,1.0,1.0,1.0,0.1453,1.0,1.0,1.0,0.0,1.0,1.0,1.0,0.7404
5141,1.0,1.0,1.0,0.1259,1.0,1.0,1.0,0.0,1.0,1.0,1.0,0.712
5142,1.0,1.0,1.0,0.1189,1.0,1.0,1.0,0.1736,1.0,1.0,1.0,0.5489
5143,1.0,1.0,1.0,0.0649,1.0,1.0,1.0,0.3358,1.0,1.0,1.0,0.6234
5144,1.0,1.0,1.0,0.0791,1.0,1.0,1.0,0.5079,1.0,1.0,1.0,0.547
5145,1.0,1.0,1.0,0.0525,1.0,1.0,1.0,0.6509,1.0,1.0,1.0,0.4691
5146,1.0,1.0,1.0,0.0688,1.0,1.0,1.0,0.6474,1.0,1.0,1.0,0.4296
5147,1.0,1.0,1.0,0.0997,1.0,1.0,1.0,0.7665,1.0,1.0,1.0,0.403
5148,1.0,1.0,1.0,0.1005,1.0,1.0,1.0,0.8966,1.0,1.0,1.0,0.3867
5149,1.0,1.0,1.0,0.0738,1.0,1.0,1.0,0.9181,1.0,1.0,1.0,0.4631
5150,1.0,1.0,1.0,0.1141,1.0,1.0,1.0,0.8019,1.0,1.0,1.0,0.5568
5151,1.0,1.0,1.0,0.1171,1.0,1.0,1.0,0.7339,1.0,1.0,1.0,0.5233
5152,1.0,1.0,1.0,0.1236,1.0,1.0,1.0,0.5976,1.0,1.0,1.0,0.4609
5153,1.0,1.0,1.0,0.0946,1.0,1.0,1.0,0.4141,1.0,1.0,1.0,0.4417
5154,1.0,1.0,1.0,0.1038,1.0,1.0,1.0,0.2096,1.0,1.0,1.0,0.3595
5155,1.0,1.0,1.0,0.1003,1.0,1.0,1.0,0.0,1.0,1.0,1.0,0.3526
5156,1.0,1.0,1.0,0.0675,1.0,1.0,1.0,0.0,1.0,1.0,1.0,0.2772
5157,1.0,1.0,1.0,0.1081,1.0,1.0,1.0,0.0,1.0,1.0,1.0,0.4446
5158,1.0,1.0,1.0,0.1879,1.0,1.0,1.0,0.0,1.0,1.0,1.0,0.448
5159,1.0,1.0,1.0,0.2506,1.0,1.0,1.0,0.0,1.0,1.0,1.0,0.3946
5160,1.0,1.0,1.0,0.3124,1.0,1.0,1.0,0.0,1.0,1.0,1.0,0.4492
5161,1.0,1.0,1.0,0.4552,1.0,1.0,1.0,0.0,1.0,1.0,1.0,0.3393
5162,1.0,1.0,1.0,0.3605,1.0,1.0,1.0,0.0,1.0,1.0,1.0,0.2823
5163,1.0,1.0,1.0,0.2771,1.0,1.0,1.0,0.0,1.0,1.0,1.0,0.3113
5164,1.0,1.0,1.0,0.2483,1.0,1.0,1.0,0.0,1.0,1.0,1.0,0.3186
5165,1.0,1.0,1.0,0.2685,1.0,1.0,1.0,0.0,1.0,1.0,1.0,0.3994
5166,1.0,1.0,1.0,0.2484,1.0,1.0,1.0,0.2065,1.0,1.0,1.0,0.1996
5167,1.0,1.0,1.0,0.188,1.0,1.0,1.0,0.4112,1.0,1.0,1.0,0.2501
5168,1.0,1.0,1.0,0.1901,1.0,1.0,1.0,0.5951,1.0,1.0,1.0,0.2154
5169,1.0,1.0,1.0,0.1867,1.0,1.0,1.0,0.7488,1.0,1.0,1.0,0.1543
5170,1.0,1.0,1.0,0.2378,1.0,1.0,1.0,0.8645,1.0,1.0,1.0,0.0919
5171,1.0,1.0,1.0,0.2411,1.0,1.0,1.0,0.9364,1.0,1.0,1.0,0.0792
5172,1.0,1.0,1.0,0.1405,1.0,1.0,1.0,0.9607,1.0,1.0,1.0,0.1346
5173,1.0,1.0,1.0,0.1605,1.0,1.0,1.0,0.9364,1.0,1.0,1.0,0.1819
5174,1.0,1.0,1.0,0.2529,1.0,1.0,1.0,0.8645,1.0,1.0,1.0,0.2841
5175,1.0,1.0,1.0,0.2549,1.0,1.0,1.0,0.7488,1.0,1.0,1.0,0.2742
5176,1.0,1.0,1.0,0.3257,1.0,1.0,1.0,0.5899,1.0,1.0,1.0,0.28
5177,1.0,1.0,1.0,0.286,1.0,1.0,1.0,0.4112,1.0,1.0,1.0,0.1815
5178,1.0,1.0,1.0,0.327,1.0,1.0,1.0,0.2065,1.0,1.0,1.0,0.1139
5179,1.0,1.0,1.0,0.2704,1.0,1.0,1.0,0.0,1.0,1.0,1.0,0.1112
5180,1.0,1.0,1.0,0.2532,1.0,1.0,1.0,0.0,1.0,1.0,1.0,0.0734
5181,1.0,1.0,1.0,0.2378,1.0,1.0,1.0,0.0,1.0,1.0,1.0,0.0575
5182,1.0,1.0,1.0,0.2698,1.0,1.0,1.0,0.0,1.0,1.0,1.0,0.0609
5183,1.0,1.0,1.0,0.2165,1.0,1.0,1.0,0.0,1.0,1.0,1.0,0.0957
5184,1.0,1.0,1.0,0.143,1.0,1.0,1.0,0.0,1.0,1.0,1.0,0.0989
5185,1.0,1.0,1.0,0.1674,1.0,1.0,1.0,0.0,1.0,1.0,1.0,0.0656
5186,1.0,1.0,1.0,0.192,1.0,1.0,1.0,0.0,1.0,1.0,1.0,0.0372
5187,1.0,1.0,1.0,0.1999,1.0,1.0,1.0,0.0,1.0,1.0,1.0,0.0411
5188,1.0,1.0,1.0,0.2591,1.0,1.0,1.0,0.0,1.0,1.0,1.0,0.0351
5189,1.0,1.0,1.0,0.2456,1.0,1.0,1.0,0.0,1.0,1.0,1.0,0.0388
5190,1.0,1.0,1.0,0.2645,1.0,1.0,1.0,0.197,1.0,1.0,1.0,0.0383
5191,1.0,1.0,1.0,0.2411,1.0,1.0,1.0,0.3837,1.0,1.0,1.0,0.0396
5192,1.0,1.0,1.0,0.2253,1.0,1.0,1.0,0.5287,1.0,1.0,1.0,0.0624
5193,1.0,1.0,1.0,0.2477,1.0,1.0,1.0,0.6875,1.0,1.0,1.0,0.0914
5194,1.0,1.0,1.0,0.4215,1.0,1.0,1.0,0.7141,1.0,1.0,1.0,0.1056
5195,1.0,1.0,1.0,0.4802,1.0,1.0,1.0,0.9103,1.0,1.0,1.0,0.0814
5196,1.0,1.0,1.0,0.5207,1.0,1.0,1.0,0.9364,1.0,1.0,1.0,0.0704
5197,1.0,1.0,1.0,0.579,1.0,1.0,1.0,0.8584,1.0,1.0,1.0,0.0933
5198,1.0,1.0,1.0,0.3671,1.0,1.0,1.0,0.7588,1.0,1.0,1.0,0.1434
5199,1.0,1.0,1.0,0.3896,1.0,1.0,1.0,0.6556,1.0,1.0,1.0,0.0982
5200,1.0,1.0,1.0,0.4629,1.0,1.0,1.0,0.5659,1.0,1.0,1.0,0.1607
5201,1.0,1.0,1.0,0.4633,1.0,1.0,1.0,0.3565,1.0,1.0,1.0,0.1285
5202,1.0,1.0,1.0,0.4527,1.0,1.0,1.0,0.171,1.0,1.0,1.0,0.1598
5203,1.0,1.0,1.0,0.3669,1.0,1.0,1.0,0.0,1.0,1.0,1.0,0.3391
5204,1.0,1.0,1.0,0.3289,1.0,1.0,1.0,0.0,1.0,1.0,1.0,0.2243
5205,1.0,1.0,1.0,0.2659,1.0,1.0,1.0,0.0,1.0,1.0,1.0,0.2565
5206,1.0,1.0,1.0,0.3391,1.0,1.0,1.0,0.0,1.0,1.0,1.0,0.2351
5207,1.0,1.0,1.0,0.4616,1.0,1.0,1.0,0.0,1.0,1.0,1.0,0.264
5208,1.0,1.0,1.0,0.622,1.0,1.0,1.0,0.0,1.0,1.0,1.0,0.2234
5209,1.0,1.0,1.0,0.5383,1.0,1.0,1.0,0.0,1.0,1.0,1.0,0.1078
5210,1.0,1.0,1.0,0.4708,1.0,1.0,1.0,0.0,1.0,1.0,1.0,0.0869
5211,1.0,1.0,1.0,0.3994,1.0,1.0,1.0,0.0,1.0,1.0,1.0,0.1
5212,1.0,1.0,1.0,0.3134,1.0,1.0,1.0,0.0,1.0,1.0,1.0,0.155
5213,1.0,1.0,1.0,0.2416,1.0,1.0,1.0,0.0,1.0,1.0,1.0,0.1764
5214,1.0,1.0,1.0,0.2105,1.0,1.0,1.0,0.2001,1.0,1.0,1.0,0.2657
5215,1.0,1.0,1.0,0.2673,1.0,1.0,1.0,0.4054,1.0,1.0,1.0,0.2322
5216,1.0,1.0,1.0,0.2207,1.0,1.0,1.0,0.5899,1.0,1.0,1.0,0.1981
5217,1.0,1.0,1.0,0.2917,1.0,1.0,1.0,0.7442,1.0,1.0,1.0,0.2186
5218,1.0,1.0,1.0,0.3979,1.0,1.0,1.0,0.8605,1.0,1.0,1.0,0.1971
5219,1.0,1.0,1.0,0.4172,1.0,1.0,1.0,0.9327,1.0,1.0,1.0,0.2677
5220,1.0,1.0,1.0,0.5185,1.0,1.0,1.0,0.9572,1.0,1.0,1.0,0.1816
5221,1.0,1.0,1.0,0.3925,1.0,1.0,1.0,0.9327,1.0,1.0,1.0,0.2322
5222,1.0,1.0,1.0,0.3427,1.0,1.0,1.0,0.8605,1.0,1.0,1.0,0.3155
5223,1.0,1.0,1.0,0.3549,1.0,1.0,1.0,0.7442,1.0,1.0,1.0,0.3405
5224,1.0,1.0,1.0,0.3697,1.0,1.0,1.0,0.5388,1.0,1.0,1.0,0.4112
5225,1.0,1.0,1.0,0.4876,1.0,1.0,1.0,0.3487,1.0,1.0,1.0,0.3514
5226,1.0,1.0,1.0,0.3942,1.0,1.0,1.0,0.1838,1.0,1.0,1.0,0.2844
5227,1.0,1.0,1.0,0.3459,1.0,1.0,1.0,0.0,1.0,1.0,1.0,0.3081
5228,1.0,1.0,1.0,0.3363,1.0,1.0,1.0,0.0,1.0,1.0,1.0,0.2545
5229,1.0,1.0,1.0,0.2946,1.0,1.0,1.0,0.0,1.0,1.0,1.0,0.2739
5230,1.0,1.0,1.0,0.2238,1.0,1.0,1.0,0.0,1.0,1.0,1.0,0.2937
5231,1.0,1.0,1.0,0.197,1.0,1.0,1.0,0.0,1.0,1.0,1.0,0.2866
5232,1.0,1.0,1.0,0.1856,1.0,1.0,1.0,0.0,1.0,1.0,1.0,0.3057
5233,1.0,1.0,1.0,0.2769,1.0,1.0,1.0,0.0,1.0,1.0,1.0,0.3518
5234,1.0,1.0,1.0,0.2108,1.0,1.0,1.0,0.0,1.0,1.0,1.0,0.3396
5235,1.0,1.0,1.0,0.2636,1.0,1.0,1.0,0.0,1.0,1.0,1.0,0.2996
5236,1.0,1.0,1.0,0.3582,1.0,1.0,1.0,0.0,1.0,1.0,1.0,0.3605
5237,1.0,1.0,1.0,0.3149,1.0,1.0,1.0,0.0,1.0,1.0,1.0,0.3781
5238,1.0,1.0,1.0,0.3329,1.0,1.0,1.0,0.1558,1.0,1.0,1.0,0.4105
5239,1.0,1.0,1.0,0.3765,1.0,1.0,1.0,0.4024,1.0,1.0,1.0,0.454
5240,1.0,1.0,1.0,0.4067,1.0,1.0,1.0,0.5416,1.0,1.0,1.0,0.4591
5241,1.0,1.0,1.0,0.4086,1.0,1.0,1.0,0.686,1.0,1.0,1.0,0.4214
5242,1.0,1.0,1.0,0.3479,1.0,1.0,1.0,0.8562,1.0,1.0,1.0,0.3634
5243,1.0,1.0,1.0,0.399,1.0,1.0,1.0,0.9179,1.0,1.0,1.0,0.3516
5244,1.0,1.0,1.0,0.3635,1.0,1.0,1.0,0.8674,1.0,1.0,1.0,0.3864
5245,1.0,1.0,1.0,0.3623,1.0,1.0,1.0,0.9,1.0,1.0,1.0,0.4254
5246,1.0,1.0,1.0,0.3731,1.0,1.0,1.0,0.7279,1.0,1.0,1.0,0.4308
5247,1.0,1.0,1.0,0.4413,1.0,1.0,1.0,0.7327,1.0,1.0,1.0,0.4541
5248,1.0,1.0,1.0,0.602,1.0,1.0,1.0,0.5851,1.0,1.0,1.0,0.3537
5249,1.0,1.0,1.0,0.5278,1.0,1.0,1.0,0.3869,1.0,1.0,1.0,0.3134
5250,1.0,1.0,1.0,0.5235,1.0,1.0,1.0,0.1648,1.0,1.0,1.0,0.3628
5251,1.0,1.0,1.0,0.3869,1.0,1.0,1.0,0.0,1.0,1.0,1.0,0.2941
5252,1.0,1.0,1.0,0.51,1.0,1.0,1.0,0.0,1.0,1.0,1.0,0.3022
5253,1.0,1.0,1.0,0.5055,1.0,1.0,1.0,0.0,1.0,1.0,1.0,0.3034
5254,1.0,1.0,1.0,0.4712,1.0,1.0,1.0,0.0,1.0,1.0,1.0,0.2925
5255,1.0,1.0,1.0,0.4686,1.0,1.0,1.0,0.0,1.0,1.0,1.0,0.3416
5256,1.0,1.0,1.0,0.4712,1.0,1.0,1.0,0.0,1.0,1.0,1.0,0.3563
5257,1.0,1.0,1.0,0.4013,1.0,1.0,1.0,0.0,1.0,1.0,1.0,0.2631
5258,1.0,1.0,1.0,0.499,1.0,1.0,1.0,0.0,1.0,1.0,1.0,0.2982
5259,1.0,1.0,1.0,0.5473,1.0,1.0,1.0,0.0,1.0,1.0,1.0,0.2602
5260,1.0,1.0,1.0,0.605,1.0,1.0,1.0,0.0,1.0,1.0,1.0,0.1783
5261,1.0,1.0,1.0,0.5359,1.0,1.0,1.0,0.0,1.0,1.0,1.0,0.2211
5262,1.0,1.0,1.0,0.4627,1.0,1.0,1.0,0.1935,1.0,1.0,1.0,0.1579
5263,1.0,1.0,1.0,0.446,1.0,1.0,1.0,0.3939,1.0,1.0,1.0,0.1437
5264,1.0,1.0,1.0,0.5095,1.0,1.0,1.0,0.5845,1.0,1.0,1.0,0.159
5265,1.0,1.0,1.0,0.545,1.0,1.0,1.0,0.6028,1.0,1.0,1.0,0.1573
5266,1.0,1.0,1.0,0.4677,1.0,1.0,1.0,0.7112,1.0,1.0,1.0,0.1319
5267,1.0,1.0,1.0,0.5191,1.0,1.0,1.0,0.7288,1.0,1.0,1.0,0.0986
5268,1.0,1.0,1.0,0.426,1.0,1.0,1.0,0.6991,1.0,1.0,1.0,0.0795
5269,1.0,1.0,1.0,0.3652,1.0,1.0,1.0,0.5956,1.0,1.0,1.0,0.0579
5270,1.0,1.0,1.0,0.3745,1.0,1.0,1.0,0.542,1.0,1.0,1.0,0.058
5271,1.0,1.0,1.0,0.281,1.0,1.0,1.0,0.4535,1.0,1.0,1.0,0.0506
5272,1.0,1.0,1.0,0.2175,1.0,1.0,1.0,0.3523,1.0,1.0,1.0,0.0334
5273,1.0,1.0,1.0,0.325,1.0,1.0,1.0,0.1982,1.0,1.0,1.0,0.0322
5274,1.0,1.0,1.0,0.4347,1.0,1.0,1.0,0.1044,1.0,1.0,1.0,0.0276
5275,1.0,1.0,1.0,0.6259,1.0,1.0,1.0,0.0,1.0,1.0,1.0,0.0323
5276,1.0,1.0,1.0,0.6513,1.0,1.0,1.0,0.0,1.0,1.0,1.0,0.0389
5277,1.0,1.0,1.0,0.69,1.0,1.0,1.0,0.0,1.0,1.0,1.0,0.0643
5278,1.0,1.0,1.0,0.6659,1.0,1.0,1.0,0.0,1.0,1.0,1.0,0.0825
5279,1.0,1.0,1.0,0.6258,1.0,1.0,1.0,0.0,1.0,1.0,1.0,0.0599
5280,1.0,1.0,1.0,0.6846,1.0,1.0,1.0,0.0,1.0,1.0,1.0,0.0303
5281,1.0,1.0,1.0,0.7679,1.0,1.0,1.0,0.0,1.0,1.0,1.0,0.02
5282,1.0,1.0,1.0,0.8029,1.0,1.0,1.0,0.0,1.0,1.0,1.0,0.02
5283,1.0,1.0,1.0,0.7381,1.0,1.0,1.0,0.0,1.0,1.0,1.0,0.02
5284,1.0,1.0,1.0,0.7522,1.0,1.0,1.0,0.0,1.0,1.0,1.0,0.02
5285,1.0,1.0,1.0,0.6848,1.0,1.0,1.0,0.0,1.0,1.0,1.0,0.02
5286,1.0,1.0,1.0,0.6472,1.0,1.0,1.0,0.1323,1.0,1.0,1.0,0.02
5287,1.0,1.0,1.0,0.7558,1.0,1.0,1.0,0.2631,1.0,1.0,1.0,0.02
5288,1.0,1.0,1.0,0.6556,1.0,1.0,1.0,0.4574,1.0,1.0,1.0,0.02
5289,1.0,1.0,1.0,0.7944,1.0,1.0,1.0,0.6083,1.0,1.0,1.0,0.02
5290,1.0,1.0,1.0,0.8133,1.0,1.0,1.0,0.6509,1.0,1.0,1.0,0.02
5291,1.0,1.0,1.0,0.7743,1.0,1.0,1.0,0.6679,1.0,1.0,1.0,0.02
5292,1.0,1.0,1.0,0.7663,1.0,1.0,1.0,0.6849,1.0,1.0,1.0,0.0218
5293,1.0,1.0,1.0,0.7069,1.0,1.0,1.0,0.6868,1.0,1.0,1.0,0.0314
5294,1.0,1.0,1.0,0.6526,1.0,1.0,1.0,0.667,1.0,1.0,1.0,0.0449
5295,1.0,1.0,1.0,0.6469,1.0,1.0,1.0,0.5805,1.0,1.0,1.0,0.0418
5296,1.0,1.0,1.0,0.6083,1.0,1.0,1.0,0.4456,1.0,1.0,1.0,0.0625
5297,1.0,1.0,1.0,0.5172,1.0,1.0,1.0,0.3496,1.0,1.0,1.0,0.0562
5298,1.0,1.0,1.0,0.4893,1.0,1.0,1.0,0.1654,1.0,1.0,1.0,0.0818
5299,1.0,1.0,1.0,0.3697,1.0,1.0,1.0,0.0,1.0,1.0,1.0,0.0566
5300,1.0,1.0,1.0,0.27,1.0,1.0,1.0,0.0,1.0,1.0,1.0,0.0534
5301,1.0,1.0,1.0,0.1907,1.0,1.0,1.0,0.0,1.0,1.0,1.0,0.0602
5302,1.0,1.0,1.0,0.2997,1.0,1.0,1.0,0.0,1.0,1.0,1.0,0.0707
5303,1.0,1.0,1.0,0.3289,1.0,1.0,1.0,0.0,1.0,1.0,1.0,0.0557
5304,1.0,1.0,1.0,0.3747,1.0,1.0,1.0,0.0,1.0,1.0,1.0,0.0337
5305,1.0,1.0,1.0,0.3718,1.0,1.0,1.0,0.0,1.0,1.0,1.0,0.0418
5306,1.0,1.0,1.0,0.4102,1.0,1.0,1.0,0.0,1.0,1.0,1.0,0.0412
5307,1.0,1.0,1.0,0.5068,1.0,1.0,1.0,0.0,1.0,1.0,1.0,0.0382
5308,1.0,1.0,1.0,0.5343,1.0,1.0,1.0,0.0,1.0,1.0,1.0,0.0699
5309,1.0,1.0,1.0,0.6628,1.0,1.0,1.0,0.0,1.0,1.0,1.0,0.066
5310,1.0,1.0,1.0,0.6481,1.0,1.0,1.0,0.1866,1.0,1.0,1.0,0.058
5311,1.0,1.0,1.0,0.6836,1.0,1.0,1.0,0.393,1.0,1.0,1.0,0.0332
5312,1.0,1.0,1.0,0.7235,1.0,1.0,1.0,0.5789,1.0,1.0,1.0,0.0244
5313,1.0,1.0,1.0,0.6399,1.0,1.0,1.0,0.7346,1.0,1.0,1.0,0.0354
5314,1.0,1.0,1.0,0.632,1.0,1.0,1.0,0.852,1.0,1.0,1.0,0.0294
5315,1.0,1.0,1.0,0.4621,1.0,1.0,1.0,0.925,1.0,1.0,1.0,0.0388
5316,1.0,1.0,1.0,0.4441,1.0,1.0,1.0,0.9497,1.0,1.0,1.0,0.0265
5317,1.0,1.0,1.0,0.4141,1.0,1.0,1.0,0.925,1.0,1.0,1.0,0.0211
5318,1.0,1.0,1.0,0.3806,1.0,1.0,1.0,0.852,1.0,1.0,1.0,0.02
5319,1.0,1.0,1.0,0.3437,1.0,1.0,1.0,0.7346,1.0,1.0,1.0,0.0215
5320,1.0,1.0,1.0,0.3822,1.0,1.0,1.0,0.5457,1.0,1.0,1.0,0.0215
5321,1.0,1.0,1.0,0.3084,1.0,1.0,1.0,0.3623,1.0,1.0,1.0,0.02
5322,1.0,1.0,1.0,0.4591,1.0,1.0,1.0,0.184,1.0,1.0,1.0,0.0221
5323,1.0,1.0,1.0,0.5019,1.0,1.0,1.0,0.0,1.0,1.0,1.0,0.0282
5324,1.0,1.0,1.0,0.4242,1.0,1.0,1.0,0.0,1.0,1.0,1.0,0.0338
5325,1.0,1.0,1.0,0.4746,1.0,1.0,1.0,0.0,1.0,1.0,1.0,0.0397
5326,1.0,1.0,1.0,0.5543,1.0,1.0,1.0,0.0,1.0,1.0,1.0,0.0315
5327,1.0,1.0,1.0,0.5766,1.0,1.0,1.0,0.0,1.0,1.0,1.0,0.0512
5328,1.0,1.0,1.0,0.4798,1.0,1.0,1.0,0.0,1.0,1.0,1.0,0.0521
5329,1.0,1.0,1.0,0.6621,1.0,1.0,1.0,0.0,1.0,1.0,1.0,0.0597
5330,1.0,1.0,1.0,0.6995,1.0,1.0,1.0,0.0,1.0,1.0,1.0,0.0706
5331,1.0,1.0,1.0,0.5869,1.0,1.0,1.0,0.0,1.0,1.0,1.0,0.0538
5332,1.0,1.0,1.0,0.5944,1.0,1.0,1.0,0.0,1.0,1.0,1.0,0.1039
5333,1.0,1.0,1.0,0.5651,0.0,1.0,1.0,0.0,1.0,1.0,1.0,0.1056
5334,1.0,1.0,1.0,0.5559,0.0,1.0,1.0,0.1669,1.0,1.0,1.0,0.1094
5335,1.0,1.0,1.0,0.4423,0.0,1.0,1.0,0.3373,1.0,1.0,1.0,0.0984
5336,1.0,1.0,1.0,0.4409,0.0,1.0,1.0,0.5037,1.0,1.0,1.0,0.1439
5337,1.0,1.0,1.0,0.3652,0.0,1.0,1.0,0.7276,1.0,1.0,1.0,0.2059
5338,1.0,1.0,1.0,0.334,0.0,1.0,1.0,0.7513,1.0,1.0,1.0,0.2157
5339,1.0,1.0,1.0,0.3622,0.0,1.0,1.0,0.7604,1.0,1.0,1.0,0.1416
5340,1.0,1.0,1.0,0.3214,0.0,1.0,1.0,0.8282,1.0,1.0,1.0,0.1368
5341,1.0,1.0,1.0,0.2977,0.0,1.0,1.0,0.8595,1.0,1.0,1.0,0.1363
5342,1.0,1.0,1.0,0.3596,0.0,1.0,1.0,0.7988,1.0,1.0,1.0,0.1207
5343,1.0,1.0,1.0,0.2886,0.0,1.0,1.0,0.6747,1.0,1.0,1.0,0.0905
5344,1.0,1.0,1.0,0.2434,0.0,1.0,1.0,0.5327,1.0,1.0,1.0,0.0563
5345,1.0,1.0,1.0,0.1721,0.0,1.0,1.0,0.3106,1.0,1.0,1.0,0.0948
5346,1.0,1.0,1.0,0.1367,0.0,1.0,1.0,0.1484,1.0,1.0,1.0,0.1228
5347,1.0,1.0,1.0,0.145,0.0,1.0,1.0,0.0,1.0,1.0,1.0,0.1265
5348,1.0,1.0,1.0,0.1781,0.0,1.0,1.0,0.0,1.0,1.0,1.0,0.1054
5349,1.0,1.0,1.0,0.1422,0.0,1.0,1.0,0.0,1.0,1.0,1.0,0.1208
5350,1.0,1.0,1.0,0.1734,0.0,1.0,1.0,0.0,1.0,1.0,1.0,0.1311
5351,1.0,1.0,1.0,0.181,0.0,1.0,1.0,0.0,1.0,1.0,1.0,0.118
5352,1.0,1.0,1.0,0.1217,0.0,1.0,1.0,0.0,1.0,1.0,1.0,0.1361
5353,1.0,1.0,1.0,0.1315,0.0,1.0,1.0,0.0,1.0,1.0,1.0,0.161
5354,1.0,1.0,1.0,0.1909,0.0,1.0,1.0,0.0,1.0,1.0,1.0,0.1983
5355,1.0,1.0,1.0,0.1096,0.0,1.0,1.0,0.0,1.0,1.0,1.0,0.1541
5356,1.0,1.0,1.0,0.204,0.0,1.0,1.0,0.0,1.0,1.0,1.0,0.1769
5357,1.0,1.0,1.0,0.1728,0.0,1.0,1.0,0.0,1.0,1.0,1.0,0.2467
5358,1.0,1.0,1.0,0.1064,0.0,1.0,1.0,0.1449,1.0,1.0,1.0,0.2659
5359,1.0,1.0,1.0,0.1143,0.0,1.0,1.0,0.3278,1.0,1.0,1.0,0.438
5360,1.0,1.0,1.0,0.151,0.0,1.0,1.0,0.4143,1.0,1.0,1.0,0.4154
5361,1.0,1.0,1.0,0.1413,0.0,1.0,1.0,0.5633,1.0,1.0,1.0,0.275
5362,1.0,1.0,1.0,0.158,0.0,1.0,1.0,0.6758,1.0,1.0,1.0,0.2185
5363,1.0,1.0,1.0,0.2865,0.0,1.0,1.0,0.7203,1.0,1.0,1.0,0.1814
5364,1.0,1.0,1.0,0.3006,0.0,1.0,1.0,0.653,1.0,1.0,1.0,0.2136
5365,1.0,1.0,1.0,0.5481,0.0,1.0,1.0,0.6664,1.0,1.0,1.0,0.2671
5366,1.0,1.0,1.0,0.6453,0.0,1.0,1.0,0.6731,1.0,1.0,1.0,0.2752
5367,1.0,1.0,1.0,0.638,0.0,1.0,1.0,0.5525,1.0,1.0,1.0,0.2945
5368,1.0,1.0,1.0,0.6503,0.0,1.0,1.0,0.4159,1.0,1.0,1.0,0.4467
5369,1.0,1.0,1.0,0.6126,0.0,1.0,1.0,0.3098,1.0,1.0,1.0,0.3693
5370,1.0,1.0,1.0,0.6225,0.0,1.0,1.0,0.1693,1.0,1.0,1.0,0.3586
5371,1.0,1.0,1.0,0.6571,0.0,1.0,1.0,0.0,1.0,1.0,1.0,0.3188
5372,1.0,1.0,1.0,0.6125,0.0,1.0,1.0,0.0,1.0,1.0,1.0,0.2343
5373,1.0,1.0,1.0,0.4824,0.0,1.0,1.0,0.0,1.0,1.0,1.0,0.1308
5374,1.0,1.0,1.0,0.5896,0.0,1.0,1.0,0.0,1.0,1.0,1.0,0.1946
5375,1.0,1.0,1.0,0.6594,0.0,1.0,1.0,0.0,1.0,1.0,1.0,0.1568
5376,1.0,1.0,1.0,0.5292,0.0,1.0,1.0,0.0,1.0,1.0,1.0,0.1478
5377,1.0,1.0,1.0,0.5354,0.0,1.0,1.0,0.0,1.0,1.0,1.0,0.17
5378,1.0,1.0,1.0,0.6143,0.0,1.0,1.0,0.0,1.0,1.0,1.0,0.1201
5379,1.0,1.0,1.0,0.6778,0.0,1.0,1.0,0.0,1.0,1.0,1.0,0.0945
5380,1.0,1.0,1.0,0.6099,0.0,1.0,1.0,0.0,1.0,1.0,1.0,0.0965
5381,1.0,1.0,1.0,0.6782,0.0,1.0,1.0,0.0,1.0,1.0,1.0,0.0863
5382,1.0,1.0,1.0,0.6676,0.0,1.0,1.0,0.1251,1.0,1.0,1.0,0.0588
5383,1.0,1.0,1.0,0.6858,0.0,1.0,1.0,0.2501,1.0,1.0,1.0,0.0749
5384,1.0,1.0,1.0,0.5997,0.0,1.0,1.0,0.4532,1.0,1.0,1.0,0.0668
5385,1.0,1.0,1.0,0.2443,0.0,1.0,1.0,0.5216,1.0,1.0,1.0,0.0727
5386,1.0,1.0,1.0,0.198,0.0,1.0,1.0,0.5635,1.0,1.0,1.0,0.0768
5387,1.0,1.0,1.0,0.2313,0.0,1.0,1.0,0.6509,1.0,1.0,1.0,0.1082
5388,1.0,1.0,1.0,0.2196,0.0,1.0,1.0,0.6486,1.0,1.0,1.0,0.1235
5389,1.0,1.0,1.0,0.2623,0.0,1.0,1.0,0.6529,1.0,1.0,1.0,0.0963
5390,1.0,1.0,1.0,0.3436,0.0,1.0,1.0,0.6707,1.0,1.0,1.0,0.1416
5391,1.0,1.0,1.0,0.3154,0.0,1.0,1.0,0.491,1.0,1.0,1.0,0.1245
5392,1.0,1.0,1.0,0.2822,0.0,1.0,1.0,0.4294,1.0,1.0,1.0,0.0986
5393,1.0,1.0,1.0,0.1542,0.0,1.0,1.0,0.2744,1.0,1.0,1.0,0.0744
5394,1.0,1.0,1.0,0.0976,0.0,1.0,1.0,0.1243,1.0,1.0,1.0,0.0355
5395,1.0,1.0,1.0,0.0655,0.0,1.0,1.0,0.0,1.0,1.0,1.0,0.0307
5396,1.0,1.0,1.0,0.082,0.0,1.0,1.0,0.0,1.0,1.0,1.0,0.0375
5397,1.0,1.0,1.0,0.0768,0.0,1.0,1.0,0.0,1.0,1.0,1.0,0.025
5398,1.0,1.0,1.0,0.0672,0.0,1.0,1.0,0.0,1.0,1.0,1.0,0.0478
5399,1.0,1.0,1.0,0.0568,0.0,1.0,1.0,0.0,1.0,1.0,1.0,0.0236
5400,1.0,1.0,1.0,0.0463,0.0,1.0,1.0,0.0,1.0,1.0,1.0,0.02
5401,1.0,1.0,1.0,0.0664,0.0,1.0,1.0,0.0,1.0,1.0,1.0,0.02
5402,1.0,1.0,1.0,0.0716,0.0,1.0,1.0,0.0,1.0,1.0,1.0,0.02
5403,1.0,1.0,1.0,0.1025,0.0,1.0,1.0,0.0,1.0,1.0,1.0,0.0258
5404,1.0,1.0,1.0,0.052,0.0,1.0,1.0,0.0,1.0,1.0,1.0,0.0253
5405,1.0,1.0,1.0,0.0653,0.0,1.0,1.0,0.0,1.0,1.0,1.0,0.02
5406,1.0,1.0,1.0,0.0583,0.0,1.0,1.0,0.1511,1.0,1.0,1.0,0.02
5407,1.0,1.0,1.0,0.0558,0.0,1.0,1.0,0.3748,1.0,1.0,1.0,0.02
5408,1.0,1.0,1.0,0.091,0.0,1.0,1.0,0.5671,1.0,1.0,1.0,0.02
5409,1.0,1.0,1.0,0.0831,0.0,1.0,1.0,0.7243,1.0,1.0,1.0,0.02
5410,1.0,1.0,1.0,0.1009,0.0,1.0,1.0,0.816,1.0,1.0,1.0,0.02
5411,1.0,1.0,1.0,0.0752,0.0,1.0,1.0,0.6842,1.0,1.0,1.0,0.02
5412,1.0,1.0,1.0,0.0792,0.0,1.0,1.0,0.7568,1.0,1.0,1.0,0.02
5413,1.0,1.0,1.0,0.0489,0.0,1.0,1.0,0.7994,1.0,1.0,1.0,0.02
5414,1.0,1.0,1.0,0.0507,0.0,1.0,1.0,0.7495,1.0,1.0,1.0,0.02
5415,1.0,1.0,1.0,0.0607,0.0,1.0,1.0,0.6939,1.0,1.0,1.0,0.02
5416,1.0,1.0,1.0,0.0911,0.0,1.0,1.0,0.5123,1.0,1.0,1.0,0.02
5417,1.0,1.0,1.0,0.0725,0.0,1.0,1.0,0.3568,1.0,1.0,1.0,0.02
5418,1.0,1.0,1.0,0.0636,0.0,1.0,1.0,0.1722,1.0,1.0,1.0,0.02
5419,1.0,1.0,1.0,0.0539,0.0,1.0,1.0,0.0,1.0,1.0,1.0,0.02
5420,1.0,1.0,1.0,0.0522,0.0,1.0,1.0,0.0,1.0,1.0,1.0,0.02
5421,1.0,1.0,1.0,0.0399,0.0,1.0,1.0,0.0,1.0,1.0,1.0,0.02
5422,1.0,1.0,1.0,0.0204,0.0,1.0,1.0,0.0,1.0,1.0,1.0,0.02
5423,1.0,1.0,1.0,0.02,0.0,1.0,1.0,0.0,1.0,1.0,1.0,0.02
5424,1.0,1.0,1.0,0.02,0.0,1.0,1.0,0.0,1.0,1.0,1.0,0.02
5425,1.0,1.0,1.0,0.02,0.0,1.0,1.0,0.0,1.0,1.0,1.0,0.02
5426,1.0,1.0,1.0,0.023,1.0,1.0,1.0,0.0,1.0,1.0,1.0,0.02
5427,1.0,1.0,1.0,0.0331,1.0,1.0,1.0,0.0,1.0,1.0,1.0,0.02
5428,1.0,1.0,1.0,0.0304,1.0,1.0,1.0,0.0,1.0,1.0,1.0,0.0208
5429,1.0,1.0,1.0,0.02,1.0,1.0,1.0,0.0,1.0,1.0,1.0,0.0375
5430,1.0,1.0,1.0,0.0238,1.0,1.0,1.0,0.121,1.0,1.0,1.0,0.054
5431,1.0,1.0,1.0,0.0256,1.0,1.0,1.0,0.2896,1.0,1.0,1.0,0.0538
5432,1.0,1.0,1.0,0.0253,1.0,1.0,1.0,0.4044,1.0,1.0,1.0,0.1002
5433,1.0,1.0,1.0,0.0412,1.0,1.0,1.0,0.409,1.0,1.0,1.0,0.1195
5434,1.0,1.0,1.0,0.0509,1.0,1.0,1.0,0.4058,1.0,1.0,1.0,0.0865
5435,1.0,1.0,1.0,0.0559,1.0,1.0,1.0,0.4873,1.0,1.0,1.0,0.0908
5436,1.0,1.0,1.0,0.0621,1.0,1.0,1.0,0.5891,1.0,1.0,1.0,0.0873
5437,1.0,1.0,1.0,0.0857,1.0,1.0,1.0,0.5611,1.0,1.0,1.0,0.0757
5438,1.0,1.0,1.0,0.0712,1.0,1.0,1.0,0.5792,1.0,1.0,1.0,0.0867
5439,1.0,1.0,1.0,0.0557,1.0,1.0,1.0,0.5617,1.0,1.0,1.0,0.0484
5440,1.0,1.0,1.0,0.0542,1.0,1.0,1.0,0.4077,1.0,1.0,1.0,0.086
5441,1.0,1.0,1.0,0.0385,1.0,1.0,1.0,0.2731,1.0,1.0,1.0,0.1076
5442,1.0,1.0,1.0,0.0404,1.0,1.0,1.0,0.1163,1.0,1.0,1.0,0.0611
5443,1.0,1.0,1.0,0.0444,1.0,1.0,1.0,0.0,1.0,1.0,1.0,0.0775
5444,1.0,1.0,1.0,0.046,1.0,1.0,1.0,0.0,1.0,1.0,1.0,0.0925
5445,1.0,1.0,1.0,0.0431,1.0,1.0,1.0,0.0,1.0,1.0,1.0,0.1494
5446,1.0,1.0,1.0,0.0787,1.0,1.0,1.0,0.0,1.0,1.0,1.0,0.246
5447,1.0,1.0,1.0,0.1103,1.0,1.0,1.0,0.0,1.0,1.0,1.0,0.3869
5448,1.0,1.0,1.0,0.1104,1.0,1.0,1.0,0.0,1.0,1.0,1.0,0.3598
5449,1.0,1.0,1.0,0.1169,1.0,1.0,1.0,0.0,1.0,1.0,1.0,0.3999
5450,1.0,1.0,1.0,0.1808,1.0,1.0,1.0,0.0,1.0,1.0,1.0,0.3548
5451,1.0,1.0,1.0,0.1543,1.0,1.0,1.0,0.0,1.0,1.0,1.0,0.4319
5452,1.0,1.0,1.0,0.1172,1.0,1.0,1.0,0.0,1.0,1.0,1.0,0.2576
5453,1.0,1.0,1.0,0.1289,1.0,1.0,1.0,0.0,1.0,1.0,1.0,0.181
5454,1.0,1.0,1.0,0.1494,1.0,1.0,1.0,0.1152,1.0,1.0,1.0,0.1608
5455,1.0,1.0,1.0,0.1755,1.0,1.0,1.0,0.3019,1.0,1.0,1.0,0.1597
5456,1.0,1.0,1.0,0.224,1.0,1.0,1.0,0.4417,1.0,1.0,1.0,0.1694
5457,1.0,1.0,1.0,0.1835,1.0,1.0,1.0,0.4725,1.0,1.0,1.0,0.2438
5458,1.0,1.0,1.0,0.1222,1.0,1.0,1.0,0.6499,1.0,1.0,1.0,0.2039
5459,1.0,1.0,1.0,0.1045,1.0,1.0,1.0,0.7212,1.0,1.0,1.0,0.1407
5460,1.0,1.0,1.0,0.1288,1.0,1.0,1.0,0.8193,1.0,1.0,1.0,0.127
5461,1.0,1.0,1.0,0.0991,1.0,1.0,1.0,0.776,1.0,1.0,1.0,0.1074
5462,1.0,1.0,1.0,0.0547,1.0,1.0,1.0,0.6596,1.0,1.0,1.0,0.1304
5463,1.0,1.0,1.0,0.0604,1.0,1.0,1.0,0.5959,1.0,1.0,1.0,0.207
5464,1.0,1.0,1.0,0.0526,1.0,1.0,1.0,0.4899,1.0,1.0,1.0,0.3022
5465,1.0,1.0,1.0,0.031,1.0,1.0,1.0,0.3164,1.0,1.0,1.0,0.3854
5466,1.0,1.0,1.0,0.0341,1.0,1.0,1.0,0.157,1.0,1.0,1.0,0.3344
5467,1.0,1.0,1.0,0.032,1.0,1.0,1.0,0.0,1.0,1.0,1.0,0.3185
5468,1.0,1.0,1.0,0.06,1.0,1.0,1.0,0.0,1.0,1.0,1.0,0.3485
5469,1.0,1.0,1.0,0.0649,1.0,1.0,1.0,0.0,1.0,1.0,1.0,0.2864
5470,1.0,1.0,1.0,0.0821,1.0,1.0,1.0,0.0,1.0,1.0,1.0,0.2389
5471,1.0,1.0,1.0,0.0848,1.0,1.0,1.0,0.0,1.0,1.0,1.0,0.2632
5472,1.0,1.0,1.0,0.0729,1.0,1.0,1.0,0.0,1.0,1.0,1.0,0.1812
5473,1.0,1.0,1.0,0.0648,1.0,1.0,1.0,0.0,1.0,1.0,1.0,0.2467
5474,1.0,1.0,1.0,0.0961,1.0,1.0,1.0,0.0,1.0,1.0,1.0,0.221
5475,1.0,1.0,1.0,0.1253,1.0,1.0,1.0,0.0,1.0,1.0,1.0,0.2556
5476,1.0,1.0,1.0,0.0804,1.0,1.0,1.0,0.0,1.0,1.0,1.0,0.2688
5477,1.0,1.0,1.0,0.0556,1.0,1.0,1.0,0.0,1.0,1.0,1.0,0.3617
5478,1.0,1.0,1.0,0.0393,1.0,1.0,1.0,0.1206,1.0,1.0,1.0,0.2088
5479,1.0,1.0,1.0,0.0595,1.0,1.0,1.0,0.3067,1.0,1.0,1.0,0.2917
5480,1.0,1.0,1.0,0.0351,1.0,1.0,1.0,0.4903,1.0,1.0,1.0,0.3862
5481,1.0,1.0,1.0,0.0488,1.0,1.0,1.0,0.6171,1.0,1.0,1.0,0.4044
5482,1.0,1.0,1.0,0.0588,1.0,1.0,1.0,0.664,1.0,1.0,1.0,0.443
5483,1.0,1.0,1.0,0.0648,1.0,1.0,1.0,0.7216,1.0,1.0,1.0,0.4876
5484,1.0,1.0,1.0,0.0581,1.0,1.0,1.0,0.905,1.0,1.0,1.0,0.4013
5485,1.0,1.0,1.0,0.0897,1.0,1.0,1.0,0.8147,1.0,1.0,1.0,0.4001
5486,1.0,1.0,1.0,0.0963,1.0,1.0,1.0,0.8358,1.0,1.0,1.0,0.4706
5487,1.0,1.0,1.0,0.0625,1.0,1.0,1.0,0.6132,1.0,1.0,1.0,0.3152
5488,1.0,1.0,1.0,0.0439,1.0,1.0,1.0,0.4388,1.0,1.0,1.0,0.3489
5489,1.0,1.0,1.0,0.0267,1.0,1.0,1.0,0.2768,1.0,1.0,1.0,0.3518
5490,1.0,1.0,1.0,0.0432,1.0,1.0,1.0,0.1344,1.0,1.0,1.0,0.3991
5491,1.0,1.0,1.0,0.0732,1.0,1.0,1.0,0.0,1.0,1.0,1.0,0.2935
5492,1.0,1.0,1.0,0.1078,1.0,1.0,1.0,0.0,1.0,1.0,1.0,0.2408
5493,1.0,1.0,1.0,0.1062,1.0,1.0,1.0,0.0,1.0,1.0,1.0,0.1626
5494,1.0,1.0,1.0,0.0693,1.0,1.0,1.0,0.0,1.0,1.0,1.0,0.1073
5495,1.0,1.0,1.0,0.0512,1.0,1.0,1.0,0.0,1.0,1.0,1.0,0.1418
5496,1.0,1.0,1.0,0.039,1.0,1.0,1.0,0.0,1.0,1.0,1.0,0.1209
5497,1.0,1.0,1.0,0.0409,1.0,1.0,1.0,0.0,1.0,1.0,1.0,0.1004
5498,1.0,1.0,1.0,0.0688,1.0,1.0,1.0,0.0,1.0,1.0,1.0,0.1442
5499,1.0,1.0,1.0,0.1117,1.0,1.0,1.0,0.0,1.0,1.0,1.0,0.132
5500,1.0,1.0,1.0,0.0986,1.0,1.0,1.0,0.0,1.0,1.0,1.0,0.1786
5501,1.0,1.0,1.0,0.0492,1.0,1.0,1.0,0.0,1.0,1.0,1.0,0.132
5502,1.0,1.0,1.0,0.0352,1.0,1.0,1.0,0.1427,1.0,1.0,1.0,0.1209
5503,1.0,1.0,1.0,0.0559,1.0,1.0,1.0,0.3327,1.0,1.0,1.0,0.093
5504,1.0,1.0,1.0,0.0635,1.0,1.0,1.0,0.5196,1.0,1.0,1.0,0.1137
5505,1.0,1.0,1.0,0.0592,1.0,1.0,1.0,0.6886,1.0,1.0,1.0,0.109
5506,1.0,1.0,1.0,0.054,1.0,1.0,1.0,0.7935,1.0,1.0,1.0,0.1397
5507,1.0,1.0,1.0,0.0443,1.0,1.0,1.0,0.8642,1.0,1.0,1.0,0.1486
5508,1.0,1.0,1.0,0.0314,1.0,1.0,1.0,0.8851,1.0,1.0,1.0,0.0824
5509,1.0,1.0,1.0,0.067,1.0,1.0,1.0,0.8899,1.0,1.0,1.0,0.0782
5510,1.0,1.0,1.0,0.1209,1.0,1.0,1.0,0.751,1.0,1.0,1.0,0.049
5511,1.0,1.0,1.0,0.096,1.0,1.0,1.0,0.5826,1.0,1.0,1.0,0.0578
5512,1.0,1.0,1.0,0.0562,1.0,1.0,1.0,0.4912,1.0,1.0,1.0,0.0724
5513,1.0,1.0,1.0,0.0625,1.0,1.0,1.0,0.3225,1.0,1.0,1.0,0.0929
5514,1.0,1.0,1.0,0.0625,1.0,1.0,1.0,0.1127,1.0,1.0,1.0,0.092
5515,1.0,1.0,1.0,0.0803,1.0,1.0,1.0,0.0,1.0,1.0,1.0,0.0558
5516,1.0,1.0,1.0,0.1094,1.0,1.0,1.0,0.0,1.0,1.0,1.0,0.0626
5517,1.0,1.0,1.0,0.0777,1.0,1.0,1.0,0.0,1.0,1.0,1.0,0.0746
5518,1.0,1.0,1.0,0.121,1.0,1.0,1.0,0.0,1.0,1.0,1.0,0.0729
5519,1.0,1.0,1.0,0.1113,1.0,1.0,1.0,0.0,1.0,1.0,1.0,0.0778
5520,1.0,1.0,1.0,0.1384,1.0,1.0,1.0,0.0,1.0,1.0,1.0,0.0435
5521,1.0,1.0,1.0,0.1305,1.0,1.0,1.0,0.0,1.0,1.0,1.0,0.0469
5522,1.0,1.0,1.0,0.1755,1.0,1.0,1.0,0.0,1.0,1.0,1.0,0.0477
5523,1.0,1.0,1.0,0.0864,1.0,1.0,1.0,0.0,1.0,1.0,1.0,0.0334
5524,1.0,1.0,1.0,0.1131,1.0,1.0,1.0,0.0,1.0,1.0,1.0,0.0425
5525,1.0,1.0,1.0,0.0895,1.0,1.0,1.0,0.0,1.0,1.0,1.0,0.038
5526,1.0,1.0,1.0,0.0949,1.0,1.0,1.0,0.1152,1.0,1.0,1.0,0.0436
5527,1.0,1.0,1.0,0.144,1.0,1.0,1.0,0.2557,1.0,1.0,1.0,0.0541
5528,1.0,1.0,1.0,0.115,1.0,1.0,1.0,0.3664,1.0,1.0,1.0,0.0632
5529,1.0,1.0,1.0,0.0873,1.0,1.0,1.0,0.4715,1.0,1.0,1.0,0.0423
5530,1.0,1.0,1.0,0.0804,1.0,1.0,1.0,0.56,1.0,1.0,1.0,0.0393
5531,1.0,1.0,1.0,0.0726,1.0,1.0,1.0,0.6614,1.0,1.0,1.0,0.0838
5532,1.0,1.0,1.0,0.0537,1.0,1.0,1.0,0.7605,1.0,1.0,1.0,0.1338
5533,1.0,1.0,1.0,0.0586,1.0,1.0,1.0,0.8047,1.0,1.0,1.0,0.1742
5534,1.0,1.0,1.0,0.0649,1.0,1.0,1.0,0.8309,1.0,1.0,1.0,0.1901
5535,1.0,1.0,1.0,0.0789,1.0,1.0,1.0,0.6541,1.0,1.0,1.0,0.1434
5536,1.0,1.0,1.0,0.0629,1.0,1.0,1.0,0.5139,1.0,1.0,1.0,0.1387
5537,1.0,1.0,1.0,0.0483,1.0,1.0,1.0,0.3194,1.0,1.0,1.0,0.124
5538,1.0,1.0,1.0,0.0491,1.0,1.0,1.0,0.1529,1.0,1.0,1.0,0.1232
5539,1.0,1.0,1.0,0.0478,1.0,1.0,1.0,0.0,1.0,1.0,1.0,0.0798
5540,1.0,1.0,1.0,0.0469,1.0,1.0,1.0,0.0,1.0,1.0,1.0,0.1116
5541,1.0,1.0,1.0,0.0392,1.0,1.0,1.0,0.0,1.0,1.0,1.0,0.048
5542,1.0,1.0,1.0,0.0466,1.0,1.0,1.0,0.0,1.0,1.0,1.0,0.067
5543,1.0,1.0,1.0,0.036,1.0,1.0,1.0,0.0,1.0,1.0,1.0,0.0924
5544,1.0,1.0,1.0,0.037,1.0,1.0,1.0,0.0,1.0,1.0,1.0,0.1927
5545,1.0,1.0,1.0,0.0356,1.0,1.0,1.0,0.0,1.0,1.0,1.0,0.1805
5546,1.0,1.0,1.0,0.0376,1.0,1.0,1.0,0.0,1.0,1.0,1.0,0.1564
5547,1.0,1.0,1.0,0.0595,1.0,1.0,1.0,0.0,1.0,1.0,1.0,0.164
5548,1.0,1.0,1.0,0.0404,1.0,1.0,1.0,0.0,1.0,1.0,1.0,0.1947
5549,1.0,1.0,1.0,0.02,1.0,1.0,1.0,0.0,1.0,1.0,1.0,0.1909
5550,1.0,1.0,1.0,0.02,1.0,1.0,1.0,0.1417,1.0,1.0,1.0,0.1358
5551,1.0,1.0,1.0,0.02,1.0,1.0,1.0,0.3381,1.0,1.0,1.0,0.1631
5552,1.0,1.0,1.0,0.02,1.0,1.0,1.0,0.5385,1.0,1.0,1.0,0.1649
5553,1.0,1.0,1.0,0.02,1.0,1.0,1.0,0.6176,1.0,1.0,1.0,0.1232
5554,1.0,1.0,1.0,0.02,1.0,1.0,1.0,0.8134,1.0,1.0,1.0,0.0753
5555,1.0,1.0,1.0,0.02,1.0,1.0,1.0,0.8192,1.0,1.0,1.0,0.1674
5556,1.0,1.0,1.0,0.02,1.0,1.0,1.0,0.9042,1.0,1.0,1.0,0.214
5557,1.0,1.0,1.0,0.0235,1.0,1.0,1.0,0.8872,1.0,1.0,1.0,0.2494
5558,1.0,1.0,1.0,0.022,1.0,1.0,1.0,0.8115,1.0,1.0,1.0,0.2414
5559,1.0,1.0,1.0,0.0315,1.0,1.0,1.0,0.7076,1.0,1.0,1.0,0.2881
5560,1.0,1.0,1.0,0.036,1.0,1.0,1.0,0.4596,1.0,1.0,1.0,0.2173
5561,1.0,1.0,1.0,0.038,1.0,1.0,1.0,0.2845,1.0,1.0,1.0,0.2298
5562,1.0,1.0,1.0,0.041,1.0,1.0,1.0,0.128,1.0,1.0,1.0,0.2453
5563,1.0,1.0,1.0,0.0707,1.0,1.0,1.0,0.0,1.0,1.0,1.0,0.1846
5564,1.0,1.0,1.0,0.078,1.0,1.0,1.0,0.0,1.0,1.0,1.0,0.1805
5565,1.0,1.0,1.0,0.058,1.0,1.0,1.0,0.0,1.0,1.0,1.0,0.1614
5566,1.0,1.0,1.0,0.0681,1.0,1.0,1.0,0.0,1.0,1.0,1.0,0.1299
5567,1.0,1.0,1.0,0.0834,1.0,1.0,1.0,0.0,1.0,1.0,1.0,0.1121
5568,1.0,1.0,1.0,0.083,1.0,1.0,1.0,0.0,1.0,1.0,1.0,0.0669
5569,1.0,1.0,1.0,0.0848,1.0,1.0,1.0,0.0,1.0,1.0,1.0,0.098
5570,1.0,1.0,1.0,0.0624,1.0,1.0,1.0,0.0,1.0,1.0,1.0,0.1622
5571,1.0,1.0,1.0,0.0675,1.0,1.0,1.0,0.0,1.0,1.0,1.0,0.1243
5572,1.0,1.0,1.0,0.0473,1.0,1.0,1.0,0.0,1.0,1.0,1.0,0.1764
5573,1.0,1.0,1.0,0.0461,1.0,1.0,1.0,0.0,1.0,1.0,1.0,0.1763
5574,1.0,1.0,1.0,0.039,1.0,1.0,1.0,0.1295,1.0,1.0,1.0,0.1773
5575,1.0,1.0,1.0,0.0576,1.0,1.0,1.0,0.3,1.0,1.0,1.0,0.1216
5576,1.0,1.0,1.0,0.0999,1.0,1.0,1.0,0.448,1.0,1.0,1.0,0.1044
5577,1.0,1.0,1.0,0.0715,1.0,1.0,1.0,0.5517,1.0,1.0,1.0,0.1263
5578,1.0,1.0,1.0,0.0746,1.0,1.0,1.0,0.6316,1.0,1.0,1.0,0.0951
5579,1.0,1.0,1.0,0.0703,1.0,1.0,1.0,0.7623,1.0,1.0,1.0,0.0772
5580,1.0,1.0,1.0,0.0853,1.0,1.0,1.0,0.652,1.0,1.0,1.0,0.0679
5581,1.0,1.0,1.0,0.0913,1.0,1.0,1.0,0.7268,1.0,1.0,1.0,0.0226
5582,1.0,1.0,1.0,0.0835,1.0,1.0,1.0,0.6812,1.0,1.0,1.0,0.0272
5583,1.0,1.0,1.0,0.0894,1.0,1.0,1.0,0.5611,1.0,1.0,1.0,0.0362
5584,1.0,1.0,1.0,0.0865,1.0,1.0,1.0,0.4375,1.0,1.0,1.0,0.0435
5585,1.0,1.0,1.0,0.1467,1.0,1.0,1.0,0.2607,1.0,1.0,1.0,0.0627
5586,1.0,1.0,1.0,0.1176,1.0,1.0,1.0,0.0893,1.0,1.0,1.0,0.0565
5587,1.0,1.0,1.0,0.1306,1.0,1.0,1.0,0.0,1.0,1.0,1.0,0.1061
5588,1.0,1.0,1.0,0.1557,1.0,1.0,1.0,0.0,1.0,1.0,1.0,0.0832
5589,1.0,1.0,1.0,0.1799,1.0,1.0,1.0,0.0,1.0,1.0,1.0,0.0801
5590,1.0,1.0,1.0,0.1671,1.0,1.0,1.0,0.0,1.0,1.0,1.0,0.0747
5591,1.0,1.0,1.0,0.248,1.0,1.0,1.0,0.0,1.0,1.0,1.0,0.0823
5592,1.0,1.0,1.0,0.1379,1.0,1.0,1.0,0.0,1.0,1.0,1.0,0.0792
5593,1.0,1.0,1.0,0.1006,1.0,1.0,1.0,0.0,1.0,1.0,1.0,0.0793
5594,1.0,1.0,1.0,0.1275,1.0,1.0,1.0,0.0,1.0,1.0,1.0,0.0659
5595,1.0,1.0,1.0,0.0994,1.0,1.0,1.0,0.0,1.0,1.0,1.0,0.0595
5596,1.0,1.0,1.0,0.0761,1.0,1.0,1.0,0.0,1.0,1.0,1.0,0.0295
5597,1.0,1.0,1.0,0.0682,1.0,1.0,1.0,0.0,1.0,1.0,1.0,0.0413
5598,1.0,1.0,1.0,0.0551,1.0,1.0,1.0,0.0963,1.0,1.0,1.0,0.031
5599,1.0,1.0,1.0,0.0715,1.0,1.0,1.0,0.3051,1.0,1.0,1.0,0.028
5600,1.0,1.0,1.0,0.0997,1.0,1.0,1.0,0.4876,1.0,1.0,1.0,0.0209
5601,1.0,1.0,1.0,0.1058,1.0,1.0,1.0,0.6661,1.0,1.0,1.0,0.0274
5602,1.0,1.0,1.0,0.1504,1.0,1.0,1.0,0.8233,1.0,1.0,1.0,0.0244
5603,1.0,1.0,1.0,0.1002,1.0,1.0,1.0,0.8989,1.0,1.0,1.0,0.02
5604,1.0,1.0,1.0,0.106,1.0,1.0,1.0,0.9246,1.0,1.0,1.0,0.02
5605,1.0,1.0,1.0,0.1642,1.0,1.0,1.0,0.8989,1.0,1.0,1.0,0.02
5606,1.0,1.0,1.0,0.2198,1.0,1.0,1.0,0.8233,1.0,1.0,1.0,0.02
5607,1.0,1.0,1.0,0.3195,1.0,1.0,1.0,0.7018,1.0,1.0,1.0,0.02
5608,1.0,1.0,1.0,0.2748,1.0,1.0,1.0,0.5226,1.0,1.0,1.0,0.02
5609,1.0,1.0,1.0,0.3429,1.0,1.0,1.0,0.3202,1.0,1.0,1.0,0.02
5610,1.0,1.0,1.0,0.3078,1.0,1.0,1.0,0.1375,1.0,1.0,1.0,0.02
5611,1.0,1.0,1.0,0.3525,1.0,1.0,1.0,0.0,1.0,1.0,1.0,0.02
5612,1.0,1.0,1.0,0.4597,1.0,1.0,1.0,0.0,1.0,1.0,1.0,0.0222
5613,1.0,1.0,1.0,0.3858,1.0,1.0,1.0,0.0,1.0,1.0,1.0,0.0238
5614,1.0,1.0,1.0,0.244,1.0,1.0,1.0,0.0,1.0,1.0,1.0,0.02
5615,1.0,1.0,1.0,0.3822,1.0,1.0,1.0,0.0,1.0,1.0,1.0,0.0236
5616,1.0,1.0,1.0,0.4207,1.0,1.0,1.0,0.0,1.0,1.0,1.0,0.0344
5617,1.0,1.0,1.0,0.4066,1.0,1.0,1.0,0.0,1.0,1.0,1.0,0.0282
5618,1.0,1.0,1.0,0.3885,1.0,1.0,1.0,0.0,1.0,1.0,1.0,0.0319
5619,1.0,1.0,1.0,0.2308,1.0,1.0,1.0,0.0,1.0,1.0,1.0,0.0415
5620,1.0,1.0,1.0,0.2452,1.0,1.0,1.0,0.0,1.0,1.0,1.0,0.0907
5621,1.0,1.0,1.0,0.213,1.0,1.0,1.0,0.0,1.0,1.0,1.0,0.1058
5622,1.0,1.0,1.0,0.2177,1.0,1.0,1.0,0.1366,1.0,1.0,1.0,0.1085
5623,1.0,1.0,1.0,0.2209,1.0,1.0,1.0,0.347,1.0,1.0,1.0,0.106
5624,1.0,1.0,1.0,0.0806,1.0,1.0,1.0,0.538,1.0,1.0,1.0,0.1055
5625,1.0,1.0,1.0,0.0979,1.0,1.0,1.0,0.6989,1.0,1.0,1.0,0.137
5626,1.0,1.0,1.0,0.1074,1.0,1.0,1.0,0.8207,1.0,1.0,1.0,0.1063
5627,1.0,1.0,1.0,0.1223,1.0,1.0,1.0,0.8966,1.0,1.0,1.0,0.145
5628,1.0,1.0,1.0,0.1185,1.0,1.0,1.0,0.9224,1.0,1.0,1.0,0.0915
5629,1.0,1.0,1.0,0.1236,1.0,1.0,1.0,0.8938,1.0,1.0,1.0,0.1162
5630,1.0,1.0,1.0,0.1335,1.0,1.0,1.0,0.8207,1.0,1.0,1.0,0.1581
5631,1.0,1.0,1.0,0.1483,1.0,1.0,1.0,0.6989,1.0,1.0,1.0,0.2017
5632,1.0,1.0,1.0,0.1738,1.0,1.0,1.0,0.536,1.0,1.0,1.0,0.2184
5633,1.0,1.0,1.0,0.191,1.0,1.0,1.0,0.3405,1.0,1.0,1.0,0.2434
5634,1.0,1.0,1.0,0.3137,1.0,1.0,1.0,0.128,1.0,1.0,1.0,0.2184
5635,1.0,1.0,1.0,0.2604,1.0,1.0,1.0,0.0,1.0,1.0,1.0,0.1589
5636,1.0,1.0,1.0,0.2362,1.0,1.0,1.0,0.0,1.0,1.0,1.0,0.1731
5637,1.0,1.0,1.0,0.3598,1.0,1.0,1.0,0.0,1.0,1.0,1.0,0.1782
5638,1.0,1.0,1.0,0.3446,1.0,1.0,1.0,0.0,1.0,1.0,1.0,0.2325
5639,1.0,1.0,1.0,0.4188,1.0,1.0,1.0,0.0,1.0,1.0,1.0,0.2238
5640,1.0,1.0,1.0,0.4267,1.0,1.0,1.0,0.0,1.0,1.0,1.0,0.235
5641,1.0,1.0,1.0,0.4023,1.0,1.0,1.0,0.0,1.0,1.0,1.0,0.2536
5642,1.0,1.0,1.0,0.4828,1.0,1.0,1.0,0.0,1.0,1.0,1.0,0.2928
5643,1.0,1.0,1.0,0.5212,1.0,1.0,1.0,0.0,1.0,1.0,1.0,0.3639
5644,1.0,1.0,1.0,0.3811,1.0,1.0,1.0,0.0,1.0,1.0,1.0,0.2868
5645,1.0,1.0,1.0,0.3919,1.0,1.0,1.0,0.0,1.0,1.0,1.0,0.3378
5646,1.0,1.0,1.0,0.3091,1.0,1.0,1.0,0.1113,1.0,1.0,1.0,0.3206
5647,1.0,1.0,1.0,0.4097,1.0,1.0,1.0,0.2685,1.0,1.0,1.0,0.3684
5648,1.0,1.0,1.0,0.5571,1.0,1.0,1.0,0.4595,1.0,1.0,1.0,0.4899
5649,1.0,1.0,1.0,0.7003,1.0,1.0,1.0,0.5587,1.0,1.0,1.0,0.3074
5650,1.0,1.0,1.0,0.7147,0.0,1.0,1.0,0.6305,1.0,1.0,1.0,0.4018
5651,1.0,1.0,1.0,0.668,0.0,1.0,1.0,0.6608,1.0,1.0,1.0,0.3863
5652,1.0,1.0,1.0,0.6815,0.0,1.0,1.0,0.7484,1.0,1.0,1.0,0.3136
5653,1.0,1.0,1.0,0.5937,0.0,1.0,1.0,0.7999,1.0,1.0,1.0,0.2793
5654,1.0,1.0,1.0,0.7611,0.0,1.0,1.0,0.7604,1.0,1.0,1.0,0.2115
5655,1.0,1.0,1.0,0.8194,0.0,1.0,1.0,0.6959,1.0,1.0,1.0,0.2434
5656,1.0,1.0,1.0,0.824,0.0,1.0,1.0,0.5345,1.0,1.0,1.0,0.1828
5657,1.0,1.0,1.0,0.8601,0.0,1.0,1.0,0.317,1.0,1.0,1.0,0.2562
5658,1.0,1.0,1.0,0.8263,0.0,1.0,1.0,0.1276,1.0,1.0,1.0,0.3043
5659,1.0,1.0,1.0,0.7493,0.0,1.0,1.0,0.0,1.0,1.0,1.0,0.3191
5660,1.0,1.0,1.0,0.5641,0.0,1.0,1.0,0.0,1.0,1.0,1.0,0.185
5661,1.0,1.0,1.0,0.5619,0.0,1.0,1.0,0.0,1.0,1.0,1.0,0.126
5662,1.0,1.0,1.0,0.5346,0.0,1.0,1.0,0.0,1.0,1.0,1.0,0.1255
5663,1.0,1.0,1.0,0.5711,0.0,1.0,1.0,0.0,1.0,1.0,1.0,0.127
5664,1.0,1.0,1.0,0.5642,0.0,1.0,1.0,0.0,1.0,1.0,1.0,0.1722
5665,1.0,1.0,1.0,0.5954,0.0,1.0,1.0,0.0,1.0,1.0,1.0,0.0706
5666,1.0,1.0,1.0,0.6522,0.0,1.0,1.0,0.0,1.0,1.0,1.0,0.0573
5667,1.0,1.0,1.0,0.5173,0.0,1.0,1.0,0.0,1.0,1.0,1.0,0.0788
5668,1.0,1.0,1.0,0.5845,0.0,1.0,1.0,0.0,1.0,1.0,1.0,0.0732
5669,1.0,1.0,1.0,0.5397,0.0,1.0,1.0,0.0,1.0,1.0,1.0,0.0653
5670,1.0,1.0,1.0,0.5758,0.0,1.0,1.0,0.1282,1.0,1.0,1.0,0.0399
5671,1.0,1.0,1.0,0.6513,0.0,1.0,1.0,0.3023,1.0,1.0,1.0,0.0601
5672,1.0,1.0,1.0,0.7183,0.0,1.0,1.0,0.4385,1.0,1.0,1.0,0.0536
5673,1.0,1.0,1.0,0.7158,0.0,1.0,1.0,0.6435,1.0,1.0,1.0,0.0804
5674,1.0,1.0,1.0,0.7168,0.0,1.0,1.0,0.7744,1.0,1.0,1.0,0.1317
5675,1.0,1.0,1.0,0.7655,0.0,1.0,1.0,0.7971,1.0,1.0,1.0,0.1972
5676,1.0,1.0,1.0,0.6439,0.0,1.0,1.0,0.8212,1.0,1.0,1.0,0.1966
5677,1.0,1.0,1.0,0.5528,0.0,1.0,1.0,0.8329,1.0,1.0,1.0,0.1722
5678,1.0,1.0,1.0,0.5195,0.0,1.0,1.0,0.7169,1.0,1.0,1.0,0.1479
5679,1.0,1.0,1.0,0.3964,0.0,1.0,1.0,0.6001,1.0,1.0,1.0,0.2602
5680,1.0,1.0,1.0,0.3698,0.0,1.0,1.0,0.4972,1.0,1.0,1.0,0.2455
5681,1.0,1.0,1.0,0.3405,0.0,1.0,1.0,0.2957,1.0,1.0,1.0,0.3197
5682,1.0,1.0,1.0,0.3452,0.0,1.0,1.0,0.0975,1.0,1.0,1.0,0.3546
5683,1.0,1.0,1.0,0.3383,0.0,1.0,1.0,0.0,1.0,1.0,1.0,0.3187
5684,1.0,1.0,1.0,0.424,0.0,1.0,1.0,0.0,1.0,1.0,1.0,0.2972
5685,1.0,1.0,1.0,0.4685,0.0,1.0,1.0,0.0,1.0,1.0,1.0,0.388
5686,1.0,1.0,1.0,0.4558,0.0,1.0,1.0,0.0,1.0,1.0,1.0,0.3856
5687,1.0,1.0,1.0,0.4211,0.0,1.0,1.0,0.0,1.0,1.0,1.0,0.3439
5688,1.0,1.0,1.0,0.4135,0.0,1.0,1.0,0.0,1.0,1.0,1.0,0.2813
5689,1.0,1.0,1.0,0.4064,0.0,1.0,1.0,0.0,1.0,1.0,1.0,0.3031
5690,1.0,1.0,1.0,0.6188,0.0,1.0,1.0,0.0,1.0,1.0,1.0,0.2644
5691,1.0,1.0,1.0,0.4825,0.0,1.0,1.0,0.0,1.0,1.0,1.0,0.3058
5692,1.0,1.0,1.0,0.3961,0.0,1.0,1.0,0.0,1.0,1.0,1.0,0.5151
5693,1.0,1.0,1.0,0.307,0.0,1.0,1.0,0.0,1.0,1.0,1.0,0.5511
5694,1.0,1.0,1.0,0.3263,0.0,1.0,1.0,0.0754,1.0,1.0,1.0,0.6891
5695,1.0,1.0,1.0,0.3424,0.0,1.0,1.0,0.1981,1.0,1.0,1.0,0.6194
5696,1.0,1.0,1.0,0.2967,1.0,1.0,1.0,0.2932,1.0,1.0,1.0,0.663
5697,1.0,1.0,1.0,0.3651,1.0,1.0,1.0,0.4592,1.0,1.0,1.0,0.7429
5698,1.0,1.0,1.0,0.3925,1.0,1.0,1.0,0.5411,1.0,1.0,1.0,0.8142
5699,1.0,1.0,1.0,0.4688,1.0,1.0,1.0,0.7503,1.0,1.0,1.0,0.8637
5700,1.0,1.0,1.0,0.5672,1.0,1.0,1.0,0.7988,1.0,1.0,1.0,0.8534
5701,1.0,1.0,1.0,0.3744,1.0,1.0,1.0,0.8565,1.0,1.0,1.0,0.8793
5702,1.0,1.0,1.0,0.4286,1.0,1.0,1.0,0.7524,1.0,1.0,1.0,0.8227
5703,1.0,1.0,1.0,0.3187,1.0,1.0,1.0,0.5813,1.0,1.0,1.0,0.8825
5704,1.0,1.0,1.0,0.3364,1.0,1.0,1.0,0.4436,1.0,1.0,1.0,0.8303
5705,1.0,1.0,1.0,0.3287,1.0,1.0,1.0,0.264,1.0,1.0,1.0,0.8748
5706,1.0,1.0,1.0,0.3246,1.0,1.0,1.0,0.0785,1.0,1.0,1.0,0.9017
5707,1.0,1.0,1.0,0.2383,1.0,1.0,1.0,0.0,1.0,1.0,1.0,0.9226
5708,1.0,1.0,1.0,0.3108,1.0,1.0,1.0,0.0,1.0,1.0,1.0,0.9566
5709,1.0,1.0,1.0,0.2221,1.0,1.0,1.0,0.0,1.0,1.0,1.0,0.9655
5710,1.0,1.0,1.0,0.2723,1.0,1.0,1.0,0.0,1.0,1.0,1.0,0.939
5711,1.0,1.0,1.0,0.1848,1.0,1.0,1.0,0.0,1.0,1.0,1.0,0.9439
5712,1.0,1.0,1.0,0.187,1.0,1.0,1.0,0.0,1.0,1.0,1.0,0.8858
5713,1.0,1.0,1.0,0.305,1.0,1.0,1.0,0.0,1.0,1.0,1.0,0.8722
5714,1.0,1.0,1.0,0.4996,1.0,1.0,1.0,0.0,1.0,1.0,1.0,0.8429
5715,1.0,1.0,1.0,0.3549,1.0,1.0,1.0,0.0,1.0,1.0,1.0,0.8604
5716,1.0,1.0,1.0,0.2982,1.0,1.0,1.0,0.0,1.0,1.0,1.0,0.8087
5717,1.0,1.0,1.0,0.2607,1.0,1.0,1.0,0.0,1.0,1.0,1.0,0.7476
5718,1.0,1.0,1.0,0.4375,1.0,1.0,1.0,0.1196,1.0,1.0,1.0,0.7675
5719,1.0,1.0,1.0,0.4263,1.0,1.0,1.0,0.3043,1.0,1.0,1.0,0.8227
5720,1.0,1.0,1.0,0.5146,1.0,1.0,1.0,0.4415,1.0,1.0,1.0,0.8108
5721,1.0,1.0,1.0,0.533,1.0,1.0,1.0,0.556,1.0,1.0,1.0,0.8993
5722,1.0,1.0,1.0,0.4205,1.0,1.0,1.0,0.6415,1.0,1.0,1.0,0.8775
5723,1.0,1.0,1.0,0.2706,1.0,1.0,1.0,0.7897,1.0,1.0,1.0,0.8922
5724,1.0,1.0,1.0,0.2304,1.0,1.0,1.0,0.7059,1.0,1.0,1.0,0.8942
5725,1.0,1.0,1.0,0.4042,1.0,1.0,1.0,0.6904,1.0,1.0,1.0,0.8717
5726,1.0,1.0,1.0,0.4217,1.0,1.0,1.0,0.6006,1.0,1.0,1.0,0.9075
5727,1.0,1.0,1.0,0.5083,1.0,1.0,1.0,0.61,1.0,1.0,1.0,0.8663
5728,1.0,1.0,1.0,0.3791,1.0,1.0,1.0,0.5005,1.0,1.0,1.0,0.741
5729,1.0,1.0,1.0,0.3493,1.0,1.0,1.0,0.3193,1.0,1.0,1.0,0.7193
5730,1.0,1.0,1.0,0.4109,1.0,1.0,1.0,0.1196,1.0,1.0,1.0,0.6874
5731,1.0,1.0,1.0,0.3185,1.0,1.0,1.0,0.0,1.0,1.0,1.0,0.7506
5732,1.0,1.0,1.0,0.3122,1.0,1.0,1.0,0.0,1.0,1.0,1.0,0.6449
5733,1.0,1.0,1.0,0.2491,1.0,1.0,1.0,0.0,1.0,1.0,1.0,0.6742
5734,1.0,1.0,1.0,0.3078,1.0,1.0,1.0,0.0,1.0,1.0,1.0,0.6925
5735,1.0,1.0,1.0,0.3371,1.0,1.0,1.0,0.0,1.0,1.0,1.0,0.7039
5736,1.0,1.0,1.0,0.3917,1.0,1.0,1.0,0.0,1.0,1.0,1.0,0.7643
5737,1.0,1.0,1.0,0.4623,1.0,1.0,1.0,0.0,1.0,1.0,1.0,0.75
5738,1.0,1.0,1.0,0.4364,1.0,1.0,1.0,0.0,1.0,1.0,1.0,0.7407
5739,1.0,1.0,1.0,0.5185,1.0,1.0,1.0,0.0,1.0,1.0,1.0,0.7579
5740,1.0,1.0,1.0,0.4591,1.0,1.0,1.0,0.0,1.0,1.0,1.0,0.7382
5741,1.0,1.0,1.0,0.5077,1.0,1.0,1.0,0.0,1.0,1.0,1.0,0.6219
5742,1.0,1.0,1.0,0.3342,1.0,1.0,1.0,0.1152,1.0,1.0,1.0,0.5755
5743,1.0,1.0,1.0,0.2771,1.0,1.0,1.0,0.3272,1.0,1.0,1.0,0.5425
5744,1.0,1.0,1.0,0.4628,1.0,1.0,1.0,0.5204,1.0,1.0,1.0,0.4835
5745,1.0,1.0,1.0,0.51,1.0,1.0,1.0,0.6836,1.0,1.0,1.0,0.4478
5746,1.0,1.0,1.0,0.5557,1.0,1.0,1.0,0.8073,1.0,1.0,1.0,0.4564
5747,1.0,1.0,1.0,0.4748,1.0,1.0,1.0,0.8846,1.0,1.0,1.0,0.4256
5748,1.0,1.0,1.0,0.3752,1.0,1.0,1.0,0.9108,1.0,1.0,1.0,0.4934
5749,1.0,1.0,1.0,0.3506,1.0,1.0,1.0,0.7925,1.0,1.0,1.0,0.5608
5750,1.0,1.0,1.0,0.3428,1.0,1.0,1.0,0.6681,1.0,1.0,1.0,0.3475
5751,1.0,1.0,1.0,0.5024,1.0,1.0,1.0,0.6003,1.0,1.0,1.0,0.241
5752,1.0,1.0,1.0,0.5834,1.0,1.0,1.0,0.4924,1.0,1.0,1.0,0.1204
5753,1.0,1.0,1.0,0.5831,1.0,1.0,1.0,0.306,1.0,1.0,1.0,0.1131
5754,1.0,1.0,1.0,0.5791,1.0,1.0,1.0,0.1086,1.0,1.0,1.0,0.1043
5755,1.0,1.0,1.0,0.6331,1.0,1.0,1.0,0.0,1.0,1.0,1.0,0.1124
5756,1.0,1.0,1.0,0.5096,1.0,1.0,1.0,0.0,1.0,1.0,1.0,0.1487
5757,1.0,1.0,1.0,0.3398,1.0,1.0,1.0,0.0,1.0,1.0,1.0,0.1491
5758,1.0,1.0,1.0,0.3981,1.0,1.0,1.0,0.0,1.0,1.0,1.0,0.1262
5759,1.0,1.0,1.0,0.4001,1.0,1.0,1.0,0.0,1.0,1.0,1.0,0.1287
5760,1.0,1.0,1.0,0.2941,1.0,1.0,1.0,0.0,1.0,1.0,1.0,0.1134
5761,1.0,1.0,1.0,0.1664,1.0,1.0,1.0,0.0,1.0,1.0,1.0,0.0727
5762,1.0,1.0,1.0,0.2177,1.0,1.0,1.0,0.0,1.0,1.0,1.0,0.1026
5763,1.0,1.0,1.0,0.1896,1.0,1.0,1.0,0.0,1.0,1.0,1.0,0.1203
5764,1.0,1.0,1.0,0.2145,1.0,1.0,1.0,0.0,1.0,1.0,1.0,0.1889
5765,1.0,1.0,1.0,0.201,1.0,1.0,1.0,0.0,1.0,1.0,1.0,0.1323
5766,1.0,1.0,1.0,0.201,1.0,1.0,1.0,0.1068,1.0,1.0,1.0,0.0814
5767,1.0,1.0,1.0,0.1715,1.0,1.0,1.0,0.2984,1.0,1.0,1.0,0.0622
5768,1.0,1.0,1.0,0.1703,1.0,1.0,1.0,0.4216,1.0,1.0,1.0,0.0741
5769,1.0,1.0,1.0,0.2037,1.0,1.0,1.0,0.4861,1.0,1.0,1.0,0.1012
5770,1.0,1.0,1.0,0.1904,1.0,1.0,1.0,0.6224,1.0,1.0,1.0,0.1138
5771,1.0,1.0,1.0,0.1751,1.0,1.0,1.0,0.7391,1.0,1.0,1.0,0.1219
5772,1.0,1.0,1.0,0.2109,1.0,1.0,1.0,0.7216,1.0,1.0,1.0,0.161
5773,1.0,1.0,1.0,0.2548,1.0,1.0,1.0,0.805,1.0,1.0,1.0,0.1423
5774,1.0,1.0,1.0,0.1872,1.0,1.0,1.0,0.5843,1.0,1.0,1.0,0.1967
5775,1.0,1.0,1.0,0.1879,1.0,1.0,1.0,0.4341,1.0,1.0,1.0,0.3309
5776,1.0,1.0,1.0,0.1636,1.0,1.0,1.0,0.3065,1.0,1.0,1.0,0.2517
5777,1.0,1.0,1.0,0.167,1.0,1.0,1.0,0.1998,1.0,1.0,1.0,0.2351
5778,1.0,1.0,1.0,0.2523,1.0,1.0,1.0,0.0671,1.0,1.0,1.0,0.1591
5779,1.0,1.0,1.0,0.2775,1.0,1.0,1.0,0.0,1.0,1.0,1.0,0.1205
5780,1.0,1.0,1.0,0.4502,1.0,1.0,1.0,0.0,1.0,1.0,1.0,0.1389
5781,1.0,1.0,1.0,0.4635,1.0,1.0,1.0,0.0,1.0,1.0,1.0,0.0836
5782,1.0,1.0,1.0,0.443,1.0,1.0,1.0,0.0,1.0,1.0,1.0,0.0673
5783,1.0,1.0,1.0,0.4358,1.0,1.0,1.0,0.0,1.0,1.0,1.0,0.0983
5784,1.0,1.0,1.0,0.4444,1.0,1.0,1.0,0.0,1.0,1.0,1.0,0.1092
5785,1.0,1.0,1.0,0.4669,1.0,1.0,1.0,0.0,1.0,1.0,1.0,0.1416
5786,1.0,1.0,1.0,0.3765,1.0,1.0,1.0,0.0,1.0,1.0,1.0,0.0967
5787,1.0,1.0,1.0,0.3544,1.0,1.0,1.0,0.0,1.0,1.0,1.0,0.1018
5788,1.0,1.0,1.0,0.2964,1.0,1.0,1.0,0.0,1.0,1.0,1.0,0.1845
5789,1.0,1.0,1.0,0.3759,1.0,1.0,1.0,0.0,1.0,1.0,1.0,0.1535
5790,1.0,1.0,1.0,0.2325,1.0,1.0,1.0,0.1064,1.0,1.0,1.0,0.1346
5791,1.0,1.0,1.0,0.2437,1.0,1.0,1.0,0.3191,1.0,1.0,1.0,0.163
5792,1.0,1.0,1.0,0.1599,1.0,1.0,1.0,0.5131,1.0,1.0,1.0,0.1261
5793,1.0,1.0,1.0,0.1844,1.0,1.0,1.0,0.6772,1.0,1.0,1.0,0.1597
5794,1.0,1.0,1.0,0.1665,1.0,1.0,1.0,0.8018,1.0,1.0,1.0,0.0933
5795,1.0,1.0,1.0,0.0973,1.0,1.0,1.0,0.8796,1.0,1.0,1.0,0.0436
5796,1.0,1.0,1.0,0.1348,1.0,1.0,1.0,0.7918,1.0,1.0,1.0,0.0512
5797,1.0,1.0,1.0,0.0622,1.0,1.0,1.0,0.739,1.0,1.0,1.0,0.0388
5798,1.0,1.0,1.0,0.0647,1.0,1.0,1.0,0.676,1.0,1.0,1.0,0.0341
5799,1.0,1.0,1.0,0.0848,1.0,1.0,1.0,0.4738,1.0,1.0,1.0,0.0487
5800,1.0,1.0,1.0,0.1354,1.0,1.0,1.0,0.3417,1.0,1.0,1.0,0.0631
5801,1.0,1.0,1.0,0.0839,1.0,1.0,1.0,0.2511,1.0,1.0,1.0,0.0439
5802,1.0,1.0,1.0,0.0739,1.0,1.0,1.0,0.0889,1.0,1.0,1.0,0.0551
5803,1.0,1.0,1.0,0.1089,1.0,1.0,1.0,0.0,1.0,1.0,1.0,0.0524
5804,1.0,1.0,1.0,0.1591,1.0,1.0,1.0,0.0,1.0,1.0,1.0,0.0632
5805,1.0,1.0,1.0,0.2322,1.0,1.0,1.0,0.0,1.0,1.0,1.0,0.0656
5806,1.0,1.0,1.0,0.4274,1.0,1.0,1.0,0.0,1.0,1.0,1.0,0.0416
5807,1.0,1.0,1.0,0.3798,1.0,1.0,1.0,0.0,1.0,1.0,1.0,0.0347
5808,1.0,1.0,1.0,0.409,1.0,1.0,1.0,0.0,1.0,1.0,1.0,0.02
5809,1.0,1.0,1.0,0.376,1.0,1.0,1.0,0.0,1.0,1.0,1.0,0.02
5810,1.0,1.0,1.0,0.2295,1.0,1.0,1.0,0.0,1.0,1.0,1.0,0.0236
5811,1.0,1.0,1.0,0.2253,1.0,1.0,1.0,0.0,1.0,1.0,1.0,0.02
5812,1.0,1.0,1.0,0.1273,1.0,1.0,1.0,0.0,1.0,1.0,1.0,0.0209
5813,1.0,1.0,1.0,0.1112,1.0,1.0,1.0,0.0,1.0,1.0,1.0,0.02
5814,1.0,1.0,1.0,0.0719,1.0,1.0,1.0,0.1019,1.0,1.0,1.0,0.0272
5815,1.0,1.0,1.0,0.0865,1.0,1.0,1.0,0.3149,1.0,1.0,1.0,0.02
5816,1.0,1.0,1.0,0.07,1.0,1.0,1.0,0.5094,1.0,1.0,1.0,0.02
5817,1.0,1.0,1.0,0.0406,1.0,1.0,1.0,0.6457,1.0,1.0,1.0,0.02
5818,1.0,1.0,1.0,0.0577,1.0,1.0,1.0,0.7249,1.0,1.0,1.0,0.02
5819,1.0,1.0,1.0,0.0497,1.0,1.0,1.0,0.7264,1.0,1.0,1.0,0.0238
5820,1.0,1.0,1.0,0.0456,1.0,1.0,1.0,0.7308,1.0,1.0,1.0,0.02
5821,1.0,1.0,1.0,0.0349,1.0,1.0,1.0,0.6893,1.0,1.0,1.0,0.02
5822,1.0,1.0,1.0,0.0548,1.0,1.0,1.0,0.75,1.0,1.0,1.0,0.0329
5823,1.0,1.0,1.0,0.0632,1.0,1.0,1.0,0.674,1.0,1.0,1.0,0.0367
5824,1.0,1.0,1.0,0.0542,1.0,1.0,1.0,0.5005,1.0,1.0,1.0,0.0311
5825,1.0,1.0,1.0,0.0301,1.0,1.0,1.0,0.2946,1.0,1.0,1.0,0.0328
5826,1.0,1.0,1.0,0.0746,1.0,1.0,1.0,0.0994,1.0,1.0,1.0,0.0291
5827,1.0,1.0,1.0,0.1446,1.0,1.0,1.0,0.0,1.0,1.0,1.0,0.0602
5828,1.0,1.0,1.0,0.223,1.0,1.0,1.0,0.0,1.0,1.0,1.0,0.0827
5829,1.0,1.0,1.0,0.1846,1.0,1.0,1.0,0.0,1.0,1.0,1.0,0.1137
5830,1.0,1.0,1.0,0.1618,1.0,1.0,1.0,0.0,1.0,1.0,1.0,0.219
5831,1.0,1.0,1.0,0.1848,1.0,1.0,1.0,0.0,1.0,1.0,1.0,0.3108
5832,1.0,1.0,1.0,0.145,1.0,1.0,1.0,0.0,1.0,1.0,1.0,0.301
5833,1.0,1.0,1.0,0.1095,1.0,1.0,1.0,0.0,1.0,1.0,1.0,0.3011
5834,1.0,1.0,1.0,0.1749,1.0,1.0,1.0,0.0,1.0,1.0,1.0,0.4939
5835,1.0,1.0,1.0,0.1747,1.0,1.0,1.0,0.0,1.0,1.0,1.0,0.4216
5836,1.0,1.0,1.0,0.1272,1.0,1.0,1.0,0.0,1.0,1.0,1.0,0.4012
5837,1.0,1.0,1.0,0.1731,1.0,1.0,1.0,0.0,1.0,1.0,1.0,0.315
5838,1.0,1.0,1.0,0.1486,1.0,1.0,1.0,0.0974,1.0,1.0,1.0,0.1941
5839,1.0,1.0,1.0,0.082,1.0,1.0,1.0,0.2702,1.0,1.0,1.0,0.1516
5840,1.0,1.0,1.0,0.0591,1.0,1.0,1.0,0.3855,1.0,1.0,1.0,0.1186
5841,1.0,1.0,1.0,0.0524,1.0,1.0,1.0,0.561,1.0,1.0,1.0,0.0999
5842,1.0,1.0,1.0,0.0596,1.0,1.0,1.0,0.6987,1.0,1.0,1.0,0.1244
5843,1.0,1.0,1.0,0.0663,1.0,1.0,1.0,0.8525,1.0,1.0,1.0,0.1267
5844,1.0,1.0,1.0,0.103,1.0,1.0,1.0,0.9007,1.0,1.0,1.0,0.1747
5845,1.0,1.0,1.0,0.0988,1.0,1.0,1.0,0.8617,1.0,1.0,1.0,0.1844
5846,1.0,1.0,1.0,0.0882,1.0,1.0,1.0,0.7962,1.0,1.0,1.0,0.1957
5847,1.0,1.0,1.0,0.1349,1.0,1.0,1.0,0.6708,1.0,1.0,1.0,0.1815
5848,1.0,1.0,1.0,0.1841,1.0,1.0,1.0,0.4931,1.0,1.0,1.0,0.3071
5849,1.0,1.0,1.0,0.1755,1.0,1.0,1.0,0.2975,1.0,1.0,1.0,0.2747
5850,1.0,1.0,1.0,0.1936,1.0,1.0,1.0,0.0957,1.0,1.0,1.0,0.3419
5851,1.0,1.0,1.0,0.1709,1.0,1.0,1.0,0.0,1.0,1.0,1.0,0.253
5852,1.0,1.0,1.0,0.1227,1.0,1.0,1.0,0.0,1.0,1.0,1.0,0.237
5853,1.0,1.0,1.0,0.2373,1.0,1.0,1.0,0.0,1.0,1.0,1.0,0.3858
5854,1.0,1.0,1.0,0.2058,1.0,1.0,1.0,0.0,1.0,1.0,1.0,0.4391
5855,1.0,1.0,1.0,0.2253,1.0,1.0,1.0,0.0,1.0,1.0,1.0,0.3184
5856,1.0,1.0,1.0,0.148,1.0,1.0,1.0,0.0,1.0,1.0,1.0,0.2448
5857,1.0,1.0,1.0,0.1872,1.0,1.0,1.0,0.0,1.0,1.0,1.0,0.3623
5858,1.0,1.0,1.0,0.133,1.0,1.0,1.0,0.0,1.0,1.0,1.0,0.3656
5859,1.0,1.0,1.0,0.2211,1.0,1.0,1.0,0.0,1.0,1.0,1.0,0.3397
5860,1.0,1.0,1.0,0.3496,1.0,1.0,1.0,0.0,1.0,1.0,1.0,0.2788
5861,1.0,1.0,1.0,0.3935,1.0,1.0,1.0,0.0,1.0,1.0,1.0,0.256
5862,1.0,1.0,1.0,0.3995,1.0,1.0,1.0,0.0799,1.0,1.0,1.0,0.3605
5863,1.0,1.0,1.0,0.3801,1.0,1.0,1.0,0.2575,1.0,1.0,1.0,0.3027
5864,1.0,1.0,1.0,0.373,1.0,1.0,1.0,0.413,1.0,1.0,1.0,0.2585
5865,1.0,1.0,1.0,0.404,1.0,1.0,1.0,0.4961,1.0,1.0,1.0,0.3003
5866,1.0,1.0,1.0,0.4075,1.0,1.0,1.0,0.7245,1.0,1.0,1.0,0.2283
5867,1.0,1.0,1.0,0.4881,1.0,1.0,1.0,0.8177,1.0,1.0,1.0,0.1762
5868,1.0,1.0,1.0,0.4023,1.0,1.0,1.0,0.7867,1.0,1.0,1.0,0.1784
5869,1.0,1.0,1.0,0.5306,1.0,1.0,1.0,0.7064,1.0,1.0,1.0,0.1819
5870,1.0,1.0,1.0,0.4857,1.0,1.0,1.0,0.6497,1.0,1.0,1.0,0.1449
5871,1.0,1.0,1.0,0.4146,1.0,1.0,1.0,0.433,1.0,1.0,1.0,0.1694
5872,1.0,1.0,1.0,0.4413,1.0,1.0,1.0,0.378,1.0,1.0,1.0,0.1825
5873,1.0,1.0,1.0,0.4731,1.0,1.0,1.0,0.2212,1.0,1.0,1.0,0.1017
5874,1.0,1.0,1.0,0.3228,1.0,1.0,1.0,0.071,1.0,1.0,1.0,0.1331
5875,1.0,1.0,1.0,0.2859,1.0,1.0,1.0,0.0,1.0,1.0,1.0,0.114
5876,1.0,1.0,1.0,0.1576,1.0,1.0,1.0,0.0,1.0,1.0,1.0,0.1493
5877,1.0,1.0,1.0,0.1312,1.0,1.0,1.0,0.0,1.0,1.0,1.0,0.2702
5878,1.0,1.0,1.0,0.1107,1.0,1.0,1.0,0.0,1.0,1.0,1.0,0.2649
5879,1.0,1.0,1.0,0.1251,1.0,1.0,1.0,0.0,1.0,1.0,1.0,0.2228
5880,1.0,1.0,1.0,0.1012,1.0,1.0,1.0,0.0,1.0,1.0,1.0,0.3196
5881,1.0,1.0,1.0,0.0879,1.0,1.0,1.0,0.0,1.0,1.0,1.0,0.2573
5882,1.0,1.0,1.0,0.1369,1.0,1.0,1.0,0.0,1.0,1.0,1.0,0.4015
5883,1.0,1.0,1.0,0.2513,1.0,1.0,1.0,0.0,1.0,1.0,1.0,0.3583
5884,1.0,1.0,1.0,0.1964,1.0,1.0,1.0,0.0,1.0,1.0,1.0,0.3062
5885,1.0,1.0,1.0,0.2615,1.0,1.0,1.0,0.0,1.0,1.0,1.0,0.5003
5886,1.0,1.0,1.0,0.2892,1.0,1.0,1.0,0.0882,1.0,1.0,1.0,0.5237
5887,1.0,1.0,1.0,0.1811,1.0,1.0,1.0,0.3023,1.0,1.0,1.0,0.6517
5888,1.0,1.0,1.0,0.1457,1.0,1.0,1.0,0.4982,1.0,1.0,1.0,0.6377
5889,1.0,1.0,1.0,0.0571,1.0,1.0,1.0,0.6643,1.0,1.0,1.0,0.618
5890,1.0,1.0,1.0,0.067,1.0,1.0,1.0,0.7906,1.0,1.0,1.0,0.3565
5891,1.0,1.0,1.0,0.0493,1.0,1.0,1.0,0.8611,1.0,1.0,1.0,0.4373
5892,1.0,1.0,1.0,0.0545,1.0,1.0,1.0,0.8964,1.0,1.0,1.0,0.4643
5893,1.0,1.0,1.0,0.1306,1.0,1.0,1.0,0.8695,1.0,1.0,1.0,0.4474
5894,1.0,1.0,1.0,0.2127,1.0,1.0,1.0,0.7906,1.0,1.0,1.0,0.4923
5895,1.0,1.0,1.0,0.1728,1.0,1.0,1.0,0.6643,1.0,1.0,1.0,0.4875
5896,1.0,1.0,1.0,0.1301,1.0,1.0,1.0,0.4602,1.0,1.0,1.0,0.3985
5897,1.0,1.0,1.0,0.1948,1.0,1.0,1.0,0.3023,1.0,1.0,1.0,0.4241
5898,1.0,1.0,1.0,0.1473,1.0,1.0,1.0,0.0882,1.0,1.0,1.0,0.4021
5899,1.0,1.0,1.0,0.2003,1.0,1.0,1.0,0.0,1.0,1.0,1.0,0.4604
5900,1.0,1.0,1.0,0.3981,1.0,1.0,1.0,0.0,1.0,1.0,1.0,0.4291
5901,1.0,1.0,1.0,0.4519,1.0,1.0,1.0,0.0,1.0,1.0,1.0,0.3836
5902,1.0,1.0,1.0,0.5496,1.0,1.0,1.0,0.0,1.0,1.0,1.0,0.3354
5903,1.0,1.0,1.0,0.6316,1.0,1.0,1.0,0.0,1.0,1.0,1.0,0.2678
5904,1.0,1.0,1.0,0.5761,1.0,1.0,1.0,0.0,1.0,1.0,1.0,0.2342
5905,1.0,1.0,1.0,0.5918,1.0,1.0,1.0,0.0,1.0,1.0,1.0,0.2628
5906,1.0,1.0,1.0,0.4994,1.0,1.0,1.0,0.0,1.0,1.0,1.0,0.2149
5907,1.0,1.0,1.0,0.6038,1.0,1.0,1.0,0.0,1.0,1.0,1.0,0.1543
5908,1.0,1.0,1.0,0.5002,1.0,1.0,1.0,0.0,1.0,1.0,1.0,0.1967
5909,1.0,1.0,1.0,0.5544,1.0,1.0,1.0,0.0,1.0,1.0,1.0,0.1906
5910,1.0,1.0,1.0,0.6411,1.0,1.0,1.0,0.076,1.0,1.0,1.0,0.2373
5911,1.0,1.0,1.0,0.5897,1.0,1.0,1.0,0.2624,1.0,1.0,1.0,0.224
5912,1.0,1.0,1.0,0.5179,1.0,1.0,1.0,0.4706,1.0,1.0,1.0,0.1918
5913,1.0,1.0,1.0,0.4955,1.0,1.0,1.0,0.5456,1.0,1.0,1.0,0.1152
5914,1.0,1.0,1.0,0.4115,1.0,1.0,1.0,0.7211,1.0,1.0,1.0,0.0827
5915,1.0,1.0,1.0,0.4207,1.0,1.0,1.0,0.7447,1.0,1.0,1.0,0.0646
5916,1.0,1.0,1.0,0.3409,1.0,1.0,1.0,0.5908,1.0,1.0,1.0,0.074
5917,1.0,1.0,1.0,0.2763,1.0,1.0,1.0,0.5057,1.0,1.0,1.0,0.0743
5918,1.0,1.0,1.0,0.3164,1.0,1.0,1.0,0.4611,1.0,1.0,1.0,0.0553
5919,1.0,1.0,1.0,0.3638,1.0,1.0,1.0,0.4279,1.0,1.0,1.0,0.0228
5920,1.0,1.0,1.0,0.3379,1.0,1.0,1.0,0.3248,1.0,1.0,1.0,0.0288
5921,1.0,1.0,1.0,0.2215,1.0,1.0,1.0,0.1727,1.0,1.0,1.0,0.0415
5922,1.0,1.0,1.0,0.3021,1.0,1.0,1.0,0.0455,1.0,1.0,1.0,0.0607
5923,1.0,1.0,1.0,0.2696,1.0,1.0,1.0,0.0,1.0,1.0,1.0,0.0462
5924,1.0,1.0,1.0,0.4322,1.0,1.0,1.0,0.0,1.0,1.0,1.0,0.0684
5925,1.0,1.0,1.0,0.416,1.0,1.0,1.0,0.0,1.0,1.0,1.0,0.0857
5926,1.0,1.0,1.0,0.4233,1.0,1.0,1.0,0.0,1.0,1.0,1.0,0.1059
5927,1.0,1.0,1.0,0.3825,1.0,1.0,1.0,0.0,1.0,1.0,1.0,0.0898
5928,1.0,1.0,1.0,0.4013,1.0,1.0,1.0,0.0,1.0,1.0,1.0,0.0896
5929,1.0,1.0,1.0,0.6902,1.0,1.0,1.0,0.0,1.0,1.0,1.0,0.1623
5930,1.0,1.0,1.0,0.6518,1.0,1.0,1.0,0.0,1.0,1.0,1.0,0.2616
5931,1.0,1.0,1.0,0.7364,1.0,1.0,1.0,0.0,1.0,1.0,1.0,0.258
5932,1.0,1.0,1.0,0.7312,1.0,1.0,1.0,0.0,1.0,1.0,1.0,0.2708
5933,1.0,1.0,1.0,0.7947,1.0,1.0,1.0,0.0,1.0,1.0,1.0,0.1466
5934,1.0,1.0,1.0,0.6478,1.0,1.0,1.0,0.0726,1.0,1.0,1.0,0.2107
5935,1.0,1.0,1.0,0.7763,1.0,1.0,1.0,0.241,1.0,1.0,1.0,0.2587
5936,1.0,1.0,1.0,0.7856,1.0,1.0,1.0,0.3626,1.0,1.0,1.0,0.2823
5937,1.0,1.0,1.0,0.7573,1.0,1.0,1.0,0.5081,1.0,1.0,1.0,0.2407
5938,1.0,1.0,1.0,0.801,1.0,1.0,1.0,0.6358,1.0,1.0,1.0,0.2452
5939,1.0,1.0,1.0,0.7979,1.0,1.0,1.0,0.7371,1.0,1.0,1.0,0.352
5940,1.0,1.0,1.0,0.7115,1.0,1.0,1.0,0.8913,1.0,1.0,1.0,0.378
5941,1.0,1.0,1.0,0.5,1.0,1.0,1.0,0.7841,1.0,1.0,1.0,0.5999
5942,1.0,1.0,1.0,0.6483,1.0,1.0,1.0,0.71,1.0,1.0,1.0,0.6557
5943,1.0,1.0,1.0,0.6195,1.0,1.0,1.0,0.6293,1.0,1.0,1.0,0.5672
5944,1.0,1.0,1.0,0.5574,1.0,1.0,1.0,0.4905,1.0,1.0,1.0,0.5214
5945,1.0,1.0,1.0,0.5022,1.0,1.0,1.0,0.2748,1.0,1.0,1.0,0.4506
5946,1.0,1.0,1.0,0.6209,1.0,1.0,1.0,0.0694,1.0,1.0,1.0,0.5187
5947,1.0,1.0,1.0,0.5694,1.0,1.0,1.0,0.0,1.0,1.0,1.0,0.6091
5948,1.0,1.0,1.0,0.6151,1.0,1.0,1.0,0.0,1.0,1.0,1.0,0.7307
5949,1.0,1.0,1.0,0.5769,1.0,1.0,1.0,0.0,1.0,1.0,1.0,0.694
5950,1.0,1.0,1.0,0.4586,1.0,1.0,1.0,0.0,1.0,1.0,1.0,0.7161
5951,1.0,1.0,1.0,0.5316,1.0,1.0,1.0,0.0,1.0,1.0,1.0,0.788
5952,1.0,1.0,1.0,0.6197,1.0,1.0,1.0,0.0,1.0,1.0,1.0,0.857
5953,1.0,1.0,1.0,0.552,1.0,1.0,1.0,0.0,1.0,1.0,1.0,0.7813
5954,1.0,1.0,1.0,0.5403,1.0,1.0,1.0,0.0,1.0,1.0,1.0,0.8052
5955,1.0,1.0,1.0,0.5407,1.0,1.0,1.0,0.0,1.0,1.0,1.0,0.7164
5956,1.0,1.0,1.0,0.5712,1.0,1.0,1.0,0.0,1.0,1.0,1.0,0.6582
5957,1.0,1.0,1.0,0.7192,1.0,1.0,1.0,0.0,1.0,1.0,1.0,0.5364
5958,1.0,1.0,1.0,0.6839,1.0,1.0,1.0,0.0524,1.0,1.0,1.0,0.4729
5959,1.0,1.0,1.0,0.6469,1.0,1.0,1.0,0.2135,1.0,1.0,1.0,0.344
5960,1.0,1.0,1.0,0.6221,1.0,1.0,1.0,0.3631,1.0,1.0,1.0,0.255
5961,1.0,1.0,1.0,0.5316,1.0,1.0,1.0,0.563,1.0,1.0,1.0,0.1995
5962,1.0,1.0,1.0,0.3758,1.0,1.0,1.0,0.7119,1.0,1.0,1.0,0.2185
5963,1.0,1.0,1.0,0.3839,1.0,1.0,1.0,0.6795,1.0,1.0,1.0,0.2215
5964,1.0,1.0,1.0,0.4252,1.0,1.0,1.0,0.6471,1.0,1.0,1.0,0.1386
5965,1.0,1.0,1.0,0.4209,1.0,1.0,1.0,0.5954,1.0,1.0,1.0,0.3004
5966,1.0,1.0,1.0,0.4112,1.0,1.0,1.0,0.5639,1.0,1.0,1.0,0.2643
5967,1.0,1.0,1.0,0.334,1.0,1.0,1.0,0.4715,1.0,1.0,1.0,0.1838
5968,1.0,1.0,1.0,0.3524,1.0,1.0,1.0,0.3502,1.0,1.0,1.0,0.2184
5969,1.0,1.0,1.0,0.3639,1.0,1.0,1.0,0.2772,1.0,1.0,1.0,0.2191
5970,1.0,1.0,1.0,0.4006,1.0,1.0,1.0,0.0673,1.0,1.0,1.0,0.1751
5971,1.0,1.0,1.0,0.4244,1.0,1.0,1.0,0.0,1.0,1.0,1.0,0.1979
5972,1.0,1.0,1.0,0.4538,1.0,1.0,1.0,0.0,1.0,1.0,1.0,0.1645
5973,1.0,1.0,1.0,0.5632,1.0,1.0,1.0,0.0,1.0,1.0,1.0,0.1528
5974,1.0,1.0,1.0,0.6034,1.0,1.0,1.0,0.0,1.0,1.0,1.0,0.2348
5975,1.0,1.0,1.0,0.6336,1.0,1.0,1.0,0.0,1.0,1.0,1.0,0.2432
5976,1.0,1.0,1.0,0.4753,1.0,1.0,1.0,0.0,1.0,1.0,1.0,0.2867
5977,1.0,1.0,1.0,0.5611,1.0,1.0,1.0,0.0,1.0,1.0,1.0,0.2499
5978,1.0,1.0,1.0,0.5267,1.0,1.0,1.0,0.0,1.0,1.0,1.0,0.2602
5979,1.0,1.0,1.0,0.526,1.0,1.0,1.0,0.0,1.0,1.0,1.0,0.2115
5980,1.0,1.0,1.0,0.4081,1.0,1.0,1.0,0.0,1.0,1.0,1.0,0.1688
5981,1.0,1.0,1.0,0.5851,1.0,1.0,1.0,0.0,1.0,1.0,1.0,0.1515
5982,1.0,1.0,1.0,0.3636,1.0,1.0,1.0,0.0602,1.0,1.0,1.0,0.1249
5983,1.0,1.0,1.0,0.4877,1.0,1.0,1.0,0.2555,1.0,1.0,1.0,0.174
5984,1.0,1.0,1.0,0.5184,1.0,1.0,1.0,0.4191,1.0,1.0,1.0,0.2074
5985,1.0,1.0,1.0,0.3492,1.0,1.0,1.0,0.6306,1.0,1.0,1.0,0.1057
5986,1.0,1.0,1.0,0.5204,1.0,1.0,1.0,0.7746,1.0,1.0,1.0,0.1824
5987,1.0,1.0,1.0,0.5577,1.0,1.0,1.0,0.7884,1.0,1.0,1.0,0.2204
5988,1.0,1.0,1.0,0.348,1.0,1.0,1.0,0.7263,1.0,1.0,1.0,0.298
5989,1.0,1.0,1.0,0.3134,1.0,1.0,1.0,0.6671,1.0,1.0,1.0,0.2842
5990,1.0,1.0,1.0,0.3542,1.0,1.0,1.0,0.7563,1.0,1.0,1.0,0.1898
5991,1.0,1.0,1.0,0.4974,1.0,1.0,1.0,0.6117,1.0,1.0,1.0,0.1297
5992,1.0,1.0,1.0,0.455,1.0,1.0,1.0,0.4787,1.0,1.0,1.0,0.2173
5993,1.0,1.0,1.0,0.2444,1.0,1.0,1.0,0.2487,1.0,1.0,1.0,0.1365
5994,1.0,1.0,1.0,0.3518,1.0,1.0,1.0,0.0545,1.0,1.0,1.0,0.0888
5995,1.0,1.0,1.0,0.3903,1.0,1.0,1.0,0.0,1.0,1.0,1.0,0.08
5996,1.0,1.0,1.0,0.2242,1.0,1.0,1.0,0.0,1.0,1.0,1.0,0.0529
5997,1.0,1.0,1.0,0.2477,1.0,1.0,1.0,0.0,1.0,1.0,1.0,0.0663
5998,1.0,1.0,1.0,0.2793,1.0,1.0,1.0,0.0,1.0,1.0,1.0,0.0844
5999,1.0,1.0,1.0,0.2572,1.0,1.0,1.0,0.0,1.0,1.0,1.0,0.0997
6000,1.0,1.0,0.0,0.2079,1.0,1.0,1.0,0.0,1.0,1.0,1.0,0.0851
6001,1.0,1.0,0.0,0.1768,1.0,1.0,1.0,0.0,1.0,1.0,1.0,0.0967
6002,1.0,1.0,0.0,0.1634,1.0,1.0,1.0,0.0,1.0,1.0,1.0,0.1715
6003,1.0,1.0,0.0,0.1844,1.0,1.0,1.0,0.0,1.0,1.0,1.0,0.1128
6004,1.0,1.0,0.0,0.2327,1.0,1.0,1.0,0.0,1.0,1.0,1.0,0.1622
6005,1.0,1.0,0.0,0.1261,1.0,1.0,1.0,0.0,1.0,1.0,1.0,0.2072
6006,1.0,1.0,0.0,0.14,1.0,1.0,1.0,0.0441,1.0,1.0,1.0,0.2025
6007,1.0,1.0,0.0,0.1656,1.0,1.0,1.0,0.2007,1.0,1.0,1.0,0.2136
6008,1.0,1.0,0.0,0.177,1.0,1.0,1.0,0.3023,1.0,1.0,1.0,0.2365
6009,1.0,1.0,0.0,0.1599,1.0,1.0,1.0,0.4359,1.0,1.0,1.0,0.1809
6010,1.0,1.0,0.0,0.2424,1.0,1.0,1.0,0.5166,1.0,1.0,1.0,0.1122
6011,1.0,1.0,0.0,0.3404,1.0,1.0,1.0,0.5474,1.0,1.0,1.0,0.1517
6012,1.0,1.0,0.0,0.3107,1.0,1.0,1.0,0.6461,1.0,1.0,1.0,0.1055
6013,1.0,1.0,0.0,0.3038,1.0,1.0,1.0,0.5706,1.0,1.0,1.0,0.0767
6014,1.0,1.0,0.0,0.3633,1.0,1.0,1.0,0.6204,1.0,1.0,1.0,0.0674
6015,1.0,1.0,0.0,0.4694,1.0,1.0,1.0,0.5639,1.0,1.0,1.0,0.0772
6016,1.0,1.0,0.0,0.3938,1.0,1.0,1.0,0.3781,1.0,1.0,1.0,0.0683
6017,1.0,1.0,0.0,0.3076,1.0,1.0,1.0,0.2502,1.0,1.0,1.0,0.0562
6018,1.0,1.0,0.0,0.3278,1.0,1.0,1.0,0.0518,1.0,1.0,1.0,0.0806
6019,1.0,1.0,0.0,0.2466,1.0,1.0,1.0,0.0,1.0,1.0,1.0,0.0752
6020,1.0,1.0,0.0,0.1429,1.0,1.0,1.0,0.0,1.0,1.0,1.0,0.0603
6021,1.0,1.0,0.0,0.1139,1.0,1.0,1.0,0.0,1.0,1.0,1.0,0.0719
6022,1.0,1.0,0.0,0.1334,1.0,1.0,1.0,0.0,1.0,1.0,1.0,0.0763
6023,1.0,1.0,0.0,0.2145,1.0,1.0,1.0,0.0,1.0,1.0,1.0,0.0801
6024,1.0,1.0,0.0,0.1785,1.0,1.0,1.0,0.0,1.0,1.0,1.0,0.0965
6025,1.0,1.0,0.0,0.1749,1.0,1.0,1.0,0.0,1.0,1.0,1.0,0.0954
6026,1.0,1.0,0.0,0.1859,1.0,1.0,1.0,0.0,1.0,1.0,1.0,0.128
6027,1.0,1.0,0.0,0.1563,1.0,1.0,1.0,0.0,1.0,1.0,1.0,0.0837
6028,1.0,1.0,0.0,0.1282,1.0,1.0,1.0,0.0,1.0,1.0,1.0,0.128
6029,1.0,1.0,0.0,0.1457,1.0,1.0,1.0,0.0,1.0,1.0,1.0,0.0986
6030,1.0,1.0,0.0,0.1032,1.0,1.0,1.0,0.0496,1.0,1.0,1.0,0.06
6031,1.0,1.0,0.0,0.0838,1.0,1.0,1.0,0.2462,1.0,1.0,1.0,0.0485
6032,1.0,1.0,0.0,0.0818,1.0,1.0,1.0,0.4055,1.0,1.0,1.0,0.0456
6033,1.0,1.0,0.0,0.0945,1.0,1.0,1.0,0.5041,1.0,1.0,1.0,0.0377
6034,1.0,1.0,0.0,0.0602,1.0,1.0,1.0,0.5434,1.0,1.0,1.0,0.029
6035,1.0,1.0,0.0,0.0607,1.0,1.0,1.0,0.5353,1.0,1.0,1.0,0.0437
6036,1.0,1.0,0.0,0.0417,1.0,1.0,1.0,0.7319,1.0,1.0,1.0,0.0346
6037,1.0,1.0,0.0,0.0353,1.0,1.0,1.0,0.7054,1.0,1.0,1.0,0.02
6038,1.0,1.0,0.0,0.0493,1.0,1.0,1.0,0.6964,1.0,1.0,1.0,0.02
6039,1.0,1.0,0.0,0.051,1.0,1.0,1.0,0.6207,1.0,1.0,1.0,0.0363
6040,1.0,1.0,0.0,0.093,1.0,1.0,1.0,0.4577,1.0,1.0,1.0,0.027
6041,1.0,1.0,0.0,0.0944,1.0,1.0,1.0,0.2424,1.0,1.0,1.0,0.0214
6042,1.0,1.0,0.0,0.1322,1.0,1.0,1.0,0.055,1.0,1.0,1.0,0.0202
6043,1.0,1.0,0.0,0.1717,1.0,1.0,1.0,0.0,1.0,1.0,1.0,0.0371
6044,1.0,1.0,0.0,0.1739,1.0,1.0,1.0,0.0,1.0,1.0,1.0,0.035
6045,1.0,1.0,0.0,0.1194,1.0,1.0,1.0,0.0,1.0,1.0,1.0,0.0264
6046,1.0,1.0,0.0,0.119,1.0,1.0,1.0,0.0,1.0,1.0,1.0,0.0322
6047,1.0,1.0,0.0,0.1038,1.0,1.0,1.0,0.0,1.0,1.0,1.0,0.0379
6048,1.0,1.0,0.0,0.0903,1.0,1.0,1.0,0.0,1.0,1.0,1.0,0.0479
6049,1.0,1.0,0.0,0.0986,1.0,1.0,1.0,0.0,1.0,1.0,1.0,0.0354
6050,1.0,1.0,0.0,0.0642,1.0,1.0,1.0,0.0,1.0,1.0,1.0,0.0312
6051,1.0,1.0,0.0,0.0506,1.0,1.0,1.0,0.0,1.0,1.0,1.0,0.0488
6052,1.0,1.0,0.0,0.0382,1.0,1.0,1.0,0.0,1.0,1.0,1.0,0.059
6053,1.0,1.0,0.0,0.0376,1.0,1.0,1.0,0.0,1.0,1.0,1.0,0.0806
6054,1.0,1.0,0.0,0.031,1.0,1.0,1.0,0.0476,1.0,1.0,1.0,0.0823
6055,1.0,1.0,0.0,0.0263,1.0,1.0,1.0,0.2522,1.0,1.0,1.0,0.119
6056,1.0,1.0,0.0,0.0298,1.0,1.0,1.0,0.4566,1.0,1.0,1.0,0.1335
6057,1.0,1.0,0.0,0.0277,1.0,1.0,1.0,0.6407,1.0,1.0,1.0,0.1161
6058,1.0,1.0,0.0,0.03,1.0,1.0,1.0,0.7702,1.0,1.0,1.0,0.1494
6059,1.0,1.0,0.0,0.0221,1.0,1.0,1.0,0.8513,1.0,1.0,1.0,0.1166
6060,1.0,1.0,0.0,0.02,1.0,1.0,1.0,0.8789,1.0,1.0,1.0,0.1891
6061,1.0,1.0,0.0,0.0397,1.0,1.0,1.0,0.8312,1.0,1.0,1.0,0.2514
6062,1.0,1.0,0.0,0.0335,1.0,1.0,1.0,0.7702,1.0,1.0,1.0,0.2328
6063,1.0,1.0,0.0,0.02,1.0,1.0,1.0,0.6407,1.0,1.0,1.0,0.2221
6064,1.0,1.0,0.0,0.0217,1.0,1.0,1.0,0.4709,1.0,1.0,1.0,0.2312
6065,1.0,1.0,0.0,0.02,1.0,1.0,1.0,0.2557,1.0,1.0,1.0,0.2214
6066,1.0,1.0,0.0,0.0221,1.0,1.0,1.0,0.0415,1.0,1.0,1.0,0.3122
6067,1.0,1.0,0.0,0.0233,1.0,1.0,1.0,0.0,1.0,1.0,1.0,0.2716
6068,1.0,1.0,0.0,0.0305,1.0,1.0,1.0,0.0,1.0,1.0,1.0,0.1803
6069,1.0,1.0,0.0,0.0318,1.0,1.0,1.0,0.0,1.0,1.0,1.0,0.1692
6070,1.0,1.0,0.0,0.0317,1.0,1.0,1.0,0.0,1.0,1.0,1.0,0.2122
6071,1.0,1.0,0.0,0.0502,1.0,1.0,1.0,0.0,1.0,1.0,1.0,0.279
6072,1.0,1.0,0.0,0.0254,1.0,1.0,1.0,0.0,1.0,1.0,1.0,0.2881
6073,1.0,1.0,0.0,0.02,1.0,1.0,1.0,0.0,1.0,1.0,1.0,0.244
6074,1.0,1.0,0.0,0.02,1.0,1.0,1.0,0.0,1.0,1.0,1.0,0.2416
6075,1.0,1.0,0.0,0.02,1.0,1.0,1.0,0.0,1.0,1.0,1.0,0.2025
6076,1.0,1.0,0.0,0.02,1.0,1.0,1.0,0.0,1.0,1.0,1.0,0.1027
6077,1.0,1.0,0.0,0.02,1.0,1.0,1.0,0.0,1.0,1.0,1.0,0.0807
6078,1.0,1.0,0.0,0.02,1.0,1.0,1.0,0.039,1.0,1.0,1.0,0.0986
6079,1.0,1.0,0.0,0.02,1.0,1.0,1.0,0.1714,1.0,1.0,1.0,0.0934
6080,1.0,1.0,0.0,0.02,1.0,1.0,1.0,0.2099,1.0,1.0,1.0,0.0876
6081,1.0,1.0,0.0,0.02,1.0,1.0,1.0,0.2674,1.0,1.0,1.0,0.1281
6082,1.0,1.0,0.0,0.02,1.0,1.0,1.0,0.4392,1.0,1.0,1.0,0.0972
6083,1.0,1.0,0.0,0.02,1.0,1.0,1.0,0.6127,1.0,1.0,1.0,0.0761
6084,1.0,1.0,0.0,0.0256,1.0,1.0,1.0,0.5321,1.0,1.0,1.0,0.0881
6085,1.0,1.0,0.0,0.02,1.0,1.0,1.0,0.4328,1.0,1.0,1.0,0.0726
6086,1.0,1.0,0.0,0.0349,1.0,1.0,1.0,0.464,1.0,1.0,1.0,0.0599
6087,1.0,1.0,0.0,0.0298,1.0,1.0,1.0,0.3786,1.0,1.0,1.0,0.1033
6088,1.0,1.0,0.0,0.0249,1.0,1.0,1.0,0.3404,1.0,1.0,1.0,0.0757
6089,1.0,1.0,0.0,0.0317,1.0,1.0,1.0,0.2139,1.0,1.0,1.0,0.0621
6090,1.0,1.0,0.0,0.0413,1.0,1.0,1.0,0.0443,1.0,1.0,1.0,0.075
6091,1.0,1.0,0.0,0.043,1.0,1.0,1.0,0.0,1.0,1.0,1.0,0.0769
6092,1.0,1.0,0.0,0.0408,1.0,1.0,1.0,0.0,1.0,1.0,1.0,0.051
6093,1.0,1.0,0.0,0.0643,1.0,1.0,1.0,0.0,1.0,1.0,1.0,0.096
6094,1.0,1.0,0.0,0.0551,1.0,1.0,1.0,0.0,1.0,1.0,1.0,0.077
6095,1.0,1.0,0.0,0.0569,1.0,1.0,1.0,0.0,1.0,1.0,1.0,0.074
6096,1.0,1.0,0.0,0.1044,1.0,1.0,1.0,0.0,1.0,1.0,1.0,0.0893
6097,1.0,1.0,0.0,0.0705,1.0,1.0,1.0,0.0,1.0,1.0,1.0,0.1784
6098,1.0,1.0,0.0,0.0637,1.0,1.0,1.0,0.0,1.0,1.0,1.0,0.1603
6099,1.0,1.0,0.0,0.0933,1.0,1.0,1.0,0.0,1.0,1.0,1.0,0.1235
6100,1.0,1.0,0.0,0.1143,1.0,1.0,1.0,0.0,1.0,1.0,1.0,0.1471
6101,1.0,1.0,0.0,0.1546,1.0,1.0,1.0,0.0,1.0,1.0,1.0,0.2679
6102,1.0,1.0,0.0,0.1055,1.0,1.0,1.0,0.0136,1.0,1.0,1.0,0.2771
6103,1.0,1.0,0.0,0.1206,1.0,1.0,1.0,0.0764,1.0,1.0,1.0,0.2571
6104,1.0,1.0,0.0,0.1138,1.0,1.0,1.0,0.1855,1.0,1.0,1.0,0.2842
6105,1.0,1.0,0.0,0.2276,1.0,1.0,1.0,0.2664,1.0,1.0,1.0,0.1606
6106,1.0,1.0,0.0,0.2833,1.0,1.0,1.0,0.335,1.0,1.0,1.0,0.1358
6107,1.0,1.0,0.0,0.2821,1.0,1.0,1.0,0.4575,1.0,1.0,1.0,0.0783
6108,1.0,1.0,0.0,0.3032,1.0,1.0,1.0,0.6176,1.0,1.0,1.0,0.0725
6109,1.0,1.0,0.0,0.307,1.0,1.0,1.0,0.7639,1.0,1.0,1.0,0.064
6110,1.0,1.0,0.0,0.3609,1.0,1.0,1.0,0.6949,1.0,1.0,1.0,0.0277
6111,1.0,1.0,0.0,0.2932,1.0,1.0,1.0,0.5582,1.0,1.0,1.0,0.0317
6112,1.0,1.0,0.0,0.4009,1.0,1.0,1.0,0.391,1.0,1.0,1.0,0.0418
6113,1.0,1.0,0.0,0.2933,1.0,1.0,1.0,0.2344,1.0,1.0,1.0,0.0416
6114,1.0,1.0,0.0,0.3085,1.0,1.0,1.0,0.0399,1.0,1.0,1.0,0.0264
6115,1.0,1.0,0.0,0.2502,1.0,1.0,1.0,0.0,1.0,1.0,1.0,0.0436
6116,1.0,1.0,0.0,0.2543,1.0,1.0,1.0,0.0,1.0,1.0,1.0,0.086
6117,1.0,1.0,0.0,0.3266,1.0,1.0,1.0,0.0,1.0,1.0,1.0,0.1013
6118,1.0,1.0,0.0,0.2096,1.0,1.0,1.0,0.0,1.0,1.0,1.0,0.0934
6119,1.0,1.0,0.0,0.2021,1.0,1.0,1.0,0.0,1.0,1.0,1.0,0.0866
6120,1.0,1.0,0.0,0.1354,1.0,1.0,1.0,0.0,1.0,1.0,1.0,0.1037
6121,1.0,1.0,0.0,0.1277,1.0,1.0,1.0,0.0,1.0,1.0,1.0,0.11
6122,1.0,1.0,0.0,0.0836,1.0,1.0,1.0,0.0,1.0,1.0,1.0,0.1293
6123,1.0,1.0,0.0,0.0918,1.0,1.0,1.0,0.0,1.0,1.0,1.0,0.1514
6124,1.0,1.0,0.0,0.0833,1.0,1.0,1.0,0.0,1.0,1.0,1.0,0.1233
6125,1.0,1.0,0.0,0.11,1.0,1.0,1.0,0.0,1.0,1.0,1.0,0.0978
6126,1.0,1.0,0.0,0.1647,1.0,1.0,1.0,0.0344,1.0,1.0,1.0,0.0925
6127,1.0,1.0,0.0,0.1684,1.0,1.0,1.0,0.2188,1.0,1.0,1.0,0.1108
6128,1.0,1.0,0.0,0.2206,1.0,1.0,1.0,0.4512,1.0,1.0,1.0,0.0693
6129,1.0,1.0,0.0,0.3173,1.0,1.0,1.0,0.6176,1.0,1.0,1.0,0.0672
6130,1.0,1.0,0.0,0.2512,1.0,1.0,1.0,0.7181,1.0,1.0,1.0,0.0695
6131,1.0,1.0,0.0,0.3583,1.0,1.0,1.0,0.8433,1.0,1.0,1.0,0.0619
6132,1.0,1.0,0.0,0.3534,1.0,1.0,1.0,0.8712,1.0,1.0,1.0,0.1018
6133,1.0,1.0,0.0,0.278,1.0,1.0,1.0,0.8433,1.0,1.0,1.0,0.153
6134,1.0,1.0,0.0,0.3001,1.0,1.0,1.0,0.7612,1.0,1.0,1.0,0.1757
6135,1.0,1.0,0.0,0.2947,1.0,1.0,1.0,0.5599,1.0,1.0,1.0,0.2868
6136,1.0,1.0,0.0,0.2035,1.0,1.0,1.0,0.4191,1.0,1.0,1.0,0.3527
6137,1.0,1.0,0.0,0.15,1.0,1.0,1.0,0.2182,1.0,1.0,1.0,0.3605
6138,1.0,1.0,0.0,0.2431,1.0,1.0,1.0,0.0338,1.0,1.0,1.0,0.32
6139,1.0,1.0,0.0,0.2631,1.0,1.0,1.0,0.0,1.0,1.0,1.0,0.2889
6140,1.0,1.0,0.0,0.3761,1.0,1.0,1.0,0.0,1.0,1.0,1.0,0.3162
6141,1.0,1.0,0.0,0.3401,1.0,1.0,1.0,0.0,1.0,1.0,1.0,0.2871
6142,1.0,1.0,0.0,0.2791,1.0,1.0,1.0,0.0,1.0,1.0,1.0,0.1909
6143,1.0,1.0,0.0,0.1772,1.0,1.0,1.0,0.0,1.0,1.0,1.0,0.1729
6144,1.0,1.0,0.0,0.2371,1.0,1.0,1.0,0.0,1.0,1.0,1.0,0.2348
6145,1.0,1.0,0.0,0.266,1.0,1.0,1.0,0.0,1.0,1.0,1.0,0.1113
6146,1.0,1.0,0.0,0.2399,1.0,1.0,1.0,0.0,1.0,1.0,1.0,0.1744
6147,1.0,1.0,0.0,0.1944,1.0,1.0,1.0,0.0,1.0,1.0,1.0,0.2078
6148,1.0,1.0,0.0,0.267,1.0,1.0,1.0,0.0,1.0,1.0,1.0,0.1961
6149,1.0,1.0,0.0,0.2559,1.0,1.0,1.0,0.0,1.0,1.0,1.0,0.2144
6150,1.0,1.0,0.0,0.2462,1.0,1.0,1.0,0.0315,1.0,1.0,1.0,0.2781
6151,1.0,1.0,0.0,0.2106,1.0,1.0,1.0,0.2137,1.0,1.0,1.0,0.28
6152,1.0,1.0,0.0,0.19,1.0,1.0,1.0,0.3982,1.0,1.0,1.0,0.3509
6153,1.0,1.0,0.0,0.2245,1.0,1.0,1.0,0.5413,1.0,1.0,1.0,0.4183
6154,1.0,1.0,0.0,0.1514,1.0,1.0,1.0,0.7292,1.0,1.0,1.0,0.4282
6155,1.0,1.0,0.0,0.1585,1.0,1.0,1.0,0.8406,1.0,1.0,1.0,0.3318
6156,1.0,1.0,0.0,0.2124,1.0,1.0,1.0,0.8687,1.0,1.0,1.0,0.3221
6157,1.0,1.0,0.0,0.2098,1.0,1.0,1.0,0.8406,1.0,1.0,1.0,0.1874
6158,1.0,1.0,0.0,0.2803,1.0,1.0,1.0,0.7582,1.0,1.0,1.0,0.2145
6159,1.0,1.0,0.0,0.3844,1.0,1.0,1.0,0.5978,1.0,1.0,1.0,0.1921
6160,1.0,1.0,0.0,0.4585,1.0,1.0,1.0,0.4549,1.0,1.0,1.0,0.1625
6161,1.0,1.0,0.0,0.4073,1.0,1.0,1.0,0.2145,1.0,1.0,1.0,0.1991
6162,1.0,1.0,0.0,0.4009,1.0,1.0,1.0,0.0202,1.0,1.0,1.0,0.1388
6163,1.0,1.0,0.0,0.427,1.0,1.0,1.0,0.0,1.0,1.0,1.0,0.1465
6164,1.0,1.0,0.0,0.3834,1.0,1.0,1.0,0.0,1.0,1.0,1.0,0.1348
6165,1.0,1.0,0.0,0.3401,1.0,1.0,1.0,0.0,1.0,1.0,1.0,0.1304
6166,1.0,1.0,0.0,0.2962,1.0,1.0,1.0,0.0,1.0,1.0,1.0,0.1453
6167,1.0,1.0,0.0,0.5063,1.0,1.0,1.0,0.0,1.0,1.0,1.0,0.2477
6168,1.0,1.0,1.0,0.478,1.0,1.0,1.0,0.0,1.0,1.0,1.0,0.2767
6169,1.0,1.0,1.0,0.5655,1.0,1.0,1.0,0.0,1.0,1.0,1.0,0.3806
6170,1.0,1.0,1.0,0.4815,1.0,1.0,1.0,0.0,1.0,1.0,1.0,0.4964
6171,1.0,1.0,1.0,0.6221,1.0,1.0,1.0,0.0,1.0,1.0,1.0,0.5559
6172,1.0,1.0,1.0,0.5807,1.0,1.0,1.0,0.0,1.0,1.0,1.0,0.3875
6173,1.0,1.0,1.0,0.5767,1.0,1.0,1.0,0.0,1.0,1.0,1.0,0.3639
6174,1.0,1.0,1.0,0.4093,1.0,1.0,1.0,0.026,1.0,1.0,1.0,0.2781
6175,1.0,1.0,1.0,0.5024,1.0,1.0,1.0,0.2,1.0,1.0,1.0,0.5116
6176,1.0,1.0,1.0,0.6108,1.0,1.0,1.0,0.3239,1.0,1.0,1.0,0.4165
6177,1.0,1.0,1.0,0.499,1.0,1.0,1.0,0.4168,1.0,1.0,1.0,0.2929
6178,1.0,1.0,1.0,0.5944,1.0,1.0,1.0,0.6286,1.0,1.0,1.0,0.1353
6179,1.0,1.0,1.0,0.4694,1.0,1.0,1.0,0.6811,1.0,1.0,1.0,0.1004
6180,1.0,1.0,1.0,0.5192,1.0,1.0,1.0,0.7204,1.0,1.0,1.0,0.1077
6181,1.0,1.0,1.0,0.4871,1.0,1.0,1.0,0.5985,1.0,1.0,1.0,0.1543
6182,1.0,1.0,1.0,0.5968,1.0,1.0,1.0,0.7045,1.0,1.0,1.0,0.1135
6183,1.0,1.0,1.0,0.6088,1.0,1.0,1.0,0.5333,1.0,1.0,1.0,0.166
6184,1.0,1.0,1.0,0.6748,1.0,1.0,1.0,0.3431,1.0,1.0,1.0,0.1654
6185,1.0,1.0,1.0,0.7532,1.0,1.0,1.0,0.1905,1.0,1.0,1.0,0.1455
6186,1.0,1.0,1.0,0.7222,1.0,1.0,1.0,0.0217,1.0,1.0,1.0,0.1561
6187,1.0,1.0,1.0,0.7091,1.0,1.0,1.0,0.0,1.0,1.0,1.0,0.2367
6188,1.0,1.0,1.0,0.6107,1.0,1.0,1.0,0.0,1.0,1.0,1.0,0.2407
6189,1.0,1.0,1.0,0.576,1.0,1.0,1.0,0.0,1.0,1.0,1.0,0.1776
6190,1.0,1.0,1.0,0.7204,1.0,1.0,1.0,0.0,1.0,1.0,1.0,0.2028
6191,1.0,1.0,1.0,0.7608,1.0,1.0,1.0,0.0,1.0,1.0,1.0,0.2288
6192,1.0,1.0,1.0,0.6769,1.0,1.0,1.0,0.0,1.0,1.0,1.0,0.2197
6193,1.0,1.0,1.0,0.7796,1.0,1.0,1.0,0.0,1.0,1.0,1.0,0.2886
6194,1.0,1.0,1.0,0.7919,1.0,1.0,1.0,0.0,1.0,1.0,1.0,0.1536
6195,1.0,1.0,1.0,0.8267,1.0,1.0,1.0,0.0,1.0,1.0,1.0,0.1735
6196,1.0,1.0,1.0,0.8405,1.0,1.0,1.0,0.0,1.0,1.0,1.0,0.2193
6197,1.0,1.0,1.0,0.8499,1.0,1.0,1.0,0.0,1.0,1.0,1.0,0.1457
6198,1.0,1.0,1.0,0.7226,1.0,1.0,1.0,0.0177,1.0,1.0,1.0,0.094
6199,1.0,1.0,1.0,0.7844,1.0,1.0,1.0,0.1732,1.0,1.0,1.0,0.1326
6200,1.0,1.0,1.0,0.6079,1.0,1.0,1.0,0.3418,1.0,1.0,1.0,0.1913
6201,1.0,1.0,1.0,0.6804,1.0,1.0,1.0,0.4714,1.0,1.0,1.0,0.2784
6202,1.0,1.0,1.0,0.6776,1.0,1.0,1.0,0.5752,1.0,1.0,1.0,0.2321
6203,1.0,1.0,1.0,0.7287,1.0,1.0,1.0,0.6764,1.0,1.0,1.0,0.2459
6204,1.0,1.0,1.0,0.7288,1.0,1.0,1.0,0.7586,1.0,1.0,1.0,0.2688
6205,1.0,1.0,1.0,0.7857,1.0,1.0,1.0,0.7647,1.0,1.0,1.0,0.1682
6206,1.0,1.0,1.0,0.7757,1.0,1.0,1.0,0.7521,1.0,1.0,1.0,0.1786
6207,1.0,1.0,1.0,0.7819,1.0,1.0,1.0,0.6197,1.0,1.0,1.0,0.1882
6208,1.0,1.0,1.0,0.795,1.0,1.0,1.0,0.396,1.0,1.0,1.0,0.2337
6209,1.0,1.0,1.0,0.8751,1.0,1.0,1.0,0.237,1.0,1.0,1.0,0.2007
6210,1.0,1.0,1.0,0.8883,1.0,1.0,1.0,0.0244,1.0,1.0,1.0,0.2823
6211,1.0,1.0,1.0,0.8213,1.0,1.0,1.0,0.0,1.0,1.0,1.0,0.2875
6212,1.0,1.0,1.0,0.7785,1.0,1.0,1.0,0.0,1.0,1.0,1.0,0.4226
6213,1.0,1.0,1.0,0.8028,1.0,1.0,1.0,0.0,1.0,1.0,1.0,0.4821
6214,1.0,1.0,1.0,0.8554,1.0,1.0,1.0,0.0,1.0,1.0,1.0,0.4993
6215,1.0,1.0,1.0,0.8094,1.0,1.0,1.0,0.0,1.0,1.0,1.0,0.3902
6216,1.0,1.0,1.0,0.8975,1.0,1.0,1.0,0.0,1.0,1.0,1.0,0.2856
6217,1.0,1.0,1.0,0.8949,1.0,1.0,1.0,0.0,1.0,1.0,1.0,0.4112
6218,1.0,1.0,1.0,0.9002,1.0,1.0,1.0,0.0,1.0,1.0,1.0,0.4822
6219,1.0,1.0,1.0,0.8416,1.0,1.0,1.0,0.0,1.0,1.0,1.0,0.4504
6220,1.0,1.0,1.0,0.8793,1.0,1.0,1.0,0.0,1.0,1.0,1.0,0.4088
6221,1.0,1.0,1.0,0.8513,1.0,1.0,1.0,0.0,1.0,1.0,1.0,0.4231
6222,1.0,1.0,1.0,0.8033,1.0,1.0,1.0,0.0176,1.0,1.0,1.0,0.3097
6223,1.0,1.0,1.0,0.7736,1.0,1.0,1.0,0.2029,1.0,1.0,1.0,0.2746
6224,1.0,1.0,1.0,0.839,1.0,1.0,1.0,0.4104,1.0,1.0,1.0,0.3191
6225,1.0,1.0,1.0,0.8507,1.0,1.0,1.0,0.6162,1.0,1.0,1.0,0.3766
6226,1.0,1.0,1.0,0.7944,1.0,1.0,1.0,0.7099,1.0,1.0,1.0,0.3435
6227,1.0,1.0,1.0,0.7504,1.0,1.0,1.0,0.7743,1.0,1.0,1.0,0.4755
6228,1.0,1.0,1.0,0.8229,1.0,1.0,1.0,0.7939,1.0,1.0,1.0,0.5598
6229,1.0,1.0,1.0,0.7994,1.0,1.0,1.0,0.8267,1.0,1.0,1.0,0.4835
6230,1.0,1.0,1.0,0.8194,1.0,1.0,1.0,0.7491,1.0,1.0,1.0,0.3681
6231,1.0,1.0,1.0,0.8486,1.0,1.0,1.0,0.6162,1.0,1.0,1.0,0.4143
6232,1.0,1.0,1.0,0.6108,1.0,1.0,1.0,0.4426,1.0,1.0,1.0,0.3721
6233,1.0,1.0,1.0,0.7016,1.0,1.0,1.0,0.2285,1.0,1.0,1.0,0.3183
6234,1.0,1.0,1.0,0.6239,1.0,1.0,1.0,0.0206,1.0,1.0,1.0,0.3338
6235,1.0,1.0,1.0,0.5842,1.0,1.0,1.0,0.0,1.0,1.0,1.0,0.3897
6236,1.0,1.0,1.0,0.6992,1.0,1.0,1.0,0.0,1.0,1.0,1.0,0.4532
6237,1.0,1.0,1.0,0.7858,1.0,1.0,1.0,0.0,1.0,1.0,1.0,0.4519
6238,1.0,1.0,1.0,0.8036,1.0,1.0,1.0,0.0,1.0,1.0,1.0,0.265
6239,1.0,1.0,1.0,0.8315,1.0,1.0,1.0,0.0,1.0,1.0,1.0,0.3351
6240,1.0,1.0,1.0,0.867,1.0,0.0,1.0,0.0,1.0,1.0,1.0,0.2752
6241,1.0,1.0,1.0,0.9084,1.0,0.0,1.0,0.0,1.0,1.0,1.0,0.2971
6242,1.0,1.0,1.0,0.9397,1.0,0.0,1.0,0.0,1.0,1.0,1.0,0.2874
6243,1.0,1.0,1.0,0.9356,1.0,0.0,1.0,0.0,1.0,1.0,1.0,0.4688
6244,1.0,1.0,1.0,0.91,1.0,0.0,1.0,0.0,1.0,1.0,1.0,0.6386
6245,1.0,1.0,1.0,0.8938,1.0,0.0,1.0,0.0,1.0,1.0,1.0,0.5894
6246,1.0,1.0,1.0,0.8896,1.0,0.0,1.0,0.0161,1.0,1.0,1.0,0.4626
6247,1.0,1.0,1.0,0.8788,1.0,0.0,1.0,0.2051,1.0,1.0,1.0,0.3502
6248,1.0,1.0,1.0,0.8239,1.0,0.0,1.0,0.3983,1.0,1.0,1.0,0.3695
6249,1.0,1.0,1.0,0.8354,1.0,0.0,1.0,0.606,1.0,1.0,1.0,0.3236
6250,1.0,1.0,1.0,0.7316,1.0,0.0,1.0,0.5941,1.0,1.0,1.0,0.2435
6251,1.0,1.0,1.0,0.7267,1.0,0.0,1.0,0.6055,1.0,1.0,1.0,0.212
6252,1.0,1.0,1.0,0.7264,1.0,0.0,1.0,0.721,1.0,1.0,1.0,0.2414
6253,1.0,1.0,1.0,0.7237,1.0,0.0,1.0,0.7226,1.0,1.0,1.0,0.2372
6254,1.0,1.0,1.0,0.7698,1.0,0.0,1.0,0.5964,1.0,1.0,1.0,0.2089
6255,1.0,1.0,1.0,0.8019,1.0,0.0,1.0,0.5289,1.0,1.0,1.0,0.1906
6256,1.0,1.0,1.0,0.8918,1.0,0.0,1.0,0.3571,1.0,1.0,1.0,0.184
6257,1.0,1.0,1.0,0.863,1.0,0.0,1.0,0.1879,1.0,1.0,1.0,0.1984
6258,1.0,1.0,1.0,0.8651,1.0,0.0,1.0,0.0115,1.0,1.0,1.0,0.2165
6259,1.0,1.0,1.0,0.8645,1.0,0.0,1.0,0.0,1.0,1.0,1.0,0.1354
6260,1.0,1.0,1.0,0.862,1.0,0.0,1.0,0.0,1.0,1.0,1.0,0.1455
6261,1.0,1.0,1.0,0.7875,1.0,0.0,1.0,0.0,1.0,1.0,1.0,0.1332
6262,1.0,1.0,1.0,0.6967,1.0,0.0,1.0,0.0,1.0,1.0,1.0,0.0996
6263,1.0,1.0,1.0,0.6867,1.0,0.0,1.0,0.0,1.0,1.0,1.0,0.0915
6264,1.0,1.0,1.0,0.5482,1.0,0.0,1.0,0.0,1.0,1.0,1.0,0.1366
6265,1.0,1.0,1.0,0.5116,1.0,0.0,1.0,0.0,1.0,1.0,1.0,0.1773
6266,1.0,1.0,1.0,0.4487,1.0,0.0,1.0,0.0,1.0,1.0,1.0,0.1848
6267,1.0,1.0,1.0,0.4187,1.0,0.0,1.0,0.0,1.0,1.0,1.0,0.1439
6268,1.0,1.0,1.0,0.5134,1.0,0.0,1.0,0.0,1.0,1.0,1.0,0.0967
6269,1.0,1.0,1.0,0.4134,1.0,0.0,1.0,0.0,1.0,1.0,1.0,0.074
6270,1.0,1.0,1.0,0.4852,1.0,0.0,1.0,0.0111,1.0,1.0,1.0,0.0775
6271,1.0,1.0,1.0,0.4301,1.0,0.0,1.0,0.2152,1.0,1.0,1.0,0.0817
6272,1.0,1.0,1.0,0.3884,1.0,0.0,1.0,0.411,1.0,1.0,1.0,0.0688
6273,1.0,1.0,1.0,0.4252,1.0,0.0,1.0,0.512,1.0,1.0,1.0,0.0954
6274,1.0,1.0,1.0,0.3982,1.0,0.0,1.0,0.5895,1.0,1.0,1.0,0.1114
6275,1.0,1.0,1.0,0.3236,1.0,0.0,1.0,0.5989,1.0,1.0,1.0,0.0487
6276,1.0,1.0,1.0,0.2955,1.0,0.0,1.0,0.6696,1.0,1.0,1.0,0.0535
6277,1.0,1.0,1.0,0.1841,1.0,0.0,1.0,0.6916,1.0,1.0,1.0,0.0722
6278,1.0,1.0,1.0,0.2083,1.0,0.0,1.0,0.6977,1.0,1.0,1.0,0.0805
6279,1.0,1.0,1.0,0.0828,1.0,0.0,1.0,0.5502,1.0,1.0,1.0,0.1008
6280,1.0,1.0,1.0,0.1144,1.0,0.0,1.0,0.362,1.0,1.0,1.0,0.0959
6281,1.0,1.0,1.0,0.1426,1.0,0.0,1.0,0.1654,1.0,1.0,1.0,0.0972
6282,1.0,1.0,1.0,0.2308,1.0,0.0,1.0,0.0084,1.0,1.0,1.0,0.0991
6283,1.0,1.0,1.0,0.3945,1.0,0.0,1.0,0.0,1.0,1.0,1.0,0.1085
6284,1.0,1.0,1.0,0.4719,1.0,0.0,1.0,0.0,1.0,1.0,1.0,0.0932
6285,1.0,1.0,1.0,0.4127,1.0,0.0,1.0,0.0,1.0,1.0,1.0,0.1354
6286,1.0,1.0,1.0,0.5972,1.0,0.0,1.0,0.0,1.0,1.0,1.0,0.2092
6287,1.0,1.0,1.0,0.485,1.0,0.0,1.0,0.0,1.0,1.0,1.0,0.1816
6288,1.0,1.0,1.0,0.323,1.0,0.0,1.0,0.0,1.0,1.0,1.0,0.1312
6289,1.0,1.0,1.0,0.4767,1.0,0.0,1.0,0.0,1.0,1.0,1.0,0.0884
6290,1.0,1.0,1.0,0.524,1.0,0.0,1.0,0.0,1.0,1.0,1.0,0.1042
6291,1.0,1.0,1.0,0.3572,1.0,0.0,1.0,0.0,1.0,1.0,1.0,0.129
6292,1.0,1.0,1.0,0.2557,1.0,0.0,1.0,0.0,1.0,1.0,1.0,0.1495
6293,1.0,1.0,1.0,0.2958,1.0,0.0,1.0,0.0,1.0,1.0,1.0,0.1762
6294,1.0,1.0,1.0,0.2369,1.0,0.0,1.0,0.0062,1.0,1.0,1.0,0.1513
6295,1.0,1.0,1.0,0.1958,1.0,0.0,1.0,0.2209,1.0,1.0,1.0,0.0833
6296,1.0,1.0,1.0,0.3304,1.0,0.0,1.0,0.4197,1.0,1.0,1.0,0.0738
6297,1.0,1.0,1.0,0.5107,1.0,0.0,1.0,0.6055,1.0,1.0,1.0,0.1296
6298,1.0,1.0,1.0,0.5172,1.0,0.0,1.0,0.74,1.0,1.0,1.0,0.1438
6299,1.0,1.0,1.0,0.4975,1.0,0.0,1.0,0.7948,1.0,1.0,1.0,0.1665
6300,1.0,1.0,1.0,0.5701,1.0,0.0,1.0,0.8215,1.0,1.0,1.0,0.2184
6301,1.0,1.0,1.0,0.5132,1.0,0.0,1.0,0.7211,1.0,1.0,1.0,0.1736
6302,1.0,1.0,1.0,0.3201,1.0,0.0,1.0,0.693,1.0,1.0,1.0,0.1878
6303,1.0,1.0,1.0,0.1517,1.0,0.0,1.0,0.5418,1.0,1.0,1.0,0.2192
6304,1.0,1.0,1.0,0.1519,1.0,0.0,1.0,0.3433,1.0,1.0,1.0,0.1697
6305,1.0,1.0,1.0,0.2005,1.0,0.0,1.0,0.1897,1.0,1.0,1.0,0.1912
6306,1.0,1.0,1.0,0.2042,1.0,0.0,1.0,0.0055,1.0,1.0,1.0,0.2739
6307,1.0,1.0,1.0,0.2573,1.0,0.0,1.0,0.0,1.0,1.0,1.0,0.2469
6308,1.0,1.0,1.0,0.3244,1.0,0.0,1.0,0.0,1.0,1.0,1.0,0.1527
6309,1.0,1.0,1.0,0.4377,1.0,0.0,1.0,0.0,1.0,1.0,1.0,0.1637
6310,1.0,1.0,1.0,0.4497,1.0,0.0,1.0,0.0,1.0,1.0,1.0,0.1369
6311,1.0,1.0,1.0,0.4692,1.0,0.0,1.0,0.0,1.0,1.0,1.0,0.1478
6312,1.0,1.0,1.0,0.4631,1.0,0.0,1.0,0.0,1.0,1.0,1.0,0.1177
6313,1.0,1.0,1.0,0.436,1.0,0.0,1.0,0.0,1.0,1.0,1.0,0.1233
6314,1.0,1.0,1.0,0.305,1.0,0.0,1.0,0.0,1.0,1.0,1.0,0.1821
6315,1.0,1.0,1.0,0.3983,1.0,0.0,1.0,0.0,1.0,1.0,1.0,0.183
6316,1.0,1.0,1.0,0.3639,1.0,0.0,1.0,0.0,1.0,1.0,1.0,0.1133
6317,1.0,1.0,1.0,0.3274,1.0,0.0,1.0,0.0,1.0,1.0,1.0,0.1309
6318,1.0,1.0,1.0,0.2867,1.0,0.0,1.0,0.0012,1.0,1.0,1.0,0.1349
6319,1.0,1.0,1.0,0.2015,1.0,0.0,1.0,0.2134,1.0,1.0,1.0,0.1472
6320,1.0,1.0,1.0,0.1995,1.0,0.0,1.0,0.3434,1.0,1.0,1.0,0.199
6321,1.0,1.0,1.0,0.2331,1.0,0.0,1.0,0.518,1.0,1.0,1.0,0.1731
6322,1.0,1.0,1.0,0.1938,1.0,0.0,1.0,0.5303,1.0,1.0,1.0,0.1616
6323,1.0,1.0,1.0,0.2605,1.0,0.0,1.0,0.5916,1.0,1.0,1.0,0.1206
6324,1.0,1.0,1.0,0.2378,1.0,0.0,1.0,0.6137,1.0,1.0,1.0,0.1315
6325,1.0,1.0,1.0,0.1557,1.0,0.0,1.0,0.6028,1.0,1.0,1.0,0.1416
6326,1.0,1.0,1.0,0.2346,1.0,0.0,1.0,0.552,1.0,1.0,1.0,0.1338
6327,1.0,1.0,1.0,0.2495,1.0,0.0,1.0,0.4588,1.0,1.0,1.0,0.1709
6328,1.0,1.0,1.0,0.3122,1.0,0.0,1.0,0.3408,1.0,1.0,1.0,0.1275
6329,1.0,1.0,1.0,0.3823,1.0,0.0,1.0,0.1761,1.0,1.0,1.0,0.1358
6330,1.0,1.0,1.0,0.3057,1.0,0.0,1.0,0.0012,1.0,1.0,1.0,0.1661
6331,1.0,1.0,1.0,0.2685,1.0,0.0,1.0,0.0,1.0,1.0,1.0,0.1438
6332,1.0,1.0,1.0,0.3467,1.0,0.0,1.0,0.0,1.0,1.0,1.0,0.0962
6333,1.0,1.0,1.0,0.501,1.0,0.0,1.0,0.0,1.0,1.0,1.0,0.0576
6334,1.0,1.0,1.0,0.5005,1.0,0.0,1.0,0.0,1.0,1.0,1.0,0.0638
6335,1.0,1.0,1.0,0.44,1.0,0.0,1.0,0.0,1.0,1.0,1.0,0.1149
6336,1.0,1.0,1.0,0.5842,1.0,0.0,1.0,0.0,1.0,1.0,1.0,0.0985
6337,1.0,1.0,1.0,0.5217,1.0,0.0,1.0,0.0,1.0,1.0,1.0,0.1173
6338,1.0,1.0,1.0,0.5439,1.0,0.0,1.0,0.0,1.0,1.0,1.0,0.0555
6339,1.0,1.0,1.0,0.4994,1.0,0.0,1.0,0.0,1.0,1.0,1.0,0.0661
6340,1.0,1.0,1.0,0.517,1.0,0.0,1.0,0.0,1.0,1.0,1.0,0.0484
6341,1.0,1.0,1.0,0.4284,1.0,0.0,1.0,0.0,1.0,1.0,1.0,0.045
6342,1.0,1.0,1.0,0.3931,1.0,0.0,1.0,0.0,1.0,1.0,1.0,0.049
6343,1.0,1.0,1.0,0.3398,1.0,0.0,1.0,0.1059,1.0,1.0,1.0,0.0297
6344,1.0,1.0,1.0,0.3927,1.0,0.0,1.0,0.2419,1.0,1.0,1.0,0.0904
6345,1.0,1.0,1.0,0.4039,1.0,0.0,1.0,0.3447,1.0,1.0,1.0,0.0772
6346,1.0,1.0,1.0,0.4767,1.0,0.0,1.0,0.5012,1.0,1.0,1.0,0.0978
6347,1.0,1.0,1.0,0.4006,1.0,0.0,1.0,0.4268,1.0,1.0,1.0,0.1595
6348,1.0,1.0,1.0,0.3805,1.0,0.0,1.0,0.4199,1.0,1.0,1.0,0.1768
6349,1.0,1.0,1.0,0.4311,1.0,0.0,1.0,0.4643,1.0,1.0,1.0,0.1245
6350,1.0,1.0,1.0,0.502,1.0,0.0,1.0,0.4626,1.0,1.0,1.0,0.1319
6351,1.0,1.0,1.0,0.3724,1.0,0.0,1.0,0.4151,1.0,1.0,1.0,0.0759
6352,1.0,1.0,1.0,0.3969,1.0,0.0,1.0,0.3063,1.0,1.0,1.0,0.0711
6353,1.0,1.0,1.0,0.3287,1.0,0.0,1.0,0.14,1.0,1.0,1.0,0.1263
6354,1.0,1.0,1.0,0.4018,1.0,0.0,1.0,0.0,1.0,1.0,1.0,0.0833
6355,1.0,1.0,1.0,0.5602,1.0,0.0,1.0,0.0,1.0,1.0,1.0,0.0664
6356,1.0,1.0,1.0,0.3311,1.0,0.0,1.0,0.0,1.0,1.0,1.0,0.1251
6357,1.0,1.0,1.0,0.2819,1.0,0.0,1.0,0.0,1.0,1.0,1.0,0.1217
6358,1.0,1.0,1.0,0.3019,1.0,0.0,1.0,0.0,1.0,1.0,1.0,0.0946
6359,1.0,1.0,1.0,0.302,1.0,0.0,1.0,0.0,1.0,1.0,1.0,0.1108
6360,1.0,1.0,1.0,0.3779,1.0,0.0,1.0,0.0,1.0,1.0,1.0,0.0994
6361,1.0,1.0,1.0,0.3825,1.0,0.0,1.0,0.0,1.0,1.0,1.0,0.0424
6362,1.0,1.0,1.0,0.3378,1.0,0.0,1.0,0.0,1.0,1.0,1.0,0.0285
6363,1.0,1.0,1.0,0.2624,1.0,0.0,1.0,0.0,1.0,1.0,1.0,0.0612
6364,1.0,1.0,1.0,0.1913,1.0,0.0,1.0,0.0,1.0,1.0,1.0,0.0716
6365,1.0,1.0,1.0,0.1569,1.0,0.0,1.0,0.0,1.0,1.0,1.0,0.119
6366,1.0,1.0,1.0,0.1356,1.0,0.0,1.0,0.0,1.0,1.0,1.0,0.0886
6367,1.0,1.0,1.0,0.1564,1.0,0.0,1.0,0.1346,1.0,1.0,1.0,0.0904
6368,1.0,1.0,1.0,0.1528,1.0,0.0,1.0,0.2783,1.0,1.0,1.0,0.0889
6369,1.0,1.0,1.0,0.1287,1.0,0.0,1.0,0.4332,1.0,1.0,1.0,0.0775
6370,1.0,1.0,1.0,0.0969,1.0,0.0,1.0,0.4544,1.0,1.0,1.0,0.0865
6371,1.0,1.0,1.0,0.0806,1.0,0.0,1.0,0.4908,1.0,1.0,1.0,0.0627
6372,1.0,1.0,1.0,0.0703,1.0,0.0,1.0,0.417,1.0,1.0,1.0,0.0972
6373,1.0,1.0,1.0,0.0579,1.0,0.0,1.0,0.411,1.0,1.0,1.0,0.1164
6374,1.0,1.0,1.0,0.0763,1.0,0.0,1.0,0.3465,1.0,1.0,1.0,0.1135
6375,1.0,1.0,1.0,0.1232,1.0,0.0,1.0,0.2741,1.0,1.0,1.0,0.1217
6376,1.0,1.0,1.0,0.088,1.0,0.0,1.0,0.2305,1.0,1.0,1.0,0.114
6377,1.0,1.0,1.0,0.1301,1.0,0.0,1.0,0.128,1.0,1.0,1.0,0.0678
6378,1.0,1.0,1.0,0.1647,1.0,0.0,1.0,0.0,1.0,1.0,1.0,0.0513
6379,1.0,1.0,1.0,0.1772,1.0,0.0,1.0,0.0,1.0,1.0,1.0,0.0511
6380,1.0,1.0,1.0,0.2732,1.0,0.0,1.0,0.0,1.0,1.0,1.0,0.0481
6381,1.0,1.0,1.0,0.2628,1.0,0.0,1.0,0.0,1.0,1.0,1.0,0.0631
6382,1.0,1.0,1.0,0.2925,1.0,0.0,1.0,0.0,1.0,1.0,1.0,0.0795
6383,1.0,1.0,1.0,0.3022,1.0,0.0,1.0,0.0,1.0,1.0,1.0,0.0691
6384,1.0,1.0,1.0,0.3082,1.0,0.0,1.0,0.0,1.0,1.0,1.0,0.0533
6385,1.0,1.0,1.0,0.3438,1.0,0.0,1.0,0.0,1.0,1.0,1.0,0.0721
6386,1.0,1.0,1.0,0.3466,1.0,0.0,1.0,0.0,1.0,1.0,1.0,0.0802
6387,1.0,1.0,1.0,0.3835,1.0,0.0,1.0,0.0,1.0,1.0,1.0,0.0684
6388,1.0,1.0,1.0,0.3279,1.0,0.0,1.0,0.0,1.0,1.0,1.0,0.0492
6389,1.0,1.0,1.0,0.2803,1.0,0.0,1.0,0.0,1.0,1.0,1.0,0.0416
6390,1.0,1.0,1.0,0.2362,1.0,0.0,1.0,0.0,1.0,1.0,1.0,0.0505
6391,1.0,1.0,1.0,0.216,1.0,0.0,1.0,0.1696,1.0,1.0,1.0,0.0924
6392,1.0,1.0,1.0,0.2853,1.0,0.0,1.0,0.3151,1.0,1.0,1.0,0.0896
6393,1.0,1.0,1.0,0.2543,1.0,0.0,1.0,0.4555,1.0,1.0,1.0,0.0712
6394,1.0,1.0,1.0,0.3019,1.0,0.0,1.0,0.6093,1.0,1.0,1.0,0.1463
6395,1.0,1.0,1.0,0.3224,1.0,0.0,1.0,0.7184,1.0,1.0,1.0,0.1336
6396,1.0,1.0,1.0,0.2894,1.0,0.0,1.0,0.7698,1.0,1.0,1.0,0.1072
6397,1.0,1.0,1.0,0.3927,1.0,0.0,1.0,0.7468,1.0,1.0,1.0,0.0974
6398,1.0,1.0,1.0,0.4531,1.0,0.0,1.0,0.6538,1.0,1.0,1.0,0.0872
6399,1.0,1.0,1.0,0.449,1.0,0.0,1.0,0.5851,1.0,1.0,1.0,0.1346
6400,1.0,1.0,1.0,0.4378,1.0,0.0,1.0,0.3523,1.0,1.0,1.0,0.0817
6401,1.0,1.0,1.0,0.4421,1.0,0.0,1.0,0.1654,1.0,1.0,1.0,0.1028
6402,1.0,1.0,1.0,0.3134,1.0,0.0,1.0,0.0,1.0,1.0,1.0,0.1058
6403,1.0,1.0,1.0,0.255,1.0,0.0,1.0,0.0,1.0,1.0,1.0,0.0917
6404,1.0,1.0,1.0,0.2888,1.0,0.0,1.0,0.0,1.0,1.0,1.0,0.0855
6405,1.0,1.0,1.0,0.1898,1.0,0.0,1.0,0.0,1.0,1.0,1.0,0.0821
6406,1.0,1.0,1.0,0.1555,1.0,0.0,1.0,0.0,1.0,1.0,1.0,0.0879
6407,1.0,1.0,1.0,0.1416,1.0,0.0,1.0,0.0,1.0,1.0,1.0,0.079
6408,1.0,1.0,1.0,0.3219,1.0,1.0,1.0,0.0,1.0,1.0,1.0,0.0814
6409,1.0,1.0,1.0,0.3753,1.0,1.0,1.0,0.0,1.0,1.0,1.0,0.0659
6410,1.0,1.0,1.0,0.4668,1.0,1.0,1.0,0.0,1.0,1.0,1.0,0.1376
6411,1.0,1.0,1.0,0.3933,1.0,1.0,1.0,0.0,1.0,1.0,1.0,0.1892
6412,1.0,1.0,1.0,0.4215,1.0,1.0,1.0,0.0,1.0,1.0,1.0,0.2195
6413,1.0,1.0,1.0,0.2797,1.0,1.0,1.0,0.0,1.0,1.0,1.0,0.1957
6414,1.0,1.0,1.0,0.2581,1.0,1.0,1.0,0.0,1.0,1.0,1.0,0.2476
6415,1.0,1.0,1.0,0.2953,1.0,1.0,1.0,0.1487,1.0,1.0,1.0,0.2687
6416,1.0,1.0,1.0,0.2038,1.0,1.0,1.0,0.3158,1.0,1.0,1.0,0.2773
6417,1.0,1.0,1.0,0.2303,1.0,1.0,1.0,0.472,1.0,1.0,1.0,0.2417
6418,1.0,1.0,1.0,0.2637,1.0,1.0,1.0,0.6218,1.0,1.0,1.0,0.261
6419,1.0,1.0,1.0,0.2263,1.0,1.0,1.0,0.7118,1.0,1.0,1.0,0.3898
6420,1.0,1.0,1.0,0.1813,1.0,1.0,1.0,0.7355,1.0,1.0,1.0,0.393
6421,1.0,1.0,1.0,0.1499,1.0,1.0,1.0,0.7355,1.0,1.0,1.0,0.3678
6422,1.0,1.0,1.0,0.1386,1.0,1.0,1.0,0.7015,1.0,1.0,1.0,0.3732
6423,1.0,1.0,1.0,0.1294,1.0,1.0,1.0,0.5875,1.0,1.0,1.0,0.3739
6424,1.0,1.0,1.0,0.1554,1.0,1.0,1.0,0.4039,1.0,1.0,1.0,0.3275
6425,1.0,1.0,1.0,0.1356,1.0,1.0,1.0,0.1672,1.0,1.0,1.0,0.2718
6426,1.0,1.0,1.0,0.2212,1.0,1.0,1.0,0.0,1.0,1.0,1.0,0.3305
6427,1.0,1.0,1.0,0.3351,1.0,1.0,1.0,0.0,1.0,1.0,1.0,0.4278
6428,1.0,1.0,1.0,0.3533,1.0,1.0,1.0,0.0,1.0,1.0,1.0,0.6185
6429,1.0,1.0,1.0,0.3252,1.0,1.0,1.0,0.0,1.0,1.0,1.0,0.6459
6430,1.0,1.0,1.0,0.2855,1.0,1.0,1.0,0.0,1.0,1.0,1.0,0.6447
6431,1.0,1.0,1.0,0.3097,1.0,1.0,1.0,0.0,1.0,1.0,1.0,0.7039
6432,1.0,1.0,1.0,0.35,1.0,1.0,1.0,0.0,1.0,1.0,1.0,0.6233
6433,1.0,1.0,1.0,0.3334,1.0,1.0,1.0,0.0,1.0,1.0,1.0,0.665
6434,1.0,1.0,1.0,0.3032,1.0,1.0,1.0,0.0,1.0,1.0,1.0,0.7313
6435,1.0,1.0,1.0,0.3304,1.0,1.0,1.0,0.0,1.0,1.0,1.0,0.7861
6436,1.0,1.0,1.0,0.3355,1.0,1.0,1.0,0.0,1.0,1.0,1.0,0.8604
6437,1.0,1.0,1.0,0.2921,1.0,1.0,1.0,0.0,1.0,1.0,1.0,0.8216
6438,1.0,1.0,1.0,0.3012,1.0,1.0,1.0,0.0,1.0,1.0,1.0,0.7827
6439,1.0,1.0,1.0,0.2591,1.0,1.0,1.0,0.1642,1.0,1.0,1.0,0.7577
6440,1.0,1.0,1.0,0.2134,1.0,1.0,1.0,0.4022,1.0,1.0,1.0,0.6655
6441,1.0,1.0,1.0,0.2159,1.0,1.0,1.0,0.5626,1.0,1.0,1.0,0.6959
6442,1.0,1.0,1.0,0.1863,1.0,1.0,1.0,0.6956,1.0,1.0,1.0,0.7334
6443,1.0,1.0,1.0,0.1533,1.0,1.0,1.0,0.6633,1.0,1.0,1.0,0.7596
6444,1.0,1.0,1.0,0.2118,1.0,1.0,1.0,0.6474,1.0,1.0,1.0,0.7578
6445,1.0,1.0,1.0,0.1924,1.0,1.0,1.0,0.5951,1.0,1.0,1.0,0.807
6446,1.0,1.0,1.0,0.3167,1.0,1.0,1.0,0.5676,1.0,1.0,1.0,0.8266
6447,1.0,1.0,1.0,0.3661,1.0,1.0,1.0,0.4269,1.0,1.0,1.0,0.7818
6448,1.0,1.0,1.0,0.3011,1.0,1.0,1.0,0.3025,1.0,1.0,1.0,0.5443
6449,1.0,1.0,1.0,0.3934,1.0,1.0,1.0,0.1401,1.0,1.0,1.0,0.5072
6450,1.0,1.0,1.0,0.3333,1.0,1.0,1.0,0.0,1.0,1.0,1.0,0.5035
6451,1.0,1.0,1.0,0.4989,1.0,1.0,1.0,0.0,1.0,1.0,1.0,0.5007
6452,1.0,1.0,1.0,0.5131,1.0,1.0,1.0,0.0,1.0,1.0,1.0,0.4781
6453,1.0,1.0,1.0,0.5544,1.0,1.0,1.0,0.0,1.0,1.0,1.0,0.4254
6454,1.0,1.0,1.0,0.5499,1.0,1.0,1.0,0.0,1.0,1.0,1.0,0.3508
6455,1.0,1.0,1.0,0.5658,1.0,1.0,1.0,0.0,1.0,1.0,1.0,0.2716
6456,1.0,1.0,1.0,0.5408,1.0,1.0,1.0,0.0,1.0,1.0,1.0,0.3052
6457,1.0,1.0,1.0,0.4533,1.0,1.0,1.0,0.0,1.0,1.0,1.0,0.3907
6458,1.0,1.0,1.0,0.4788,1.0,1.0,1.0,0.0,1.0,1.0,1.0,0.2898
6459,1.0,1.0,1.0,0.5632,1.0,1.0,1.0,0.0,1.0,1.0,1.0,0.2853
6460,1.0,1.0,1.0,0.4521,1.0,1.0,1.0,0.0,1.0,1.0,1.0,0.3448
6461,1.0,1.0,1.0,0.5819,1.0,1.0,1.0,0.0,1.0,1.0,1.0,0.3282
6462,1.0,1.0,1.0,0.6245,1.0,1.0,1.0,0.0,1.0,1.0,1.0,0.3843
6463,1.0,1.0,1.0,0.579,1.0,1.0,1.0,0.1501,1.0,1.0,1.0,0.4732
6464,1.0,1.0,1.0,0.5319,1.0,1.0,1.0,0.355,1.0,1.0,1.0,0.5017
6465,1.0,1.0,1.0,0.6801,1.0,1.0,1.0,0.5783,1.0,1.0,1.0,0.4516
6466,1.0,1.0,1.0,0.7385,1.0,1.0,1.0,0.703,1.0,1.0,1.0,0.5608
6467,1.0,1.0,1.0,0.7996,1.0,1.0,1.0,0.7273,1.0,1.0,1.0,0.529
6468,1.0,1.0,1.0,0.7742,1.0,1.0,1.0,0.69,1.0,1.0,1.0,0.4979
6469,1.0,1.0,1.0,0.797,1.0,1.0,1.0,0.7409,1.0,1.0,1.0,0.5361
6470,1.0,1.0,1.0,0.8064,1.0,1.0,1.0,0.7185,1.0,1.0,1.0,0.5019
6471,1.0,1.0,1.0,0.7859,1.0,1.0,1.0,0.5505,1.0,1.0,1.0,0.4755
6472,1.0,1.0,1.0,0.7821,1.0,1.0,1.0,0.2955,1.0,1.0,1.0,0.437
6473,1.0,1.0,1.0,0.8328,1.0,1.0,1.0,0.1441,1.0,1.0,1.0,0.4167
6474,1.0,1.0,1.0,0.8905,1.0,1.0,1.0,0.0,1.0,1.0,1.0,0.4293
6475,1.0,1.0,1.0,0.8724,1.0,1.0,1.0,0.0,1.0,1.0,1.0,0.2701
6476,1.0,1.0,1.0,0.7995,1.0,1.0,1.0,0.0,1.0,1.0,1.0,0.2639
6477,1.0,1.0,1.0,0.8693,1.0,1.0,1.0,0.0,1.0,1.0,1.0,0.1625
6478,1.0,1.0,1.0,0.9165,1.0,1.0,1.0,0.0,1.0,1.0,1.0,0.1467
6479,1.0,1.0,1.0,0.9199,1.0,1.0,1.0,0.0,1.0,1.0,1.0,0.1657
6480,1.0,1.0,1.0,0.9518,1.0,1.0,1.0,0.0,1.0,0.0,1.0,0.1544
6481,1.0,1.0,1.0,0.952,1.0,1.0,1.0,0.0,1.0,0.0,1.0,0.193
6482,1.0,1.0,1.0,0.928,1.0,1.0,1.0,0.0,1.0,0.0,1.0,0.2153
6483,1.0,1.0,1.0,0.8807,1.0,1.0,1.0,0.0,1.0,0.0,1.0,0.1155
6484,1.0,1.0,1.0,0.8107,1.0,1.0,1.0,0.0,1.0,0.0,1.0,0.1704
6485,1.0,1.0,1.0,0.8007,1.0,1.0,1.0,0.0,1.0,0.0,1.0,0.1862
6486,1.0,1.0,1.0,0.762,1.0,1.0,1.0,0.0,1.0,0.0,1.0,0.1602
6487,1.0,1.0,1.0,0.7119,1.0,1.0,1.0,0.1082,1.0,0.0,1.0,0.142
6488,1.0,1.0,1.0,0.6938,1.0,1.0,1.0,0.2594,1.0,0.0,1.0,0.0758
6489,1.0,1.0,1.0,0.745,1.0,1.0,1.0,0.4085,1.0,0.0,1.0,0.0849
6490,1.0,1.0,1.0,0.6956,1.0,1.0,1.0,0.4499,1.0,0.0,1.0,0.1086
6491,1.0,1.0,1.0,0.6294,1.0,1.0,1.0,0.3328,1.0,0.0,1.0,0.0905
6492,1.0,1.0,1.0,0.5802,1.0,1.0,1.0,0.3895,1.0,0.0,1.0,0.0703
6493,1.0,1.0,1.0,0.6489,1.0,1.0,1.0,0.4468,1.0,0.0,1.0,0.0771
6494,1.0,1.0,1.0,0.634,1.0,1.0,1.0,0.4075,1.0,0.0,1.0,0.1175
6495,1.0,1.0,1.0,0.6477,1.0,1.0,1.0,0.3752,1.0,0.0,1.0,0.1678
6496,1.0,1.0,1.0,0.7526,1.0,1.0,1.0,0.2342,1.0,0.0,1.0,0.2158
6497,1.0,1.0,1.0,0.8862,1.0,1.0,1.0,0.1108,1.0,0.0,1.0,0.3609
6498,1.0,1.0,1.0,0.8996,1.0,1.0,1.0,0.0,1.0,0.0,1.0,0.4359
6499,1.0,1.0,1.0,0.9085,1.0,1.0,1.0,0.0,1.0,0.0,1.0,0.5319
6500,1.0,0.6,1.0,0.8569,1.0,1.0,1.0,0.0,1.0,0.0,1.0,0.5318
6501,1.0,0.6,1.0,0.8633,1.0,1.0,1.0,0.0,1.0,0.0,1.0,0.4938
6502,1.0,0.6,1.0,0.8567,1.0,1.0,1.0,0.0,1.0,0.0,1.0,0.5856
6503,1.0,0.6,1.0,0.8834,1.0,1.0,1.0,0.0,1.0,0.0,1.0,0.4913
6504,1.0,0.6,1.0,0.8599,1.0,1.0,1.0,0.0,1.0,0.0,1.0,0.5242
6505,1.0,0.6,1.0,0.8592,1.0,1.0,1.0,0.0,1.0,0.0,1.0,0.4637
6506,1.0,0.6,1.0,0.8749,1.0,1.0,1.0,0.0,1.0,0.0,1.0,0.4877
6507,1.0,0.6,1.0,0.9262,1.0,1.0,1.0,0.0,1.0,0.0,1.0,0.5048
6508,1.0,0.6,1.0,0.9516,1.0,1.0,1.0,0.0,1.0,0.0,1.0,0.5122
6509,1.0,0.6,1.0,0.9648,1.0,1.0,1.0,0.0,1.0,0.0,1.0,0.5036
6510,1.0,0.6,1.0,0.9691,1.0,1.0,1.0,0.0,1.0,0.0,1.0,0.5433
6511,1.0,0.6,1.0,0.9597,1.0,1.0,1.0,0.1768,1.0,0.0,1.0,0.5949
6512,1.0,0.6,1.0,0.9647,1.0,1.0,1.0,0.3758,1.0,0.0,1.0,0.4641
6513,1.0,0.6,1.0,0.9486,1.0,1.0,1.0,0.5082,1.0,0.0,1.0,0.4546
6514,1.0,0.6,1.0,0.939,1.0,1.0,1.0,0.6377,1.0,0.0,1.0,0.4135
6515,1.0,0.6,1.0,0.9628,1.0,1.0,1.0,0.6622,1.0,0.0,1.0,0.4261
6516,1.0,0.6,1.0,0.9652,1.0,1.0,1.0,0.7136,1.0,0.0,1.0,0.3866
6517,1.0,0.6,1.0,0.9638,1.0,1.0,1.0,0.5726,1.0,0.0,1.0,0.493
6518,1.0,0.6,1.0,0.9639,1.0,1.0,1.0,0.4554,1.0,0.0,1.0,0.4805
6519,1.0,0.6,1.0,0.9582,1.0,1.0,1.0,0.3421,1.0,0.0,1.0,0.5604
6520,1.0,0.6,1.0,0.9057,1.0,1.0,1.0,0.2392,1.0,0.0,1.0,0.4689
6521,1.0,0.6,1.0,0.8494,1.0,1.0,1.0,0.0941,1.0,0.0,1.0,0.4389
6522,1.0,0.6,1.0,0.8668,1.0,1.0,1.0,0.0,1.0,0.0,1.0,0.3822
6523,1.0,0.6,1.0,0.8135,1.0,1.0,1.0,0.0,1.0,0.0,1.0,0.4122
6524,1.0,0.6,1.0,0.7973,1.0,1.0,1.0,0.0,1.0,0.0,1.0,0.3131
6525,1.0,0.6,1.0,0.7062,1.0,1.0,1.0,0.0,1.0,0.0,1.0,0.1999
6526,1.0,0.6,1.0,0.6406,1.0,1.0,1.0,0.0,1.0,0.0,1.0,0.1692
6527,1.0,0.6,1.0,0.6312,1.0,1.0,1.0,0.0,1.0,0.0,1.0,0.202
6528,1.0,0.6,1.0,0.6969,1.0,1.0,1.0,0.0,1.0,0.0,1.0,0.1634
6529,1.0,0.6,1.0,0.7649,1.0,1.0,1.0,0.0,1.0,0.0,1.0,0.1798
6530,1.0,0.6,1.0,0.7039,1.0,1.0,1.0,0.0,1.0,0.0,1.0,0.1512
6531,1.0,0.6,1.0,0.7163,1.0,1.0,1.0,0.0,1.0,0.0,1.0,0.09
6532,1.0,0.6,1.0,0.5935,1.0,1.0,1.0,0.0,1.0,0.0,1.0,0.1221
6533,1.0,0.6,1.0,0.5903,1.0,1.0,1.0,0.0,1.0,0.0,1.0,0.1529
6534,1.0,0.6,1.0,0.6608,1.0,1.0,1.0,0.0,1.0,0.0,1.0,0.1543
6535,1.0,0.6,1.0,0.6461,1.0,1.0,1.0,0.1391,1.0,0.0,1.0,0.1595
6536,1.0,0.6,1.0,0.7356,1.0,1.0,1.0,0.3033,1.0,0.0,1.0,0.153
6537,1.0,0.6,1.0,0.7797,1.0,1.0,1.0,0.3968,1.0,0.0,1.0,0.1143
6538,1.0,0.6,1.0,0.7841,1.0,1.0,1.0,0.5399,1.0,0.0,1.0,0.1743
6539,1.0,0.6,1.0,0.7581,1.0,1.0,1.0,0.5225,1.0,0.0,1.0,0.1721
6540,1.0,0.6,1.0,0.7109,1.0,1.0,1.0,0.5043,1.0,0.0,1.0,0.1941
6541,1.0,0.6,1.0,0.5844,1.0,1.0,1.0,0.5486,1.0,0.0,1.0,0.1705
6542,1.0,0.6,1.0,0.4641,1.0,1.0,1.0,0.5159,1.0,0.0,1.0,0.1969
6543,1.0,0.6,1.0,0.5467,1.0,1.0,1.0,0.3992,1.0,0.0,1.0,0.2711
6544,1.0,0.6,1.0,0.6661,1.0,1.0,1.0,0.2248,1.0,0.0,1.0,0.2834
6545,1.0,0.6,1.0,0.5671,1.0,1.0,1.0,0.1077,1.0,0.0,1.0,0.31
6546,1.0,0.6,1.0,0.5658,1.0,1.0,1.0,0.0,1.0,0.0,1.0,0.3786
6547,1.0,0.6,1.0,0.4217,1.0,1.0,1.0,0.0,1.0,0.0,1.0,0.4355
6548,1.0,0.6,1.0,0.3386,1.0,1.0,1.0,0.0,1.0,0.0,1.0,0.5218
6549,1.0,0.6,1.0,0.359,1.0,1.0,1.0,0.0,1.0,0.0,1.0,0.5425
6550,1.0,0.6,1.0,0.3175,1.0,1.0,1.0,0.0,1.0,0.0,1.0,0.5624
6551,1.0,0.6,1.0,0.1925,1.0,1.0,1.0,0.0,1.0,0.0,1.0,0.5746
6552,1.0,0.6,1.0,0.3098,1.0,1.0,1.0,0.0,1.0,0.0,1.0,0.6405
6553,1.0,0.6,1.0,0.3068,1.0,1.0,1.0,0.0,1.0,0.0,1.0,0.5946
6554,1.0,0.6,1.0,0.2318,1.0,1.0,1.0,0.0,1.0,0.0,1.0,0.6297
6555,1.0,0.6,1.0,0.2426,1.0,1.0,1.0,0.0,1.0,0.0,1.0,0.7846
6556,1.0,0.6,1.0,0.2398,1.0,1.0,1.0,0.0,1.0,0.0,1.0,0.7947
6557,1.0,0.6,1.0,0.2704,1.0,1.0,1.0,0.0,1.0,0.0,1.0,0.7043
6558,1.0,0.6,1.0,0.2493,1.0,1.0,1.0,0.0,1.0,0.0,1.0,0.6713
6559,1.0,0.6,1.0,0.2728,1.0,1.0,1.0,0.1123,1.0,0.0,1.0,0.7076
6560,1.0,0.6,1.0,0.3449,1.0,1.0,1.0,0.2721,1.0,0.0,1.0,0.6448
6561,1.0,0.6,1.0,0.2488,1.0,1.0,1.0,0.3946,1.0,0.0,1.0,0.5523
6562,1.0,0.6,1.0,0.2083,1.0,1.0,1.0,0.5552,1.0,0.0,1.0,0.4243
6563,1.0,0.6,1.0,0.2645,1.0,1.0,1.0,0.6917,1.0,0.0,1.0,0.4025
6564,1.0,0.6,1.0,0.2305,1.0,1.0,1.0,0.7434,1.0,0.0,1.0,0.5386
6565,1.0,0.6,1.0,0.2281,1.0,1.0,1.0,0.6805,1.0,0.0,1.0,0.4845
6566,1.0,0.6,1.0,0.2029,1.0,1.0,1.0,0.5805,1.0,0.0,1.0,0.5548
6567,1.0,0.6,1.0,0.1838,1.0,1.0,1.0,0.3923,1.0,0.0,1.0,0.5224
6568,1.0,1.0,1.0,0.1625,1.0,1.0,1.0,0.2707,1.0,0.0,1.0,0.4813
6569,1.0,1.0,1.0,0.1138,1.0,1.0,1.0,0.1241,1.0,0.0,1.0,0.5205
6570,1.0,1.0,1.0,0.1358,1.0,1.0,1.0,0.0,1.0,0.0,1.0,0.3815
6571,1.0,1.0,1.0,0.1909,1.0,1.0,1.0,0.0,1.0,0.0,1.0,0.5223
6572,1.0,1.0,1.0,0.1849,1.0,1.0,1.0,0.0,1.0,0.0,1.0,0.5618
6573,1.0,1.0,1.0,0.2445,1.0,1.0,1.0,0.0,1.0,0.0,1.0,0.6417
6574,1.0,1.0,1.0,0.2164,1.0,1.0,1.0,0.0,1.0,0.0,1.0,0.6104
6575,1.0,1.0,1.0,0.1882,1.0,1.0,1.0,0.0,1.0,0.0,1.0,0.6417
6576,1.0,1.0,1.0,0.2166,1.0,1.0,1.0,0.0,1.0,0.0,1.0,0.7059
6577,1.0,1.0,1.0,0.2464,1.0,1.0,1.0,0.0,1.0,0.0,1.0,0.6882
6578,1.0,1.0,1.0,0.2415,1.0,1.0,1.0,0.0,1.0,0.0,1.0,0.6074
6579,1.0,1.0,1.0,0.2902,1.0,1.0,1.0,0.0,1.0,0.0,1.0,0.5168
6580,1.0,1.0,1.0,0.2077,1.0,1.0,1.0,0.0,1.0,0.0,1.0,0.4728
6581,1.0,1.0,1.0,0.1938,1.0,1.0,1.0,0.0,1.0,0.0,1.0,0.487
6582,1.0,1.0,1.0,0.2562,1.0,1.0,1.0,0.0,1.0,0.0,1.0,0.4667
6583,1.0,1.0,1.0,0.3279,1.0,1.0,1.0,0.1431,1.0,0.0,1.0,0.4191
6584,1.0,1.0,1.0,0.3955,1.0,1.0,1.0,0.3303,0.0,0.0,1.0,0.4737
6585,1.0,1.0,1.0,0.4813,1.0,1.0,1.0,0.4318,0.0,0.0,1.0,0.4282
6586,1.0,1.0,1.0,0.4443,1.0,1.0,1.0,0.576,0.0,0.0,1.0,0.3738
6587,1.0,1.0,1.0,0.3027,1.0,1.0,1.0,0.6061,0.0,0.0,1.0,0.4508
6588,1.0,1.0,1.0,0.2848,1.0,1.0,1.0,0.5962,0.0,0.0,1.0,0.4938
6589,1.0,1.0,1.0,0.3338,1.0,1.0,1.0,0.5436,0.0,0.0,1.0,0.3826
6590,1.0,1.0,1.0,0.3986,1.0,1.0,1.0,0.5515,0.0,0.0,1.0,0.2777
6591,1.0,1.0,1.0,0.3534,1.0,1.0,1.0,0.3653,0.0,0.0,1.0,0.2074
6592,1.0,1.0,1.0,0.2798,1.0,1.0,1.0,0.2768,0.0,0.0,1.0,0.208
6593,1.0,1.0,1.0,0.2242,1.0,1.0,1.0,0.1301,0.0,0.0,1.0,0.2869
6594,1.0,1.0,1.0,0.1954,1.0,1.0,1.0,0.0,0.0,0.0,1.0,0.4007
6595,1.0,1.0,1.0,0.1133,1.0,1.0,1.0,0.0,0.0,0.0,1.0,0.4616
6596,1.0,1.0,1.0,0.0997,1.0,1.0,1.0,0.0,0.0,0.0,1.0,0.6212
6597,1.0,1.0,1.0,0.1054,1.0,1.0,1.0,0.0,0.0,0.0,1.0,0.6282
6598,1.0,1.0,1.0,0.1062,1.0,1.0,1.0,0.0,0.0,0.0,1.0,0.7049
6599,1.0,1.0,1.0,0.0996,1.0,1.0,1.0,0.0,0.0,0.0,1.0,0.65
6600,1.0,1.0,1.0,0.0841,1.0,1.0,1.0,0.0,0.0,0.0,1.0,0.5099
6601,1.0,1.0,1.0,0.0733,1.0,1.0,1.0,0.0,0.0,0.0,1.0,0.4762
6602,1.0,1.0,1.0,0.0644,1.0,1.0,1.0,0.0,0.0,0.0,1.0,0.4596
6603,1.0,1.0,1.0,0.0856,1.0,1.0,1.0,0.0,0.0,0.0,1.0,0.6731
6604,1.0,1.0,1.0,0.0896,1.0,1.0,1.0,0.0,0.0,0.0,1.0,0.6626
6605,1.0,1.0,1.0,0.2384,1.0,1.0,1.0,0.0,0.0,0.0,1.0,0.5677
6606,1.0,1.0,1.0,0.2204,1.0,1.0,1.0,0.0,0.0,0.0,1.0,0.6403
6607,1.0,1.0,1.0,0.2512,1.0,1.0,1.0,0.1012,0.0,0.0,1.0,0.5665
6608,1.0,1.0,1.0,0.2335,1.0,1.0,1.0,0.2015,0.0,0.0,1.0,0.5706
6609,1.0,1.0,1.0,0.2158,1.0,1.0,1.0,0.3627,0.0,0.0,1.0,0.6358
6610,1.0,1.0,1.0,0.3263,1.0,1.0,1.0,0.4116,0.0,0.0,1.0,0.5471
6611,1.0,1.0,1.0,0.4074,1.0,1.0,1.0,0.5196,0.0,0.0,1.0,0.6657
6612,1.0,1.0,1.0,0.2693,1.0,1.0,1.0,0.5176,0.0,0.0,1.0,0.7382
6613,1.0,1.0,1.0,0.2065,1.0,1.0,1.0,0.4762,0.0,0.0,1.0,0.751
6614,1.0,1.0,1.0,0.202,1.0,1.0,1.0,0.3884,0.0,0.0,1.0,0.84
6615,1.0,1.0,1.0,0.1774,1.0,1.0,1.0,0.346,0.0,0.0,1.0,0.8098
6616,1.0,1.0,1.0,0.1154,1.0,1.0,1.0,0.2628,0.0,0.0,1.0,0.8399
6617,1.0,1.0,1.0,0.124,1.0,1.0,1.0,0.1135,0.0,0.0,1.0,0.8429
6618,1.0,1.0,1.0,0.0708,1.0,1.0,1.0,0.0,0.0,0.0,1.0,0.7991
6619,1.0,1.0,1.0,0.0778,1.0,1.0,1.0,0.0,0.0,0.0,1.0,0.7505
6620,1.0,1.0,1.0,0.103,1.0,1.0,1.0,0.0,0.0,0.0,1.0,0.8524
6621,1.0,1.0,1.0,0.1402,1.0,1.0,1.0,0.0,0.0,0.0,1.0,0.8855
6622,1.0,1.0,1.0,0.1382,1.0,1.0,1.0,0.0,0.0,0.0,1.0,0.9064
6623,1.0,1.0,1.0,0.2198,1.0,1.0,1.0,0.0,0.0,0.0,1.0,0.8763
6624,1.0,1.0,1.0,0.2454,1.0,1.0,1.0,0.0,0.0,0.0,1.0,0.8939
6625,1.0,1.0,1.0,0.3071,1.0,1.0,1.0,0.0,0.0,0.0,1.0,0.8713
6626,1.0,1.0,1.0,0.2559,1.0,1.0,1.0,0.0,0.0,0.0,1.0,0.9187
6627,1.0,1.0,1.0,0.3722,1.0,1.0,1.0,0.0,0.0,0.0,1.0,0.94
6628,1.0,1.0,1.0,0.3709,1.0,1.0,1.0,0.0,0.0,0.0,1.0,0.951
6629,1.0,1.0,1.0,0.5048,1.0,1.0,1.0,0.0,0.0,0.0,1.0,0.9584
6630,1.0,1.0,1.0,0.6163,1.0,1.0,1.0,0.0,0.0,0.0,1.0,0.952
6631,1.0,1.0,1.0,0.6295,1.0,1.0,1.0,0.0824,0.0,0.0,1.0,0.9544
6632,1.0,1.0,1.0,0.6538,1.0,1.0,1.0,0.1913,0.0,0.0,1.0,0.9697
6633,1.0,1.0,1.0,0.6304,1.0,1.0,1.0,0.3063,0.0,0.0,1.0,0.9707
6634,1.0,1.0,1.0,0.5525,1.0,1.0,1.0,0.4727,0.0,0.0,1.0,0.9558
6635,1.0,1.0,1.0,0.597,1.0,1.0,1.0,0.4117,0.0,0.0,1.0,0.9676
6636,1.0,1.0,1.0,0.6344,1.0,1.0,1.0,0.5394,0.0,0.0,1.0,0.954
6637,1.0,1.0,1.0,0.487,1.0,1.0,1.0,0.4953,0.0,0.0,1.0,0.9481
6638,1.0,1.0,1.0,0.4752,1.0,1.0,1.0,0.4108,0.0,0.0,1.0,0.9325
6639,1.0,1.0,1.0,0.5467,1.0,1.0,1.0,0.3237,0.0,0.0,1.0,0.8333
6640,1.0,1.0,1.0,0.6625,1.0,1.0,1.0,0.2002,0.0,0.0,1.0,0.8316
6641,1.0,1.0,1.0,0.7085,1.0,1.0,1.0,0.0779,0.0,0.0,1.0,0.9076
6642,1.0,1.0,1.0,0.577,1.0,1.0,1.0,0.0,0.0,0.0,1.0,0.9091
6643,1.0,1.0,1.0,0.478,1.0,1.0,1.0,0.0,0.0,0.0,1.0,0.9625
6644,1.0,1.0,1.0,0.4436,1.0,1.0,1.0,0.0,0.0,0.0,1.0,0.9556
6645,1.0,1.0,1.0,0.5621,1.0,1.0,1.0,0.0,0.0,0.0,1.0,0.9539
6646,1.0,1.0,1.0,0.5024,1.0,1.0,1.0,0.0,0.0,0.0,1.0,0.9467
6647,1.0,1.0,1.0,0.589,1.0,1.0,1.0,0.0,0.0,0.0,1.0,0.9419
6648,1.0,1.0,1.0,0.5301,1.0,1.0,1.0,0.0,0.0,1.0,1.0,0.9436
6649,1.0,1.0,1.0,0.5704,1.0,1.0,1.0,0.0,0.0,1.0,1.0,0.9621
6650,1.0,1.0,1.0,0.4816,1.0,1.0,1.0,0.0,0.0,1.0,1.0,0.9437
6651,1.0,1.0,1.0,0.4603,1.0,1.0,1.0,0.0,1.0,1.0,1.0,0.9378
6652,1.0,1.0,1.0,0.3612,1.0,1.0,1.0,0.0,1.0,1.0,1.0,0.9439
6653,1.0,1.0,1.0,0.483,1.0,1.0,1.0,0.0,1.0,1.0,1.0,0.9593
6654,1.0,1.0,1.0,0.4185,1.0,1.0,1.0,0.0,1.0,1.0,1.0,0.9077
6655,1.0,1.0,1.0,0.2931,1.0,1.0,1.0,0.1099,1.0,1.0,1.0,0.8459
6656,1.0,1.0,1.0,0.1911,1.0,1.0,1.0,0.2581,1.0,1.0,1.0,0.8376
6657,1.0,1.0,1.0,0.1901,1.0,1.0,1.0,0.3685,1.0,1.0,1.0,0.8763
6658,1.0,1.0,1.0,0.1699,1.0,1.0,1.0,0.4363,1.0,1.0,1.0,0.8463
6659,1.0,1.0,1.0,0.209,1.0,1.0,1.0,0.5651,1.0,1.0,1.0,0.8658
6660,1.0,1.0,1.0,0.1989,1.0,1.0,1.0,0.5507,1.0,1.0,1.0,0.9224
6661,1.0,1.0,1.0,0.2762,1.0,1.0,1.0,0.61,1.0,1.0,1.0,0.9153
6662,1.0,1.0,1.0,0.2518,1.0,1.0,1.0,0.5568,1.0,1.0,1.0,0.9006
6663,1.0,1.0,1.0,0.3281,1.0,1.0,1.0,0.3839,1.0,1.0,1.0,0.907
6664,1.0,1.0,1.0,0.2595,1.0,1.0,1.0,0.2621,1.0,1.0,1.0,0.9044
6665,1.0,1.0,1.0,0.1732,1.0,1.0,1.0,0.1135,1.0,1.0,1.0,0.9041
6666,1.0,1.0,1.0,0.1389,1.0,1.0,1.0,0.0,1.0,1.0,1.0,0.8898
6667,1.0,1.0,1.0,0.1012,1.0,1.0,1.0,0.0,1.0,1.0,1.0,0.8711
6668,1.0,1.0,1.0,0.0709,1.0,1.0,1.0,0.0,1.0,1.0,1.0,0.8141
6669,1.0,1.0,1.0,0.0854,1.0,1.0,1.0,0.0,1.0,1.0,1.0,0.8351
6670,1.0,1.0,1.0,0.0823,1.0,1.0,1.0,0.0,1.0,1.0,1.0,0.7658
6671,1.0,1.0,1.0,0.0903,1.0,1.0,1.0,0.0,1.0,1.0,1.0,0.6981
6672,1.0,1.0,1.0,0.1125,1.0,1.0,1.0,0.0,1.0,1.0,1.0,0.5935
6673,1.0,1.0,1.0,0.0683,1.0,1.0,1.0,0.0,1.0,1.0,1.0,0.5568
6674,1.0,1.0,1.0,0.0867,1.0,1.0,1.0,0.0,1.0,1.0,1.0,0.5513
6675,1.0,1.0,1.0,0.0615,1.0,1.0,1.0,0.0,1.0,1.0,1.0,0.4477
6676,1.0,1.0,1.0,0.0539,1.0,1.0,1.0,0.0,1.0,1.0,1.0,0.4203
6677,1.0,1.0,1.0,0.0304,1.0,1.0,1.0,0.0,1.0,1.0,1.0,0.4305
6678,1.0,1.0,1.0,0.0412,1.0,1.0,1.0,0.0,1.0,1.0,1.0,0.3004
6679,1.0,1.0,1.0,0.025,1.0,1.0,1.0,0.1506,1.0,1.0,1.0,0.2477
6680,1.0,1.0,1.0,0.02,1.0,1.0,1.0,0.363,1.0,1.0,1.0,0.3845
6681,1.0,1.0,1.0,0.02,1.0,1.0,1.0,0.5479,1.0,1.0,1.0,0.3254
6682,1.0,1.0,1.0,0.02,1.0,1.0,1.0,0.6909,1.0,1.0,1.0,0.3813
6683,1.0,1.0,1.0,0.02,1.0,1.0,1.0,0.7814,1.0,1.0,1.0,0.3381
6684,1.0,1.0,1.0,0.0223,1.0,1.0,1.0,0.8123,1.0,1.0,1.0,0.3529
6685,1.0,1.0,1.0,0.0235,1.0,1.0,1.0,0.7814,1.0,1.0,1.0,0.2907
6686,1.0,1.0,1.0,0.0358,1.0,1.0,1.0,0.6909,1.0,1.0,1.0,0.1743
6687,1.0,1.0,1.0,0.0438,1.0,1.0,1.0,0.5479,1.0,1.0,1.0,0.156
6688,1.0,1.0,1.0,0.0342,1.0,1.0,1.0,0.363,1.0,1.0,1.0,0.1813
6689,1.0,1.0,1.0,0.0295,1.0,1.0,1.0,0.1506,1.0,1.0,1.0,0.2228
6690,1.0,1.0,1.0,0.0532,1.0,1.0,1.0,0.0,1.0,1.0,1.0,0.2339
6691,1.0,1.0,1.0,0.0845,1.0,1.0,1.0,0.0,1.0,1.0,1.0,0.1903
6692,1.0,1.0,1.0,0.1148,1.0,1.0,1.0,0.0,1.0,1.0,1.0,0.2484
6693,1.0,1.0,1.0,0.1589,1.0,1.0,1.0,0.0,1.0,1.0,1.0,0.2057
6694,1.0,1.0,1.0,0.1865,1.0,1.0,1.0,0.0,1.0,1.0,1.0,0.1727
6695,1.0,1.0,1.0,0.209,1.0,1.0,1.0,0.0,1.0,1.0,1.0,0.1315
6696,1.0,1.0,1.0,0.217,1.0,1.0,1.0,0.0,1.0,1.0,1.0,0.1199
6697,1.0,1.0,1.0,0.3386,1.0,1.0,1.0,0.0,1.0,1.0,1.0,0.1129
6698,1.0,1.0,1.0,0.3034,1.0,1.0,1.0,0.0,1.0,1.0,1.0,0.1277
6699,1.0,1.0,1.0,0.3227,1.0,1.0,1.0,0.0,1.0,1.0,1.0,0.0861
6700,1.0,1.0,1.0,0.2081,1.0,1.0,1.0,0.0,1.0,1.0,1.0,0.0775
6701,1.0,1.0,1.0,0.1399,1.0,1.0,1.0,0.0,1.0,1.0,1.0,0.0626
6702,1.0,1.0,1.0,0.2413,1.0,1.0,1.0,0.0,1.0,1.0,1.0,0.0758
6703,1.0,1.0,1.0,0.2861,1.0,1.0,1.0,0.142,1.0,1.0,1.0,0.0875
6704,1.0,1.0,1.0,0.2728,1.0,1.0,1.0,0.3019,1.0,1.0,1.0,0.0655
6705,1.0,1.0,1.0,0.2803,1.0,1.0,1.0,0.454,1.0,1.0,1.0,0.0809
6706,1.0,1.0,1.0,0.1963,1.0,1.0,1.0,0.5122,1.0,1.0,1.0,0.0831
6707,1.0,1.0,1.0,0.1771,1.0,1.0,1.0,0.5085,1.0,1.0,1.0,0.1115
6708,1.0,1.0,1.0,0.1172,1.0,1.0,1.0,0.4773,1.0,1.0,1.0,0.0942
6709,1.0,1.0,1.0,0.1109,1.0,1.0,1.0,0.5445,1.0,1.0,1.0,0.1178
6710,1.0,1.0,1.0,0.1418,1.0,1.0,1.0,0.5272,1.0,1.0,1.0,0.1578
6711,1.0,1.0,1.0,0.167,1.0,1.0,1.0,0.5286,1.0,1.0,1.0,0.1645
6712,1.0,1.0,1.0,0.2647,1.0,1.0,1.0,0.3258,1.0,1.0,1.0,0.296
6713,1.0,1.0,1.0,0.2876,1.0,1.0,1.0,0.1459,1.0,1.0,1.0,0.3334
6714,1.0,1.0,1.0,0.146,1.0,1.0,1.0,0.0,1.0,1.0,1.0,0.4802
6715,1.0,1.0,1.0,0.2592,1.0,1.0,1.0,0.0,1.0,1.0,1.0,0.6859
6716,1.0,1.0,1.0,0.2089,1.0,1.0,1.0,0.0,1.0,1.0,1.0,0.5369
6717,1.0,1.0,1.0,0.2219,1.0,1.0,1.0,0.0,1.0,1.0,1.0,0.6276
6718,1.0,1.0,1.0,0.2314,1.0,1.0,1.0,0.0,1.0,1.0,1.0,0.6599
6719,1.0,1.0,1.0,0.2499,1.0,1.0,1.0,0.0,1.0,1.0,1.0,0.669
6720,1.0,1.0,1.0,0.2576,1.0,1.0,1.0,0.0,1.0,1.0,1.0,0.6075
6721,1.0,1.0,1.0,0.2645,1.0,1.0,1.0,0.0,1.0,1.0,1.0,0.5219
6722,1.0,1.0,1.0,0.1864,1.0,1.0,1.0,0.0,1.0,1.0,1.0,0.4237
6723,1.0,1.0,1.0,0.3675,1.0,1.0,1.0,0.0,1.0,1.0,1.0,0.6119
6724,1.0,1.0,1.0,0.4213,1.0,1.0,1.0,0.0,1.0,1.0,1.0,0.643
6725,1.0,1.0,1.0,0.4234,1.0,1.0,1.0,0.0,1.0,1.0,1.0,0.5177
6726,1.0,1.0,1.0,0.5809,1.0,1.0,1.0,0.0,1.0,1.0,1.0,0.4197
6727,1.0,1.0,1.0,0.4806,1.0,1.0,1.0,0.1355,1.0,1.0,1.0,0.2598
6728,1.0,1.0,1.0,0.5523,1.0,1.0,1.0,0.2992,1.0,1.0,1.0,0.3491
6729,1.0,1.0,1.0,0.4976,1.0,1.0,1.0,0.4554,1.0,1.0,1.0,0.3515
6730,1.0,1.0,1.0,0.5281,1.0,1.0,1.0,0.5547,1.0,1.0,1.0,0.3917
6731,1.0,1.0,1.0,0.5594,1.0,1.0,1.0,0.621,1.0,1.0,1.0,0.3893
6732,1.0,1.0,1.0,0.3532,1.0,1.0,1.0,0.6196,1.0,1.0,1.0,0.4678
6733,1.0,1.0,1.0,0.2485,1.0,1.0,1.0,0.7361,1.0,1.0,1.0,0.4285
6734,1.0,1.0,1.0,0.3688,1.0,1.0,1.0,0.6176,1.0,1.0,1.0,0.4501
6735,1.0,1.0,1.0,0.3479,1.0,1.0,1.0,0.5101,1.0,1.0,1.0,0.4694
6736,1.0,1.0,1.0,0.518,1.0,1.0,1.0,0.346,1.0,1.0,1.0,0.3661
6737,1.0,1.0,1.0,0.6247,1.0,1.0,1.0,0.1169,1.0,1.0,1.0,0.308
6738,1.0,1.0,1.0,0.5983,1.0,1.0,1.0,0.0,1.0,1.0,1.0,0.2859
6739,1.0,1.0,1.0,0.5645,1.0,1.0,1.0,0.0,1.0,1.0,1.0,0.3101
6740,1.0,1.0,1.0,0.6921,1.0,1.0,1.0,0.0,1.0,1.0,1.0,0.4221
6741,1.0,1.0,1.0,0.818,1.0,1.0,1.0,0.0,1.0,1.0,1.0,0.4285
6742,1.0,1.0,1.0,0.7922,1.0,1.0,1.0,0.0,1.0,1.0,1.0,0.4172
6743,1.0,1.0,1.0,0.8603,1.0,1.0,1.0,0.0,1.0,1.0,1.0,0.4403
6744,1.0,1.0,1.0,0.8923,1.0,1.0,1.0,0.0,1.0,1.0,1.0,0.4251
6745,1.0,1.0,1.0,0.9208,1.0,1.0,1.0,0.0,1.0,1.0,1.0,0.4196
6746,1.0,1.0,1.0,0.9166,1.0,1.0,1.0,0.0,1.0,1.0,1.0,0.5479
6747,1.0,1.0,1.0,0.888,1.0,1.0,1.0,0.0,1.0,1.0,1.0,0.5211
6748,1.0,1.0,1.0,0.835,1.0,1.0,1.0,0.0,1.0,1.0,1.0,0.5374
6749,1.0,1.0,1.0,0.7498,1.0,1.0,1.0,0.0,1.0,1.0,1.0,0.4739
6750,1.0,1.0,1.0,0.8474,1.0,1.0,1.0,0.0,1.0,1.0,1.0,0.5784
6751,1.0,1.0,1.0,0.8387,1.0,1.0,1.0,0.104,1.0,1.0,1.0,0.491
6752,1.0,1.0,1.0,0.7649,1.0,1.0,1.0,0.2799,1.0,1.0,1.0,0.479
6753,1.0,1.0,1.0,0.8141,1.0,1.0,1.0,0.4993,1.0,1.0,1.0,0.5594
6754,1.0,1.0,1.0,0.7766,1.0,1.0,1.0,0.5509,1.0,1.0,1.0,0.4762
6755,1.0,1.0,1.0,0.7236,1.0,1.0,1.0,0.6585,1.0,1.0,1.0,0.5467
6756,1.0,1.0,1.0,0.8373,1.0,1.0,1.0,0.658,1.0,1.0,1.0,0.3637
6757,1.0,1.0,1.0,0.7512,1.0,1.0,1.0,0.6018,1.0,1.0,1.0,0.2792
6758,1.0,1.0,1.0,0.7569,1.0,1.0,1.0,0.5395,1.0,1.0,1.0,0.2735
6759,1.0,1.0,1.0,0.706,1.0,1.0,1.0,0.432,1.0,1.0,1.0,0.4681
6760,1.0,1.0,1.0,0.6384,1.0,1.0,1.0,0.2887,1.0,1.0,1.0,0.4758
6761,1.0,1.0,1.0,0.5051,1.0,1.0,1.0,0.1005,1.0,1.0,1.0,0.4851
6762,1.0,1.0,1.0,0.5055,1.0,1.0,1.0,0.0,1.0,1.0,1.0,0.5794
6763,1.0,1.0,1.0,0.4248,1.0,1.0,1.0,0.0,1.0,1.0,1.0,0.4766
6764,1.0,1.0,1.0,0.4736,1.0,1.0,1.0,0.0,1.0,1.0,1.0,0.2357
6765,1.0,1.0,1.0,0.4657,1.0,1.0,1.0,0.0,1.0,1.0,1.0,0.364
6766,1.0,1.0,1.0,0.435,1.0,1.0,1.0,0.0,1.0,1.0,1.0,0.4126
6767,1.0,1.0,1.0,0.3598,1.0,1.0,1.0,0.0,1.0,1.0,1.0,0.3723
6768,1.0,1.0,1.0,0.4834,1.0,1.0,1.0,0.0,1.0,1.0,1.0,0.3775
6769,1.0,1.0,1.0,0.5435,1.0,1.0,1.0,0.0,1.0,1.0,1.0,0.4649
6770,1.0,1.0,1.0,0.4782,1.0,1.0,1.0,0.0,1.0,1.0,1.0,0.4489
6771,1.0,1.0,1.0,0.3592,1.0,1.0,1.0,0.0,1.0,1.0,1.0,0.4572
6772,1.0,1.0,1.0,0.2243,1.0,1.0,1.0,0.0,1.0,1.0,1.0,0.6277
6773,1.0,1.0,1.0,0.305,1.0,1.0,1.0,0.0,1.0,1.0,1.0,0.5119
6774,1.0,1.0,1.0,0.3778,1.0,1.0,1.0,0.0,1.0,1.0,1.0,0.5508
6775,1.0,1.0,1.0,0.4661,1.0,1.0,1.0,0.1161,1.0,1.0,1.0,0.437
6776,1.0,1.0,1.0,0.4521,1.0,1.0,1.0,0.2751,1.0,1.0,1.0,0.569
6777,1.0,1.0,1.0,0.5193,1.0,1.0,1.0,0.411,1.0,1.0,1.0,0.5862
6778,1.0,1.0,1.0,0.6026,1.0,1.0,1.0,0.5784,1.0,1.0,1.0,0.5185
6779,1.0,1.0,1.0,0.5893,1.0,1.0,1.0,0.7484,1.0,1.0,1.0,0.383
6780,1.0,1.0,1.0,0.5514,1.0,1.0,1.0,0.8024,1.0,1.0,1.0,0.3524
6781,1.0,1.0,1.0,0.4602,1.0,1.0,1.0,0.7709,1.0,1.0,1.0,0.3661
6782,1.0,1.0,1.0,0.494,1.0,1.0,1.0,0.6789,1.0,1.0,1.0,0.4624
6783,1.0,1.0,1.0,0.5384,1.0,1.0,1.0,0.5336,1.0,1.0,1.0,0.3653
6784,1.0,1.0,1.0,0.4972,1.0,1.0,1.0,0.3464,1.0,1.0,1.0,0.2999
6785,1.0,1.0,1.0,0.4675,1.0,1.0,1.0,0.132,1.0,1.0,1.0,0.2651
6786,1.0,1.0,1.0,0.4451,1.0,1.0,1.0,0.0,1.0,1.0,1.0,0.2169
6787,1.0,1.0,1.0,0.5112,1.0,1.0,1.0,0.0,1.0,1.0,1.0,0.1901
6788,1.0,1.0,1.0,0.3879,1.0,1.0,1.0,0.0,1.0,1.0,1.0,0.1468
6789,1.0,1.0,1.0,0.3,1.0,1.0,1.0,0.0,1.0,1.0,1.0,0.1701
6790,1.0,1.0,1.0,0.2279,1.0,1.0,1.0,0.0,1.0,1.0,1.0,0.1506
6791,1.0,1.0,1.0,0.222,1.0,1.0,1.0,0.0,1.0,1.0,1.0,0.1548
6792,1.0,1.0,1.0,0.2471,1.0,1.0,1.0,0.0,1.0,1.0,1.0,0.1746
6793,1.0,1.0,1.0,0.1865,1.0,1.0,1.0,0.0,1.0,1.0,1.0,0.1179
6794,1.0,1.0,1.0,0.2444,1.0,1.0,1.0,0.0,1.0,1.0,1.0,0.1458
6795,1.0,1.0,1.0,0.3542,1.0,1.0,1.0,0.0,1.0,1.0,1.0,0.1591
6796,1.0,1.0,1.0,0.388,1.0,1.0,1.0,0.0,1.0,1.0,1.0,0.173
6797,1.0,1.0,1.0,0.4832,1.0,1.0,1.0,0.0,1.0,1.0,1.0,0.1698
6798,1.0,1.0,1.0,0.4005,1.0,1.0,1.0,0.0,1.0,1.0,1.0,0.1601
6799,1.0,1.0,1.0,0.3271,1.0,1.0,1.0,0.0885,1.0,1.0,1.0,0.1663
6800,1.0,1.0,1.0,0.3687,1.0,1.0,1.0,0.2191,1.0,1.0,1.0,0.1746
6801,1.0,1.0,1.0,0.3652,1.0,1.0,1.0,0.3805,1.0,1.0,1.0,0.1253
6802,1.0,1.0,1.0,0.2959,1.0,1.0,1.0,0.4488,1.0,1.0,1.0,0.2048
6803,1.0,1.0,1.0,0.4109,1.0,1.0,1.0,0.5771,1.0,1.0,1.0,0.1704
6804,1.0,1.0,1.0,0.4347,1.0,1.0,1.0,0.6671,1.0,1.0,1.0,0.1773
6805,1.0,1.0,1.0,0.4932,1.0,1.0,1.0,0.6256,1.0,1.0,1.0,0.2489
6806,1.0,1.0,1.0,0.4304,1.0,1.0,1.0,0.5209,1.0,1.0,1.0,0.229
6807,1.0,1.0,1.0,0.574,1.0,1.0,1.0,0.4131,1.0,1.0,1.0,0.2464
6808,1.0,1.0,1.0,0.5539,1.0,1.0,1.0,0.2679,1.0,1.0,1.0,0.133
6809,1.0,1.0,1.0,0.6338,1.0,1.0,1.0,0.1069,1.0,1.0,1.0,0.0734
6810,1.0,1.0,1.0,0.5769,1.0,1.0,1.0,0.0,1.0,1.0,1.0,0.0765
6811,1.0,1.0,1.0,0.5847,1.0,1.0,1.0,0.0,1.0,1.0,1.0,0.0852
6812,1.0,1.0,1.0,0.6246,1.0,1.0,1.0,0.0,1.0,1.0,1.0,0.1258
6813,1.0,1.0,1.0,0.7639,1.0,1.0,1.0,0.0,1.0,1.0,1.0,0.1648
6814,1.0,1.0,1.0,0.7245,1.0,1.0,1.0,0.0,1.0,1.0,1.0,0.1039
6815,1.0,1.0,1.0,0.7292,1.0,1.0,1.0,0.0,1.0,1.0,1.0,0.1585
6816,1.0,1.0,1.0,0.7614,1.0,1.0,1.0,0.0,1.0,1.0,1.0,0.1142
6817,1.0,1.0,1.0,0.6486,1.0,1.0,1.0,0.0,1.0,1.0,1.0,0.1534
6818,1.0,1.0,1.0,0.454,1.0,1.0,1.0,0.0,1.0,1.0,1.0,0.1373
6819,1.0,1.0,1.0,0.367,1.0,1.0,1.0,0.0,1.0,1.0,1.0,0.2983
6820,1.0,1.0,1.0,0.4482,1.0,1.0,1.0,0.0,1.0,1.0,1.0,0.2574
6821,1.0,1.0,1.0,0.5942,1.0,1.0,1.0,0.0,1.0,1.0,1.0,0.2542
6822,1.0,1.0,1.0,0.5073,1.0,1.0,1.0,0.0,1.0,1.0,1.0,0.2667
6823,1.0,1.0,1.0,0.3977,1.0,1.0,1.0,0.0954,1.0,1.0,1.0,0.2518
6824,1.0,1.0,1.0,0.5291,1.0,1.0,1.0,0.2837,1.0,1.0,1.0,0.1934
6825,1.0,1.0,1.0,0.4744,1.0,1.0,1.0,0.4342,1.0,1.0,1.0,0.346
6826,1.0,1.0,1.0,0.4385,1.0,1.0,1.0,0.5302,1.0,1.0,1.0,0.2985
6827,1.0,1.0,1.0,0.563,1.0,1.0,1.0,0.5738,1.0,1.0,1.0,0.2539
6828,1.0,1.0,1.0,0.664,1.0,1.0,1.0,0.621,1.0,1.0,1.0,0.2485
6829,1.0,1.0,1.0,0.7251,1.0,1.0,1.0,0.5321,1.0,1.0,1.0,0.2633
6830,1.0,1.0,1.0,0.5803,1.0,1.0,1.0,0.4899,1.0,1.0,1.0,0.2209
6831,1.0,1.0,1.0,0.4641,1.0,1.0,1.0,0.3618,1.0,1.0,1.0,0.2866
6832,1.0,1.0,1.0,0.5585,1.0,1.0,1.0,0.1914,1.0,1.0,1.0,0.2986
6833,1.0,1.0,1.0,0.5797,1.0,1.0,1.0,0.0663,1.0,1.0,1.0,0.3006
6834,1.0,1.0,1.0,0.5055,1.0,1.0,1.0,0.0,1.0,1.0,1.0,0.3438
6835,1.0,1.0,1.0,0.4708,1.0,1.0,1.0,0.0,1.0,1.0,1.0,0.2795
6836,1.0,1.0,1.0,0.5641,1.0,1.0,1.0,0.0,1.0,1.0,1.0,0.2412
6837,1.0,1.0,1.0,0.6829,1.0,1.0,1.0,0.0,1.0,1.0,1.0,0.2419
6838,1.0,1.0,1.0,0.6735,1.0,1.0,1.0,0.0,1.0,1.0,1.0,0.3088
6839,1.0,1.0,1.0,0.6093,1.0,1.0,1.0,0.0,1.0,1.0,1.0,0.2912
6840,1.0,1.0,1.0,0.581,1.0,1.0,0.0,0.0,1.0,1.0,1.0,0.2715
6841,1.0,1.0,1.0,0.6835,1.0,1.0,0.0,0.0,1.0,1.0,1.0,0.1522
6842,1.0,1.0,1.0,0.7672,1.0,1.0,0.0,0.0,1.0,1.0,1.0,0.1266
6843,1.0,1.0,1.0,0.7699,1.0,1.0,0.0,0.0,1.0,1.0,1.0,0.0777
6844,1.0,1.0,1.0,0.7248,1.0,1.0,0.0,0.0,1.0,1.0,1.0,0.0515
6845,1.0,1.0,1.0,0.786,1.0,1.0,0.0,0.0,1.0,1.0,1.0,0.0618
6846,1.0,1.0,1.0,0.8597,1.0,1.0,0.0,0.0,1.0,1.0,1.0,0.1825
6847,1.0,1.0,1.0,0.7742,1.0,1.0,0.0,0.103,1.0,1.0,1.0,0.1964
6848,1.0,1.0,1.0,0.7496,1.0,1.0,0.0,0.2932,1.0,1.0,1.0,0.2188
6849,1.0,1.0,1.0,0.8101,1.0,1.0,0.0,0.4224,1.0,1.0,1.0,0.179
6850,1.0,1.0,1.0,0.8047,1.0,1.0,0.0,0.5942,1.0,1.0,1.0,0.1339
6851,1.0,1.0,1.0,0.7658,1.0,1.0,0.0,0.6429,1.0,1.0,1.0,0.2471
6852,1.0,1.0,1.0,0.7679,1.0,1.0,0.0,0.706,1.0,1.0,1.0,0.2002
6853,1.0,1.0,1.0,0.7813,1.0,1.0,0.0,0.7213,1.0,1.0,1.0,0.1124
6854,1.0,1.0,1.0,0.6949,1.0,1.0,0.0,0.67,1.0,1.0,1.0,0.1255
6855,1.0,1.0,1.0,0.6927,1.0,1.0,0.0,0.523,1.0,1.0,1.0,0.1135
6856,1.0,1.0,1.0,0.7109,1.0,1.0,0.0,0.334,1.0,1.0,1.0,0.1409
6857,1.0,1.0,1.0,0.6645,1.0,1.0,0.0,0.1182,1.0,1.0,1.0,0.2266
6858,1.0,1.0,1.0,0.5921,1.0,1.0,0.0,0.0,1.0,1.0,1.0,0.2527
6859,1.0,1.0,1.0,0.5389,1.0,1.0,0.0,0.0,1.0,1.0,1.0,0.2699
6860,1.0,1.0,1.0,0.4487,1.0,1.0,0.0,0.0,1.0,1.0,1.0,0.3193
6861,1.0,1.0,1.0,0.5201,1.0,1.0,0.0,0.0,1.0,1.0,1.0,0.5473
6862,1.0,1.0,1.0,0.4296,1.0,1.0,0.0,0.0,1.0,1.0,1.0,0.7229
6863,1.0,1.0,1.0,0.4437,1.0,1.0,0.0,0.0,1.0,1.0,1.0,0.6893
6864,1.0,1.0,1.0,0.4116,1.0,1.0,0.0,0.0,1.0,1.0,1.0,0.749
6865,1.0,1.0,1.0,0.3518,1.0,1.0,0.0,0.0,1.0,1.0,1.0,0.8407
6866,1.0,1.0,1.0,0.4676,1.0,1.0,0.0,0.0,1.0,1.0,1.0,0.8622
6867,1.0,1.0,1.0,0.4529,1.0,1.0,0.0,0.0,1.0,1.0,1.0,0.8498
6868,1.0,1.0,1.0,0.393,1.0,1.0,0.0,0.0,1.0,1.0,1.0,0.8153
6869,1.0,1.0,1.0,0.3304,1.0,1.0,0.0,0.0,1.0,1.0,1.0,0.8104
6870,1.0,1.0,1.0,0.3581,1.0,1.0,0.0,0.0,1.0,1.0,1.0,0.7286
6871,1.0,1.0,1.0,0.4271,1.0,1.0,0.0,0.0716,1.0,1.0,1.0,0.7771
6872,1.0,1.0,1.0,0.5356,1.0,1.0,0.0,0.1961,1.0,1.0,1.0,0.8424
6873,1.0,1.0,1.0,0.5156,1.0,1.0,0.0,0.292,1.0,1.0,1.0,0.8122
6874,1.0,1.0,1.0,0.491,1.0,1.0,0.0,0.3088,1.0,1.0,1.0,0.7757
6875,1.0,1.0,1.0,0.4984,1.0,1.0,0.0,0.3898,1.0,1.0,1.0,0.6924
6876,1.0,1.0,1.0,0.5088,1.0,1.0,0.0,0.4117,1.0,1.0,1.0,0.7167
6877,1.0,1.0,1.0,0.4371,1.0,1.0,0.0,0.3263,1.0,1.0,1.0,0.7056
6878,1.0,1.0,1.0,0.562,1.0,1.0,0.0,0.3199,1.0,1.0,1.0,0.5795
6879,1.0,1.0,1.0,0.5579,1.0,1.0,0.0,0.3001,1.0,1.0,1.0,0.7873
6880,1.0,1.0,1.0,0.5977,1.0,1.0,0.0,0.2311,1.0,1.0,1.0,0.6513
6881,1.0,1.0,1.0,0.626,1.0,1.0,0.0,0.0593,1.0,1.0,1.0,0.52
6882,1.0,1.0,1.0,0.6512,1.0,1.0,0.0,0.0,1.0,1.0,1.0,0.5949
6883,1.0,1.0,1.0,0.5589,1.0,1.0,0.0,0.0,1.0,1.0,1.0,0.6411
6884,1.0,1.0,1.0,0.5524,1.0,1.0,0.0,0.0,1.0,1.0,1.0,0.5721
6885,1.0,1.0,1.0,0.7282,1.0,1.0,0.0,0.0,1.0,1.0,0.0,0.4968
6886,1.0,1.0,1.0,0.8167,1.0,1.0,0.0,0.0,1.0,1.0,0.0,0.5313
6887,1.0,1.0,1.0,0.8157,1.0,1.0,0.0,0.0,1.0,1.0,0.0,0.5577
6888,1.0,1.0,1.0,0.7871,1.0,1.0,0.0,0.0,1.0,1.0,0.0,0.4916
6889,1.0,1.0,1.0,0.6166,1.0,1.0,0.0,0.0,1.0,1.0,0.0,0.5728
6890,1.0,1.0,1.0,0.5671,1.0,1.0,0.0,0.0,1.0,1.0,0.0,0.6136
6891,1.0,1.0,1.0,0.5542,1.0,1.0,0.0,0.0,1.0,1.0,0.0,0.7098
6892,1.0,1.0,1.0,0.5208,1.0,1.0,0.0,0.0,1.0,1.0,0.0,0.696
6893,1.0,1.0,1.0,0.4944,1.0,1.0,0.0,0.0,1.0,1.0,0.0,0.7436
6894,1.0,1.0,1.0,0.5447,1.0,1.0,0.0,0.0,1.0,1.0,0.0,0.7173
6895,1.0,1.0,1.0,0.4519,1.0,1.0,0.0,0.042,1.0,1.0,0.0,0.7447
6896,1.0,1.0,1.0,0.4729,1.0,1.0,0.0,0.1287,1.0,1.0,0.0,0.758
6897,1.0,1.0,1.0,0.4599,1.0,1.0,0.0,0.224,1.0,1.0,0.0,0.7994
6898,1.0,1.0,1.0,0.3819,1.0,1.0,0.0,0.2761,1.0,1.0,0.0,0.8177
6899,1.0,1.0,1.0,0.5255,1.0,1.0,0.0,0.2429,1.0,1.0,0.0,0.6841
6900,1.0,1.0,1.0,0.5852,1.0,1.0,0.0,0.2844,1.0,1.0,0.0,0.6244
6901,1.0,1.0,1.0,0.5104,1.0,1.0,0.0,0.2638,1.0,1.0,0.0,0.6225
6902,1.0,1.0,1.0,0.551,1.0,1.0,0.0,0.3074,1.0,1.0,0.0,0.6516
6903,1.0,1.0,1.0,0.4244,1.0,1.0,0.0,0.2801,1.0,1.0,0.0,0.7056
6904,1.0,1.0,1.0,0.3672,1.0,1.0,0.0,0.2375,1.0,1.0,0.0,0.7346
6905,1.0,1.0,1.0,0.48,1.0,1.0,0.0,0.0818,1.0,1.0,0.0,0.6724
6906,1.0,1.0,1.0,0.5071,1.0,1.0,0.0,0.0,1.0,1.0,0.0,0.7304
6907,1.0,1.0,1.0,0.5264,1.0,1.0,0.0,0.0,1.0,1.0,0.0,0.6596
6908,1.0,1.0,1.0,0.6062,1.0,1.0,0.0,0.0,1.0,1.0,0.0,0.7431
6909,1.0,1.0,1.0,0.6492,1.0,1.0,0.0,0.0,1.0,1.0,0.0,0.8136
6910,1.0,1.0,1.0,0.6194,1.0,1.0,0.0,0.0,1.0,1.0,0.0,0.8028
6911,1.0,1.0,1.0,0.6864,1.0,1.0,0.0,0.0,1.0,1.0,0.0,0.7527
6912,1.0,1.0,1.0,0.5405,1.0,1.0,0.0,0.0,1.0,1.0,0.0,0.6951
6913,1.0,1.0,1.0,0.4769,1.0,1.0,0.0,0.0,1.0,1.0,0.0,0.5975
6914,1.0,1.0,1.0,0.465,1.0,1.0,0.0,0.0,1.0,1.0,0.0,0.5096
6915,1.0,1.0,1.0,0.5098,1.0,1.0,0.0,0.0,1.0,1.0,0.0,0.4881
6916,1.0,1.0,1.0,0.477,1.0,1.0,0.0,0.0,1.0,1.0,0.0,0.4345
6917,1.0,1.0,1.0,0.3251,1.0,1.0,0.0,0.0,1.0,1.0,0.0,0.3014
6918,1.0,1.0,1.0,0.1981,1.0,1.0,0.0,0.0,1.0,1.0,0.0,0.2677
6919,1.0,1.0,1.0,0.1983,1.0,1.0,0.0,0.1045,1.0,1.0,0.0,0.2758
6920,1.0,1.0,1.0,0.1767,1.0,1.0,0.0,0.2985,1.0,1.0,0.0,0.2541
6921,1.0,1.0,1.0,0.1386,1.0,1.0,0.0,0.4716,1.0,1.0,0.0,0.2011
6922,1.0,1.0,1.0,0.1028,1.0,1.0,0.0,0.4498,1.0,1.0,0.0,0.1
6923,1.0,1.0,1.0,0.112,1.0,1.0,0.0,0.5716,1.0,1.0,0.0,0.1478
6924,1.0,1.0,1.0,0.1723,1.0,1.0,0.0,0.5541,1.0,1.0,0.0,0.15
6925,1.0,1.0,1.0,0.1837,1.0,1.0,0.0,0.4967,1.0,1.0,0.0,0.1691
6926,1.0,1.0,1.0,0.2683,1.0,1.0,0.0,0.4409,1.0,1.0,0.0,0.182
6927,1.0,1.0,1.0,0.246,1.0,1.0,0.0,0.3766,1.0,1.0,0.0,0.2133
6928,1.0,1.0,1.0,0.2793,1.0,1.0,0.0,0.3017,1.0,1.0,0.0,0.2309
6929,1.0,1.0,1.0,0.3863,1.0,1.0,0.0,0.0841,1.0,1.0,0.0,0.2397
6930,1.0,1.0,1.0,0.3727,1.0,1.0,0.0,0.0,1.0,1.0,0.0,0.2943
6931,1.0,1.0,1.0,0.3746,1.0,1.0,0.0,0.0,1.0,1.0,0.0,0.3711
6932,1.0,1.0,1.0,0.3442,1.0,1.0,0.0,0.0,1.0,1.0,0.0,0.4877
6933,1.0,1.0,1.0,0.3931,1.0,1.0,0.0,0.0,1.0,1.0,0.0,0.4108
6934,1.0,1.0,1.0,0.4696,1.0,1.0,0.0,0.0,1.0,1.0,0.0,0.4294
6935,1.0,1.0,1.0,0.4971,1.0,1.0,0.0,0.0,1.0,1.0,0.0,0.2975
6936,1.0,1.0,1.0,0.4755,1.0,1.0,0.0,0.0,1.0,1.0,0.0,0.2663
6937,1.0,1.0,1.0,0.3461,1.0,1.0,0.0,0.0,1.0,1.0,0.0,0.2548
6938,1.0,1.0,1.0,0.343,1.0,1.0,0.0,0.0,1.0,1.0,0.0,0.3094
6939,1.0,1.0,1.0,0.3287,1.0,1.0,0.0,0.0,1.0,1.0,0.0,0.3012
6940,1.0,1.0,1.0,0.3484,1.0,1.0,0.0,0.0,1.0,1.0,0.0,0.3538
6941,1.0,1.0,1.0,0.3583,1.0,1.0,0.0,0.0,1.0,1.0,0.0,0.326
6942,1.0,1.0,1.0,0.4923,1.0,1.0,0.0,0.0,1.0,1.0,0.0,0.2833
6943,1.0,1.0,1.0,0.428,1.0,1.0,0.0,0.0745,1.0,1.0,0.0,0.231
6944,1.0,1.0,1.0,0.2997,1.0,1.0,0.0,0.2537,1.0,1.0,0.0,0.2797
6945,1.0,1.0,1.0,0.2246,1.0,1.0,0.0,0.3595,1.0,1.0,0.0,0.2551
6946,1.0,1.0,1.0,0.1915,1.0,1.0,0.0,0.5269,1.0,1.0,0.0,0.129
6947,1.0,1.0,1.0,0.2623,1.0,1.0,0.0,0.5644,1.0,1.0,0.0,0.1609
6948,1.0,1.0,1.0,0.1864,1.0,1.0,0.0,0.621,1.0,1.0,0.0,0.1247
6949,1.0,1.0,1.0,0.1356,1.0,1.0,0.0,0.6373,1.0,1.0,0.0,0.1366
6950,1.0,1.0,1.0,0.1586,1.0,1.0,0.0,0.5444,1.0,1.0,0.0,0.0993
6951,1.0,1.0,1.0,0.208,1.0,1.0,0.0,0.4592,1.0,1.0,0.0,0.1039
6952,1.0,1.0,1.0,0.1352,1.0,1.0,0.0,0.2813,1.0,1.0,0.0,0.0424
6953,1.0,1.0,1.0,0.0805,1.0,1.0,0.0,0.0909,1.0,1.0,0.0,0.045
6954,1.0,1.0,1.0,0.0657,1.0,1.0,0.0,0.0,1.0,1.0,0.0,0.0358
6955,1.0,1.0,1.0,0.0862,1.0,1.0,0.0,0.0,1.0,1.0,0.0,0.0251
6956,1.0,1.0,1.0,0.0948,1.0,1.0,0.0,0.0,1.0,1.0,0.0,0.0355
6957,1.0,1.0,1.0,0.0782,1.0,1.0,0.0,0.0,1.0,1.0,0.0,0.0367
6958,1.0,1.0,1.0,0.1043,1.0,1.0,0.0,0.0,1.0,1.0,0.0,0.0364
6959,1.0,1.0,1.0,0.1132,1.0,1.0,0.0,0.0,1.0,1.0,0.0,0.0307
6960,1.0,1.0,1.0,0.115,1.0,1.0,0.0,0.0,1.0,1.0,0.0,0.0454
6961,1.0,1.0,1.0,0.0718,1.0,1.0,0.0,0.0,1.0,1.0,0.0,0.042
6962,1.0,1.0,1.0,0.059,1.0,1.0,0.0,0.0,1.0,1.0,1.0,0.0735
6963,1.0,1.0,1.0,0.1175,1.0,1.0,0.0,0.0,1.0,1.0,1.0,0.1141
6964,1.0,1.0,1.0,0.1101,1.0,1.0,0.0,0.0,1.0,1.0,1.0,0.1809
6965,1.0,1.0,1.0,0.0849,1.0,1.0,0.0,0.0,1.0,1.0,1.0,0.241
6966,1.0,1.0,1.0,0.079,1.0,1.0,0.0,0.0,1.0,1.0,1.0,0.2066
6967,1.0,1.0,1.0,0.0865,1.0,1.0,0.0,0.077,1.0,1.0,1.0,0.2128
6968,1.0,1.0,1.0,0.12,1.0,1.0,0.0,0.2831,1.0,1.0,1.0,0.2041
6969,1.0,1.0,1.0,0.1504,1.0,1.0,0.0,0.5009,1.0,1.0,1.0,0.2596
6970,1.0,1.0,1.0,0.1265,1.0,1.0,0.0,0.6555,1.0,1.0,1.0,0.2609
6971,1.0,1.0,1.0,0.1908,1.0,1.0,0.0,0.7494,1.0,1.0,1.0,0.2467
6972,1.0,1.0,1.0,0.2438,1.0,1.0,0.0,0.7833,1.0,1.0,1.0,0.372
6973,1.0,1.0,1.0,0.2193,1.0,1.0,0.0,0.7507,1.0,1.0,1.0,0.3445
6974,1.0,1.0,1.0,0.2154,1.0,1.0,0.0,0.6555,1.0,1.0,1.0,0.2966
6975,1.0,1.0,1.0,0.2574,1.0,1.0,0.0,0.5057,1.0,1.0,1.0,0.269
6976,1.0,1.0,1.0,0.3391,1.0,1.0,0.0,0.3137,1.0,1.0,1.0,0.3508
6977,1.0,1.0,1.0,0.2324,1.0,1.0,0.0,0.0956,1.0,1.0,1.0,0.3653
6978,1.0,1.0,1.0,0.2405,1.0,1.0,0.0,0.0,1.0,1.0,1.0,0.4021
6979,1.0,1.0,1.0,0.2419,1.0,1.0,0.0,0.0,1.0,1.0,1.0,0.4199
6980,1.0,1.0,1.0,0.2102,1.0,1.0,0.0,0.0,1.0,1.0,1.0,0.2494
6981,1.0,1.0,1.0,0.1823,1.0,1.0,0.0,0.0,1.0,1.0,1.0,0.1878
6982,1.0,1.0,1.0,0.2492,1.0,1.0,0.0,0.0,1.0,1.0,1.0,0.1767
6983,1.0,1.0,1.0,0.2894,1.0,1.0,0.0,0.0,1.0,1.0,1.0,0.1973
6984,1.0,1.0,1.0,0.4651,1.0,1.0,0.0,0.0,1.0,1.0,1.0,0.1523
6985,1.0,1.0,1.0,0.4132,1.0,1.0,0.0,0.0,1.0,1.0,1.0,0.1149
6986,1.0,1.0,1.0,0.4237,1.0,1.0,0.0,0.0,1.0,1.0,1.0,0.1081
6987,1.0,1.0,1.0,0.4488,1.0,1.0,0.0,0.0,1.0,1.0,1.0,0.1675
6988,1.0,1.0,1.0,0.5247,1.0,1.0,0.0,0.0,1.0,1.0,1.0,0.0887
6989,1.0,1.0,1.0,0.6355,1.0,1.0,0.0,0.0,1.0,1.0,1.0,0.0389
6990,1.0,1.0,1.0,0.6356,1.0,1.0,0.0,0.0,1.0,1.0,1.0,0.0741
6991,1.0,1.0,1.0,0.5352,1.0,1.0,0.0,0.0641,1.0,1.0,1.0,0.0472
6992,1.0,1.0,1.0,0.4681,1.0,1.0,0.0,0.241,1.0,1.0,1.0,0.044
6993,1.0,1.0,1.0,0.4776,1.0,1.0,0.0,0.3775,1.0,1.0,1.0,0.0284
6994,1.0,1.0,1.0,0.5722,1.0,1.0,0.0,0.4532,1.0,1.0,1.0,0.0278
6995,1.0,1.0,1.0,0.4403,1.0,1.0,0.0,0.5798,1.0,1.0,1.0,0.0289
6996,1.0,1.0,1.0,0.3413,1.0,1.0,0.0,0.6398,1.0,1.0,1.0,0.0538
6997,1.0,1.0,1.0,0.4041,1.0,1.0,0.0,0.6028,1.0,1.0,1.0,0.0725
6998,1.0,1.0,1.0,0.3004,1.0,1.0,0.0,0.5103,1.0,1.0,1.0,0.0501
6999,1.0,1.0,1.0,0.2263,1.0,1.0,0.0,0.4114,1.0,1.0,1.0,0.0281
7000,1.0,1.0,1.0,0.3079,1.0,1.0,0.0,0.268,1.0,1.0,1.0,0.0362
7001,1.0,1.0,1.0,0.2935,1.0,1.0,0.0,0.0803,1.0,1.0,1.0,0.0327
7002,1.0,1.0,1.0,0.2745,1.0,1.0,0.0,0.0,1.0,1.0,1.0,0.0277
7003,1.0,1.0,1.0,0.3824,1.0,1.0,0.0,0.0,1.0,1.0,1.0,0.0449
7004,1.0,1.0,1.0,0.2989,1.0,1.0,0.0,0.0,1.0,1.0,1.0,0.0266
7005,1.0,1.0,1.0,0.2167,1.0,1.0,0.0,0.0,1.0,1.0,1.0,0.0255
7006,1.0,1.0,1.0,0.3336,1.0,1.0,0.0,0.0,1.0,1.0,1.0,0.0345
7007,1.0,1.0,1.0,0.3532,1.0,1.0,0.0,0.0,1.0,1.0,1.0,0.0249
7008,1.0,1.0,1.0,0.4124,1.0,1.0,1.0,0.0,1.0,1.0,1.0,0.0426
7009,1.0,1.0,1.0,0.3852,1.0,1.0,1.0,0.0,1.0,1.0,1.0,0.0325
7010,1.0,1.0,1.0,0.3761,1.0,1.0,1.0,0.0,1.0,1.0,1.0,0.0343
7011,1.0,1.0,1.0,0.3203,1.0,1.0,1.0,0.0,1.0,1.0,1.0,0.0293
7012,1.0,1.0,1.0,0.3466,1.0,1.0,1.0,0.0,1.0,1.0,1.0,0.02
7013,1.0,1.0,1.0,0.416,1.0,1.0,1.0,0.0,1.0,1.0,1.0,0.02
7014,1.0,1.0,1.0,0.4316,1.0,1.0,1.0,0.0,1.0,1.0,1.0,0.02
7015,1.0,1.0,1.0,0.5222,1.0,1.0,1.0,0.0759,1.0,1.0,1.0,0.02
7016,1.0,1.0,1.0,0.5751,1.0,1.0,1.0,0.3058,1.0,1.0,1.0,0.02
7017,1.0,1.0,1.0,0.4779,1.0,1.0,1.0,0.4989,1.0,1.0,1.0,0.02
7018,1.0,1.0,1.0,0.4621,1.0,1.0,1.0,0.6498,1.0,1.0,1.0,0.02
7019,1.0,1.0,1.0,0.4208,1.0,1.0,1.0,0.7341,1.0,1.0,1.0,0.02
7020,1.0,1.0,1.0,0.4847,1.0,1.0,1.0,0.7788,1.0,1.0,1.0,0.02
7021,1.0,1.0,1.0,0.5217,1.0,1.0,1.0,0.7458,1.0,1.0,1.0,0.02
7022,1.0,1.0,1.0,0.5284,1.0,1.0,1.0,0.6413,1.0,1.0,1.0,0.02
7023,1.0,1.0,1.0,0.6106,1.0,1.0,1.0,0.3815,1.0,1.0,1.0,0.0339
7024,1.0,1.0,1.0,0.4423,1.0,1.0,1.0,0.2401,1.0,1.0,1.0,0.0258
7025,1.0,1.0,1.0,0.389,1.0,1.0,1.0,0.0672,1.0,1.0,1.0,0.0358
7026,1.0,1.0,1.0,0.3465,1.0,1.0,1.0,0.0,1.0,1.0,1.0,0.059
7027,1.0,1.0,1.0,0.3676,1.0,1.0,1.0,0.0,1.0,1.0,1.0,0.0598
7028,1.0,1.0,1.0,0.4139,1.0,1.0,1.0,0.0,1.0,1.0,1.0,0.0646
7029,1.0,1.0,1.0,0.4126,1.0,1.0,1.0,0.0,1.0,1.0,1.0,0.0812
7030,1.0,1.0,1.0,0.3062,1.0,1.0,1.0,0.0,1.0,1.0,1.0,0.0756
7031,1.0,1.0,1.0,0.3393,1.0,1.0,1.0,0.0,1.0,1.0,1.0,0.0426
7032,1.0,1.0,1.0,0.3529,1.0,1.0,1.0,0.0,1.0,1.0,1.0,0.0424
7033,1.0,1.0,1.0,0.2465,1.0,1.0,1.0,0.0,1.0,1.0,1.0,0.0781
7034,1.0,1.0,1.0,0.2311,1.0,1.0,1.0,0.0,1.0,1.0,1.0,0.0984
7035,1.0,1.0,1.0,0.2592,1.0,1.0,1.0,0.0,1.0,1.0,1.0,0.1051
7036,1.0,1.0,1.0,0.3882,1.0,1.0,1.0,0.0,1.0,1.0,1.0,0.1379
7037,1.0,1.0,1.0,0.3021,1.0,1.0,1.0,0.0,1.0,1.0,1.0,0.1361
7038,1.0,1.0,1.0,0.3657,1.0,1.0,1.0,0.0,1.0,1.0,1.0,0.1415
7039,1.0,1.0,1.0,0.2838,1.0,1.0,1.0,0.0707,1.0,1.0,1.0,0.1279
7040,1.0,1.0,1.0,0.2046,1.0,1.0,1.0,0.248,1.0,1.0,1.0,0.1525
7041,1.0,1.0,1.0,0.1473,1.0,1.0,1.0,0.4036,1.0,1.0,1.0,0.1334
7042,1.0,1.0,1.0,0.1815,1.0,1.0,1.0,0.5298,1.0,1.0,1.0,0.125
7043,1.0,1.0,1.0,0.193,1.0,1.0,1.0,0.5984,1.0,1.0,1.0,0.168
7044,1.0,1.0,1.0,0.1805,1.0,1.0,1.0,0.6652,1.0,1.0,1.0,0.1625
7045,1.0,1.0,1.0,0.2105,1.0,1.0,1.0,0.594,1.0,1.0,1.0,0.1957
7046,1.0,1.0,1.0,0.217,1.0,1.0,1.0,0.4723,1.0,1.0,1.0,0.2379
7047,1.0,1.0,1.0,0.2278,1.0,1.0,1.0,0.3199,1.0,1.0,1.0,0.2357
7048,1.0,1.0,1.0,0.2133,1.0,1.0,1.0,0.206,1.0,1.0,1.0,0.217
7049,1.0,1.0,1.0,0.1624,1.0,1.0,1.0,0.0583,1.0,1.0,1.0,0.151
7050,1.0,1.0,1.0,0.2661,1.0,1.0,1.0,0.0,1.0,1.0,1.0,0.1112
7051,1.0,1.0,1.0,0.3755,1.0,1.0,1.0,0.0,1.0,1.0,1.0,0.139
7052,1.0,1.0,1.0,0.512,1.0,1.0,1.0,0.0,1.0,1.0,1.0,0.1705
7053,1.0,1.0,1.0,0.4608,1.0,1.0,1.0,0.0,1.0,1.0,1.0,0.13
7054,1.0,1.0,1.0,0.3999,1.0,1.0,1.0,0.0,1.0,1.0,1.0,0.1511
7055,1.0,1.0,1.0,0.365,1.0,1.0,1.0,0.0,1.0,1.0,1.0,0.1654
7056,1.0,1.0,1.0,0.4587,1.0,1.0,1.0,0.0,1.0,1.0,1.0,0.2223
7057,1.0,1.0,1.0,0.4563,1.0,1.0,1.0,0.0,1.0,1.0,1.0,0.3831
7058,1.0,1.0,1.0,0.4074,1.0,1.0,1.0,0.0,1.0,1.0,1.0,0.4302
7059,1.0,1.0,1.0,0.4376,1.0,1.0,1.0,0.0,1.0,1.0,1.0,0.3696
7060,1.0,1.0,1.0,0.3739,1.0,1.0,1.0,0.0,1.0,1.0,1.0,0.431
7061,1.0,1.0,1.0,0.2711,1.0,1.0,1.0,0.0,1.0,1.0,1.0,0.3421
7062,1.0,1.0,1.0,0.2831,1.0,1.0,1.0,0.0,1.0,1.0,1.0,0.5308
7063,1.0,1.0,1.0,0.2504,1.0,1.0,1.0,0.0628,1.0,1.0,1.0,0.4184
7064,1.0,1.0,1.0,0.253,1.0,1.0,1.0,0.1866,1.0,1.0,1.0,0.4537
7065,1.0,1.0,1.0,0.1187,1.0,1.0,1.0,0.3418,1.0,1.0,1.0,0.4503
7066,1.0,1.0,1.0,0.0935,1.0,1.0,1.0,0.4688,1.0,1.0,1.0,0.4115
7067,1.0,1.0,1.0,0.0968,1.0,1.0,1.0,0.6008,1.0,1.0,1.0,0.3696
7068,1.0,1.0,1.0,0.0623,1.0,1.0,1.0,0.5151,1.0,1.0,1.0,0.4847
7069,1.0,1.0,1.0,0.0405,1.0,1.0,1.0,0.4887,1.0,1.0,1.0,0.5298
7070,1.0,1.0,1.0,0.0444,1.0,1.0,1.0,0.4869,1.0,1.0,1.0,0.5106
7071,1.0,1.0,1.0,0.0603,1.0,1.0,1.0,0.3547,1.0,1.0,1.0,0.652
7072,1.0,1.0,1.0,0.0478,1.0,1.0,1.0,0.2197,1.0,1.0,1.0,0.6336
7073,1.0,1.0,1.0,0.0471,1.0,1.0,1.0,0.0559,1.0,1.0,1.0,0.6832
7074,1.0,1.0,1.0,0.0467,1.0,1.0,1.0,0.0,1.0,1.0,1.0,0.5638
7075,1.0,1.0,1.0,0.0297,1.0,1.0,1.0,0.0,1.0,1.0,1.0,0.4448
7076,1.0,1.0,1.0,0.0482,1.0,1.0,1.0,0.0,1.0,1.0,1.0,0.5034
7077,1.0,1.0,1.0,0.0487,1.0,1.0,1.0,0.0,1.0,1.0,1.0,0.5253
7078,1.0,1.0,1.0,0.0494,1.0,1.0,1.0,0.0,1.0,1.0,1.0,0.6963
7079,1.0,1.0,1.0,0.0599,1.0,1.0,1.0,0.0,1.0,1.0,1.0,0.6314
7080,1.0,1.0,1.0,0.0384,1.0,1.0,1.0,0.0,1.0,1.0,1.0,0.679
7081,1.0,1.0,1.0,0.0565,1.0,1.0,1.0,0.0,1.0,1.0,1.0,0.6505
7082,1.0,1.0,1.0,0.0848,1.0,1.0,1.0,0.0,1.0,1.0,1.0,0.7068
7083,1.0,1.0,1.0,0.0935,1.0,1.0,1.0,0.0,1.0,1.0,1.0,0.7508
7084,1.0,1.0,1.0,0.1134,1.0,1.0,1.0,0.0,1.0,1.0,1.0,0.739
7085,1.0,1.0,1.0,0.1069,1.0,1.0,1.0,0.0,1.0,1.0,1.0,0.675
7086,1.0,1.0,1.0,0.1453,1.0,1.0,1.0,0.0,1.0,1.0,1.0,0.6389
7087,1.0,1.0,1.0,0.117,1.0,1.0,1.0,0.0648,1.0,1.0,1.0,0.5361
7088,1.0,1.0,1.0,0.1207,1.0,1.0,1.0,0.2625,1.0,1.0,1.0,0.5618
7089,1.0,1.0,1.0,0.1266,1.0,1.0,1.0,0.4555,1.0,1.0,1.0,0.3183
7090,1.0,1.0,1.0,0.13,1.0,1.0,1.0,0.6415,1.0,1.0,1.0,0.2765
7091,1.0,1.0,1.0,0.1848,1.0,1.0,1.0,0.6949,1.0,1.0,1.0,0.3462
7092,1.0,1.0,1.0,0.3345,1.0,1.0,1.0,0.7526,1.0,1.0,1.0,0.4187
7093,1.0,1.0,1.0,0.3274,1.0,1.0,1.0,0.6903,1.0,1.0,1.0,0.2886
7094,1.0,1.0,1.0,0.3663,1.0,1.0,1.0,0.6039,1.0,1.0,1.0,0.3339
7095,1.0,1.0,1.0,0.3043,1.0,1.0,1.0,0.4138,1.0,1.0,1.0,0.2518
7096,1.0,1.0,1.0,0.3881,1.0,1.0,1.0,0.2486,1.0,1.0,1.0,0.23
7097,1.0,1.0,1.0,0.346,1.0,1.0,1.0,0.0643,1.0,1.0,1.0,0.2843
7098,1.0,1.0,1.0,0.6151,1.0,1.0,1.0,0.0,1.0,1.0,1.0,0.2216
7099,1.0,1.0,1.0,0.464,1.0,1.0,1.0,0.0,1.0,1.0,1.0,0.3233
7100,1.0,1.0,1.0,0.645,1.0,1.0,1.0,0.0,1.0,1.0,1.0,0.3438
7101,1.0,1.0,1.0,0.7134,1.0,1.0,1.0,0.0,1.0,1.0,1.0,0.3812
7102,1.0,1.0,1.0,0.6172,1.0,1.0,1.0,0.0,1.0,1.0,1.0,0.4719
7103,1.0,1.0,1.0,0.7791,1.0,1.0,1.0,0.0,1.0,1.0,1.0,0.5457
7104,1.0,1.0,1.0,0.7097,1.0,1.0,1.0,0.0,1.0,1.0,1.0,0.6105
7105,1.0,1.0,1.0,0.6777,1.0,1.0,1.0,0.0,1.0,1.0,1.0,0.5465
7106,1.0,1.0,1.0,0.5629,1.0,1.0,1.0,0.0,1.0,1.0,1.0,0.4435
7107,1.0,1.0,1.0,0.5449,1.0,1.0,1.0,0.0,1.0,1.0,1.0,0.4163
7108,1.0,1.0,1.0,0.5355,1.0,1.0,1.0,0.0,1.0,1.0,1.0,0.4548
7109,1.0,1.0,1.0,0.6022,1.0,1.0,1.0,0.0,1.0,1.0,1.0,0.3442
7110,1.0,1.0,1.0,0.7758,1.0,1.0,1.0,0.0,1.0,1.0,1.0,0.3916
7111,1.0,1.0,1.0,0.7332,1.0,1.0,1.0,0.0613,1.0,1.0,1.0,0.4217
7112,1.0,1.0,1.0,0.5008,1.0,1.0,1.0,0.2503,1.0,1.0,1.0,0.404
7113,1.0,1.0,1.0,0.5538,1.0,1.0,1.0,0.3331,1.0,1.0,1.0,0.4073
7114,1.0,1.0,1.0,0.5007,1.0,1.0,1.0,0.3787,1.0,1.0,1.0,0.4109
7115,1.0,1.0,1.0,0.6514,1.0,1.0,1.0,0.414,1.0,1.0,1.0,0.4467
7116,1.0,1.0,1.0,0.6412,1.0,1.0,1.0,0.5083,1.0,1.0,1.0,0.5086
7117,1.0,1.0,1.0,0.5704,1.0,1.0,1.0,0.4718,1.0,1.0,1.0,0.7348
7118,1.0,1.0,1.0,0.4766,1.0,1.0,1.0,0.4079,1.0,1.0,1.0,0.7367
7119,1.0,1.0,1.0,0.5283,1.0,1.0,1.0,0.332,1.0,1.0,1.0,0.6799
7120,1.0,1.0,1.0,0.4999,1.0,1.0,1.0,0.1877,1.0,1.0,1.0,0.511
7121,1.0,1.0,1.0,0.6223,1.0,1.0,1.0,0.0353,1.0,1.0,1.0,0.3848
7122,1.0,1.0,1.0,0.5978,1.0,1.0,1.0,0.0,1.0,1.0,1.0,0.3232
7123,1.0,1.0,1.0,0.7039,1.0,1.0,1.0,0.0,1.0,1.0,1.0,0.3787
7124,1.0,1.0,1.0,0.5848,1.0,1.0,1.0,0.0,1.0,1.0,1.0,0.3458
7125,1.0,1.0,1.0,0.428,1.0,1.0,1.0,0.0,1.0,1.0,1.0,0.3786
7126,1.0,1.0,1.0,0.4987,1.0,1.0,1.0,0.0,1.0,1.0,1.0,0.3195
7127,1.0,1.0,1.0,0.4547,1.0,1.0,1.0,0.0,1.0,1.0,1.0,0.3559
7128,1.0,1.0,1.0,0.4324,1.0,1.0,1.0,0.0,1.0,1.0,1.0,0.4308
7129,1.0,1.0,1.0,0.3471,1.0,1.0,1.0,0.0,1.0,1.0,1.0,0.3941
7130,1.0,1.0,1.0,0.2677,1.0,1.0,1.0,0.0,1.0,1.0,1.0,0.4295
7131,1.0,1.0,1.0,0.317,1.0,1.0,1.0,0.0,1.0,1.0,1.0,0.3898
7132,1.0,1.0,1.0,0.3176,1.0,1.0,1.0,0.0,1.0,1.0,1.0,0.2922
7133,1.0,1.0,1.0,0.2448,1.0,1.0,1.0,0.0,1.0,1.0,1.0,0.3355
7134,1.0,1.0,1.0,0.3037,1.0,1.0,1.0,0.0,1.0,1.0,1.0,0.3688
7135,1.0,1.0,1.0,0.3996,1.0,1.0,1.0,0.0495,1.0,1.0,1.0,0.4176
7136,1.0,1.0,1.0,0.3901,1.0,1.0,1.0,0.2246,1.0,1.0,1.0,0.4983
7137,1.0,1.0,1.0,0.476,1.0,1.0,1.0,0.3782,1.0,1.0,1.0,0.4719
7138,1.0,1.0,1.0,0.3876,1.0,1.0,1.0,0.5519,1.0,1.0,1.0,0.4528
7139,1.0,1.0,1.0,0.4365,1.0,1.0,1.0,0.5869,1.0,1.0,1.0,0.425
7140,1.0,1.0,1.0,0.449,1.0,1.0,1.0,0.6817,1.0,1.0,1.0,0.4523
7141,1.0,1.0,1.0,0.38,1.0,1.0,1.0,0.7058,1.0,1.0,1.0,0.4371
7142,1.0,1.0,1.0,0.5573,1.0,1.0,1.0,0.6075,1.0,1.0,1.0,0.4451
7143,1.0,1.0,1.0,0.5723,1.0,1.0,1.0,0.4823,1.0,1.0,1.0,0.3811
7144,1.0,1.0,1.0,0.5155,1.0,1.0,1.0,0.2864,1.0,1.0,1.0,0.2997
7145,1.0,1.0,1.0,0.5133,1.0,1.0,1.0,0.0653,1.0,1.0,1.0,0.2386
7146,1.0,1.0,1.0,0.4338,1.0,1.0,1.0,0.0,1.0,1.0,1.0,0.2692
7147,1.0,1.0,1.0,0.3369,1.0,1.0,1.0,0.0,1.0,1.0,1.0,0.2684
7148,1.0,1.0,1.0,0.3041,1.0,1.0,1.0,0.0,1.0,1.0,1.0,0.2379
7149,1.0,1.0,1.0,0.2789,1.0,1.0,1.0,0.0,1.0,1.0,1.0,0.2858
7150,1.0,1.0,1.0,0.2285,1.0,1.0,1.0,0.0,1.0,1.0,1.0,0.402
7151,1.0,1.0,1.0,0.3195,1.0,1.0,1.0,0.0,1.0,1.0,1.0,0.3596
7152,1.0,1.0,1.0,0.268,1.0,1.0,1.0,0.0,1.0,1.0,1.0,0.2793
7153,1.0,1.0,1.0,0.2118,1.0,1.0,1.0,0.0,1.0,1.0,1.0,0.3527
7154,1.0,1.0,1.0,0.154,1.0,1.0,1.0,0.0,1.0,1.0,1.0,0.3538
7155,1.0,1.0,1.0,0.1077,1.0,1.0,1.0,0.0,1.0,1.0,1.0,0.3392
7156,1.0,1.0,1.0,0.1539,1.0,1.0,1.0,0.0,1.0,1.0,1.0,0.4233
7157,1.0,1.0,1.0,0.1713,1.0,1.0,1.0,0.0,1.0,1.0,1.0,0.3988
7158,1.0,1.0,1.0,0.214,1.0,1.0,1.0,0.0,1.0,1.0,1.0,0.431
7159,1.0,1.0,1.0,0.2852,1.0,1.0,1.0,0.0458,1.0,1.0,1.0,0.4423
7160,1.0,1.0,1.0,0.2648,1.0,1.0,1.0,0.1986,1.0,1.0,1.0,0.7093
7161,1.0,1.0,1.0,0.3802,1.0,1.0,1.0,0.287,1.0,1.0,1.0,0.6899
7162,1.0,1.0,1.0,0.3303,1.0,1.0,1.0,0.4472,1.0,1.0,1.0,0.7474
7163,1.0,1.0,1.0,0.253,1.0,1.0,1.0,0.5626,1.0,1.0,1.0,0.7203
7164,1.0,1.0,1.0,0.2824,1.0,1.0,1.0,0.6762,1.0,1.0,1.0,0.7421
7165,1.0,1.0,1.0,0.2958,1.0,1.0,1.0,0.7317,1.0,1.0,1.0,0.7187
7166,1.0,1.0,1.0,0.309,1.0,1.0,1.0,0.6061,1.0,1.0,1.0,0.763
7167,1.0,1.0,1.0,0.3921,1.0,1.0,1.0,0.4261,1.0,1.0,1.0,0.7469
7168,1.0,1.0,1.0,0.4009,1.0,1.0,1.0,0.2096,1.0,1.0,1.0,0.7699
7169,1.0,1.0,1.0,0.4272,1.0,1.0,1.0,0.0406,1.0,1.0,1.0,0.7085
7170,1.0,1.0,1.0,0.5444,1.0,1.0,1.0,0.0,1.0,1.0,1.0,0.6374
7171,1.0,1.0,1.0,0.5628,1.0,1.0,1.0,0.0,1.0,1.0,1.0,0.4675
7172,1.0,1.0,1.0,0.5998,1.0,1.0,1.0,0.0,1.0,1.0,1.0,0.4958
7173,1.0,1.0,1.0,0.4708,1.0,1.0,1.0,0.0,1.0,1.0,1.0,0.4349
7174,1.0,1.0,1.0,0.764,1.0,1.0,1.0,0.0,1.0,1.0,1.0,0.6214
7175,1.0,1.0,1.0,0.6386,1.0,1.0,1.0,0.0,1.0,1.0,1.0,0.5737
7176,1.0,1.0,1.0,0.5891,1.0,1.0,1.0,0.0,1.0,1.0,1.0,0.6717
7177,1.0,1.0,1.0,0.5342,1.0,1.0,1.0,0.0,1.0,1.0,1.0,0.7459
7178,1.0,1.0,1.0,0.7022,1.0,1.0,1.0,0.0,1.0,1.0,1.0,0.7191
7179,1.0,1.0,1.0,0.6477,1.0,1.0,1.0,0.0,1.0,1.0,1.0,0.6538
7180,1.0,1.0,1.0,0.6753,1.0,1.0,1.0,0.0,1.0,1.0,1.0,0.6344
7181,1.0,1.0,1.0,0.6225,1.0,1.0,1.0,0.0,1.0,1.0,1.0,0.7137
7182,1.0,1.0,1.0,0.527,1.0,1.0,1.0,0.0,1.0,1.0,1.0,0.8413
7183,1.0,1.0,1.0,0.5723,1.0,1.0,1.0,0.0515,1.0,1.0,1.0,0.7627
7184,1.0,1.0,1.0,0.5045,1.0,1.0,1.0,0.2508,1.0,1.0,1.0,0.7538
7185,1.0,1.0,1.0,0.5192,1.0,1.0,1.0,0.3701,1.0,1.0,1.0,0.7017
7186,1.0,1.0,1.0,0.5698,1.0,1.0,1.0,0.4687,1.0,1.0,1.0,0.6649
7187,1.0,1.0,1.0,0.7164,1.0,1.0,1.0,0.5515,1.0,1.0,1.0,0.7762
7188,1.0,1.0,1.0,0.6093,1.0,1.0,1.0,0.6029,1.0,1.0,1.0,0.7148
7189,1.0,1.0,1.0,0.5901,1.0,1.0,1.0,0.6266,1.0,1.0,1.0,0.577
7190,1.0,1.0,1.0,0.5748,1.0,1.0,1.0,0.6211,1.0,1.0,1.0,0.5874
7191,1.0,1.0,1.0,0.5694,1.0,1.0,1.0,0.4456,1.0,1.0,1.0,0.6124
7192,1.0,1.0,1.0,0.7608,1.0,1.0,1.0,0.2788,1.0,1.0,1.0,0.5691
7193,1.0,1.0,1.0,0.7405,1.0,1.0,1.0,0.0569,1.0,1.0,1.0,0.5032
7194,1.0,1.0,1.0,0.5305,1.0,1.0,1.0,0.0,1.0,1.0,1.0,0.5126
7195,1.0,1.0,1.0,0.509,1.0,1.0,1.0,0.0,1.0,1.0,1.0,0.3913
7196,1.0,1.0,1.0,0.4951,1.0,1.0,1.0,0.0,1.0,1.0,1.0,0.4257
7197,1.0,1.0,1.0,0.4709,1.0,1.0,1.0,0.0,1.0,1.0,1.0,0.3941
7198,1.0,1.0,1.0,0.4067,1.0,1.0,1.0,0.0,1.0,1.0,1.0,0.5125
7199,1.0,1.0,1.0,0.3011,1.0,1.0,1.0,0.0,1.0,1.0,1.0,0.5353
7200,1.0,1.0,1.0,0.4841,1.0,1.0,1.0,0.0,1.0,1.0,0.0,0.5189
7201,1.0,1.0,1.0,0.5092,1.0,1.0,1.0,0.0,1.0,1.0,0.0,0.4937
7202,1.0,1.0,1.0,0.489,1.0,1.0,1.0,0.0,1.0,1.0,0.0,0.3276
7203,1.0,1.0,1.0,0.6658,1.0,1.0,1.0,0.0,1.0,1.0,0.0,0.3189
7204,1.0,1.0,1.0,0.587,1.0,1.0,1.0,0.0,1.0,1.0,0.0,0.3046
7205,1.0,1.0,1.0,0.6316,1.0,1.0,1.0,0.0,1.0,1.0,0.0,0.3099
7206,1.0,1.0,1.0,0.5183,1.0,1.0,1.0,0.0,1.0,1.0,0.0,0.2971
7207,1.0,1.0,1.0,0.5795,1.0,1.0,1.0,0.0314,1.0,1.0,0.0,0.4126
7208,1.0,1.0,1.0,0.4754,1.0,1.0,1.0,0.1631,1.0,1.0,0.0,0.3882
7209,1.0,1.0,1.0,0.5141,1.0,1.0,1.0,0.2896,1.0,1.0,0.0,0.3199
7210,1.0,1.0,1.0,0.6738,1.0,1.0,1.0,0.433,1.0,1.0,0.0,0.2088
7211,1.0,1.0,1.0,0.6734,1.0,1.0,1.0,0.5463,1.0,1.0,0.0,0.1875
7212,1.0,1.0,1.0,0.4805,1.0,1.0,1.0,0.5429,1.0,1.0,0.0,0.141
7213,1.0,1.0,1.0,0.481,1.0,1.0,1.0,0.441,1.0,1.0,0.0,0.0975
7214,1.0,1.0,1.0,0.5204,1.0,1.0,1.0,0.4045,1.0,1.0,0.0,0.0923
7215,1.0,1.0,1.0,0.5943,1.0,1.0,1.0,0.2894,1.0,1.0,0.0,0.1375
7216,1.0,1.0,1.0,0.7054,1.0,1.0,1.0,0.1633,1.0,1.0,0.0,0.1867
7217,1.0,1.0,1.0,0.797,1.0,1.0,1.0,0.0337,1.0,1.0,0.0,0.1307
7218,1.0,1.0,1.0,0.7805,1.0,1.0,1.0,0.0,1.0,1.0,0.0,0.1367
7219,1.0,1.0,1.0,0.7284,1.0,1.0,1.0,0.0,1.0,1.0,0.0,0.1601
7220,1.0,1.0,1.0,0.6348,1.0,1.0,1.0,0.0,1.0,1.0,0.0,0.1945
7221,1.0,1.0,1.0,0.5829,1.0,1.0,1.0,0.0,1.0,1.0,0.0,0.3026
7222,1.0,1.0,1.0,0.6174,1.0,1.0,1.0,0.0,1.0,1.0,0.0,0.2249
7223,1.0,1.0,1.0,0.4949,1.0,1.0,1.0,0.0,1.0,1.0,0.0,0.1783
7224,1.0,1.0,1.0,0.4141,1.0,1.0,1.0,0.0,1.0,1.0,0.0,0.1516
7225,1.0,1.0,1.0,0.4621,1.0,1.0,1.0,0.0,1.0,1.0,0.0,0.1737
7226,1.0,1.0,1.0,0.4046,1.0,1.0,1.0,0.0,1.0,1.0,0.0,0.077
7227,1.0,1.0,1.0,0.436,1.0,1.0,1.0,0.0,1.0,1.0,0.0,0.0754
7228,1.0,1.0,1.0,0.3665,1.0,1.0,1.0,0.0,1.0,1.0,0.0,0.0442
7229,1.0,1.0,1.0,0.3911,1.0,1.0,1.0,0.0,1.0,1.0,0.0,0.0475
7230,1.0,1.0,1.0,0.3292,1.0,1.0,1.0,0.0,1.0,1.0,0.0,0.0996
7231,1.0,1.0,1.0,0.2028,1.0,1.0,1.0,0.0431,1.0,1.0,0.0,0.1372
7232,1.0,1.0,1.0,0.2679,1.0,1.0,1.0,0.2146,1.0,1.0,0.0,0.0971
7233,1.0,1.0,1.0,0.2259,1.0,1.0,1.0,0.3998,1.0,1.0,0.0,0.0889
7234,1.0,1.0,1.0,0.2152,1.0,1.0,1.0,0.5994,1.0,1.0,0.0,0.07
7235,1.0,1.0,1.0,0.181,1.0,1.0,1.0,0.6741,1.0,1.0,0.0,0.1117
7236,1.0,1.0,1.0,0.2165,1.0,1.0,1.0,0.7592,1.0,1.0,0.0,0.0573
7237,1.0,1.0,1.0,0.2417,1.0,1.0,1.0,0.725,1.0,1.0,0.0,0.0528
7238,1.0,1.0,1.0,0.2826,1.0,1.0,0.6,0.6255,1.0,1.0,0.0,0.0447
7239,1.0,1.0,1.0,0.2481,1.0,1.0,0.6,0.4684,1.0,1.0,0.0,0.0323
7240,1.0,1.0,1.0,0.2488,1.0,1.0,0.6,0.2487,1.0,1.0,0.0,0.061
7241,1.0,1.0,1.0,0.2812,1.0,1.0,0.6,0.0406,1.0,1.0,0.0,0.0385
7242,1.0,1.0,1.0,0.4057,1.0,1.0,0.6,0.0,1.0,1.0,0.0,0.0277
7243,1.0,1.0,1.0,0.4315,1.0,1.0,0.6,0.0,1.0,1.0,0.0,0.0517
7244,1.0,1.0,1.0,0.3473,1.0,1.0,0.6,0.0,1.0,1.0,0.0,0.0534
7245,1.0,1.0,1.0,0.3703,1.0,1.0,0.6,0.0,1.0,1.0,0.0,0.0538
7246,1.0,1.0,1.0,0.3578,1.0,1.0,0.6,0.0,1.0,1.0,0.0,0.0466
7247,1.0,1.0,1.0,0.2176,1.0,1.0,0.6,0.0,1.0,1.0,0.0,0.0499
7248,1.0,1.0,1.0,0.1313,1.0,1.0,0.6,0.0,1.0,1.0,0.0,0.0468
7249,1.0,1.0,1.0,0.1338,1.0,1.0,0.6,0.0,1.0,1.0,0.0,0.0392
7250,1.0,1.0,1.0,0.1397,1.0,1.0,0.6,0.0,1.0,1.0,0.0,0.0263
7251,1.0,1.0,1.0,0.1326,1.0,1.0,0.6,0.0,1.0,1.0,0.0,0.0292
7252,1.0,1.0,1.0,0.1788,1.0,1.0,0.6,0.0,1.0,1.0,0.0,0.0259
7253,1.0,1.0,1.0,0.1396,1.0,1.0,0.6,0.0,1.0,1.0,0.0,0.0241
7254,1.0,1.0,1.0,0.0944,1.0,1.0,0.6,0.0,1.0,1.0,0.0,0.0331
7255,1.0,1.0,1.0,0.0762,1.0,1.0,0.6,0.0265,1.0,1.0,0.0,0.0302
7256,1.0,1.0,1.0,0.0663,1.0,1.0,0.6,0.2078,1.0,1.0,0.0,0.0317
7257,1.0,1.0,1.0,0.0692,1.0,1.0,0.6,0.3644,1.0,1.0,0.0,0.0602
7258,1.0,1.0,1.0,0.0567,1.0,1.0,0.6,0.4804,1.0,1.0,0.0,0.0725
7259,1.0,1.0,1.0,0.0296,1.0,1.0,0.6,0.4188,1.0,1.0,0.0,0.0642
7260,1.0,1.0,1.0,0.02,1.0,1.0,0.6,0.4737,1.0,1.0,0.0,0.0474
7261,1.0,1.0,1.0,0.02,1.0,1.0,0.6,0.3542,1.0,1.0,0.0,0.0486
7262,1.0,1.0,1.0,0.02,1.0,1.0,0.6,0.3552,1.0,1.0,0.0,0.0675
7263,1.0,1.0,1.0,0.02,1.0,1.0,0.6,0.2844,1.0,1.0,0.0,0.0589
7264,1.0,1.0,1.0,0.02,1.0,1.0,0.6,0.1868,1.0,1.0,0.0,0.0618
7265,1.0,1.0,1.0,0.02,1.0,1.0,0.6,0.0296,1.0,1.0,0.0,0.0536
7266,1.0,1.0,1.0,0.02,1.0,1.0,0.6,0.0,1.0,1.0,0.0,0.0499
7267,1.0,1.0,1.0,0.0241,1.0,1.0,0.6,0.0,1.0,1.0,0.0,0.0348
7268,1.0,1.0,1.0,0.0291,1.0,1.0,0.6,0.0,1.0,1.0,0.0,0.0405
7269,1.0,1.0,1.0,0.02,1.0,1.0,0.6,0.0,1.0,1.0,0.0,0.0448
7270,1.0,1.0,1.0,0.0219,1.0,1.0,0.6,0.0,1.0,1.0,0.0,0.0766
7271,1.0,1.0,1.0,0.0369,1.0,1.0,0.6,0.0,1.0,1.0,0.0,0.0819
7272,1.0,1.0,1.0,0.0742,1.0,1.0,0.6,0.0,1.0,1.0,0.0,0.0676
7273,1.0,1.0,1.0,0.0683,1.0,1.0,0.6,0.0,1.0,1.0,0.0,0.1113
7274,1.0,1.0,1.0,0.05,1.0,1.0,0.6,0.0,1.0,1.0,0.0,0.1271
7275,1.0,1.0,1.0,0.0838,1.0,1.0,0.6,0.0,1.0,1.0,0.0,0.1367
7276,1.0,1.0,1.0,0.1037,1.0,1.0,0.6,0.0,1.0,1.0,0.0,0.1379
7277,1.0,1.0,1.0,0.1421,1.0,1.0,0.6,0.0,1.0,1.0,0.0,0.1461
7278,1.0,1.0,1.0,0.1211,1.0,1.0,0.6,0.0,1.0,1.0,0.0,0.1135
7279,1.0,1.0,1.0,0.1371,1.0,1.0,0.6,0.0289,1.0,1.0,0.0,0.1126
7280,1.0,1.0,1.0,0.1029,1.0,1.0,0.6,0.2035,1.0,1.0,0.0,0.107
7281,1.0,1.0,1.0,0.1078,1.0,1.0,0.6,0.3525,1.0,1.0,0.0,0.1219
7282,1.0,1.0,1.0,0.1012,1.0,1.0,0.6,0.4546,1.0,1.0,0.0,0.1727
7283,1.0,1.0,1.0,0.2125,1.0,1.0,0.6,0.5122,1.0,1.0,0.0,0.2273
7284,1.0,1.0,1.0,0.2515,1.0,1.0,0.6,0.5949,1.0,1.0,0.0,0.2592
7285,1.0,1.0,1.0,0.1391,1.0,1.0,0.6,0.5191,1.0,1.0,0.0,0.1593
7286,1.0,1.0,1.0,0.1442,1.0,1.0,0.6,0.5102,1.0,1.0,0.0,0.1409
7287,1.0,1.0,1.0,0.1666,1.0,1.0,0.6,0.326,1.0,1.0,0.0,0.0807
7288,1.0,1.0,1.0,0.1494,1.0,1.0,0.6,0.196,1.0,1.0,0.0,0.1168
7289,1.0,1.0,1.0,0.1105,1.0,1.0,0.6,0.0332,1.0,1.0,0.0,0.1144
7290,1.0,1.0,1.0,0.1415,1.0,1.0,0.6,0.0,1.0,1.0,0.0,0.1112
7291,1.0,1.0,1.0,0.1093,1.0,1.0,0.6,0.0,1.0,1.0,0.0,0.0912
7292,1.0,1.0,1.0,0.1365,1.0,1.0,0.6,0.0,1.0,1.0,0.0,0.1383
7293,1.0,1.0,1.0,0.1027,1.0,1.0,0.6,0.0,1.0,1.0,0.0,0.1442
7294,1.0,1.0,1.0,0.091,1.0,1.0,0.6,0.0,1.0,1.0,0.0,0.1407
7295,1.0,1.0,1.0,0.1291,1.0,1.0,0.6,0.0,1.0,1.0,0.0,0.1477
7296,1.0,1.0,1.0,0.1568,1.0,1.0,0.6,0.0,1.0,1.0,0.0,0.1596
7297,1.0,1.0,1.0,0.1635,1.0,1.0,0.6,0.0,1.0,1.0,0.0,0.1544
7298,1.0,1.0,1.0,0.1672,1.0,1.0,0.6,0.0,1.0,1.0,0.0,0.2229
7299,1.0,1.0,1.0,0.1769,1.0,1.0,0.6,0.0,1.0,1.0,0.0,0.3069
7300,1.0,1.0,1.0,0.1443,1.0,1.0,0.6,0.0,1.0,1.0,0.0,0.3102
7301,1.0,1.0,1.0,0.0938,1.0,1.0,0.6,0.0,1.0,1.0,0.0,0.2519
7302,1.0,1.0,1.0,0.1179,1.0,1.0,1.0,0.0,1.0,1.0,0.0,0.2723
7303,1.0,1.0,1.0,0.1933,1.0,1.0,1.0,0.0191,1.0,1.0,0.0,0.2308
7304,1.0,1.0,1.0,0.234,1.0,1.0,1.0,0.1206,1.0,1.0,0.0,0.3297
7305,1.0,1.0,1.0,0.2549,1.0,1.0,1.0,0.2649,1.0,1.0,0.0,0.4551
7306,1.0,1.0,1.0,0.1862,1.0,1.0,1.0,0.4015,1.0,1.0,0.0,0.509
7307,1.0,1.0,1.0,0.2432,1.0,1.0,1.0,0.4679,1.0,1.0,0.0,0.3983
7308,1.0,1.0,1.0,0.28,1.0,1.0,1.0,0.6686,1.0,1.0,0.0,0.3533
7309,1.0,1.0,1.0,0.3404,1.0,1.0,1.0,0.6342,1.0,1.0,0.0,0.3323
7310,1.0,1.0,1.0,0.4277,1.0,1.0,1.0,0.5463,1.0,1.0,0.0,0.2665
7311,1.0,1.0,1.0,0.5649,1.0,1.0,1.0,0.3803,1.0,1.0,0.0,0.2443
7312,1.0,1.0,1.0,0.463,1.0,1.0,1.0,0.1991,1.0,1.0,0.0,0.2582
7313,1.0,1.0,1.0,0.3528,1.0,1.0,1.0,0.0269,1.0,1.0,0.0,0.2932
7314,1.0,1.0,1.0,0.3663,1.0,1.0,1.0,0.0,1.0,1.0,0.0,0.3908
7315,1.0,1.0,1.0,0.2961,1.0,1.0,1.0,0.0,1.0,1.0,0.0,0.3824
7316,1.0,1.0,1.0,0.2253,1.0,1.0,1.0,0.0,1.0,1.0,0.0,0.3519
7317,1.0,1.0,1.0,0.3138,1.0,1.0,1.0,0.0,1.0,1.0,0.0,0.2527
7318,1.0,1.0,1.0,0.2453,1.0,1.0,1.0,0.0,1.0,1.0,0.0,0.2747
7319,1.0,1.0,1.0,0.2487,1.0,1.0,1.0,0.0,1.0,1.0,0.0,0.2421
7320,1.0,1.0,1.0,0.1618,1.0,1.0,1.0,0.0,1.0,1.0,0.0,0.2296
7321,1.0,1.0,1.0,0.1702,1.0,1.0,1.0,0.0,1.0,1.0,0.0,0.1958
7322,1.0,1.0,1.0,0.2434,1.0,1.0,1.0,0.0,1.0,1.0,0.0,0.1682
7323,1.0,1.0,1.0,0.3347,1.0,1.0,1.0,0.0,1.0,1.0,0.0,0.2076
7324,1.0,1.0,1.0,0.4227,1.0,1.0,1.0,0.0,1.0,1.0,0.0,0.2043
7325,1.0,1.0,1.0,0.4156,1.0,1.0,1.0,0.0,1.0,1.0,0.0,0.3074
7326,1.0,1.0,1.0,0.5118,1.0,1.0,1.0,0.0,1.0,1.0,0.0,0.2281
7327,1.0,1.0,1.0,0.5461,1.0,1.0,1.0,0.033,1.0,1.0,0.0,0.3132
7328,1.0,1.0,1.0,0.5036,1.0,1.0,1.0,0.2467,1.0,1.0,0.0,0.2741
7329,1.0,1.0,1.0,0.5341,1.0,1.0,1.0,0.3812,1.0,1.0,0.0,0.2681
7330,1.0,1.0,1.0,0.6061,1.0,1.0,1.0,0.4492,1.0,1.0,0.0,0.3013
7331,1.0,1.0,1.0,0.4856,1.0,1.0,1.0,0.4928,1.0,1.0,0.0,0.3783
7332,1.0,1.0,1.0,0.3921,1.0,1.0,1.0,0.5021,1.0,1.0,0.0,0.4629
7333,1.0,1.0,1.0,0.3807,1.0,1.0,1.0,0.4898,1.0,1.0,0.0,0.5454
7334,1.0,1.0,1.0,0.2868,1.0,1.0,1.0,0.4302,1.0,1.0,0.0,0.516
7335,1.0,1.0,1.0,0.2096,1.0,1.0,1.0,0.3167,1.0,1.0,0.0,0.6585
7336,1.0,1.0,1.0,0.1906,1.0,1.0,1.0,0.196,1.0,1.0,0.0,0.6926
7337,1.0,1.0,1.0,0.256,1.0,1.0,1.0,0.0235,1.0,1.0,0.0,0.43
7338,1.0,1.0,1.0,0.3306,1.0,1.0,1.0,0.0,1.0,1.0,0.0,0.4274
7339,1.0,1.0,1.0,0.3582,1.0,1.0,1.0,0.0,1.0,1.0,0.0,0.3899
7340,1.0,1.0,1.0,0.3743,1.0,1.0,1.0,0.0,1.0,1.0,0.0,0.3602
7341,1.0,1.0,1.0,0.5551,1.0,1.0,1.0,0.0,1.0,1.0,0.0,0.4098
7342,1.0,1.0,1.0,0.5036,1.0,1.0,1.0,0.0,1.0,1.0,0.0,0.4312
7343,1.0,1.0,1.0,0.5218,1.0,1.0,1.0,0.0,1.0,1.0,0.0,0.3691
7344,1.0,1.0,1.0,0.4694,1.0,1.0,1.0,0.0,1.0,1.0,0.0,0.4965
7345,1.0,1.0,1.0,0.3588,1.0,1.0,1.0,0.0,1.0,1.0,0.0,0.379
7346,1.0,1.0,1.0,0.4603,1.0,1.0,1.0,0.0,1.0,1.0,0.0,0.2724
7347,1.0,1.0,1.0,0.4324,1.0,1.0,1.0,0.0,1.0,1.0,0.0,0.2037
7348,1.0,1.0,1.0,0.4921,1.0,1.0,1.0,0.0,1.0,1.0,0.0,0.232
7349,1.0,1.0,1.0,0.4681,1.0,1.0,1.0,0.0,1.0,1.0,0.0,0.2568
7350,1.0,1.0,1.0,0.5748,1.0,1.0,1.0,0.0,1.0,1.0,0.0,0.2067
7351,1.0,1.0,1.0,0.4831,1.0,1.0,1.0,0.0199,1.0,1.0,0.0,0.1761
7352,1.0,1.0,1.0,0.582,1.0,1.0,1.0,0.189,1.0,1.0,0.0,0.1782
7353,1.0,1.0,1.0,0.6509,1.0,1.0,1.0,0.3186,1.0,1.0,0.0,0.1316
7354,1.0,1.0,1.0,0.4913,1.0,1.0,1.0,0.4216,1.0,1.0,0.0,0.1707
7355,1.0,1.0,1.0,0.4439,1.0,1.0,1.0,0.5255,1.0,1.0,0.0,0.266
7356,1.0,1.0,1.0,0.5319,1.0,1.0,1.0,0.6217,1.0,1.0,0.0,0.2541
7357,1.0,1.0,1.0,0.6651,1.0,1.0,1.0,0.5785,1.0,1.0,0.0,0.2782
7358,1.0,1.0,1.0,0.7119,1.0,1.0,1.0,0.5441,1.0,1.0,0.0,0.2856
7359,1.0,1.0,1.0,0.6744,1.0,1.0,1.0,0.34,1.0,1.0,0.0,0.3915
7360,1.0,1.0,1.0,0.5881,1.0,1.0,1.0,0.18,1.0,1.0,0.0,0.5552
7361,1.0,1.0,1.0,0.6302,1.0,1.0,1.0,0.0223,1.0,1.0,0.0,0.5149
7362,1.0,1.0,1.0,0.5883,1.0,1.0,1.0,0.0,1.0,1.0,0.0,0.5098
7363,1.0,1.0,1.0,0.5501,1.0,1.0,1.0,0.0,1.0,1.0,0.0,0.5765
7364,1.0,1.0,1.0,0.5264,1.0,1.0,1.0,0.0,1.0,1.0,0.0,0.5962
7365,1.0,1.0,1.0,0.5988,1.0,1.0,1.0,0.0,1.0,1.0,0.0,0.5072
7366,1.0,1.0,1.0,0.7329,1.0,1.0,1.0,0.0,1.0,1.0,0.0,0.3463
7367,1.0,1.0,1.0,0.7905,1.0,1.0,1.0,0.0,1.0,1.0,0.0,0.2984
7368,1.0,1.0,1.0,0.7842,1.0,1.0,1.0,0.0,1.0,1.0,1.0,0.3242
7369,1.0,1.0,1.0,0.7163,1.0,1.0,1.0,0.0,1.0,1.0,1.0,0.2931
7370,1.0,1.0,1.0,0.7543,1.0,1.0,1.0,0.0,1.0,1.0,1.0,0.2222
7371,1.0,1.0,1.0,0.8403,1.0,1.0,1.0,0.0,1.0,1.0,1.0,0.1903
7372,1.0,1.0,1.0,0.8756,1.0,1.0,1.0,0.0,1.0,1.0,1.0,0.3114
7373,1.0,1.0,1.0,0.876,1.0,1.0,1.0,0.0,1.0,1.0,1.0,0.2325
7374,1.0,1.0,1.0,0.8474,1.0,1.0,1.0,0.0,1.0,1.0,1.0,0.2145
7375,1.0,1.0,1.0,0.8548,1.0,1.0,1.0,0.0222,1.0,1.0,1.0,0.187
7376,1.0,1.0,1.0,0.8922,1.0,1.0,1.0,0.2092,1.0,1.0,1.0,0.3164
7377,1.0,1.0,1.0,0.8929,1.0,1.0,1.0,0.4082,1.0,1.0,1.0,0.2154
7378,1.0,1.0,1.0,0.8819,1.0,1.0,1.0,0.4891,1.0,1.0,1.0,0.1739
7379,1.0,1.0,1.0,0.8454,1.0,1.0,1.0,0.5426,1.0,1.0,1.0,0.1797
7380,1.0,1.0,1.0,0.9271,1.0,1.0,1.0,0.5511,1.0,1.0,1.0,0.191
7381,1.0,1.0,1.0,0.8952,1.0,1.0,1.0,0.5551,1.0,1.0,1.0,0.2618
7382,1.0,1.0,1.0,0.8488,1.0,1.0,1.0,0.5109,1.0,1.0,1.0,0.3366
7383,1.0,1.0,1.0,0.8482,1.0,1.0,1.0,0.349,1.0,1.0,1.0,0.2822
7384,1.0,1.0,1.0,0.8303,1.0,1.0,1.0,0.1762,1.0,1.0,1.0,0.3047
7385,1.0,1.0,1.0,0.8685,1.0,1.0,1.0,0.0185,1.0,1.0,1.0,0.2911
7386,1.0,1.0,1.0,0.8994,1.0,1.0,1.0,0.0,1.0,1.0,1.0,0.2587
7387,1.0,1.0,1.0,0.8441,1.0,1.0,1.0,0.0,1.0,1.0,1.0,0.333
7388,1.0,1.0,1.0,0.7963,1.0,1.0,1.0,0.0,1.0,1.0,1.0,0.3511
7389,1.0,1.0,1.0,0.7321,1.0,1.0,1.0,0.0,1.0,1.0,1.0,0.4833
7390,1.0,1.0,1.0,0.7754,1.0,1.0,1.0,0.0,1.0,1.0,1.0,0.5182
7391,1.0,1.0,1.0,0.7927,1.0,1.0,1.0,0.0,1.0,1.0,1.0,0.5905
7392,1.0,1.0,1.0,0.7632,1.0,1.0,1.0,0.0,1.0,1.0,1.0,0.3511
7393,1.0,1.0,1.0,0.7687,1.0,1.0,1.0,0.0,1.0,1.0,1.0,0.356
7394,1.0,1.0,1.0,0.6814,1.0,1.0,1.0,0.0,1.0,1.0,1.0,0.3889
7395,1.0,1.0,1.0,0.6147,1.0,1.0,1.0,0.0,1.0,1.0,1.0,0.4297
7396,1.0,1.0,1.0,0.497,1.0,1.0,1.0,0.0,1.0,1.0,1.0,0.5594
7397,1.0,1.0,1.0,0.5072,1.0,1.0,1.0,0.0,1.0,1.0,1.0,0.6036
7398,1.0,1.0,1.0,0.5168,1.0,1.0,1.0,0.0,1.0,1.0,1.0,0.489
7399,1.0,1.0,1.0,0.4281,1.0,1.0,1.0,0.0191,1.0,1.0,1.0,0.5296
7400,1.0,1.0,1.0,0.4641,1.0,1.0,1.0,0.2249,1.0,1.0,1.0,0.5941
7401,1.0,1.0,1.0,0.5548,1.0,1.0,1.0,0.4201,1.0,1.0,1.0,0.5322
7402,1.0,1.0,1.0,0.4607,1.0,1.0,1.0,0.4804,1.0,1.0,1.0,0.4886
7403,1.0,1.0,1.0,0.4311,1.0,1.0,1.0,0.5,1.0,1.0,1.0,0.551
7404,1.0,1.0,1.0,0.4752,1.0,1.0,1.0,0.3975,1.0,1.0,1.0,0.5432
7405,1.0,1.0,1.0,0.4728,1.0,1.0,1.0,0.4268,1.0,1.0,1.0,0.6283
7406,1.0,1.0,1.0,0.3552,1.0,1.0,1.0,0.4753,1.0,1.0,1.0,0.6338
7407,1.0,1.0,1.0,0.3224,1.0,1.0,1.0,0.392,1.0,1.0,1.0,0.436
7408,1.0,1.0,1.0,0.2897,1.0,1.0,1.0,0.216,1.0,1.0,1.0,0.4367
7409,1.0,1.0,1.0,0.2809,1.0,1.0,1.0,0.0188,1.0,1.0,1.0,0.3986
7410,1.0,1.0,1.0,0.2755,1.0,1.0,1.0,0.0,1.0,1.0,1.0,0.4482
7411,1.0,1.0,1.0,0.4013,1.0,1.0,1.0,0.0,1.0,1.0,1.0,0.4804
7412,1.0,1.0,1.0,0.3843,1.0,1.0,1.0,0.0,1.0,1.0,1.0,0.394
7413,1.0,1.0,1.0,0.2556,1.0,1.0,1.0,0.0,1.0,1.0,1.0,0.4079
7414,1.0,1.0,1.0,0.266,1.0,1.0,1.0,0.0,1.0,1.0,1.0,0.4505
7415,1.0,1.0,1.0,0.4053,1.0,1.0,1.0,0.0,1.0,1.0,1.0,0.4846
7416,1.0,1.0,1.0,0.394,1.0,1.0,1.0,0.0,1.0,1.0,1.0,0.5665
7417,1.0,1.0,1.0,0.3587,1.0,1.0,1.0,0.0,1.0,1.0,1.0,0.4694
7418,1.0,1.0,1.0,0.3362,1.0,1.0,1.0,0.0,1.0,1.0,1.0,0.4508
7419,1.0,1.0,1.0,0.3857,1.0,1.0,1.0,0.0,1.0,1.0,1.0,0.2698
7420,1.0,1.0,1.0,0.3613,1.0,1.0,1.0,0.0,1.0,1.0,1.0,0.3597
7421,1.0,1.0,1.0,0.251,1.0,1.0,1.0,0.0,1.0,1.0,1.0,0.368
7422,1.0,1.0,1.0,0.2132,1.0,1.0,1.0,0.0,1.0,1.0,1.0,0.3591
7423,1.0,1.0,1.0,0.2143,1.0,1.0,1.0,0.012,1.0,1.0,1.0,0.3494
7424,1.0,1.0,1.0,0.253,1.0,1.0,1.0,0.1519,1.0,1.0,1.0,0.3893
7425,1.0,1.0,1.0,0.2203,1.0,1.0,1.0,0.249,1.0,1.0,1.0,0.4781
7426,1.0,1.0,1.0,0.2075,1.0,1.0,1.0,0.396,1.0,1.0,1.0,0.4496
7427,1.0,1.0,1.0,0.2152,1.0,1.0,1.0,0.4983,1.0,1.0,1.0,0.483
7428,1.0,1.0,1.0,0.1769,1.0,1.0,1.0,0.5523,1.0,1.0,1.0,0.5145
7429,1.0,1.0,1.0,0.1775,1.0,1.0,1.0,0.4245,1.0,1.0,1.0,0.3255
7430,1.0,1.0,1.0,0.2085,1.0,1.0,1.0,0.4727,1.0,1.0,1.0,0.275
7431,1.0,1.0,1.0,0.152,1.0,1.0,1.0,0.3364,1.0,1.0,1.0,0.3093
7432,1.0,1.0,1.0,0.1722,1.0,1.0,1.0,0.2201,1.0,1.0,1.0,0.4103
7433,1.0,1.0,1.0,0.1284,1.0,1.0,1.0,0.0174,1.0,1.0,1.0,0.5272
7434,1.0,1.0,1.0,0.096,1.0,1.0,1.0,0.0,1.0,1.0,1.0,0.4162
7435,1.0,1.0,1.0,0.0819,1.0,1.0,1.0,0.0,1.0,1.0,1.0,0.5016
7436,1.0,1.0,1.0,0.1328,1.0,1.0,1.0,0.0,1.0,1.0,1.0,0.5872
7437,1.0,1.0,1.0,0.0809,1.0,1.0,1.0,0.0,1.0,1.0,1.0,0.6157
7438,1.0,1.0,1.0,0.0738,1.0,1.0,1.0,0.0,1.0,1.0,1.0,0.4341
7439,1.0,1.0,1.0,0.0778,1.0,1.0,1.0,0.0,1.0,1.0,1.0,0.3869
7440,1.0,1.0,1.0,0.1202,1.0,1.0,1.0,0.0,1.0,1.0,1.0,0.398
7441,1.0,1.0,1.0,0.2212,1.0,1.0,1.0,0.0,1.0,1.0,1.0,0.3778
7442,1.0,1.0,1.0,0.2013,1.0,1.0,1.0,0.0,1.0,1.0,1.0,0.2213
7443,1.0,1.0,1.0,0.239,1.0,1.0,1.0,0.0,1.0,1.0,1.0,0.2097
7444,1.0,1.0,1.0,0.2376,1.0,1.0,1.0,0.0,1.0,1.0,1.0,0.1642
7445,1.0,1.0,1.0,0.2357,1.0,1.0,1.0,0.0,1.0,1.0,1.0,0.1999
7446,1.0,1.0,1.0,0.2583,1.0,1.0,1.0,0.0,1.0,1.0,1.0,0.2329
7447,1.0,1.0,1.0,0.1697,1.0,1.0,1.0,0.0145,1.0,1.0,1.0,0.2713
7448,1.0,1.0,1.0,0.1727,1.0,1.0,1.0,0.228,1.0,1.0,1.0,0.2492
7449,1.0,1.0,1.0,0.2023,1.0,1.0,1.0,0.3966,1.0,1.0,1.0,0.254
7450,1.0,1.0,1.0,0.1623,1.0,1.0,1.0,0.5198,1.0,1.0,1.0,0.2517
7451,1.0,1.0,1.0,0.1913,1.0,1.0,1.0,0.7065,1.0,1.0,1.0,0.3204
7452,1.0,1.0,1.0,0.1178,1.0,1.0,1.0,0.7419,1.0,1.0,1.0,0.2827
7453,1.0,1.0,1.0,0.1268,1.0,1.0,1.0,0.7065,1.0,1.0,1.0,0.2345
7454,1.0,1.0,1.0,0.196,1.0,1.0,1.0,0.6036,1.0,1.0,1.0,0.3045
7455,1.0,1.0,1.0,0.1892,1.0,1.0,1.0,0.4251,1.0,1.0,1.0,0.3708
7456,1.0,1.0,1.0,0.1463,1.0,1.0,1.0,0.2299,1.0,1.0,1.0,0.4098
7457,1.0,1.0,1.0,0.098,1.0,1.0,1.0,0.0125,1.0,1.0,1.0,0.5459
7458,1.0,1.0,1.0,0.1165,1.0,1.0,1.0,0.0,1.0,1.0,1.0,0.7098
7459,1.0,1.0,1.0,0.1611,1.0,1.0,1.0,0.0,1.0,1.0,1.0,0.783
7460,1.0,1.0,1.0,0.1638,1.0,1.0,1.0,0.0,1.0,1.0,1.0,0.7248
7461,1.0,1.0,1.0,0.1477,1.0,1.0,1.0,0.0,1.0,1.0,1.0,0.7712
7462,1.0,1.0,1.0,0.0842,1.0,1.0,1.0,0.0,1.0,1.0,1.0,0.769
7463,1.0,1.0,1.0,0.0927,1.0,1.0,1.0,0.0,1.0,1.0,1.0,0.7221
7464,1.0,1.0,1.0,0.0792,1.0,1.0,1.0,0.0,1.0,1.0,1.0,0.6596
7465,1.0,1.0,1.0,0.0685,1.0,1.0,1.0,0.0,1.0,1.0,1.0,0.6729
7466,1.0,1.0,1.0,0.1218,1.0,1.0,1.0,0.0,1.0,1.0,1.0,0.7253
7467,1.0,1.0,1.0,0.072,1.0,1.0,1.0,0.0,1.0,1.0,1.0,0.8038
7468,1.0,1.0,1.0,0.0442,1.0,1.0,1.0,0.0,1.0,1.0,1.0,0.8305
7469,1.0,1.0,1.0,0.0517,1.0,1.0,1.0,0.0,1.0,1.0,1.0,0.8491
7470,1.0,1.0,1.0,0.049,1.0,1.0,1.0,0.0,1.0,1.0,1.0,0.8305
7471,1.0,1.0,1.0,0.0444,1.0,1.0,1.0,0.0085,1.0,1.0,1.0,0.8324
7472,1.0,1.0,1.0,0.0526,1.0,1.0,1.0,0.18,1.0,1.0,1.0,0.7343
7473,1.0,1.0,1.0,0.0616,1.0,1.0,1.0,0.2865,1.0,1.0,1.0,0.763
7474,1.0,1.0,1.0,0.0478,1.0,1.0,1.0,0.3988,1.0,1.0,1.0,0.7809
7475,1.0,1.0,1.0,0.0424,1.0,1.0,1.0,0.4567,1.0,1.0,1.0,0.8685
7476,1.0,1.0,1.0,0.0467,1.0,1.0,1.0,0.5515,1.0,1.0,1.0,0.8585
7477,1.0,1.0,1.0,0.0533,1.0,1.0,1.0,0.4972,1.0,1.0,1.0,0.8958
7478,1.0,1.0,1.0,0.0671,1.0,1.0,1.0,0.4126,1.0,1.0,1.0,0.8706
7479,1.0,1.0,1.0,0.0592,1.0,1.0,1.0,0.2856,1.0,1.0,1.0,0.9189
7480,1.0,1.0,1.0,0.071,1.0,1.0,1.0,0.159,1.0,1.0,1.0,0.9452
7481,1.0,1.0,1.0,0.1024,1.0,1.0,1.0,0.0093,1.0,1.0,1.0,0.9587
7482,1.0,1.0,1.0,0.1092,1.0,1.0,1.0,0.0,1.0,1.0,1.0,0.955
7483,1.0,1.0,1.0,0.111,1.0,1.0,1.0,0.0,1.0,1.0,1.0,0.9464
7484,1.0,1.0,1.0,0.1081,1.0,1.0,1.0,0.0,1.0,1.0,1.0,0.9335
7485,1.0,1.0,1.0,0.0934,1.0,1.0,1.0,0.0,1.0,1.0,1.0,0.9009
7486,1.0,1.0,1.0,0.073,1.0,1.0,1.0,0.0,1.0,1.0,1.0,0.908
7487,1.0,1.0,1.0,0.0705,1.0,1.0,1.0,0.0,1.0,1.0,1.0,0.8928
7488,1.0,1.0,1.0,0.0875,1.0,1.0,1.0,0.0,1.0,1.0,1.0,0.8989
7489,1.0,1.0,1.0,0.0695,1.0,1.0,1.0,0.0,1.0,1.0,1.0,0.897
7490,1.0,1.0,1.0,0.0723,1.0,1.0,1.0,0.0,1.0,1.0,1.0,0.8468
7491,1.0,1.0,1.0,0.0723,1.0,1.0,1.0,0.0,1.0,1.0,1.0,0.8824
7492,1.0,1.0,1.0,0.1345,1.0,1.0,1.0,0.0,1.0,1.0,1.0,0.8781
7493,1.0,1.0,1.0,0.1734,1.0,1.0,1.0,0.0,1.0,1.0,1.0,0.9005
7494,1.0,1.0,1.0,0.2181,1.0,1.0,1.0,0.0,1.0,1.0,1.0,0.8474
7495,1.0,1.0,1.0,0.2838,1.0,1.0,1.0,0.0074,1.0,1.0,1.0,0.7992
7496,1.0,1.0,1.0,0.2501,1.0,1.0,1.0,0.2323,1.0,1.0,1.0,0.7664
7497,1.0,1.0,1.0,0.3561,1.0,1.0,1.0,0.4377,1.0,1.0,1.0,0.7726
7498,1.0,1.0,1.0,0.371,1.0,1.0,1.0,0.5792,1.0,1.0,1.0,0.7569
7499,1.0,1.0,1.0,0.3689,1.0,1.0,1.0,0.7027,1.0,1.0,1.0,0.827
7500,1.0,1.0,1.0,0.2779,1.0,1.0,1.0,0.6997,1.0,1.0,1.0,0.866
7501,1.0,1.0,1.0,0.2542,1.0,1.0,1.0,0.6517,1.0,1.0,1.0,0.8234
7502,1.0,1.0,1.0,0.1583,1.0,1.0,1.0,0.5878,1.0,1.0,1.0,0.9249
7503,1.0,1.0,1.0,0.1523,1.0,1.0,1.0,0.3866,1.0,1.0,1.0,0.9161
7504,1.0,1.0,1.0,0.1328,1.0,1.0,1.0,0.2221,1.0,1.0,1.0,0.9403
7505,1.0,1.0,1.0,0.1225,1.0,1.0,1.0,0.0072,1.0,1.0,1.0,0.9283
7506,1.0,1.0,1.0,0.0829,1.0,1.0,1.0,0.0,1.0,1.0,1.0,0.9363
7507,1.0,1.0,1.0,0.1096,1.0,1.0,1.0,0.0,1.0,1.0,1.0,0.9491
7508,1.0,1.0,1.0,0.1378,1.0,1.0,1.0,0.0,1.0,0.0,1.0,0.9086
7509,1.0,1.0,1.0,0.2322,1.0,1.0,1.0,0.0,1.0,0.0,1.0,0.944
7510,1.0,1.0,1.0,0.3571,1.0,1.0,1.0,0.0,1.0,0.0,1.0,0.9207
7511,1.0,1.0,1.0,0.3718,1.0,1.0,1.0,0.0,1.0,0.0,1.0,0.904
7512,1.0,1.0,1.0,0.4626,1.0,1.0,1.0,0.0,1.0,0.0,1.0,0.8764
7513,1.0,1.0,1.0,0.4843,1.0,1.0,1.0,0.0,1.0,0.0,1.0,0.8439
7514,1.0,1.0,1.0,0.4454,1.0,1.0,1.0,0.0,1.0,0.0,1.0,0.8085
7515,1.0,1.0,1.0,0.4209,1.0,1.0,1.0,0.0,1.0,0.0,1.0,0.7242
7516,1.0,1.0,1.0,0.4764,1.0,1.0,1.0,0.0,1.0,0.0,1.0,0.7665
7517,1.0,1.0,1.0,0.7909,1.0,1.0,1.0,0.0,1.0,0.0,1.0,0.7648
7518,1.0,1.0,1.0,0.8442,1.0,1.0,1.0,0.0,1.0,0.0,1.0,0.7468
7519,1.0,1.0,1.0,0.8477,1.0,1.0,1.0,0.0031,1.0,0.0,1.0,0.8007
7520,1.0,1.0,1.0,0.8612,1.0,1.0,1.0,0.1921,1.0,0.0,1.0,0.8758
7521,1.0,1.0,1.0,0.873,1.0,1.0,1.0,0.3637,1.0,0.0,1.0,0.7916
7522,1.0,1.0,1.0,0.8617,1.0,1.0,1.0,0.4646,1.0,0.0,1.0,0.864
7523,1.0,1.0,1.0,0.884,1.0,1.0,1.0,0.542,1.0,0.0,1.0,0.8546
7524,1.0,1.0,1.0,0.8707,1.0,1.0,1.0,0.5609,1.0,0.0,1.0,0.774
7525,1.0,1.0,1.0,0.8156,1.0,1.0,1.0,0.5428,1.0,0.0,1.0,0.7899
7526,1.0,1.0,1.0,0.8323,1.0,1.0,1.0,0.3948,1.0,0.0,1.0,0.7738
7527,1.0,1.0,1.0,0.8533,1.0,1.0,1.0,0.2579,1.0,0.0,1.0,0.8146
7528,1.0,1.0,1.0,0.8386,1.0,1.0,1.0,0.1162,1.0,0.0,1.0,0.8134
7529,1.0,1.0,1.0,0.8453,1.0,1.0,1.0,0.0019,1.0,0.0,1.0,0.8233
7530,1.0,1.0,1.0,0.8781,1.0,1.0,1.0,0.0,1.0,0.0,1.0,0.7903
7531,1.0,1.0,1.0,0.8686,1.0,1.0,1.0,0.0,1.0,0.0,1.0,0.7136
7532,1.0,1.0,1.0,0.8411,1.0,1.0,1.0,0.0,1.0,0.0,1.0,0.756
7533,1.0,1.0,1.0,0.7956,1.0,1.0,1.0,0.0,1.0,0.0,1.0,0.7108
7534,1.0,1.0,1.0,0.7722,1.0,1.0,1.0,0.0,1.0,0.0,1.0,0.7309
7535,1.0,1.0,1.0,0.8472,1.0,1.0,1.0,0.0,1.0,0.0,1.0,0.8138
7536,1.0,1.0,1.0,0.831,1.0,1.0,1.0,0.0,1.0,0.0,1.0,0.7975
7537,1.0,1.0,1.0,0.8405,1.0,1.0,1.0,0.0,1.0,0.0,1.0,0.8265
7538,1.0,1.0,1.0,0.8161,1.0,1.0,1.0,0.0,1.0,0.0,1.0,0.816
7539,1.0,1.0,1.0,0.7847,1.0,1.0,1.0,0.0,1.0,0.0,1.0,0.7864
7540,1.0,1.0,1.0,0.7187,1.0,1.0,1.0,0.0,1.0,0.0,1.0,0.669
7541,1.0,1.0,1.0,0.7184,1.0,1.0,1.0,0.0,1.0,0.0,1.0,0.6582
7542,1.0,1.0,1.0,0.6724,1.0,1.0,1.0,0.0,1.0,0.0,1.0,0.6374
7543,1.0,1.0,1.0,0.7567,1.0,1.0,1.0,0.0007,1.0,0.0,1.0,0.557
7544,1.0,1.0,1.0,0.7416,1.0,1.0,1.0,0.2041,1.0,0.0,1.0,0.3766
7545,1.0,1.0,1.0,0.7308,1.0,1.0,1.0,0.3954,1.0,0.0,1.0,0.2521
7546,1.0,1.0,1.0,0.7104,1.0,1.0,1.0,0.5948,1.0,0.0,1.0,0.3909
7547,1.0,1.0,1.0,0.7294,1.0,1.0,1.0,0.6991,1.0,0.0,1.0,0.3939
7548,1.0,1.0,1.0,0.8138,1.0,1.0,1.0,0.735,1.0,0.0,1.0,0.2821
7549,1.0,1.0,1.0,0.7424,1.0,1.0,1.0,0.6991,1.0,1.0,1.0,0.244
7550,1.0,1.0,1.0,0.7531,1.0,1.0,1.0,0.5948,1.0,1.0,1.0,0.2484
7551,1.0,1.0,1.0,0.6281,1.0,1.0,1.0,0.4324,1.0,1.0,1.0,0.2828
7552,1.0,1.0,1.0,0.7167,1.0,1.0,1.0,0.2277,1.0,1.0,1.0,0.2694
7553,1.0,1.0,1.0,0.7014,1.0,1.0,1.0,0.0008,1.0,1.0,1.0,0.4319
7554,1.0,1.0,1.0,0.5736,1.0,1.0,1.0,0.0,1.0,1.0,1.0,0.6092
7555,1.0,1.0,1.0,0.4582,1.0,1.0,1.0,0.0,1.0,1.0,1.0,0.6344
7556,1.0,1.0,1.0,0.5284,1.0,1.0,1.0,0.0,1.0,1.0,1.0,0.5969
7557,1.0,1.0,1.0,0.3821,1.0,1.0,1.0,0.0,1.0,1.0,1.0,0.6227
7558,1.0,1.0,1.0,0.4068,1.0,1.0,1.0,0.0,1.0,1.0,1.0,0.5018
7559,1.0,1.0,1.0,0.3718,1.0,1.0,1.0,0.0,1.0,1.0,1.0,0.5849
7560,1.0,1.0,1.0,0.3599,1.0,1.0,1.0,0.0,1.0,1.0,1.0,0.596
7561,1.0,1.0,1.0,0.3095,1.0,1.0,1.0,0.0,1.0,1.0,1.0,0.4853
7562,1.0,1.0,1.0,0.2459,1.0,1.0,1.0,0.0,1.0,1.0,1.0,0.4317
7563,1.0,1.0,1.0,0.22,1.0,1.0,1.0,0.0,1.0,1.0,1.0,0.4801
7564,1.0,1.0,1.0,0.262,1.0,1.0,1.0,0.0,1.0,1.0,1.0,0.3377
7565,1.0,1.0,1.0,0.2469,1.0,1.0,1.0,0.0,1.0,1.0,1.0,0.273
7566,1.0,1.0,1.0,0.2804,1.0,1.0,1.0,0.0,1.0,1.0,1.0,0.2448
7567,1.0,1.0,1.0,0.2675,1.0,1.0,1.0,0.0,1.0,1.0,1.0,0.3176
7568,1.0,1.0,1.0,0.3162,1.0,1.0,1.0,0.2046,1.0,1.0,1.0,0.4612
7569,1.0,1.0,1.0,0.3518,1.0,1.0,1.0,0.3701,1.0,1.0,1.0,0.4921
7570,1.0,1.0,1.0,0.3121,1.0,1.0,1.0,0.5537,1.0,1.0,1.0,0.2404
7571,1.0,1.0,1.0,0.2481,1.0,1.0,1.0,0.6446,1.0,1.0,1.0,0.1795
7572,1.0,1.0,1.0,0.321,1.0,1.0,1.0,0.6428,1.0,1.0,1.0,0.4343
7573,1.0,1.0,1.0,0.2651,1.0,1.0,1.0,0.5817,1.0,1.0,1.0,0.4465
7574,1.0,1.0,1.0,0.3053,1.0,1.0,1.0,0.5487,1.0,1.0,1.0,0.2434
7575,1.0,1.0,1.0,0.3111,1.0,1.0,1.0,0.4148,1.0,1.0,1.0,0.4297
7576,1.0,1.0,1.0,0.2806,1.0,1.0,1.0,0.2185,1.0,1.0,1.0,0.3196
7577,1.0,1.0,1.0,0.3163,1.0,1.0,1.0,0.0,1.0,1.0,1.0,0.3669
7578,1.0,1.0,1.0,0.4311,1.0,1.0,1.0,0.0,1.0,1.0,1.0,0.2801
7579,1.0,1.0,1.0,0.4854,1.0,1.0,1.0,0.0,1.0,1.0,1.0,0.4605
7580,1.0,1.0,1.0,0.4951,1.0,1.0,1.0,0.0,1.0,1.0,1.0,0.3401
7581,1.0,1.0,1.0,0.6319,1.0,1.0,1.0,0.0,1.0,1.0,1.0,0.297
7582,1.0,1.0,1.0,0.4825,1.0,1.0,1.0,0.0,1.0,1.0,1.0,0.3818
7583,1.0,1.0,1.0,0.3857,1.0,1.0,1.0,0.0,1.0,1.0,1.0,0.3375
7584,1.0,1.0,1.0,0.3514,1.0,1.0,1.0,0.0,1.0,1.0,1.0,0.3804
7585,1.0,1.0,1.0,0.4736,1.0,1.0,1.0,0.0,1.0,1.0,1.0,0.4512
7586,1.0,1.0,1.0,0.5547,1.0,1.0,1.0,0.0,1.0,1.0,1.0,0.4648
7587,1.0,1.0,1.0,0.4023,1.0,1.0,1.0,0.0,1.0,1.0,1.0,0.3685
7588,1.0,1.0,1.0,0.3671,1.0,1.0,1.0,0.0,1.0,1.0,1.0,0.3076
7589,1.0,1.0,1.0,0.269,1.0,1.0,1.0,0.0,1.0,1.0,1.0,0.282
7590,1.0,1.0,1.0,0.2706,1.0,1.0,1.0,0.0,1.0,1.0,1.0,0.3287
7591,1.0,1.0,1.0,0.342,1.0,1.0,1.0,0.0,1.0,1.0,1.0,0.3961
7592,1.0,1.0,1.0,0.4253,1.0,1.0,1.0,0.1776,1.0,1.0,1.0,0.4133
7593,1.0,1.0,1.0,0.4486,1.0,1.0,1.0,0.2725,1.0,1.0,1.0,0.4732
7594,1.0,1.0,1.0,0.4118,1.0,1.0,1.0,0.4329,1.0,1.0,1.0,0.3376
7595,1.0,1.0,1.0,0.4044,1.0,1.0,1.0,0.5161,1.0,1.0,1.0,0.3629
7596,1.0,1.0,1.0,0.4639,1.0,1.0,1.0,0.5766,1.0,1.0,1.0,0.3585
7597,1.0,1.0,1.0,0.6623,1.0,1.0,1.0,0.5656,1.0,1.0,1.0,0.4003
7598,1.0,1.0,1.0,0.5574,1.0,1.0,1.0,0.4019,1.0,1.0,1.0,0.4645
7599,1.0,1.0,1.0,0.6839,1.0,1.0,1.0,0.3447,1.0,1.0,1.0,0.3731
7600,1.0,1.0,1.0,0.6955,1.0,1.0,1.0,0.1858,1.0,1.0,1.0,0.3647
7601,1.0,1.0,1.0,0.7466,1.0,1.0,1.0,0.0,1.0,1.0,1.0,0.4789
7602,1.0,1.0,1.0,0.7512,1.0,1.0,1.0,0.0,1.0,1.0,1.0,0.5028
7603,1.0,1.0,1.0,0.8257,1.0,1.0,1.0,0.0,1.0,1.0,1.0,0.4907
7604,1.0,1.0,1.0,0.8342,1.0,1.0,1.0,0.0,1.0,1.0,1.0,0.3833
7605,1.0,1.0,1.0,0.7912,1.0,1.0,1.0,0.0,1.0,1.0,1.0,0.4293
7606,1.0,1.0,1.0,0.8088,1.0,1.0,1.0,0.0,1.0,1.0,1.0,0.3152
7607,1.0,1.0,1.0,0.8563,1.0,1.0,1.0,0.0,1.0,1.0,1.0,0.3041
7608,1.0,1.0,1.0,0.8498,1.0,1.0,1.0,0.0,1.0,1.0,1.0,0.2731
7609,1.0,1.0,1.0,0.7206,1.0,1.0,1.0,0.0,1.0,1.0,1.0,0.3048
7610,1.0,1.0,1.0,0.705,1.0,1.0,1.0,0.0,1.0,1.0,1.0,0.2646
7611,1.0,1.0,1.0,0.7051,1.0,1.0,1.0,0.0,1.0,1.0,1.0,0.2461
7612,1.0,1.0,1.0,0.6947,1.0,1.0,1.0,0.0,1.0,1.0,1.0,0.195
7613,1.0,1.0,1.0,0.6494,1.0,1.0,1.0,0.0,1.0,1.0,1.0,0.1862
7614,1.0,1.0,1.0,0.7414,1.0,1.0,1.0,0.0,1.0,1.0,1.0,0.2029
7615,1.0,1.0,1.0,0.5458,1.0,1.0,1.0,0.0,1.0,1.0,1.0,0.1882
7616,1.0,1.0,1.0,0.5507,1.0,1.0,1.0,0.2189,1.0,1.0,1.0,0.1765
7617,1.0,1.0,1.0,0.5566,1.0,1.0,1.0,0.4036,1.0,1.0,1.0,0.1901
7618,1.0,1.0,1.0,0.7203,1.0,1.0,1.0,0.5236,1.0,1.0,1.0,0.2557
7619,1.0,1.0,1.0,0.712,1.0,1.0,1.0,0.5466,1.0,1.0,1.0,0.3124
7620,1.0,1.0,1.0,0.7362,1.0,1.0,1.0,0.4653,1.0,1.0,1.0,0.226
7621,1.0,1.0,1.0,0.7372,1.0,1.0,1.0,0.3628,1.0,1.0,1.0,0.2813
7622,1.0,1.0,1.0,0.7361,1.0,1.0,1.0,0.3292,1.0,1.0,1.0,0.3907
7623,1.0,1.0,1.0,0.8326,1.0,1.0,1.0,0.2728,1.0,1.0,1.0,0.451
7624,1.0,1.0,1.0,0.7612,1.0,1.0,1.0,0.1892,1.0,1.0,1.0,0.2595
7625,1.0,1.0,1.0,0.7076,1.0,1.0,1.0,0.0,1.0,1.0,1.0,0.2815
7626,1.0,1.0,1.0,0.7527,1.0,1.0,1.0,0.0,1.0,1.0,1.0,0.3923
7627,1.0,1.0,1.0,0.7617,1.0,1.0,1.0,0.0,1.0,1.0,1.0,0.3556
7628,1.0,1.0,1.0,0.7351,1.0,1.0,1.0,0.0,1.0,1.0,1.0,0.6048
7629,1.0,1.0,1.0,0.7226,1.0,1.0,1.0,0.0,1.0,1.0,1.0,0.4102
7630,1.0,1.0,1.0,0.7757,1.0,1.0,1.0,0.0,1.0,1.0,1.0,0.4221
7631,1.0,1.0,1.0,0.7967,1.0,1.0,1.0,0.0,1.0,1.0,1.0,0.4839
7632,1.0,1.0,1.0,0.746,1.0,1.0,1.0,0.0,1.0,1.0,1.0,0.4986
7633,1.0,1.0,1.0,0.7541,1.0,1.0,1.0,0.0,1.0,1.0,1.0,0.5089
7634,1.0,1.0,1.0,0.7431,1.0,1.0,1.0,0.0,1.0,1.0,1.0,0.4153
7635,1.0,1.0,1.0,0.7663,1.0,1.0,1.0,0.0,1.0,1.0,1.0,0.3669
7636,1.0,1.0,1.0,0.7373,1.0,1.0,1.0,0.0,1.0,1.0,1.0,0.4155
7637,1.0,1.0,1.0,0.639,1.0,1.0,1.0,0.0,1.0,1.0,1.0,0.2529
7638,1.0,1.0,1.0,0.6861,1.0,1.0,1.0,0.0,1.0,1.0,1.0,0.3216
7639,1.0,1.0,1.0,0.7197,1.0,1.0,1.0,0.0,1.0,1.0,1.0,0.315
7640,1.0,1.0,1.0,0.8026,1.0,1.0,1.0,0.1865,1.0,1.0,1.0,0.3606
7641,1.0,1.0,1.0,0.7094,1.0,1.0,1.0,0.4032,1.0,1.0,1.0,0.4325
7642,1.0,1.0,1.0,0.6971,1.0,1.0,1.0,0.4803,1.0,1.0,1.0,0.7368
7643,1.0,1.0,1.0,0.6727,1.0,1.0,1.0,0.5514,1.0,1.0,1.0,0.8139
7644,1.0,1.0,1.0,0.6348,1.0,1.0,1.0,0.5998,1.0,1.0,1.0,0.7306
7645,1.0,1.0,1.0,0.4974,1.0,1.0,1.0,0.5017,1.0,1.0,1.0,0.8471
7646,1.0,1.0,1.0,0.4036,1.0,1.0,1.0,0.4555,1.0,1.0,1.0,0.6678
7647,1.0,1.0,1.0,0.4276,1.0,1.0,1.0,0.3664,1.0,1.0,1.0,0.6247
7648,1.0,1.0,1.0,0.3858,1.0,1.0,1.0,0.1926,1.0,1.0,1.0,0.6324
7649,1.0,1.0,1.0,0.3213,1.0,1.0,1.0,0.0,1.0,1.0,1.0,0.5987
7650,1.0,1.0,1.0,0.4422,1.0,1.0,1.0,0.0,1.0,1.0,1.0,0.6164
7651,1.0,1.0,1.0,0.6452,1.0,1.0,1.0,0.0,1.0,1.0,1.0,0.5959
7652,1.0,1.0,1.0,0.6349,1.0,1.0,1.0,0.0,1.0,1.0,1.0,0.6929
7653,1.0,1.0,1.0,0.5008,1.0,1.0,1.0,0.0,1.0,1.0,1.0,0.6474
7654,1.0,1.0,1.0,0.5336,1.0,1.0,1.0,0.0,1.0,1.0,1.0,0.631
7655,1.0,1.0,1.0,0.3528,1.0,1.0,1.0,0.0,1.0,1.0,1.0,0.7554
7656,1.0,1.0,1.0,0.2575,1.0,1.0,1.0,0.0,1.0,1.0,1.0,0.8068
7657,1.0,1.0,1.0,0.2912,1.0,1.0,1.0,0.0,1.0,1.0,1.0,0.7883
7658,1.0,1.0,1.0,0.2052,1.0,1.0,1.0,0.0,1.0,1.0,1.0,0.8067
7659,1.0,1.0,1.0,0.194,1.0,1.0,1.0,0.0,1.0,1.0,1.0,0.8838
7660,1.0,1.0,1.0,0.1292,1.0,1.0,1.0,0.0,1.0,1.0,1.0,0.8132
7661,1.0,1.0,1.0,0.1373,1.0,1.0,1.0,0.0,1.0,1.0,1.0,0.7377
7662,1.0,1.0,1.0,0.1983,1.0,1.0,1.0,0.0,1.0,1.0,1.0,0.6877
7663,1.0,1.0,1.0,0.1713,1.0,1.0,1.0,0.0,1.0,1.0,1.0,0.6963
7664,1.0,1.0,1.0,0.176,1.0,1.0,1.0,0.1756,1.0,1.0,1.0,0.7561
7665,1.0,1.0,1.0,0.1431,1.0,1.0,1.0,0.2911,1.0,1.0,1.0,0.6937
7666,1.0,1.0,1.0,0.1188,1.0,1.0,1.0,0.413,1.0,1.0,1.0,0.6108
7667,1.0,1.0,1.0,0.096,1.0,1.0,1.0,0.3826,1.0,1.0,1.0,0.4915
7668,1.0,1.0,1.0,0.1293,1.0,1.0,1.0,0.4388,1.0,1.0,1.0,0.4073
7669,1.0,1.0,1.0,0.0869,1.0,1.0,1.0,0.4417,1.0,1.0,1.0,0.353
7670,1.0,1.0,1.0,0.0829,1.0,1.0,1.0,0.3609,1.0,1.0,1.0,0.2047
7671,1.0,1.0,1.0,0.1001,1.0,1.0,1.0,0.2375,1.0,1.0,1.0,0.1787
7672,1.0,1.0,1.0,0.1396,1.0,1.0,1.0,0.1362,1.0,1.0,1.0,0.1348
7673,1.0,1.0,1.0,0.1656,1.0,1.0,1.0,0.0,1.0,1.0,1.0,0.1332
7674,1.0,1.0,1.0,0.1679,1.0,1.0,1.0,0.0,1.0,1.0,1.0,0.2253
7675,1.0,1.0,1.0,0.1469,1.0,1.0,1.0,0.0,1.0,1.0,1.0,0.1458
7676,1.0,1.0,1.0,0.1995,1.0,1.0,1.0,0.0,1.0,1.0,1.0,0.2023
7677,1.0,1.0,1.0,0.16,1.0,1.0,1.0,0.0,1.0,1.0,1.0,0.3187
7678,1.0,1.0,1.0,0.1285,1.0,1.0,1.0,0.0,1.0,1.0,1.0,0.3986
7679,1.0,1.0,1.0,0.1993,1.0,1.0,1.0,0.0,1.0,1.0,1.0,0.4276
7680,1.0,1.0,1.0,0.2279,1.0,1.0,1.0,0.0,1.0,1.0,1.0,0.5434
7681,1.0,1.0,1.0,0.2588,1.0,1.0,1.0,0.0,1.0,1.0,1.0,0.5935
7682,1.0,1.0,1.0,0.3062,1.0,1.0,1.0,0.0,1.0,1.0,1.0,0.6778
7683,1.0,1.0,1.0,0.3029,1.0,1.0,1.0,0.0,1.0,1.0,1.0,0.6794
7684,1.0,1.0,1.0,0.2111,1.0,1.0,1.0,0.0,1.0,1.0,1.0,0.5855
7685,1.0,1.0,1.0,0.2319,1.0,1.0,1.0,0.0,1.0,1.0,1.0,0.6748
7686,1.0,1.0,1.0,0.2359,1.0,1.0,1.0,0.0,1.0,1.0,1.0,0.8333
7687,1.0,1.0,1.0,0.1904,1.0,1.0,1.0,0.0,1.0,1.0,1.0,0.8069
7688,1.0,1.0,1.0,0.1428,1.0,1.0,1.0,0.1839,1.0,1.0,1.0,0.7995
7689,1.0,1.0,1.0,0.1466,1.0,1.0,1.0,0.3347,1.0,1.0,1.0,0.7972
7690,1.0,1.0,1.0,0.1006,1.0,1.0,1.0,0.3998,1.0,1.0,1.0,0.6903
7691,1.0,1.0,1.0,0.1014,1.0,1.0,1.0,0.5018,1.0,1.0,1.0,0.615
7692,1.0,1.0,1.0,0.0984,1.0,1.0,1.0,0.5896,1.0,1.0,1.0,0.6339
7693,1.0,1.0,1.0,0.1,1.0,1.0,1.0,0.5342,1.0,1.0,1.0,0.6195
7694,1.0,1.0,1.0,0.1195,1.0,1.0,1.0,0.5116,1.0,1.0,1.0,0.6146
7695,1.0,1.0,1.0,0.151,1.0,1.0,1.0,0.3527,1.0,1.0,1.0,0.6106
7696,1.0,1.0,1.0,0.1267,1.0,1.0,1.0,0.1793,1.0,1.0,1.0,0.5948
7697,1.0,1.0,1.0,0.1715,1.0,1.0,1.0,0.0,1.0,1.0,1.0,0.523
7698,1.0,1.0,1.0,0.1664,1.0,1.0,1.0,0.0,1.0,1.0,1.0,0.5572
7699,1.0,1.0,1.0,0.2776,1.0,1.0,1.0,0.0,1.0,1.0,1.0,0.5807
7700,1.0,1.0,1.0,0.2424,1.0,1.0,1.0,0.0,1.0,1.0,1.0,0.499
7701,1.0,1.0,1.0,0.1576,1.0,1.0,1.0,0.0,1.0,1.0,1.0,0.5322
7702,1.0,1.0,1.0,0.2074,1.0,1.0,1.0,0.0,1.0,1.0,1.0,0.4738
7703,1.0,1.0,1.0,0.2389,1.0,1.0,1.0,0.0,1.0,1.0,1.0,0.5286
7704,1.0,1.0,1.0,0.3316,1.0,1.0,1.0,0.0,1.0,1.0,1.0,0.5233
7705,1.0,1.0,1.0,0.3594,1.0,1.0,1.0,0.0,1.0,1.0,1.0,0.554
7706,1.0,1.0,1.0,0.5626,1.0,1.0,1.0,0.0,1.0,1.0,1.0,0.5646
7707,1.0,1.0,1.0,0.5428,1.0,1.0,1.0,0.0,1.0,1.0,1.0,0.555
7708,1.0,1.0,1.0,0.6286,1.0,1.0,1.0,0.0,1.0,1.0,1.0,0.5786
7709,1.0,1.0,1.0,0.5793,1.0,1.0,1.0,0.0,1.0,1.0,1.0,0.6434
7710,1.0,1.0,1.0,0.6168,1.0,1.0,1.0,0.0,1.0,1.0,1.0,0.6464
7711,1.0,1.0,1.0,0.6665,1.0,1.0,1.0,0.0,1.0,1.0,1.0,0.6479
7712,1.0,1.0,1.0,0.7224,1.0,1.0,1.0,0.1423,1.0,1.0,1.0,0.612
7713,1.0,1.0,1.0,0.7673,1.0,1.0,1.0,0.2923,1.0,1.0,1.0,0.4486
7714,1.0,1.0,1.0,0.5044,1.0,1.0,1.0,0.4705,1.0,1.0,1.0,0.4502
7715,1.0,1.0,1.0,0.4967,1.0,1.0,1.0,0.5292,1.0,1.0,1.0,0.3432
7716,1.0,1.0,1.0,0.445,1.0,1.0,1.0,0.5609,1.0,1.0,1.0,0.3017
7717,1.0,1.0,1.0,0.4127,1.0,1.0,1.0,0.5509,1.0,1.0,1.0,0.2443
7718,1.0,1.0,1.0,0.3898,1.0,1.0,1.0,0.4991,1.0,1.0,1.0,0.2046
7719,1.0,1.0,1.0,0.4752,1.0,1.0,1.0,0.3704,1.0,1.0,1.0,0.1739
7720,1.0,1.0,1.0,0.492,1.0,1.0,1.0,0.1924,1.0,1.0,1.0,0.2053
7721,1.0,1.0,1.0,0.4464,1.0,1.0,1.0,0.0,1.0,1.0,1.0,0.23
7722,1.0,1.0,1.0,0.3254,1.0,1.0,1.0,0.0,1.0,1.0,1.0,0.2414
7723,1.0,1.0,1.0,0.4558,1.0,1.0,1.0,0.0,1.0,1.0,1.0,0.332
7724,1.0,1.0,1.0,0.4001,1.0,1.0,1.0,0.0,1.0,1.0,1.0,0.5941
7725,1.0,1.0,1.0,0.3905,1.0,1.0,1.0,0.0,1.0,1.0,1.0,0.6307
7726,1.0,1.0,1.0,0.577,1.0,1.0,1.0,0.0,1.0,1.0,1.0,0.6953
7727,1.0,1.0,1.0,0.5193,1.0,1.0,1.0,0.0,1.0,1.0,1.0,0.7082
7728,1.0,1.0,1.0,0.4953,1.0,1.0,1.0,0.0,1.0,1.0,1.0,0.7473
7729,1.0,1.0,1.0,0.5142,1.0,1.0,1.0,0.0,1.0,1.0,1.0,0.6158
7730,1.0,1.0,1.0,0.3744,1.0,1.0,1.0,0.0,1.0,1.0,1.0,0.3774
7731,1.0,1.0,1.0,0.2485,1.0,1.0,1.0,0.0,1.0,1.0,1.0,0.225
7732,1.0,1.0,1.0,0.223,1.0,1.0,1.0,0.0,1.0,1.0,1.0,0.1931
7733,1.0,1.0,1.0,0.202,1.0,1.0,1.0,0.0,1.0,1.0,1.0,0.285
7734,1.0,1.0,1.0,0.2156,1.0,1.0,1.0,0.0,1.0,1.0,1.0,0.3069
7735,1.0,1.0,1.0,0.1678,1.0,1.0,1.0,0.0,1.0,1.0,1.0,0.2812
7736,1.0,1.0,1.0,0.1966,1.0,1.0,1.0,0.1515,1.0,1.0,1.0,0.3269
7737,1.0,1.0,1.0,0.1065,1.0,1.0,1.0,0.3322,1.0,1.0,1.0,0.357
7738,1.0,1.0,1.0,0.1097,1.0,1.0,1.0,0.4482,1.0,1.0,1.0,0.2579
7739,1.0,1.0,1.0,0.1288,1.0,1.0,1.0,0.4657,1.0,1.0,1.0,0.2948
7740,1.0,1.0,1.0,0.1486,1.0,1.0,1.0,0.4753,1.0,1.0,1.0,0.3621
7741,1.0,1.0,1.0,0.1473,1.0,1.0,1.0,0.4305,1.0,1.0,1.0,0.5435
7742,1.0,1.0,1.0,0.1256,1.0,1.0,1.0,0.3646,1.0,1.0,1.0,0.5324
7743,1.0,1.0,1.0,0.1239,1.0,1.0,1.0,0.2522,1.0,1.0,1.0,0.6698
7744,1.0,1.0,1.0,0.1867,1.0,1.0,1.0,0.1576,1.0,1.0,1.0,0.6302
7745,1.0,1.0,1.0,0.162,1.0,1.0,1.0,0.0,1.0,1.0,1.0,0.7891
7746,1.0,1.0,1.0,0.2213,1.0,1.0,1.0,0.0,1.0,1.0,1.0,0.7428
7747,1.0,1.0,1.0,0.3039,1.0,1.0,1.0,0.0,1.0,1.0,1.0,0.7759
7748,1.0,1.0,1.0,0.195,1.0,1.0,1.0,0.0,1.0,1.0,1.0,0.7848
7749,1.0,1.0,1.0,0.1937,1.0,1.0,1.0,0.0,1.0,1.0,1.0,0.8538
7750,1.0,1.0,1.0,0.1503,1.0,1.0,1.0,0.0,1.0,1.0,1.0,0.8979
7751,1.0,1.0,1.0,0.0987,1.0,1.0,1.0,0.0,1.0,1.0,1.0,0.8498
7752,1.0,1.0,1.0,0.134,1.0,1.0,1.0,0.0,1.0,1.0,1.0,0.8265
7753,1.0,1.0,1.0,0.1611,1.0,1.0,1.0,0.0,1.0,1.0,1.0,0.9044
7754,1.0,1.0,1.0,0.1803,1.0,1.0,1.0,0.0,1.0,1.0,1.0,0.9005
7755,1.0,1.0,1.0,0.1353,1.0,1.0,1.0,0.0,1.0,1.0,1.0,0.9176
7756,1.0,1.0,1.0,0.1504,1.0,1.0,1.0,0.0,1.0,1.0,1.0,0.8757
7757,1.0,1.0,1.0,0.1049,1.0,1.0,1.0,0.0,1.0,1.0,1.0,0.8577
7758,1.0,1.0,1.0,0.1132,1.0,1.0,1.0,0.0,1.0,1.0,1.0,0.8151
7759,1.0,1.0,1.0,0.0967,1.0,1.0,1.0,0.0,1.0,1.0,1.0,0.8522
7760,1.0,1.0,1.0,0.1411,1.0,1.0,1.0,0.2016,1.0,1.0,1.0,0.875
7761,1.0,1.0,1.0,0.1318,1.0,1.0,1.0,0.4112,1.0,1.0,1.0,0.9093
7762,1.0,1.0,1.0,0.1476,1.0,1.0,1.0,0.5775,1.0,1.0,1.0,0.8635
7763,1.0,1.0,1.0,0.1645,1.0,1.0,1.0,0.6519,1.0,1.0,1.0,0.8776
7764,1.0,1.0,1.0,0.1668,1.0,1.0,1.0,0.589,1.0,1.0,1.0,0.8707
7765,1.0,1.0,1.0,0.178,1.0,1.0,1.0,0.6455,1.0,1.0,1.0,0.7277
7766,1.0,1.0,1.0,0.2005,1.0,1.0,1.0,0.5488,1.0,1.0,1.0,0.7511
7767,1.0,1.0,1.0,0.1595,1.0,1.0,1.0,0.3893,1.0,1.0,1.0,0.8194
7768,1.0,1.0,1.0,0.1859,1.0,1.0,1.0,0.2028,1.0,1.0,1.0,0.8814
7769,1.0,1.0,1.0,0.243,1.0,1.0,1.0,0.0,1.0,1.0,1.0,0.8723
7770,1.0,1.0,1.0,0.2751,1.0,1.0,1.0,0.0,1.0,1.0,1.0,0.895
7771,1.0,1.0,1.0,0.2554,1.0,1.0,1.0,0.0,1.0,1.0,1.0,0.9054
7772,1.0,1.0,1.0,0.2723,1.0,1.0,1.0,0.0,1.0,1.0,1.0,0.8714
7773,1.0,1.0,1.0,0.2523,1.0,1.0,1.0,0.0,1.0,1.0,1.0,0.8221
7774,1.0,1.0,1.0,0.2495,1.0,1.0,1.0,0.0,1.0,1.0,1.0,0.8111
7775,1.0,1.0,1.0,0.1839,1.0,1.0,1.0,0.0,1.0,1.0,1.0,0.7891
7776,1.0,1.0,1.0,0.277,1.0,1.0,1.0,0.0,1.0,1.0,1.0,0.7873
7777,1.0,1.0,1.0,0.4356,1.0,1.0,1.0,0.0,1.0,1.0,1.0,0.7526
7778,1.0,1.0,1.0,0.3768,1.0,1.0,1.0,0.0,1.0,1.0,1.0,0.7581
7779,1.0,1.0,1.0,0.4455,1.0,1.0,1.0,0.0,1.0,1.0,1.0,0.6735
7780,1.0,1.0,1.0,0.5726,1.0,1.0,1.0,0.0,1.0,1.0,1.0,0.7728
7781,1.0,1.0,1.0,0.4857,1.0,1.0,1.0,0.0,1.0,1.0,1.0,0.6318
7782,1.0,1.0,1.0,0.3064,1.0,1.0,1.0,0.0,1.0,1.0,1.0,0.6188
7783,1.0,1.0,1.0,0.4336,1.0,1.0,1.0,0.0,1.0,1.0,1.0,0.5957
7784,1.0,1.0,1.0,0.4333,1.0,1.0,1.0,0.1479,1.0,1.0,1.0,0.5787
7785,1.0,1.0,1.0,0.3898,1.0,1.0,1.0,0.3012,1.0,1.0,1.0,0.5004
7786,1.0,1.0,1.0,0.3956,1.0,1.0,1.0,0.3664,1.0,1.0,1.0,0.3686
7787,1.0,1.0,1.0,0.3668,1.0,1.0,1.0,0.5394,1.0,1.0,1.0,0.3896
7788,1.0,1.0,1.0,0.6226,1.0,1.0,1.0,0.5786,1.0,1.0,1.0,0.3733
7789,1.0,1.0,1.0,0.573,1.0,1.0,1.0,0.6664,1.0,1.0,1.0,0.4064
7790,1.0,1.0,1.0,0.5973,1.0,1.0,1.0,0.5344,1.0,1.0,1.0,0.2777
7791,1.0,1.0,1.0,0.6961,1.0,1.0,1.0,0.3572,1.0,1.0,1.0,0.4165
7792,1.0,1.0,1.0,0.7771,1.0,1.0,1.0,0.184,1.0,1.0,1.0,0.4095
7793,1.0,1.0,1.0,0.8305,1.0,1.0,1.0,0.0,1.0,1.0,1.0,0.193
7794,1.0,1.0,1.0,0.8001,1.0,1.0,1.0,0.0,1.0,1.0,1.0,0.2087
7795,1.0,1.0,1.0,0.7835,1.0,1.0,1.0,0.0,1.0,1.0,1.0,0.1871
7796,1.0,1.0,1.0,0.6179,1.0,1.0,1.0,0.0,1.0,1.0,1.0,0.138
7797,1.0,1.0,1.0,0.607,1.0,1.0,1.0,0.0,1.0,1.0,1.0,0.2047
7798,1.0,1.0,1.0,0.6052,1.0,1.0,1.0,0.0,1.0,1.0,1.0,0.2686
7799,1.0,1.0,1.0,0.6611,1.0,1.0,1.0,0.0,1.0,1.0,1.0,0.2967
7800,1.0,1.0,1.0,0.7824,1.0,1.0,1.0,0.0,1.0,1.0,1.0,0.3074
7801,1.0,1.0,1.0,0.8153,1.0,1.0,1.0,0.0,1.0,1.0,1.0,0.3493
7802,1.0,1.0,1.0,0.8593,1.0,1.0,1.0,0.0,1.0,1.0,1.0,0.2375
7803,1.0,1.0,1.0,0.8512,1.0,1.0,1.0,0.0,1.0,1.0,1.0,0.2545
7804,1.0,1.0,1.0,0.8943,1.0,1.0,1.0,0.0,1.0,1.0,1.0,0.3498
7805,1.0,1.0,1.0,0.8879,1.0,1.0,1.0,0.0,1.0,1.0,1.0,0.4383
7806,1.0,1.0,1.0,0.917,1.0,1.0,1.0,0.0,1.0,1.0,1.0,0.35
7807,1.0,1.0,1.0,0.9312,1.0,1.0,1.0,0.0,1.0,1.0,1.0,0.3667
7808,1.0,1.0,1.0,0.9346,1.0,1.0,1.0,0.198,1.0,1.0,1.0,0.2822
7809,1.0,1.0,1.0,0.8844,1.0,1.0,1.0,0.4046,1.0,1.0,1.0,0.2971
7810,1.0,1.0,1.0,0.913,1.0,1.0,1.0,0.5088,1.0,1.0,1.0,0.248
7811,1.0,1.0,1.0,0.9174,1.0,1.0,1.0,0.6452,1.0,1.0,1.0,0.1992
7812,1.0,1.0,1.0,0.9293,1.0,1.0,1.0,0.6149,1.0,1.0,1.0,0.2253
7813,1.0,1.0,1.0,0.931,1.0,1.0,1.0,0.5864,1.0,1.0,1.0,0.1881
7814,1.0,1.0,1.0,0.9364,1.0,1.0,1.0,0.4745,1.0,1.0,1.0,0.1535
7815,1.0,1.0,1.0,0.9551,1.0,1.0,1.0,0.3624,1.0,1.0,1.0,0.176
7816,1.0,1.0,1.0,0.9424,1.0,1.0,1.0,0.17,1.0,1.0,1.0,0.1164
7817,1.0,1.0,1.0,0.9463,1.0,1.0,1.0,0.0,1.0,1.0,1.0,0.1101
7818,1.0,1.0,1.0,0.9246,1.0,1.0,1.0,0.0,1.0,1.0,1.0,0.0708
7819,1.0,1.0,1.0,0.9326,1.0,1.0,1.0,0.0,1.0,1.0,1.0,0.0482
7820,1.0,1.0,1.0,0.9328,1.0,1.0,1.0,0.0,1.0,1.0,1.0,0.0763
7821,1.0,1.0,1.0,0.911,1.0,1.0,1.0,0.0,1.0,1.0,1.0,0.0707
7822,1.0,1.0,1.0,0.9075,1.0,1.0,1.0,0.0,1.0,1.0,1.0,0.0595
7823,1.0,1.0,1.0,0.8819,1.0,1.0,1.0,0.0,1.0,1.0,1.0,0.0839
7824,1.0,1.0,1.0,0.8607,1.0,1.0,1.0,0.0,1.0,1.0,1.0,0.1474
7825,1.0,1.0,1.0,0.8682,1.0,1.0,1.0,0.0,1.0,1.0,1.0,0.1646
7826,1.0,1.0,1.0,0.8719,1.0,1.0,1.0,0.0,1.0,1.0,1.0,0.2264
7827,1.0,1.0,1.0,0.7654,1.0,1.0,1.0,0.0,1.0,1.0,1.0,0.1985
7828,1.0,1.0,1.0,0.781,1.0,1.0,1.0,0.0,1.0,1.0,1.0,0.2067
7829,1.0,1.0,1.0,0.7544,1.0,1.0,1.0,0.0,1.0,1.0,1.0,0.212
7830,1.0,1.0,1.0,0.7187,1.0,1.0,1.0,0.0,1.0,1.0,1.0,0.2368
7831,1.0,1.0,1.0,0.6249,1.0,1.0,1.0,0.0,1.0,1.0,1.0,0.3083
7832,1.0,1.0,1.0,0.6163,1.0,1.0,1.0,0.1918,1.0,1.0,1.0,0.2127
7833,1.0,1.0,1.0,0.5674,1.0,1.0,1.0,0.3904,1.0,1.0,1.0,0.1692
7834,1.0,1.0,1.0,0.669,1.0,1.0,1.0,0.5395,1.0,1.0,1.0,0.1514
7835,1.0,1.0,1.0,0.5163,1.0,1.0,1.0,0.6804,1.0,1.0,1.0,0.1169
7836,1.0,1.0,1.0,0.4306,1.0,1.0,1.0,0.7177,1.0,1.0,1.0,0.1311
7837,1.0,1.0,1.0,0.3459,1.0,1.0,1.0,0.6804,1.0,1.0,1.0,0.1457
7838,1.0,1.0,1.0,0.3699,1.0,1.0,1.0,0.5725,1.0,1.0,1.0,0.1537
7839,1.0,1.0,1.0,0.4722,1.0,1.0,1.0,0.4051,1.0,1.0,1.0,0.1411
7840,1.0,1.0,1.0,0.5157,1.0,1.0,1.0,0.1957,1.0,1.0,1.0,0.2158
7841,1.0,1.0,1.0,0.4189,1.0,1.0,1.0,0.0,1.0,1.0,1.0,0.2339
7842,1.0,1.0,1.0,0.3839,1.0,1.0,1.0,0.0,1.0,1.0,1.0,0.229
7843,1.0,1.0,1.0,0.3214,1.0,1.0,1.0,0.0,1.0,1.0,1.0,0.2379
7844,1.0,1.0,1.0,0.3653,1.0,1.0,1.0,0.0,1.0,1.0,1.0,0.2933
7845,1.0,1.0,1.0,0.3322,1.0,1.0,1.0,0.0,1.0,1.0,1.0,0.3125
7846,1.0,1.0,1.0,0.2356,1.0,1.0,1.0,0.0,1.0,1.0,1.0,0.2539
7847,1.0,1.0,1.0,0.2805,1.0,1.0,1.0,0.0,1.0,1.0,1.0,0.392
7848,1.0,1.0,1.0,0.385,1.0,1.0,1.0,0.0,1.0,1.0,1.0,0.434
7849,1.0,1.0,1.0,0.3725,1.0,1.0,1.0,0.0,1.0,1.0,1.0,0.3383
7850,1.0,1.0,1.0,0.3849,1.0,1.0,1.0,0.0,1.0,1.0,1.0,0.2147
7851,1.0,1.0,1.0,0.2715,1.0,1.0,1.0,0.0,1.0,1.0,1.0,0.2637
7852,1.0,1.0,1.0,0.1567,1.0,1.0,1.0,0.0,1.0,1.0,1.0,0.365
7853,1.0,1.0,1.0,0.0924,1.0,1.0,1.0,0.0,1.0,1.0,1.0,0.4039
7854,1.0,1.0,1.0,0.0965,1.0,1.0,1.0,0.0,1.0,1.0,1.0,0.4568
7855,1.0,1.0,1.0,0.0926,1.0,1.0,1.0,0.0,1.0,1.0,1.0,0.5113
7856,1.0,1.0,1.0,0.1163,1.0,1.0,1.0,0.1935,1.0,1.0,1.0,0.5088
7857,1.0,1.0,1.0,0.115,1.0,1.0,1.0,0.3686,1.0,1.0,1.0,0.3625
7858,1.0,1.0,1.0,0.1626,1.0,0.0,1.0,0.4871,1.0,1.0,1.0,0.3096
7859,1.0,1.0,1.0,0.216,1.0,0.0,1.0,0.5988,1.0,1.0,1.0,0.3751
7860,1.0,1.0,1.0,0.2029,1.0,0.0,1.0,0.5478,1.0,1.0,1.0,0.4256
7861,1.0,1.0,1.0,0.1566,1.0,0.0,1.0,0.4889,1.0,1.0,1.0,0.4087
7862,1.0,1.0,1.0,0.0904,1.0,0.0,1.0,0.3334,1.0,1.0,1.0,0.3634
7863,1.0,1.0,1.0,0.149,1.0,0.0,1.0,0.2914,1.0,1.0,1.0,0.3792
7864,1.0,1.0,1.0,0.1166,1.0,0.0,1.0,0.1439,1.0,1.0,1.0,0.3524
7865,1.0,1.0,1.0,0.0763,1.0,0.0,1.0,0.0,1.0,1.0,1.0,0.3479
7866,1.0,1.0,1.0,0.0849,1.0,0.0,1.0,0.0,1.0,1.0,1.0,0.3605
7867,1.0,1.0,1.0,0.0556,1.0,0.0,1.0,0.0,1.0,1.0,1.0,0.3019
7868,1.0,1.0,1.0,0.0626,1.0,0.0,1.0,0.0,1.0,1.0,1.0,0.3675
7869,1.0,1.0,1.0,0.0602,1.0,0.0,1.0,0.0,1.0,1.0,1.0,0.3556
7870,1.0,1.0,1.0,0.0873,1.0,0.0,1.0,0.0,1.0,1.0,1.0,0.3974
7871,1.0,1.0,1.0,0.1203,1.0,0.0,1.0,0.0,1.0,1.0,1.0,0.4033
7872,1.0,1.0,1.0,0.1766,1.0,0.0,1.0,0.0,1.0,1.0,1.0,0.5395
7873,1.0,1.0,1.0,0.1937,1.0,0.0,1.0,0.0,1.0,1.0,1.0,0.5827
7874,1.0,1.0,1.0,0.156,1.0,0.0,1.0,0.0,1.0,1.0,1.0,0.6122
7875,1.0,1.0,1.0,0.1187,1.0,0.0,1.0,0.0,1.0,1.0,1.0,0.6371
7876,1.0,1.0,1.0,0.1057,1.0,0.0,1.0,0.0,1.0,1.0,1.0,0.78
7877,1.0,1.0,1.0,0.2013,1.0,0.0,1.0,0.0,1.0,1.0,1.0,0.7689
7878,1.0,1.0,1.0,0.1933,1.0,0.0,1.0,0.0,1.0,1.0,1.0,0.7709
7879,1.0,1.0,1.0,0.2085,1.0,0.0,1.0,0.0,1.0,1.0,1.0,0.7692
7880,1.0,1.0,1.0,0.3171,1.0,0.0,1.0,0.1493,1.0,1.0,1.0,0.6153
7881,1.0,1.0,1.0,0.3408,1.0,0.0,1.0,0.2983,1.0,1.0,1.0,0.6174
7882,1.0,1.0,1.0,0.2877,1.0,0.0,1.0,0.4403,1.0,1.0,1.0,0.6921
7883,1.0,1.0,1.0,0.3478,1.0,0.0,1.0,0.5748,1.0,1.0,1.0,0.7223
7884,1.0,1.0,1.0,0.3177,1.0,0.0,1.0,0.6177,1.0,1.0,1.0,0.8094
7885,1.0,1.0,1.0,0.3441,1.0,0.0,1.0,0.6779,1.0,1.0,1.0,0.8413
7886,1.0,1.0,1.0,0.3891,1.0,0.0,1.0,0.5487,1.0,1.0,1.0,0.8561
7887,1.0,1.0,1.0,0.3509,1.0,0.0,1.0,0.3184,1.0,1.0,1.0,0.884
7888,1.0,1.0,1.0,0.3691,1.0,0.0,1.0,0.1571,1.0,1.0,1.0,0.8897
7889,1.0,1.0,1.0,0.5088,1.0,0.0,1.0,0.0,1.0,1.0,1.0,0.8718
7890,1.0,1.0,1.0,0.4527,1.0,0.0,1.0,0.0,1.0,1.0,1.0,0.8588
7891,1.0,1.0,1.0,0.5676,1.0,0.0,1.0,0.0,1.0,1.0,1.0,0.7124
7892,1.0,1.0,1.0,0.5132,1.0,0.0,1.0,0.0,1.0,1.0,1.0,0.8066
7893,1.0,1.0,1.0,0.6631,1.0,0.0,1.0,0.0,1.0,1.0,1.0,0.7868
7894,1.0,1.0,1.0,0.5873,1.0,0.0,1.0,0.0,1.0,1.0,1.0,0.7092
7895,1.0,1.0,1.0,0.5497,1.0,0.0,1.0,0.0,1.0,1.0,1.0,0.6741
7896,1.0,1.0,1.0,0.6738,1.0,0.0,1.0,0.0,1.0,1.0,1.0,0.789
7897,1.0,1.0,1.0,0.776,1.0,0.0,1.0,0.0,1.0,1.0,1.0,0.7849
7898,1.0,1.0,1.0,0.8157,1.0,0.0,1.0,0.0,1.0,1.0,1.0,0.7918
7899,1.0,1.0,1.0,0.7426,1.0,0.0,1.0,0.0,1.0,1.0,1.0,0.8825
7900,1.0,1.0,1.0,0.7412,1.0,0.0,1.0,0.0,1.0,1.0,1.0,0.9037
7901,1.0,1.0,1.0,0.7343,1.0,1.0,1.0,0.0,1.0,1.0,1.0,0.8871
7902,1.0,1.0,1.0,0.6642,1.0,1.0,1.0,0.0,1.0,1.0,1.0,0.8013
7903,1.0,1.0,1.0,0.7112,1.0,1.0,1.0,0.0,1.0,1.0,1.0,0.8273
7904,1.0,1.0,1.0,0.6452,1.0,1.0,1.0,0.0959,1.0,1.0,1.0,0.7812
7905,1.0,1.0,1.0,0.5309,1.0,1.0,1.0,0.2524,1.0,1.0,1.0,0.8109
7906,1.0,1.0,1.0,0.389,1.0,1.0,1.0,0.4299,1.0,1.0,1.0,0.7999
7907,1.0,1.0,1.0,0.5391,1.0,1.0,1.0,0.5542,1.0,1.0,1.0,0.8142
7908,1.0,1.0,1.0,0.4922,1.0,1.0,1.0,0.5869,1.0,1.0,1.0,0.8503
7909,1.0,1.0,1.0,0.4487,1.0,1.0,1.0,0.5271,1.0,1.0,1.0,0.7446
7910,1.0,1.0,1.0,0.3624,1.0,1.0,1.0,0.4641,1.0,1.0,1.0,0.7453
7911,1.0,1.0,1.0,0.4816,1.0,1.0,1.0,0.3848,1.0,1.0,1.0,0.736
7912,1.0,1.0,1.0,0.3638,1.0,1.0,1.0,0.1822,1.0,1.0,1.0,0.7476
7913,1.0,1.0,1.0,0.2753,1.0,1.0,1.0,0.0,1.0,1.0,1.0,0.7721
7914,1.0,1.0,1.0,0.2581,1.0,1.0,1.0,0.0,1.0,1.0,1.0,0.7733
7915,1.0,1.0,1.0,0.2619,1.0,1.0,1.0,0.0,1.0,1.0,1.0,0.7219
7916,1.0,1.0,1.0,0.3145,1.0,1.0,1.0,0.0,1.0,1.0,1.0,0.6272
7917,1.0,1.0,1.0,0.2696,1.0,1.0,1.0,0.0,1.0,1.0,1.0,0.4848
7918,1.0,1.0,1.0,0.394,1.0,1.0,1.0,0.0,1.0,1.0,1.0,0.4934
7919,1.0,1.0,1.0,0.3416,1.0,1.0,1.0,0.0,1.0,1.0,1.0,0.5372
7920,1.0,1.0,1.0,0.2718,1.0,1.0,1.0,0.0,1.0,1.0,1.0,0.5059
7921,1.0,1.0,1.0,0.2065,1.0,1.0,1.0,0.0,1.0,1.0,1.0,0.5755
7922,1.0,1.0,1.0,0.1706,1.0,1.0,1.0,0.0,1.0,1.0,1.0,0.5611
7923,1.0,1.0,1.0,0.1249,1.0,1.0,1.0,0.0,1.0,1.0,1.0,0.5496
7924,1.0,1.0,1.0,0.1639,1.0,1.0,1.0,0.0,1.0,1.0,1.0,0.4207
7925,1.0,1.0,1.0,0.1262,1.0,1.0,1.0,0.0,1.0,1.0,1.0,0.3835
7926,1.0,1.0,1.0,0.127,1.0,1.0,1.0,0.0,1.0,1.0,1.0,0.4632
7927,1.0,1.0,1.0,0.0967,1.0,1.0,1.0,0.0,1.0,1.0,1.0,0.5834
7928,1.0,1.0,1.0,0.0703,1.0,1.0,1.0,0.1381,1.0,1.0,1.0,0.5623
7929,1.0,1.0,1.0,0.107,1.0,1.0,1.0,0.2558,1.0,1.0,1.0,0.6311
7930,1.0,1.0,1.0,0.1822,1.0,1.0,1.0,0.4306,1.0,1.0,1.0,0.7324
7931,1.0,1.0,1.0,0.2657,1.0,1.0,1.0,0.5097,1.0,1.0,1.0,0.6545
7932,1.0,1.0,1.0,0.1816,1.0,1.0,1.0,0.5227,1.0,1.0,1.0,0.6729
7933,1.0,1.0,1.0,0.1267,1.0,1.0,1.0,0.564,1.0,1.0,1.0,0.6807
7934,1.0,1.0,1.0,0.2342,1.0,1.0,1.0,0.467,1.0,1.0,1.0,0.7505
7935,1.0,1.0,1.0,0.2241,1.0,1.0,1.0,0.291,1.0,1.0,1.0,0.6828
7936,1.0,1.0,1.0,0.1557,1.0,1.0,1.0,0.1222,1.0,1.0,1.0,0.6994
7937,1.0,1.0,1.0,0.2201,1.0,1.0,1.0,0.0,1.0,1.0,1.0,0.6725
7938,1.0,1.0,1.0,0.2301,1.0,1.0,1.0,0.0,1.0,1.0,1.0,0.6979
7939,1.0,1.0,1.0,0.2736,1.0,1.0,1.0,0.0,1.0,1.0,1.0,0.7739
7940,1.0,1.0,1.0,0.15,1.0,1.0,1.0,0.0,1.0,1.0,1.0,0.8457
7941,1.0,1.0,1.0,0.1418,1.0,1.0,1.0,0.0,1.0,1.0,1.0,0.8881
7942,1.0,1.0,1.0,0.1949,1.0,1.0,1.0,0.0,1.0,1.0,1.0,0.8393
7943,1.0,1.0,1.0,0.1674,1.0,1.0,1.0,0.0,1.0,1.0,1.0,0.8067
7944,1.0,1.0,1.0,0.246,1.0,1.0,1.0,0.0,1.0,1.0,1.0,0.8503
7945,1.0,1.0,1.0,0.1749,1.0,1.0,1.0,0.0,1.0,1.0,1.0,0.8685
7946,1.0,1.0,1.0,0.1754,1.0,1.0,1.0,0.0,1.0,1.0,1.0,0.8494
7947,1.0,1.0,1.0,0.283,1.0,1.0,1.0,0.0,1.0,1.0,1.0,0.7938
7948,1.0,1.0,1.0,0.2127,1.0,1.0,1.0,0.0,1.0,1.0,1.0,0.4827
7949,1.0,1.0,1.0,0.2354,1.0,1.0,1.0,0.0,1.0,1.0,1.0,0.3466
7950,1.0,1.0,1.0,0.2805,1.0,1.0,1.0,0.0,1.0,1.0,1.0,0.325
7951,1.0,1.0,1.0,0.292,1.0,1.0,1.0,0.0,1.0,1.0,1.0,0.3058
7952,1.0,1.0,1.0,0.2788,1.0,1.0,1.0,0.1852,1.0,1.0,1.0,0.3406
7953,1.0,1.0,1.0,0.2257,1.0,1.0,1.0,0.3962,1.0,1.0,1.0,0.3919
7954,1.0,1.0,1.0,0.244,1.0,1.0,1.0,0.5652,1.0,1.0,1.0,0.5879
7955,1.0,1.0,1.0,0.2429,1.0,1.0,1.0,0.6744,1.0,1.0,1.0,0.5165
7956,1.0,1.0,1.0,0.1667,1.0,1.0,1.0,0.7121,1.0,1.0,1.0,0.348
7957,1.0,1.0,1.0,0.2351,1.0,1.0,1.0,0.615,1.0,1.0,1.0,0.2802
7958,1.0,1.0,1.0,0.1874,1.0,1.0,1.0,0.5652,1.0,1.0,1.0,0.4165
7959,1.0,1.0,1.0,0.1278,1.0,1.0,1.0,0.3962,1.0,1.0,1.0,0.4178
7960,1.0,1.0,1.0,0.1115,1.0,1.0,1.0,0.1852,1.0,1.0,1.0,0.5059
7961,1.0,1.0,1.0,0.0887,1.0,1.0,1.0,0.0,1.0,1.0,1.0,0.4543
7962,1.0,1.0,1.0,0.0868,1.0,1.0,1.0,0.0,1.0,1.0,1.0,0.4103
7963,1.0,1.0,1.0,0.0617,1.0,1.0,1.0,0.0,1.0,1.0,1.0,0.2767
7964,1.0,1.0,1.0,0.0767,1.0,1.0,1.0,0.0,1.0,1.0,1.0,0.2579
7965,1.0,1.0,1.0,0.1264,1.0,1.0,1.0,0.0,1.0,1.0,1.0,0.263
7966,1.0,1.0,1.0,0.1368,1.0,1.0,1.0,0.0,1.0,1.0,1.0,0.3307
7967,1.0,1.0,1.0,0.0914,1.0,1.0,1.0,0.0,1.0,1.0,1.0,0.3783
7968,1.0,1.0,1.0,0.0729,1.0,1.0,1.0,0.0,1.0,1.0,1.0,0.553
7969,1.0,1.0,1.0,0.0837,1.0,1.0,1.0,0.0,1.0,1.0,1.0,0.5359
7970,1.0,1.0,1.0,0.0468,1.0,1.0,1.0,0.0,1.0,1.0,1.0,0.5536
7971,1.0,1.0,1.0,0.0336,1.0,1.0,1.0,0.0,1.0,1.0,1.0,0.5485
7972,1.0,1.0,1.0,0.0211,1.0,1.0,1.0,0.0,1.0,1.0,1.0,0.4842
7973,1.0,1.0,1.0,0.0245,1.0,1.0,1.0,0.0,1.0,1.0,1.0,0.5182
7974,1.0,1.0,1.0,0.0562,1.0,1.0,1.0,0.0,1.0,1.0,1.0,0.4914
7975,1.0,1.0,1.0,0.0398,1.0,1.0,1.0,0.0,1.0,1.0,1.0,0.6317
7976,1.0,1.0,1.0,0.0571,1.0,1.0,1.0,0.1834,1.0,1.0,1.0,0.5593
7977,1.0,1.0,1.0,0.0511,1.0,1.0,1.0,0.3946,1.0,1.0,1.0,0.5258
7978,1.0,1.0,1.0,0.0356,1.0,1.0,1.0,0.5639,1.0,1.0,1.0,0.4148
7979,1.0,1.0,1.0,0.0656,1.0,1.0,1.0,0.6733,1.0,1.0,1.0,0.4442
7980,1.0,1.0,1.0,0.1388,1.0,1.0,1.0,0.7111,1.0,1.0,1.0,0.3338
7981,1.0,1.0,1.0,0.1639,1.0,1.0,1.0,0.6733,1.0,1.0,1.0,0.3358
7982,1.0,1.0,1.0,0.1888,1.0,1.0,1.0,0.5639,1.0,1.0,1.0,0.2536
7983,1.0,1.0,1.0,0.1985,1.0,1.0,1.0,0.3946,1.0,1.0,1.0,0.1978
7984,1.0,1.0,1.0,0.1963,1.0,1.0,1.0,0.1834,1.0,1.0,1.0,0.1632
7985,1.0,1.0,1.0,0.2224,1.0,1.0,1.0,0.0,1.0,1.0,1.0,0.2076
7986,1.0,1.0,1.0,0.2726,1.0,1.0,1.0,0.0,1.0,1.0,1.0,0.2073
7987,1.0,1.0,1.0,0.4077,1.0,1.0,1.0,0.0,1.0,1.0,1.0,0.2054
7988,1.0,1.0,1.0,0.3661,1.0,1.0,1.0,0.0,1.0,1.0,1.0,0.2452
7989,1.0,1.0,1.0,0.3796,1.0,1.0,1.0,0.0,1.0,1.0,1.0,0.2091
7990,1.0,1.0,1.0,0.3749,1.0,1.0,1.0,0.0,1.0,1.0,1.0,0.1205
7991,1.0,1.0,1.0,0.4648,1.0,1.0,1.0,0.0,1.0,1.0,1.0,0.0894
7992,1.0,1.0,1.0,0.6698,1.0,1.0,1.0,0.0,1.0,1.0,1.0,0.0869
7993,1.0,1.0,1.0,0.7414,1.0,1.0,1.0,0.0,1.0,1.0,1.0,0.0905
7994,1.0,1.0,1.0,0.7854,1.0,1.0,1.0,0.0,1.0,1.0,1.0,0.1139
7995,1.0,1.0,1.0,0.8282,1.0,1.0,1.0,0.0,1.0,1.0,1.0,0.1141
7996,1.0,1.0,1.0,0.8772,1.0,1.0,1.0,0.0,1.0,1.0,1.0,0.1624
7997,1.0,1.0,1.0,0.9398,1.0,1.0,1.0,0.0,1.0,1.0,1.0,0.1864
7998,1.0,1.0,1.0,0.8882,1.0,1.0,1.0,0.0,1.0,1.0,1.0,0.1267
7999,1.0,1.0,1.0,0.9018,1.0,1.0,1.0,0.0,1.0,1.0,1.0,0.0588
8000,1.0,1.0,1.0,0.7762,1.0,1.0,1.0,0.0911,1.0,1.0,1.0,0.0452
8001,1.0,1.0,1.0,0.8229,1.0,1.0,1.0,0.2036,1.0,1.0,1.0,0.0512
8002,1.0,1.0,1.0,0.8428,1.0,1.0,1.0,0.3291,1.0,1.0,1.0,0.0623
8003,1.0,1.0,1.0,0.8076,1.0,1.0,1.0,0.4622,1.0,1.0,1.0,0.0644
8004,1.0,1.0,1.0,0.6114,1.0,1.0,1.0,0.4897,1.0,1.0,1.0,0.0716
8005,1.0,1.0,1.0,0.6062,1.0,1.0,1.0,0.4876,1.0,1.0,1.0,0.116
8006,1.0,1.0,1.0,0.6208,1.0,1.0,1.0,0.4505,1.0,1.0,1.0,0.1219
8007,1.0,1.0,1.0,0.6112,1.0,1.0,1.0,0.3127,1.0,1.0,1.0,0.1417
8008,1.0,1.0,1.0,0.5543,1.0,1.0,1.0,0.1539,1.0,1.0,1.0,0.232
8009,1.0,1.0,1.0,0.4736,1.0,1.0,1.0,0.0,1.0,1.0,1.0,0.1414
8010,1.0,1.0,1.0,0.469,1.0,1.0,1.0,0.0,1.0,1.0,1.0,0.2387
8011,1.0,1.0,1.0,0.4002,1.0,1.0,1.0,0.0,1.0,1.0,1.0,0.1162
8012,1.0,1.0,1.0,0.4719,1.0,1.0,1.0,0.0,1.0,1.0,1.0,0.094
8013,1.0,1.0,1.0,0.465,1.0,1.0,1.0,0.0,1.0,1.0,1.0,0.083
8014,1.0,1.0,1.0,0.3223,1.0,1.0,1.0,0.0,1.0,1.0,1.0,0.0516
8015,1.0,1.0,1.0,0.3402,1.0,1.0,1.0,0.0,1.0,1.0,1.0,0.0527
8016,1.0,1.0,1.0,0.3792,1.0,1.0,1.0,0.0,1.0,1.0,1.0,0.0562
8017,1.0,1.0,1.0,0.5212,1.0,1.0,1.0,0.0,1.0,1.0,1.0,0.0768
8018,1.0,1.0,1.0,0.5997,1.0,1.0,1.0,0.0,1.0,1.0,1.0,0.1023
8019,1.0,1.0,1.0,0.5185,1.0,1.0,1.0,0.0,1.0,1.0,1.0,0.1136
8020,1.0,1.0,1.0,0.6383,1.0,1.0,1.0,0.0,1.0,1.0,1.0,0.1666
8021,1.0,1.0,1.0,0.5156,1.0,1.0,1.0,0.0,1.0,1.0,1.0,0.2068
8022,1.0,1.0,1.0,0.5168,1.0,1.0,1.0,0.0,1.0,1.0,1.0,0.1937
8023,1.0,1.0,1.0,0.5808,1.0,1.0,1.0,0.0,1.0,1.0,1.0,0.2058
8024,1.0,1.0,1.0,0.695,1.0,1.0,1.0,0.1252,1.0,1.0,1.0,0.1764
8025,1.0,1.0,1.0,0.811,1.0,1.0,1.0,0.2539,1.0,1.0,1.0,0.1266
8026,1.0,1.0,1.0,0.8648,1.0,1.0,1.0,0.3522,1.0,1.0,1.0,0.1503
8027,1.0,1.0,1.0,0.8519,1.0,1.0,1.0,0.3843,1.0,1.0,1.0,0.0985
8028,1.0,1.0,1.0,0.8695,1.0,1.0,1.0,0.4884,1.0,1.0,1.0,0.0979
8029,1.0,1.0,1.0,0.8716,1.0,1.0,1.0,0.5501,1.0,1.0,1.0,0.0489
8030,1.0,1.0,1.0,0.8329,1.0,1.0,1.0,0.5217,1.0,1.0,1.0,0.0541
8031,1.0,1.0,1.0,0.8197,1.0,1.0,1.0,0.3916,1.0,1.0,1.0,0.0457
8032,1.0,1.0,1.0,0.8904,1.0,1.0,1.0,0.1729,1.0,1.0,1.0,0.0597
8033,1.0,1.0,1.0,0.9051,1.0,1.0,1.0,0.0,1.0,1.0,1.0,0.0595
8034,1.0,1.0,1.0,0.9481,1.0,1.0,1.0,0.0,1.0,1.0,1.0,0.0612
8035,1.0,1.0,1.0,0.9195,1.0,1.0,1.0,0.0,1.0,1.0,1.0,0.0667
8036,1.0,1.0,1.0,0.9026,1.0,1.0,1.0,0.0,1.0,1.0,1.0,0.0583
8037,1.0,1.0,1.0,0.909,1.0,1.0,1.0,0.0,1.0,1.0,1.0,0.0519
8038,1.0,1.0,1.0,0.9234,1.0,1.0,1.0,0.0,1.0,1.0,1.0,0.0463
8039,1.0,1.0,1.0,0.9145,1.0,1.0,1.0,0.0,1.0,1.0,1.0,0.048
8040,1.0,1.0,1.0,0.9298,1.0,1.0,1.0,0.0,1.0,1.0,1.0,0.0434
8041,1.0,1.0,1.0,0.9416,1.0,1.0,1.0,0.0,1.0,1.0,1.0,0.0547
8042,1.0,1.0,1.0,0.901,1.0,1.0,1.0,0.0,1.0,1.0,1.0,0.0325
8043,1.0,1.0,1.0,0.9171,1.0,1.0,1.0,0.0,1.0,1.0,1.0,0.0214
8044,1.0,1.0,1.0,0.9373,1.0,1.0,1.0,0.0,1.0,1.0,1.0,0.045
8045,1.0,1.0,1.0,0.9384,1.0,1.0,1.0,0.0,1.0,1.0,1.0,0.0421
8046,1.0,1.0,1.0,0.8803,1.0,1.0,1.0,0.0,1.0,1.0,1.0,0.0325
8047,1.0,1.0,1.0,0.8624,1.0,1.0,1.0,0.0,1.0,1.0,1.0,0.0353
8048,1.0,1.0,1.0,0.8733,1.0,1.0,1.0,0.129,1.0,1.0,1.0,0.0498
8049,1.0,1.0,1.0,0.8273,1.0,1.0,1.0,0.2229,1.0,1.0,1.0,0.0663
8050,1.0,1.0,1.0,0.8627,1.0,1.0,1.0,0.2676,1.0,1.0,1.0,0.0554
8051,1.0,1.0,1.0,0.8845,1.0,1.0,1.0,0.3724,1.0,1.0,1.0,0.0503
8052,1.0,1.0,1.0,0.8827,1.0,1.0,1.0,0.3217,1.0,1.0,1.0,0.0486
8053,1.0,1.0,1.0,0.8766,1.0,1.0,1.0,0.3208,1.0,1.0,1.0,0.0582
8054,1.0,1.0,1.0,0.8773,1.0,1.0,1.0,0.2517,1.0,1.0,1.0,0.0634
8055,1.0,1.0,1.0,0.8703,1.0,1.0,1.0,0.163,1.0,1.0,1.0,0.0501
8056,1.0,1.0,1.0,0.8011,1.0,1.0,1.0,0.0834,1.0,1.0,1.0,0.0457
8057,1.0,1.0,1.0,0.7682,1.0,1.0,1.0,0.0,1.0,1.0,1.0,0.0452
8058,1.0,1.0,1.0,0.7658,1.0,1.0,1.0,0.0,1.0,1.0,1.0,0.0796
8059,1.0,1.0,1.0,0.8379,1.0,1.0,1.0,0.0,1.0,1.0,1.0,0.0798
8060,1.0,1.0,1.0,0.8621,1.0,1.0,1.0,0.0,1.0,1.0,1.0,0.2277
8061,1.0,1.0,1.0,0.908,1.0,1.0,1.0,0.0,1.0,1.0,1.0,0.2163
8062,1.0,1.0,1.0,0.849,1.0,1.0,1.0,0.0,1.0,1.0,1.0,0.1364
8063,1.0,1.0,1.0,0.8245,1.0,1.0,1.0,0.0,1.0,1.0,1.0,0.1577
8064,1.0,1.0,1.0,0.903,1.0,1.0,1.0,0.0,1.0,1.0,1.0,0.2211
8065,1.0,1.0,1.0,0.8701,1.0,1.0,1.0,0.0,1.0,1.0,1.0,0.2567
8066,1.0,1.0,1.0,0.8285,1.0,1.0,1.0,0.0,1.0,1.0,1.0,0.2748
8067,1.0,1.0,1.0,0.8069,1.0,1.0,1.0,0.0,1.0,1.0,1.0,0.2531
8068,1.0,1.0,1.0,0.89,1.0,1.0,1.0,0.0,1.0,1.0,1.0,0.2392
8069,1.0,1.0,1.0,0.8569,1.0,1.0,1.0,0.0,1.0,1.0,1.0,0.1251
8070,1.0,1.0,1.0,0.8731,1.0,1.0,1.0,0.0,1.0,1.0,1.0,0.1688
8071,1.0,1.0,1.0,0.8814,1.0,1.0,1.0,0.0,1.0,1.0,1.0,0.1562
8072,1.0,1.0,1.0,0.7803,1.0,1.0,1.0,0.0947,1.0,1.0,1.0,0.2239
8073,1.0,1.0,1.0,0.7723,1.0,1.0,1.0,0.225,1.0,1.0,1.0,0.1978
8074,1.0,1.0,1.0,0.7288,1.0,1.0,1.0,0.2855,1.0,1.0,1.0,0.2003
8075,1.0,1.0,1.0,0.7673,1.0,1.0,1.0,0.4111,1.0,1.0,1.0,0.2862
8076,1.0,1.0,1.0,0.8536,1.0,1.0,1.0,0.4215,1.0,1.0,1.0,0.3949
8077,1.0,1.0,1.0,0.8302,1.0,1.0,1.0,0.3851,1.0,1.0,1.0,0.4682
8078,1.0,1.0,1.0,0.8048,1.0,1.0,1.0,0.3269,1.0,1.0,1.0,0.3129
8079,1.0,1.0,1.0,0.9049,1.0,1.0,1.0,0.2583,1.0,1.0,1.0,0.2283
8080,1.0,1.0,1.0,0.8736,1.0,1.0,1.0,0.1201,1.0,1.0,1.0,0.2801
8081,1.0,1.0,1.0,0.8025,1.0,1.0,1.0,0.0,1.0,1.0,1.0,0.2373
8082,1.0,1.0,1.0,0.8629,1.0,1.0,1.0,0.0,1.0,1.0,1.0,0.247
8083,1.0,1.0,1.0,0.8537,1.0,1.0,1.0,0.0,1.0,1.0,1.0,0.2657
8084,1.0,1.0,1.0,0.8591,1.0,1.0,1.0,0.0,1.0,1.0,1.0,0.2881
8085,1.0,1.0,1.0,0.9263,1.0,1.0,1.0,0.0,1.0,1.0,1.0,0.2219
8086,1.0,1.0,1.0,0.8767,1.0,1.0,1.0,0.0,1.0,1.0,1.0,0.2959
8087,1.0,1.0,1.0,0.862,1.0,1.0,1.0,0.0,1.0,1.0,1.0,0.2626
8088,1.0,1.0,1.0,0.794,1.0,1.0,1.0,0.0,1.0,1.0,1.0,0.311
8089,1.0,1.0,1.0,0.8059,1.0,1.0,1.0,0.0,1.0,1.0,1.0,0.2991
8090,1.0,1.0,1.0,0.7658,1.0,1.0,1.0,0.0,1.0,1.0,1.0,0.4597
8091,1.0,1.0,1.0,0.6762,1.0,1.0,1.0,0.0,1.0,1.0,1.0,0.5848
8092,1.0,1.0,1.0,0.7247,1.0,1.0,1.0,0.0,1.0,1.0,1.0,0.7447
8093,1.0,1.0,1.0,0.7191,1.0,1.0,1.0,0.0,1.0,1.0,1.0,0.8333
8094,1.0,1.0,1.0,0.6157,1.0,1.0,1.0,0.0,1.0,1.0,1.0,0.8185
8095,1.0,1.0,1.0,0.5095,1.0,1.0,1.0,0.0,1.0,1.0,1.0,0.7801
8096,1.0,1.0,1.0,0.5268,1.0,1.0,1.0,0.109,1.0,1.0,1.0,0.695
8097,1.0,1.0,1.0,0.3815,1.0,1.0,1.0,0.2272,1.0,1.0,1.0,0.7077
8098,1.0,1.0,1.0,0.4033,1.0,1.0,1.0,0.3268,1.0,1.0,1.0,0.7023
8099,1.0,1.0,1.0,0.5216,1.0,1.0,1.0,0.4567,1.0,1.0,1.0,0.6921
8100,1.0,1.0,1.0,0.5781,1.0,1.0,1.0,0.5674,1.0,1.0,1.0,0.6196
8101,1.0,1.0,1.0,0.5212,1.0,1.0,1.0,0.6438,1.0,1.0,1.0,0.6438
8102,1.0,1.0,1.0,0.5438,1.0,1.0,1.0,0.5358,1.0,1.0,1.0,0.6065
8103,1.0,1.0,1.0,0.4329,1.0,1.0,1.0,0.361,1.0,1.0,1.0,0.5605
8104,1.0,1.0,1.0,0.446,1.0,1.0,1.0,0.1726,1.0,1.0,1.0,0.5709
8105,1.0,1.0,1.0,0.4189,1.0,1.0,1.0,0.0,1.0,1.0,1.0,0.5602
8106,1.0,1.0,1.0,0.3354,1.0,1.0,1.0,0.0,1.0,1.0,1.0,0.4324
8107,1.0,1.0,1.0,0.39,1.0,1.0,1.0,0.0,1.0,1.0,1.0,0.3665
8108,1.0,1.0,1.0,0.2444,1.0,1.0,1.0,0.0,1.0,1.0,1.0,0.4128
8109,1.0,1.0,1.0,0.1806,1.0,1.0,1.0,0.0,1.0,1.0,1.0,0.4095
8110,1.0,1.0,1.0,0.1368,1.0,1.0,1.0,0.0,1.0,1.0,1.0,0.2606
8111,1.0,1.0,1.0,0.1228,1.0,1.0,1.0,0.0,1.0,1.0,1.0,0.3155
8112,1.0,1.0,1.0,0.1904,1.0,1.0,1.0,0.0,1.0,1.0,1.0,0.3167
8113,1.0,1.0,1.0,0.2419,1.0,1.0,1.0,0.0,1.0,1.0,1.0,0.2451
8114,1.0,1.0,1.0,0.2548,1.0,1.0,1.0,0.0,1.0,1.0,1.0,0.2087
8115,1.0,1.0,1.0,0.2644,1.0,1.0,1.0,0.0,1.0,1.0,1.0,0.224
8116,1.0,1.0,1.0,0.2692,1.0,1.0,1.0,0.0,1.0,1.0,1.0,0.1207
8117,1.0,1.0,1.0,0.3797,1.0,1.0,1.0,0.0,1.0,1.0,1.0,0.1435
8118,1.0,1.0,1.0,0.2471,1.0,1.0,1.0,0.0,1.0,1.0,1.0,0.1986
8119,1.0,1.0,1.0,0.3073,1.0,1.0,1.0,0.0,1.0,1.0,1.0,0.2595
8120,1.0,1.0,1.0,0.2752,1.0,1.0,1.0,0.1246,1.0,1.0,1.0,0.3496
8121,1.0,1.0,1.0,0.3174,1.0,1.0,1.0,0.3499,1.0,1.0,1.0,0.2926
8122,1.0,1.0,1.0,0.3619,1.0,1.0,1.0,0.4897,1.0,1.0,1.0,0.3771
8123,1.0,1.0,1.0,0.4266,1.0,1.0,1.0,0.5365,1.0,1.0,1.0,0.4016
8124,1.0,1.0,1.0,0.5659,1.0,1.0,1.0,0.464,1.0,1.0,1.0,0.3348
8125,1.0,1.0,1.0,0.444,1.0,1.0,1.0,0.4566,1.0,1.0,1.0,0.3751
8126,1.0,1.0,1.0,0.5328,1.0,1.0,1.0,0.4211,1.0,1.0,1.0,0.4135
8127,1.0,1.0,1.0,0.5257,1.0,1.0,1.0,0.2604,1.0,1.0,1.0,0.548
8128,1.0,1.0,1.0,0.484,1.0,1.0,1.0,0.1288,1.0,1.0,1.0,0.6453
8129,1.0,1.0,1.0,0.6565,1.0,1.0,1.0,0.0,1.0,1.0,1.0,0.5821
8130,1.0,1.0,1.0,0.7051,1.0,1.0,1.0,0.0,1.0,1.0,1.0,0.6066
8131,1.0,1.0,1.0,0.6676,1.0,1.0,1.0,0.0,1.0,1.0,1.0,0.629
8132,1.0,1.0,1.0,0.7328,1.0,1.0,1.0,0.0,1.0,1.0,1.0,0.644
8133,1.0,1.0,1.0,0.7232,1.0,1.0,1.0,0.0,1.0,1.0,1.0,0.6132
8134,1.0,1.0,1.0,0.6852,1.0,1.0,1.0,0.0,1.0,1.0,1.0,0.7415
8135,1.0,1.0,1.0,0.6318,1.0,1.0,1.0,0.0,1.0,1.0,1.0,0.6892
8136,1.0,1.0,1.0,0.6538,1.0,1.0,1.0,0.0,1.0,1.0,1.0,0.7951
8137,1.0,1.0,1.0,0.5986,1.0,1.0,1.0,0.0,1.0,1.0,1.0,0.6919
8138,1.0,1.0,1.0,0.6083,1.0,1.0,1.0,0.0,1.0,1.0,1.0,0.6557
8139,1.0,1.0,1.0,0.676,1.0,1.0,1.0,0.0,1.0,1.0,1.0,0.7079
8140,1.0,1.0,1.0,0.6791,1.0,1.0,1.0,0.0,1.0,1.0,1.0,0.6184
8141,1.0,1.0,1.0,0.8049,1.0,1.0,1.0,0.0,1.0,1.0,1.0,0.5508
8142,1.0,1.0,1.0,0.7985,1.0,1.0,1.0,0.0,1.0,1.0,1.0,0.5933
8143,1.0,1.0,1.0,0.8589,1.0,1.0,1.0,0.0,1.0,1.0,1.0,0.4388
8144,1.0,1.0,1.0,0.8901,1.0,1.0,1.0,0.1225,1.0,1.0,1.0,0.5352
8145,1.0,1.0,1.0,0.9283,1.0,1.0,1.0,0.213,1.0,1.0,1.0,0.6563
8146,1.0,1.0,1.0,0.9598,1.0,1.0,1.0,0.2415,1.0,1.0,1.0,0.76
8147,1.0,1.0,1.0,0.9212,1.0,1.0,1.0,0.2448,1.0,1.0,1.0,0.7729
8148,1.0,1.0,1.0,0.9224,1.0,1.0,1.0,0.2503,1.0,1.0,1.0,0.7371
8149,1.0,1.0,1.0,0.9137,1.0,1.0,1.0,0.2456,1.0,1.0,1.0,0.7039
8150,1.0,1.0,1.0,0.911,1.0,1.0,1.0,0.2287,1.0,1.0,1.0,0.7178
8151,1.0,1.0,1.0,0.8924,1.0,1.0,1.0,0.1743,1.0,1.0,1.0,0.7198
8152,1.0,1.0,1.0,0.8652,1.0,1.0,1.0,0.0842,1.0,1.0,1.0,0.6846
8153,1.0,1.0,1.0,0.8048,1.0,1.0,1.0,0.0,1.0,1.0,1.0,0.7856
8154,1.0,1.0,1.0,0.8032,1.0,1.0,1.0,0.0,1.0,1.0,1.0,0.7625
8155,1.0,1.0,1.0,0.8441,1.0,1.0,1.0,0.0,1.0,1.0,1.0,0.8358
8156,1.0,1.0,1.0,0.8121,1.0,1.0,1.0,0.0,1.0,1.0,1.0,0.8329
8157,1.0,1.0,1.0,0.7863,1.0,1.0,1.0,0.0,1.0,1.0,1.0,0.8269
8158,1.0,1.0,1.0,0.7344,1.0,1.0,1.0,0.0,1.0,1.0,1.0,0.8444
8159,1.0,1.0,1.0,0.654,1.0,1.0,1.0,0.0,1.0,1.0,1.0,0.8593
8160,1.0,1.0,1.0,0.6318,1.0,1.0,1.0,0.0,1.0,1.0,1.0,0.8462
8161,1.0,1.0,1.0,0.6552,1.0,1.0,1.0,0.0,1.0,1.0,1.0,0.8635
8162,1.0,1.0,1.0,0.7429,1.0,1.0,1.0,0.0,1.0,1.0,1.0,0.8832
8163,1.0,1.0,1.0,0.648,1.0,1.0,1.0,0.0,1.0,1.0,1.0,0.9265
8164,1.0,1.0,1.0,0.6409,1.0,1.0,1.0,0.0,1.0,1.0,1.0,0.9224
8165,1.0,1.0,1.0,0.7256,1.0,1.0,1.0,0.0,1.0,1.0,1.0,0.8929
8166,1.0,1.0,1.0,0.6292,1.0,1.0,1.0,0.0,1.0,1.0,1.0,0.8597
8167,1.0,1.0,1.0,0.7221,1.0,1.0,1.0,0.0,1.0,1.0,1.0,0.9296
8168,1.0,1.0,1.0,0.6837,1.0,1.0,1.0,0.0902,1.0,1.0,1.0,0.8627
8169,1.0,1.0,1.0,0.73,1.0,1.0,1.0,0.1809,1.0,1.0,1.0,0.7957
8170,1.0,1.0,1.0,0.7082,1.0,1.0,1.0,0.3484,1.0,1.0,1.0,0.7893
8171,1.0,1.0,1.0,0.7347,1.0,1.0,1.0,0.4835,1.0,1.0,1.0,0.7425
8172,1.0,1.0,1.0,0.8249,1.0,1.0,1.0,0.5326,1.0,1.0,1.0,0.7869
8173,1.0,1.0,1.0,0.8113,1.0,1.0,1.0,0.5704,1.0,1.0,1.0,0.82
8174,1.0,1.0,1.0,0.8535,1.0,1.0,1.0,0.4332,1.0,1.0,1.0,0.7819
8175,1.0,1.0,1.0,0.8586,1.0,1.0,1.0,0.2788,1.0,1.0,1.0,0.8529
8176,1.0,1.0,1.0,0.8134,1.0,1.0,1.0,0.1389,1.0,1.0,1.0,0.7878
8177,1.0,1.0,1.0,0.7983,1.0,1.0,1.0,0.0,1.0,1.0,1.0,0.7325
8178,1.0,1.0,1.0,0.7789,1.0,1.0,1.0,0.0,1.0,1.0,1.0,0.8206
8179,1.0,1.0,1.0,0.6739,1.0,1.0,1.0,0.0,1.0,1.0,1.0,0.7332
8180,1.0,1.0,1.0,0.7033,1.0,1.0,1.0,0.0,1.0,1.0,1.0,0.7493
8181,1.0,1.0,1.0,0.7437,1.0,1.0,1.0,0.0,1.0,1.0,1.0,0.8326
8182,1.0,1.0,1.0,0.7885,1.0,1.0,1.0,0.0,1.0,1.0,1.0,0.6545
8183,1.0,1.0,1.0,0.8551,1.0,1.0,1.0,0.0,1.0,1.0,1.0,0.6212
8184,1.0,1.0,1.0,0.8871,1.0,1.0,1.0,0.0,1.0,1.0,1.0,0.6924
8185,1.0,1.0,1.0,0.8565,1.0,1.0,1.0,0.0,1.0,1.0,1.0,0.6651
8186,1.0,1.0,1.0,0.8313,1.0,1.0,1.0,0.0,1.0,1.0,1.0,0.6636
8187,1.0,1.0,1.0,0.8628,1.0,1.0,1.0,0.0,1.0,1.0,1.0,0.6721
8188,1.0,1.0,1.0,0.872,1.0,1.0,1.0,0.0,1.0,1.0,1.0,0.6898
8189,1.0,1.0,1.0,0.8645,1.0,1.0,1.0,0.0,1.0,1.0,1.0,0.6192
8190,1.0,1.0,1.0,0.816,1.0,1.0,1.0,0.0,1.0,1.0,1.0,0.6754
8191,1.0,1.0,1.0,0.7786,1.0,1.0,1.0,0.0,1.0,1.0,1.0,0.6886
8192,1.0,1.0,1.0,0.8057,1.0,1.0,1.0,0.1185,1.0,1.0,1.0,0.5894
8193,1.0,1.0,1.0,0.6671,1.0,1.0,1.0,0.3038,1.0,1.0,1.0,0.5451
8194,1.0,1.0,1.0,0.4635,1.0,1.0,1.0,0.4663,1.0,1.0,1.0,0.4192
8195,1.0,1.0,1.0,0.5248,1.0,1.0,1.0,0.5729,1.0,1.0,1.0,0.4383
8196,1.0,1.0,1.0,0.477,1.0,1.0,1.0,0.6338,1.0,1.0,1.0,0.4811
8197,1.0,1.0,1.0,0.5183,1.0,1.0,1.0,0.5219,1.0,1.0,1.0,0.4985
8198,1.0,1.0,1.0,0.6505,1.0,1.0,1.0,0.4164,1.0,1.0,1.0,0.5448
8199,1.0,1.0,1.0,0.5613,1.0,1.0,1.0,0.2596,1.0,1.0,1.0,0.5534
8200,1.0,1.0,1.0,0.4141,1.0,1.0,1.0,0.1233,1.0,1.0,1.0,0.6149
8201,1.0,1.0,1.0,0.3929,1.0,1.0,1.0,0.0,1.0,1.0,1.0,0.5992
8202,1.0,1.0,1.0,0.34,1.0,1.0,1.0,0.0,1.0,1.0,1.0,0.6522
8203,1.0,1.0,1.0,0.3421,1.0,1.0,1.0,0.0,1.0,1.0,1.0,0.5382
8204,1.0,1.0,1.0,0.39,1.0,1.0,1.0,0.0,1.0,1.0,1.0,0.414
8205,1.0,1.0,1.0,0.4204,1.0,1.0,1.0,0.0,1.0,1.0,1.0,0.4223
8206,1.0,1.0,1.0,0.4263,1.0,1.0,1.0,0.0,1.0,1.0,1.0,0.4822
8207,1.0,1.0,1.0,0.5201,1.0,1.0,1.0,0.0,1.0,1.0,1.0,0.4569
8208,1.0,1.0,1.0,0.5789,1.0,1.0,1.0,0.0,1.0,1.0,1.0,0.514
8209,1.0,1.0,1.0,0.5607,1.0,1.0,1.0,0.0,1.0,1.0,1.0,0.5389
8210,1.0,1.0,1.0,0.6124,1.0,1.0,1.0,0.0,1.0,1.0,1.0,0.3607
8211,1.0,1.0,1.0,0.4754,1.0,1.0,1.0,0.0,1.0,1.0,1.0,0.5625
8212,1.0,1.0,1.0,0.5684,1.0,1.0,1.0,0.0,1.0,1.0,1.0,0.4494
8213,1.0,1.0,1.0,0.5679,1.0,1.0,1.0,0.0,1.0,1.0,1.0,0.3695
8214,1.0,1.0,1.0,0.461,1.0,1.0,1.0,0.0,1.0,1.0,1.0,0.4694
8215,1.0,1.0,1.0,0.4258,1.0,1.0,1.0,0.0,1.0,1.0,1.0,0.4704
8216,1.0,1.0,1.0,0.5179,1.0,1.0,1.0,0.1242,1.0,1.0,1.0,0.4036
8217,1.0,1.0,1.0,0.45,1.0,1.0,1.0,0.2626,1.0,1.0,1.0,0.3659
8218,1.0,1.0,1.0,0.487,1.0,1.0,1.0,0.3833,1.0,1.0,1.0,0.2999
8219,1.0,1.0,1.0,0.5636,1.0,1.0,1.0,0.5542,1.0,1.0,1.0,0.248
8220,1.0,1.0,1.0,0.5634,1.0,1.0,1.0,0.5739,1.0,1.0,1.0,0.3087
8221,1.0,1.0,1.0,0.4859,1.0,1.0,1.0,0.5327,1.0,1.0,1.0,0.2763
8222,1.0,1.0,1.0,0.4804,1.0,1.0,1.0,0.4284,1.0,1.0,1.0,0.2117
8223,1.0,1.0,1.0,0.361,1.0,1.0,1.0,0.3199,1.0,1.0,1.0,0.1754
8224,1.0,1.0,1.0,0.326,1.0,1.0,1.0,0.1344,1.0,1.0,1.0,0.1733
8225,1.0,1.0,1.0,0.251,1.0,1.0,1.0,0.0,1.0,1.0,1.0,0.1438
8226,1.0,1.0,1.0,0.2538,1.0,1.0,1.0,0.0,1.0,1.0,1.0,0.1364
8227,1.0,1.0,1.0,0.1837,1.0,1.0,1.0,0.0,1.0,1.0,1.0,0.1578
8228,1.0,1.0,1.0,0.1948,1.0,1.0,1.0,0.0,1.0,1.0,1.0,0.1419
8229,1.0,1.0,1.0,0.2726,1.0,1.0,1.0,0.0,1.0,1.0,1.0,0.1138
8230,1.0,1.0,1.0,0.3694,1.0,1.0,1.0,0.0,1.0,1.0,1.0,0.0961
8231,1.0,1.0,1.0,0.2776,1.0,1.0,1.0,0.0,1.0,1.0,1.0,0.1553
8232,1.0,1.0,1.0,0.2396,1.0,1.0,1.0,0.0,1.0,1.0,1.0,0.2929
8233,1.0,1.0,1.0,0.3051,1.0,1.0,1.0,0.0,1.0,1.0,1.0,0.3004
8234,1.0,1.0,1.0,0.3651,1.0,1.0,1.0,0.0,1.0,1.0,1.0,0.3606
8235,1.0,1.0,1.0,0.3201,1.0,1.0,1.0,0.0,1.0,1.0,1.0,0.2909
8236,1.0,1.0,1.0,0.2886,1.0,1.0,1.0,0.0,1.0,1.0,1.0,0.2541
8237,1.0,1.0,1.0,0.3,1.0,1.0,1.0,0.0,1.0,1.0,1.0,0.2903
8238,1.0,1.0,1.0,0.1877,1.0,1.0,1.0,0.0,1.0,1.0,1.0,0.1544
8239,1.0,1.0,1.0,0.2248,1.0,1.0,1.0,0.0,1.0,1.0,1.0,0.2001
8240,1.0,1.0,1.0,0.3051,1.0,1.0,1.0,0.1206,1.0,1.0,1.0,0.1754
8241,1.0,1.0,1.0,0.2817,1.0,1.0,1.0,0.3184,1.0,1.0,1.0,0.1318
8242,1.0,1.0,1.0,0.1969,1.0,1.0,1.0,0.452,1.0,1.0,1.0,0.1546
8243,1.0,1.0,1.0,0.2952,1.0,1.0,1.0,0.6644,1.0,1.0,1.0,0.2405
8244,1.0,1.0,1.0,0.3168,1.0,1.0,1.0,0.7029,1.0,1.0,1.0,0.226
8245,1.0,1.0,1.0,0.3779,1.0,1.0,1.0,0.6644,1.0,1.0,1.0,0.25
8246,1.0,1.0,1.0,0.2794,1.0,1.0,1.0,0.5532,1.0,1.0,1.0,0.2864
8247,1.0,1.0,1.0,0.2008,1.0,1.0,1.0,0.3814,1.0,1.0,1.0,0.3083
8248,1.0,1.0,1.0,0.2322,1.0,1.0,1.0,0.1679,1.0,1.0,1.0,0.2425
8249,1.0,1.0,1.0,0.3097,1.0,1.0,1.0,0.0,1.0,1.0,1.0,0.2625
8250,1.0,1.0,1.0,0.2361,1.0,1.0,1.0,0.0,1.0,1.0,1.0,0.2801
8251,1.0,1.0,1.0,0.2359,1.0,1.0,1.0,0.0,1.0,1.0,1.0,0.1327
8252,1.0,1.0,1.0,0.1549,1.0,1.0,1.0,0.0,1.0,1.0,1.0,0.1784
8253,1.0,1.0,1.0,0.1309,1.0,1.0,1.0,0.0,1.0,1.0,1.0,0.1177
8254,1.0,1.0,1.0,0.1271,1.0,1.0,1.0,0.0,1.0,1.0,1.0,0.1284
8255,1.0,1.0,1.0,0.1545,1.0,1.0,1.0,0.0,1.0,1.0,1.0,0.2086
8256,1.0,1.0,1.0,0.0847,1.0,1.0,1.0,0.0,1.0,1.0,1.0,0.2013
8257,1.0,1.0,1.0,0.1362,1.0,1.0,1.0,0.0,1.0,1.0,1.0,0.1533
8258,1.0,1.0,1.0,0.1356,1.0,1.0,1.0,0.0,1.0,1.0,1.0,0.1872
8259,1.0,1.0,1.0,0.2067,1.0,1.0,1.0,0.0,1.0,1.0,1.0,0.2809
8260,1.0,1.0,1.0,0.2571,1.0,1.0,1.0,0.0,1.0,1.0,1.0,0.2132
8261,1.0,1.0,1.0,0.3248,1.0,1.0,1.0,0.0,1.0,1.0,1.0,0.1092
8262,1.0,1.0,1.0,0.499,1.0,1.0,1.0,0.0,1.0,1.0,1.0,0.1641
8263,1.0,1.0,1.0,0.4309,1.0,1.0,1.0,0.0,1.0,1.0,1.0,0.2165
8264,1.0,1.0,1.0,0.4443,1.0,1.0,1.0,0.1471,1.0,1.0,1.0,0.2461
8265,1.0,1.0,1.0,0.3625,1.0,1.0,1.0,0.314,1.0,1.0,1.0,0.1516
8266,1.0,1.0,1.0,0.3579,1.0,1.0,1.0,0.4766,1.0,1.0,1.0,0.1874
8267,1.0,1.0,1.0,0.4217,1.0,1.0,1.0,0.6038,1.0,1.0,1.0,0.2558
8268,1.0,1.0,1.0,0.5218,1.0,1.0,1.0,0.5995,1.0,1.0,1.0,0.4287
8269,1.0,1.0,1.0,0.4875,1.0,1.0,1.0,0.5487,1.0,1.0,1.0,0.4054
8270,1.0,1.0,1.0,0.3843,1.0,1.0,1.0,0.5001,1.0,1.0,1.0,0.4201
8271,1.0,1.0,1.0,0.3935,1.0,1.0,1.0,0.3731,1.0,1.0,1.0,0.255
8272,1.0,1.0,1.0,0.3277,1.0,1.0,1.0,0.1567,1.0,1.0,1.0,0.3302
8273,1.0,1.0,1.0,0.289,1.0,1.0,1.0,0.0,1.0,1.0,1.0,0.4105
8274,1.0,1.0,1.0,0.3454,1.0,1.0,1.0,0.0,1.0,1.0,1.0,0.4463
8275,1.0,1.0,1.0,0.3891,1.0,1.0,1.0,0.0,1.0,1.0,1.0,0.5499
8276,1.0,1.0,1.0,0.4634,1.0,1.0,1.0,0.0,1.0,1.0,1.0,0.4786
8277,1.0,1.0,1.0,0.4351,1.0,1.0,1.0,0.0,1.0,1.0,1.0,0.4587
8278,1.0,1.0,1.0,0.5247,1.0,1.0,1.0,0.0,1.0,1.0,1.0,0.4429
8279,1.0,1.0,1.0,0.5249,1.0,1.0,1.0,0.0,1.0,1.0,1.0,0.5389
8280,1.0,1.0,1.0,0.5008,1.0,1.0,1.0,0.0,1.0,1.0,1.0,0.6328
8281,1.0,1.0,1.0,0.4055,1.0,1.0,1.0,0.0,1.0,1.0,1.0,0.6532
8282,1.0,1.0,1.0,0.2491,1.0,1.0,1.0,0.0,1.0,1.0,1.0,0.6684
8283,1.0,1.0,1.0,0.1654,1.0,1.0,1.0,0.0,1.0,1.0,1.0,0.7041
8284,1.0,1.0,1.0,0.1832,1.0,1.0,1.0,0.0,1.0,1.0,1.0,0.6719
8285,1.0,1.0,1.0,0.1457,1.0,1.0,1.0,0.0,1.0,1.0,1.0,0.7624
8286,1.0,1.0,1.0,0.0918,1.0,1.0,1.0,0.0,1.0,1.0,1.0,0.7245
8287,1.0,1.0,1.0,0.0854,1.0,1.0,1.0,0.0,1.0,1.0,1.0,0.7469
8288,1.0,1.0,1.0,0.0995,1.0,1.0,1.0,0.1163,1.0,1.0,1.0,0.6974
8289,1.0,1.0,1.0,0.12,1.0,1.0,1.0,0.3237,1.0,1.0,1.0,0.7568
8290,1.0,1.0,1.0,0.1253,1.0,1.0,1.0,0.4989,1.0,1.0,1.0,0.7428
8291,1.0,1.0,1.0,0.1293,1.0,1.0,1.0,0.5979,1.0,1.0,1.0,0.8514
8292,1.0,1.0,1.0,0.1152,1.0,1.0,1.0,0.6346,1.0,1.0,1.0,0.838
8293,1.0,1.0,1.0,0.1472,1.0,1.0,1.0,0.6634,1.0,1.0,1.0,0.8717
8294,1.0,1.0,1.0,0.1459,1.0,1.0,1.0,0.5275,1.0,1.0,1.0,0.8364
8295,1.0,1.0,1.0,0.1491,1.0,1.0,1.0,0.3296,1.0,1.0,1.0,0.813
8296,1.0,1.0,1.0,0.2097,1.0,1.0,1.0,0.1551,1.0,1.0,1.0,0.8029
8297,1.0,1.0,1.0,0.2669,1.0,1.0,1.0,0.0,1.0,1.0,1.0,0.8145
8298,1.0,1.0,1.0,0.2601,1.0,1.0,1.0,0.0,1.0,1.0,1.0,0.7628
8299,1.0,1.0,1.0,0.2442,1.0,1.0,1.0,0.0,1.0,1.0,1.0,0.7165
8300,1.0,1.0,1.0,0.2291,1.0,1.0,1.0,0.0,1.0,1.0,1.0,0.7159
8301,1.0,1.0,1.0,0.1318,1.0,1.0,1.0,0.0,1.0,1.0,1.0,0.737
8302,1.0,1.0,1.0,0.1907,1.0,1.0,1.0,0.0,1.0,1.0,1.0,0.7272
8303,1.0,1.0,1.0,0.1621,1.0,1.0,1.0,0.0,1.0,1.0,1.0,0.7073
8304,1.0,1.0,1.0,0.2161,1.0,1.0,1.0,0.0,1.0,1.0,1.0,0.5967
8305,1.0,1.0,1.0,0.2251,1.0,1.0,1.0,0.0,1.0,1.0,1.0,0.634
8306,1.0,1.0,1.0,0.329,1.0,1.0,1.0,0.0,1.0,1.0,1.0,0.6947
8307,1.0,1.0,1.0,0.376,1.0,1.0,1.0,0.0,1.0,1.0,1.0,0.7555
8308,1.0,1.0,1.0,0.457,1.0,1.0,1.0,0.0,1.0,1.0,1.0,0.7579
8309,1.0,1.0,1.0,0.4073,1.0,1.0,1.0,0.0,1.0,1.0,1.0,0.7088
8310,1.0,1.0,1.0,0.3069,1.0,1.0,1.0,0.0,1.0,1.0,1.0,0.678
8311,1.0,1.0,1.0,0.3232,1.0,1.0,1.0,0.0,1.0,1.0,1.0,0.6836
8312,1.0,1.0,1.0,0.1997,1.0,1.0,1.0,0.1653,1.0,1.0,1.0,0.6759
8313,1.0,1.0,1.0,0.1808,1.0,1.0,1.0,0.3793,1.0,1.0,1.0,0.6014
8314,1.0,1.0,1.0,0.1321,1.0,1.0,1.0,0.5515,1.0,1.0,1.0,0.4513
8315,1.0,1.0,1.0,0.1071,1.0,1.0,1.0,0.663,1.0,1.0,1.0,0.4037
8316,1.0,1.0,1.0,0.136,1.0,1.0,1.0,0.7016,1.0,1.0,1.0,0.382
8317,1.0,1.0,1.0,0.1668,1.0,1.0,1.0,0.663,1.0,1.0,1.0,0.4099
8318,1.0,1.0,1.0,0.1655,1.0,1.0,1.0,0.5515,1.0,1.0,1.0,0.377
8319,1.0,1.0,1.0,0.1888,1.0,1.0,1.0,0.3793,1.0,1.0,1.0,0.3587
8320,1.0,1.0,1.0,0.1674,1.0,1.0,1.0,0.1653,1.0,1.0,1.0,0.3704
8321,1.0,1.0,1.0,0.3302,1.0,1.0,1.0,0.0,1.0,1.0,1.0,0.507
8322,1.0,1.0,1.0,0.3587,1.0,1.0,1.0,0.0,1.0,1.0,1.0,0.4908
8323,1.0,1.0,1.0,0.3163,1.0,1.0,1.0,0.0,1.0,1.0,1.0,0.3581
8324,1.0,1.0,1.0,0.3912,1.0,1.0,1.0,0.0,1.0,1.0,1.0,0.3076
8325,1.0,1.0,1.0,0.5012,1.0,1.0,1.0,0.0,1.0,1.0,1.0,0.46
8326,1.0,1.0,1.0,0.4336,1.0,1.0,1.0,0.0,1.0,1.0,1.0,0.5844
8327,1.0,1.0,1.0,0.3195,1.0,1.0,1.0,0.0,1.0,1.0,1.0,0.6578
8328,1.0,1.0,1.0,0.2396,1.0,1.0,1.0,0.0,1.0,1.0,1.0,0.7068
8329,1.0,1.0,1.0,0.205,1.0,1.0,1.0,0.0,1.0,1.0,1.0,0.7498
8330,1.0,1.0,1.0,0.2085,1.0,1.0,1.0,0.0,1.0,1.0,1.0,0.7262
8331,1.0,1.0,1.0,0.1342,1.0,1.0,1.0,0.0,1.0,1.0,1.0,0.7763
8332,1.0,1.0,1.0,0.124,1.0,1.0,1.0,0.0,1.0,1.0,1.0,0.8203
8333,1.0,1.0,1.0,0.1224,1.0,1.0,1.0,0.0,1.0,1.0,1.0,0.8535
8334,1.0,1.0,1.0,0.1422,1.0,1.0,1.0,0.0,1.0,1.0,1.0,0.8168
8335,1.0,1.0,1.0,0.178,1.0,1.0,1.0,0.0,1.0,1.0,1.0,0.7909
8336,1.0,1.0,1.0,0.2069,1.0,1.0,1.0,0.1484,1.0,1.0,1.0,0.7428
8337,1.0,1.0,1.0,0.337,1.0,1.0,1.0,0.3615,1.0,1.0,1.0,0.7977
8338,1.0,1.0,1.0,0.432,1.0,1.0,1.0,0.5395,1.0,1.0,1.0,0.8071
8339,1.0,1.0,1.0,0.4531,1.0,1.0,1.0,0.6335,1.0,1.0,1.0,0.8205
8340,1.0,1.0,1.0,0.3722,1.0,1.0,1.0,0.6931,1.0,1.0,1.0,0.8416
8341,1.0,1.0,1.0,0.3222,1.0,1.0,1.0,0.6114,1.0,1.0,1.0,0.754
8342,1.0,1.0,1.0,0.2276,1.0,1.0,1.0,0.5325,1.0,1.0,1.0,0.8005
8343,1.0,1.0,1.0,0.2438,1.0,1.0,1.0,0.3359,1.0,1.0,1.0,0.7601
8344,1.0,1.0,1.0,0.2724,1.0,1.0,1.0,0.1519,1.0,1.0,1.0,0.7222
8345,1.0,1.0,1.0,0.3451,1.0,1.0,1.0,0.0,1.0,1.0,1.0,0.6522
8346,1.0,1.0,1.0,0.3709,1.0,1.0,1.0,0.0,1.0,1.0,1.0,0.653
8347,1.0,1.0,1.0,0.464,1.0,1.0,1.0,0.0,1.0,1.0,1.0,0.642
8348,1.0,1.0,1.0,0.5587,1.0,1.0,1.0,0.0,1.0,1.0,1.0,0.5185
8349,1.0,1.0,1.0,0.4672,1.0,1.0,1.0,0.0,1.0,1.0,1.0,0.3636
8350,1.0,1.0,1.0,0.4233,1.0,1.0,1.0,0.0,1.0,1.0,1.0,0.3499
8351,1.0,1.0,1.0,0.4245,1.0,1.0,1.0,0.0,1.0,1.0,1.0,0.4203
8352,1.0,1.0,1.0,0.369,1.0,1.0,1.0,0.0,1.0,1.0,1.0,0.4849
8353,1.0,1.0,1.0,0.353,1.0,1.0,1.0,0.0,1.0,1.0,1.0,0.5711
8354,1.0,1.0,1.0,0.3817,1.0,1.0,1.0,0.0,1.0,1.0,1.0,0.5506
8355,1.0,1.0,1.0,0.3749,1.0,1.0,1.0,0.0,1.0,1.0,1.0,0.5169
8356,1.0,1.0,1.0,0.3785,1.0,1.0,1.0,0.0,1.0,1.0,1.0,0.5053
8357,1.0,1.0,1.0,0.3076,1.0,1.0,1.0,0.0,1.0,1.0,1.0,0.5737
8358,1.0,1.0,1.0,0.3521,1.0,1.0,1.0,0.0,1.0,1.0,1.0,0.6999
8359,1.0,1.0,1.0,0.3917,1.0,1.0,1.0,0.0,1.0,1.0,1.0,0.6581
8360,1.0,1.0,1.0,0.3332,1.0,1.0,1.0,0.1361,1.0,1.0,1.0,0.6311
8361,1.0,1.0,1.0,0.2449,1.0,1.0,1.0,0.3599,1.0,1.0,1.0,0.6286
8362,1.0,1.0,1.0,0.3403,1.0,1.0,1.0,0.5082,1.0,1.0,1.0,0.6016
8363,1.0,1.0,1.0,0.4924,1.0,1.0,1.0,0.5778,1.0,1.0,1.0,0.5476
8364,1.0,1.0,1.0,0.5131,1.0,1.0,1.0,0.6727,1.0,1.0,1.0,0.5339
8365,1.0,1.0,1.0,0.481,1.0,1.0,1.0,0.6623,1.0,1.0,1.0,0.4625
8366,1.0,1.0,1.0,0.5726,1.0,1.0,1.0,0.5313,1.0,1.0,1.0,0.5257
8367,1.0,1.0,1.0,0.6102,1.0,1.0,1.0,0.3306,1.0,1.0,1.0,0.648
8368,1.0,1.0,1.0,0.5892,1.0,1.0,1.0,0.1282,1.0,1.0,1.0,0.6194
8369,1.0,1.0,1.0,0.6656,1.0,1.0,1.0,0.0,1.0,1.0,1.0,0.7406
8370,1.0,1.0,1.0,0.5949,1.0,1.0,1.0,0.0,1.0,1.0,1.0,0.726
8371,1.0,1.0,1.0,0.5326,1.0,1.0,1.0,0.0,1.0,1.0,1.0,0.6672
8372,1.0,1.0,1.0,0.5631,1.0,1.0,1.0,0.0,1.0,1.0,1.0,0.7129
8373,1.0,1.0,1.0,0.571,1.0,1.0,1.0,0.0,1.0,1.0,1.0,0.6349
8374,1.0,1.0,1.0,0.6225,1.0,1.0,1.0,0.0,1.0,1.0,1.0,0.6791
8375,1.0,1.0,1.0,0.7115,1.0,1.0,1.0,0.0,1.0,1.0,1.0,0.6922
8376,1.0,1.0,1.0,0.5837,1.0,1.0,1.0,0.0,1.0,1.0,1.0,0.656
8377,1.0,1.0,1.0,0.5846,1.0,1.0,1.0,0.0,1.0,1.0,1.0,0.6089
8378,1.0,1.0,1.0,0.7304,1.0,1.0,1.0,0.0,1.0,1.0,1.0,0.5297
8379,1.0,1.0,1.0,0.6809,1.0,1.0,1.0,0.0,1.0,1.0,1.0,0.6156
8380,1.0,1.0,1.0,0.6189,1.0,1.0,1.0,0.0,1.0,1.0,1.0,0.5923
8381,1.0,1.0,1.0,0.4221,1.0,1.0,1.0,0.0,1.0,1.0,1.0,0.6145
8382,1.0,1.0,1.0,0.4332,1.0,1.0,1.0,0.0,1.0,1.0,1.0,0.609
8383,1.0,1.0,1.0,0.4856,1.0,1.0,1.0,0.0,1.0,1.0,1.0,0.5867
8384,1.0,1.0,1.0,0.5366,1.0,1.0,1.0,0.1232,1.0,1.0,1.0,0.6103
8385,1.0,1.0,1.0,0.445,1.0,1.0,1.0,0.2984,1.0,1.0,1.0,0.6478
8386,1.0,1.0,1.0,0.4459,1.0,1.0,1.0,0.4284,1.0,1.0,1.0,0.6534
8387,1.0,1.0,1.0,0.4667,1.0,1.0,1.0,0.5051,1.0,1.0,1.0,0.6327
8388,1.0,1.0,1.0,0.4722,1.0,1.0,1.0,0.6567,1.0,1.0,1.0,0.5354
8389,1.0,1.0,1.0,0.3797,1.0,1.0,1.0,0.6033,1.0,1.0,1.0,0.4803
8390,1.0,1.0,1.0,0.3895,1.0,1.0,1.0,0.5179,1.0,1.0,1.0,0.4529
8391,1.0,1.0,1.0,0.3272,1.0,1.0,1.0,0.3484,1.0,1.0,1.0,0.4544
8392,1.0,1.0,1.0,0.2051,1.0,1.0,1.0,0.1528,1.0,1.0,1.0,0.3119
8393,1.0,1.0,1.0,0.2544,1.0,1.0,1.0,0.0,1.0,1.0,1.0,0.3645
8394,1.0,1.0,1.0,0.2701,1.0,1.0,1.0,0.0,1.0,1.0,1.0,0.3936
8395,1.0,1.0,1.0,0.3192,1.0,1.0,1.0,0.0,1.0,1.0,1.0,0.3479
8396,1.0,1.0,1.0,0.2846,1.0,1.0,1.0,0.0,1.0,1.0,1.0,0.2819
8397,1.0,1.0,1.0,0.3374,1.0,1.0,1.0,0.0,1.0,1.0,1.0,0.24
8398,1.0,1.0,1.0,0.4263,1.0,1.0,1.0,0.0,1.0,1.0,1.0,0.1699
8399,1.0,1.0,1.0,0.5808,1.0,1.0,1.0,0.0,1.0,1.0,1.0,0.1594
8400,1.0,1.0,1.0,0.6472,1.0,1.0,1.0,0.0,1.0,1.0,1.0,0.1577
8401,1.0,1.0,1.0,0.6734,1.0,1.0,1.0,0.0,1.0,1.0,1.0,0.2127
8402,1.0,1.0,1.0,0.5545,1.0,1.0,1.0,0.0,1.0,1.0,1.0,0.2482
8403,1.0,1.0,1.0,0.5437,1.0,1.0,1.0,0.0,1.0,1.0,1.0,0.3444
8404,1.0,1.0,1.0,0.4188,1.0,1.0,1.0,0.0,1.0,1.0,1.0,0.3566
8405,1.0,1.0,1.0,0.3534,1.0,1.0,1.0,0.0,1.0,1.0,1.0,0.2898
8406,1.0,1.0,1.0,0.5245,1.0,1.0,1.0,0.0,1.0,1.0,1.0,0.434
8407,1.0,1.0,1.0,0.4347,1.0,1.0,1.0,0.0,1.0,1.0,1.0,0.4076
8408,1.0,1.0,1.0,0.2545,1.0,1.0,1.0,0.1631,1.0,1.0,1.0,0.2872
8409,1.0,1.0,1.0,0.3192,1.0,1.0,1.0,0.3774,1.0,1.0,1.0,0.308
8410,1.0,1.0,1.0,0.2748,1.0,1.0,1.0,0.55,1.0,1.0,1.0,0.2064
8411,1.0,1.0,1.0,0.338,1.0,1.0,1.0,0.6618,1.0,1.0,1.0,0.2073
8412,1.0,1.0,1.0,0.257,1.0,1.0,1.0,0.6408,1.0,1.0,1.0,0.1866
8413,1.0,1.0,1.0,0.2353,1.0,1.0,1.0,0.5445,1.0,1.0,1.0,0.2227
8414,1.0,1.0,1.0,0.3264,1.0,1.0,1.0,0.5314,1.0,1.0,1.0,0.2924
8415,1.0,1.0,1.0,0.2377,1.0,1.0,1.0,0.3627,1.0,1.0,1.0,0.2737
8416,1.0,1.0,1.0,0.2334,1.0,1.0,1.0,0.1631,1.0,1.0,1.0,0.2515
8417,1.0,1.0,1.0,0.2589,1.0,1.0,1.0,0.0,1.0,1.0,1.0,0.3106
8418,1.0,1.0,1.0,0.219,1.0,1.0,1.0,0.0,1.0,1.0,1.0,0.2598
8419,1.0,1.0,1.0,0.2407,1.0,1.0,1.0,0.0,1.0,1.0,1.0,0.2693
8420,1.0,1.0,1.0,0.2481,1.0,1.0,1.0,0.0,1.0,1.0,1.0,0.3135
8421,1.0,1.0,1.0,0.2915,1.0,1.0,1.0,0.0,1.0,1.0,1.0,0.2608
8422,1.0,1.0,1.0,0.4461,1.0,1.0,1.0,0.0,1.0,1.0,1.0,0.2458
8423,1.0,1.0,1.0,0.674,1.0,1.0,1.0,0.0,1.0,1.0,1.0,0.2579
8424,1.0,1.0,1.0,0.7053,1.0,1.0,1.0,0.0,1.0,1.0,1.0,0.3638
8425,1.0,1.0,1.0,0.6917,1.0,1.0,1.0,0.0,1.0,1.0,1.0,0.2748
8426,1.0,1.0,1.0,0.7188,1.0,1.0,1.0,0.0,1.0,1.0,1.0,0.2693
8427,1.0,1.0,1.0,0.6962,1.0,1.0,1.0,0.0,1.0,1.0,1.0,0.3777
8428,1.0,1.0,1.0,0.562,1.0,1.0,1.0,0.0,1.0,1.0,1.0,0.4627
8429,1.0,1.0,1.0,0.5562,1.0,1.0,1.0,0.0,1.0,1.0,1.0,0.4388
8430,1.0,1.0,1.0,0.6452,1.0,1.0,1.0,0.0,1.0,1.0,1.0,0.4332
8431,1.0,1.0,1.0,0.517,1.0,1.0,1.0,0.0,1.0,1.0,1.0,0.4738
8432,1.0,1.0,1.0,0.4308,1.0,1.0,1.0,0.1174,1.0,1.0,1.0,0.5154
8433,1.0,1.0,1.0,0.3838,1.0,1.0,1.0,0.2326,1.0,1.0,1.0,0.6312
8434,1.0,1.0,1.0,0.4186,1.0,1.0,1.0,0.3015,1.0,1.0,1.0,0.7134
8435,1.0,1.0,1.0,0.6256,1.0,1.0,1.0,0.4033,1.0,1.0,1.0,0.5978
8436,1.0,1.0,1.0,0.5536,1.0,1.0,1.0,0.4823,1.0,1.0,1.0,0.4554
8437,1.0,1.0,1.0,0.5599,1.0,1.0,1.0,0.4395,1.0,1.0,1.0,0.4088
8438,1.0,1.0,1.0,0.5587,1.0,1.0,1.0,0.3578,1.0,1.0,1.0,0.2668
8439,1.0,1.0,1.0,0.5309,1.0,1.0,1.0,0.2715,1.0,1.0,1.0,0.3714
8440,1.0,1.0,1.0,0.5259,1.0,1.0,1.0,0.1215,1.0,1.0,1.0,0.2614
8441,1.0,1.0,1.0,0.4846,1.0,1.0,1.0,0.0,1.0,1.0,1.0,0.2465
8442,1.0,1.0,1.0,0.7111,1.0,1.0,1.0,0.0,1.0,1.0,1.0,0.1988
8443,1.0,1.0,1.0,0.757,1.0,1.0,1.0,0.0,1.0,1.0,1.0,0.1287
8444,1.0,1.0,1.0,0.7197,1.0,1.0,1.0,0.0,1.0,1.0,1.0,0.1906
8445,1.0,1.0,1.0,0.7907,1.0,1.0,1.0,0.0,1.0,1.0,1.0,0.1666
8446,1.0,1.0,1.0,0.7989,1.0,1.0,1.0,0.0,1.0,1.0,1.0,0.2893
8447,1.0,1.0,1.0,0.7955,1.0,1.0,1.0,0.0,1.0,1.0,1.0,0.4049
8448,1.0,1.0,1.0,0.779,1.0,1.0,1.0,0.0,1.0,1.0,1.0,0.4076
8449,1.0,1.0,1.0,0.7568,1.0,1.0,1.0,0.0,1.0,1.0,1.0,0.2496
8450,1.0,1.0,1.0,0.6625,1.0,1.0,1.0,0.0,1.0,1.0,1.0,0.233
8451,1.0,1.0,1.0,0.5173,1.0,1.0,1.0,0.0,1.0,1.0,1.0,0.4109
8452,1.0,1.0,1.0,0.5492,1.0,1.0,1.0,0.0,1.0,1.0,1.0,0.4491
8453,1.0,1.0,1.0,0.5311,1.0,1.0,1.0,0.0,1.0,1.0,1.0,0.435
8454,1.0,1.0,1.0,0.6055,1.0,1.0,1.0,0.0,1.0,1.0,1.0,0.3841
8455,1.0,1.0,1.0,0.5261,1.0,1.0,1.0,0.0,1.0,1.0,1.0,0.462
8456,1.0,1.0,1.0,0.4299,1.0,1.0,1.0,0.1526,1.0,1.0,1.0,0.4942
8457,1.0,1.0,1.0,0.4996,1.0,1.0,1.0,0.3141,1.0,1.0,1.0,0.518
8458,1.0,1.0,1.0,0.4739,1.0,1.0,1.0,0.5423,1.0,1.0,1.0,0.6137
8459,1.0,1.0,1.0,0.5495,1.0,1.0,1.0,0.598,1.0,1.0,1.0,0.6949
8460,1.0,1.0,1.0,0.551,1.0,1.0,1.0,0.6829,1.0,1.0,1.0,0.7205
8461,1.0,1.0,1.0,0.7019,1.0,1.0,1.0,0.6614,1.0,1.0,1.0,0.5886
8462,1.0,1.0,1.0,0.7494,1.0,1.0,1.0,0.5495,1.0,1.0,1.0,0.4997
8463,1.0,1.0,1.0,0.7697,1.0,1.0,1.0,0.3676,1.0,1.0,1.0,0.4448
8464,1.0,1.0,1.0,0.8101,1.0,1.0,1.0,0.1625,1.0,1.0,1.0,0.4421
8465,1.0,1.0,1.0,0.7879,1.0,1.0,1.0,0.0,1.0,1.0,1.0,0.573
8466,1.0,1.0,1.0,0.6679,1.0,1.0,1.0,0.0,1.0,1.0,1.0,0.7309
8467,1.0,1.0,1.0,0.6909,1.0,1.0,1.0,0.0,1.0,1.0,1.0,0.7505
8468,1.0,1.0,1.0,0.8116,1.0,1.0,1.0,0.0,1.0,1.0,1.0,0.7784
8469,1.0,1.0,1.0,0.6491,1.0,1.0,1.0,0.0,1.0,1.0,1.0,0.6648
8470,1.0,1.0,1.0,0.6817,1.0,1.0,1.0,0.0,1.0,1.0,1.0,0.6252
8471,1.0,1.0,1.0,0.5503,1.0,1.0,1.0,0.0,1.0,1.0,1.0,0.574
8472,1.0,1.0,1.0,0.5482,1.0,1.0,1.0,0.0,1.0,1.0,1.0,0.5167
8473,1.0,1.0,1.0,0.5538,1.0,1.0,1.0,0.0,1.0,1.0,1.0,0.5655
8474,1.0,1.0,1.0,0.6158,1.0,1.0,1.0,0.0,1.0,1.0,1.0,0.5232
8475,1.0,1.0,1.0,0.6299,1.0,1.0,1.0,0.0,1.0,1.0,1.0,0.3595
8476,1.0,1.0,1.0,0.7305,1.0,1.0,1.0,0.0,1.0,1.0,1.0,0.4329
8477,1.0,1.0,1.0,0.7984,1.0,1.0,1.0,0.0,1.0,1.0,1.0,0.5386
8478,1.0,1.0,1.0,0.7802,1.0,1.0,1.0,0.0,1.0,1.0,1.0,0.5613
8479,1.0,1.0,1.0,0.8338,1.0,1.0,1.0,0.0,1.0,1.0,1.0,0.5438
8480,1.0,1.0,1.0,0.8108,1.0,1.0,1.0,0.1396,1.0,1.0,1.0,0.4628
8481,1.0,1.0,1.0,0.776,1.0,1.0,1.0,0.3239,1.0,1.0,1.0,0.3912
8482,1.0,1.0,1.0,0.6866,1.0,1.0,1.0,0.4555,1.0,1.0,1.0,0.4854
8483,1.0,1.0,1.0,0.7722,1.0,1.0,1.0,0.5802,1.0,1.0,1.0,0.4199
8484,1.0,1.0,1.0,0.7464,1.0,1.0,1.0,0.6239,1.0,1.0,1.0,0.5954
8485,1.0,1.0,1.0,0.5499,1.0,1.0,1.0,0.6241,1.0,1.0,1.0,0.6687
8486,1.0,1.0,1.0,0.595,1.0,1.0,1.0,0.4652,1.0,1.0,1.0,0.6891
8487,1.0,1.0,1.0,0.5553,1.0,1.0,1.0,0.3227,1.0,1.0,1.0,0.8478
8488,1.0,1.0,1.0,0.5278,1.0,1.0,1.0,0.133,1.0,1.0,1.0,0.8917
8489,1.0,1.0,1.0,0.5067,1.0,1.0,1.0,0.0,1.0,1.0,1.0,0.8687
8490,1.0,1.0,1.0,0.4773,1.0,1.0,1.0,0.0,1.0,1.0,1.0,0.813
8491,1.0,1.0,1.0,0.7041,1.0,1.0,1.0,0.0,1.0,1.0,1.0,0.7812
8492,1.0,1.0,1.0,0.8059,1.0,1.0,1.0,0.0,1.0,1.0,1.0,0.7675
8493,1.0,1.0,1.0,0.8357,1.0,1.0,1.0,0.0,1.0,1.0,1.0,0.7085
8494,1.0,1.0,1.0,0.8406,1.0,1.0,1.0,0.0,1.0,1.0,1.0,0.6139
8495,1.0,1.0,1.0,0.8817,1.0,1.0,1.0,0.0,1.0,1.0,1.0,0.6289
8496,1.0,1.0,1.0,0.8849,1.0,1.0,1.0,0.0,1.0,1.0,1.0,0.6949
8497,1.0,1.0,1.0,0.9059,1.0,1.0,1.0,0.0,1.0,1.0,1.0,0.8091
8498,1.0,1.0,1.0,0.9163,1.0,1.0,1.0,0.0,1.0,1.0,1.0,0.8059
8499,1.0,1.0,1.0,0.9143,1.0,1.0,1.0,0.0,1.0,1.0,1.0,0.8302
8500,1.0,1.0,1.0,0.9325,1.0,1.0,1.0,0.0,1.0,1.0,1.0,0.7083
8501,1.0,1.0,1.0,0.9169,1.0,1.0,1.0,0.0,1.0,1.0,1.0,0.7608
8502,1.0,1.0,1.0,0.9129,1.0,1.0,1.0,0.0,1.0,1.0,1.0,0.6824
8503,1.0,1.0,1.0,0.8741,1.0,1.0,1.0,0.0,1.0,1.0,1.0,0.6993
8504,1.0,1.0,1.0,0.8289,1.0,1.0,1.0,0.1474,1.0,1.0,1.0,0.6898
8505,1.0,1.0,1.0,0.6561,1.0,1.0,1.0,0.3255,1.0,1.0,1.0,0.6651
8506,1.0,1.0,1.0,0.6872,1.0,1.0,1.0,0.5015,1.0,1.0,1.0,0.5354
8507,1.0,1.0,1.0,0.7351,1.0,1.0,1.0,0.5949,1.0,1.0,1.0,0.4671
8508,1.0,1.0,1.0,0.7975,1.0,1.0,1.0,0.6468,1.0,1.0,1.0,0.3855
8509,1.0,1.0,1.0,0.72,1.0,1.0,1.0,0.5992,1.0,1.0,1.0,0.3397
8510,1.0,1.0,1.0,0.7448,1.0,1.0,1.0,0.4756,1.0,1.0,1.0,0.4415
8511,1.0,1.0,1.0,0.7387,1.0,1.0,1.0,0.3182,1.0,1.0,1.0,0.4119
8512,1.0,1.0,1.0,0.7802,1.0,1.0,1.0,0.1226,1.0,1.0,1.0,0.3577
8513,1.0,1.0,1.0,0.7314,1.0,1.0,1.0,0.0,1.0,1.0,1.0,0.4146
8514,1.0,1.0,1.0,0.7016,1.0,1.0,1.0,0.0,1.0,1.0,1.0,0.4441
8515,1.0,1.0,1.0,0.5711,1.0,1.0,1.0,0.0,1.0,1.0,1.0,0.6199
8516,1.0,1.0,1.0,0.5069,1.0,1.0,1.0,0.0,1.0,1.0,1.0,0.6951
8517,1.0,1.0,1.0,0.5072,1.0,1.0,1.0,0.0,1.0,1.0,1.0,0.5247
8518,1.0,1.0,1.0,0.5224,1.0,1.0,1.0,0.0,1.0,1.0,1.0,0.5922
8519,1.0,1.0,1.0,0.377,1.0,1.0,1.0,0.0,1.0,1.0,1.0,0.6451
8520,1.0,1.0,1.0,0.3407,1.0,1.0,1.0,0.0,1.0,1.0,1.0,0.7616
8521,1.0,1.0,1.0,0.3582,1.0,1.0,1.0,0.0,1.0,1.0,1.0,0.7413
8522,1.0,1.0,1.0,0.482,1.0,1.0,1.0,0.0,1.0,1.0,1.0,0.8023
8523,1.0,1.0,1.0,0.4098,1.0,1.0,1.0,0.0,1.0,1.0,1.0,0.7739
8524,1.0,1.0,1.0,0.4548,1.0,1.0,1.0,0.0,1.0,1.0,1.0,0.7843
8525,1.0,1.0,1.0,0.4082,1.0,1.0,1.0,0.0,1.0,1.0,1.0,0.7065
8526,1.0,1.0,1.0,0.3739,1.0,1.0,1.0,0.0,1.0,1.0,1.0,0.5907
8527,1.0,1.0,1.0,0.3087,1.0,1.0,1.0,0.0,1.0,1.0,1.0,0.6584
8528,1.0,1.0,1.0,0.2411,1.0,1.0,1.0,0.1623,1.0,1.0,1.0,0.6533
8529,1.0,1.0,1.0,0.218,1.0,1.0,1.0,0.3767,1.0,1.0,1.0,0.5404
8530,1.0,1.0,1.0,0.295,1.0,1.0,1.0,0.5111,1.0,1.0,1.0,0.6077
8531,1.0,1.0,1.0,0.2482,1.0,1.0,1.0,0.6171,1.0,1.0,1.0,0.3689
8532,1.0,1.0,1.0,0.199,1.0,1.0,1.0,0.7,1.0,1.0,1.0,0.3082
8533,1.0,1.0,1.0,0.2181,1.0,1.0,1.0,0.6613,1.0,1.0,1.0,0.2026
8534,1.0,1.0,1.0,0.2252,1.0,1.0,1.0,0.5494,1.0,1.0,1.0,0.2863
8535,1.0,1.0,1.0,0.2276,1.0,1.0,1.0,0.3767,1.0,1.0,1.0,0.2608
8536,1.0,1.0,1.0,0.2507,1.0,1.0,1.0,0.1623,1.0,1.0,1.0,0.2715
8537,1.0,1.0,1.0,0.1955,1.0,1.0,1.0,0.0,1.0,1.0,1.0,0.2983
8538,1.0,1.0,1.0,0.1563,1.0,1.0,1.0,0.0,1.0,1.0,1.0,0.3656
8539,1.0,1.0,1.0,0.216,1.0,1.0,1.0,0.0,1.0,1.0,1.0,0.4267
8540,1.0,1.0,1.0,0.2141,1.0,1.0,1.0,0.0,1.0,1.0,1.0,0.4974
8541,1.0,1.0,1.0,0.2589,1.0,1.0,1.0,0.0,1.0,1.0,1.0,0.4732
8542,1.0,1.0,1.0,0.3564,1.0,1.0,1.0,0.0,1.0,1.0,1.0,0.5475
8543,1.0,1.0,1.0,0.4314,1.0,1.0,1.0,0.0,1.0,1.0,1.0,0.4878
8544,1.0,1.0,1.0,0.3227,1.0,1.0,1.0,0.0,1.0,1.0,1.0,0.4533
8545,1.0,1.0,1.0,0.3189,1.0,1.0,1.0,0.0,1.0,1.0,1.0,0.3266
8546,1.0,1.0,1.0,0.4084,1.0,1.0,1.0,0.0,1.0,1.0,1.0,0.4702
8547,1.0,1.0,1.0,0.4563,1.0,1.0,1.0,0.0,1.0,1.0,1.0,0.3852
8548,1.0,1.0,1.0,0.4739,1.0,1.0,1.0,0.0,1.0,1.0,1.0,0.509
8549,1.0,1.0,1.0,0.3376,1.0,1.0,1.0,0.0,1.0,1.0,1.0,0.5545
8550,1.0,1.0,1.0,0.2955,1.0,1.0,1.0,0.0,1.0,1.0,1.0,0.5691
8551,1.0,1.0,1.0,0.3064,1.0,1.0,1.0,0.0,1.0,1.0,1.0,0.5972
8552,1.0,1.0,1.0,0.2157,1.0,1.0,1.0,0.1624,1.0,1.0,1.0,0.5013
8553,1.0,1.0,1.0,0.2743,1.0,1.0,1.0,0.3767,1.0,1.0,1.0,0.6371
8554,1.0,1.0,1.0,0.2721,1.0,1.0,1.0,0.5494,1.0,1.0,1.0,0.6024
8555,1.0,1.0,1.0,0.1616,1.0,1.0,1.0,0.6613,1.0,1.0,1.0,0.6799
8556,1.0,1.0,1.0,0.1426,1.0,1.0,1.0,0.7001,1.0,1.0,1.0,0.631
8557,1.0,1.0,1.0,0.1371,1.0,1.0,1.0,0.6613,1.0,1.0,1.0,0.5038
8558,1.0,1.0,1.0,0.1384,1.0,1.0,1.0,0.5494,1.0,1.0,1.0,0.6693
8559,1.0,1.0,1.0,0.2183,1.0,1.0,1.0,0.3767,1.0,1.0,1.0,0.615
8560,1.0,1.0,1.0,0.2624,1.0,1.0,1.0,0.148,1.0,1.0,1.0,0.6484
8561,1.0,1.0,1.0,0.1855,1.0,1.0,1.0,0.0,1.0,1.0,1.0,0.3846
8562,1.0,1.0,1.0,0.124,1.0,1.0,1.0,0.0,1.0,1.0,1.0,0.3811
8563,1.0,1.0,1.0,0.1204,1.0,1.0,1.0,0.0,1.0,1.0,1.0,0.4346
8564,1.0,1.0,1.0,0.1319,1.0,1.0,1.0,0.0,1.0,1.0,1.0,0.4478
8565,1.0,1.0,1.0,0.1856,1.0,1.0,1.0,0.0,1.0,1.0,1.0,0.4399
8566,1.0,1.0,1.0,0.3041,1.0,1.0,1.0,0.0,1.0,1.0,1.0,0.4226
8567,1.0,1.0,1.0,0.4557,1.0,1.0,1.0,0.0,1.0,1.0,1.0,0.4994
8568,1.0,1.0,1.0,0.4204,1.0,1.0,1.0,0.0,1.0,1.0,1.0,0.3884
8569,1.0,1.0,1.0,0.5042,1.0,1.0,1.0,0.0,1.0,1.0,1.0,0.3711
8570,1.0,1.0,1.0,0.5416,1.0,1.0,1.0,0.0,1.0,1.0,1.0,0.4966
8571,1.0,1.0,1.0,0.4455,1.0,1.0,1.0,0.0,1.0,1.0,1.0,0.3691
8572,1.0,1.0,1.0,0.2949,1.0,1.0,1.0,0.0,1.0,1.0,1.0,0.3633
8573,1.0,1.0,1.0,0.3113,1.0,1.0,1.0,0.0,1.0,1.0,1.0,0.2821
8574,1.0,1.0,1.0,0.2155,1.0,1.0,1.0,0.0,1.0,1.0,1.0,0.309
8575,1.0,1.0,1.0,0.1751,1.0,1.0,1.0,0.0,1.0,1.0,1.0,0.3158
8576,1.0,1.0,1.0,0.149,1.0,1.0,1.0,0.1417,1.0,1.0,1.0,0.2527
8577,1.0,1.0,1.0,0.1663,1.0,1.0,1.0,0.3115,1.0,1.0,1.0,0.2598
8578,1.0,1.0,1.0,0.2471,1.0,1.0,1.0,0.5016,1.0,1.0,1.0,0.2696
8579,1.0,1.0,1.0,0.2544,1.0,1.0,1.0,0.6529,1.0,1.0,1.0,0.2343
8580,1.0,1.0,1.0,0.2262,1.0,1.0,1.0,0.6706,1.0,1.0,1.0,0.2145
8581,1.0,1.0,1.0,0.1283,1.0,1.0,1.0,0.6327,1.0,1.0,1.0,0.1839
8582,1.0,1.0,1.0,0.1549,1.0,1.0,1.0,0.5199,1.0,1.0,1.0,0.0956
8583,1.0,1.0,1.0,0.1632,1.0,1.0,1.0,0.3305,1.0,1.0,1.0,0.1348
8584,1.0,1.0,1.0,0.1447,1.0,1.0,1.0,0.1313,1.0,1.0,1.0,0.1995
8585,1.0,1.0,1.0,0.2118,1.0,1.0,1.0,0.0,1.0,1.0,1.0,0.123
8586,1.0,1.0,1.0,0.1558,1.0,1.0,1.0,0.0,1.0,1.0,1.0,0.1844
8587,1.0,1.0,1.0,0.1326,1.0,1.0,1.0,0.0,1.0,1.0,1.0,0.2133
8588,1.0,1.0,1.0,0.1294,1.0,1.0,1.0,0.0,1.0,1.0,1.0,0.1603
8589,1.0,1.0,1.0,0.1146,1.0,1.0,1.0,0.0,1.0,1.0,1.0,0.1566
8590,1.0,1.0,1.0,0.1432,1.0,1.0,1.0,0.0,1.0,1.0,1.0,0.1319
8591,1.0,1.0,1.0,0.172,1.0,1.0,1.0,0.0,1.0,1.0,1.0,0.1812
8592,1.0,1.0,1.0,0.2404,1.0,1.0,1.0,0.0,1.0,1.0,1.0,0.1439
8593,1.0,1.0,1.0,0.2811,1.0,1.0,1.0,0.0,1.0,1.0,1.0,0.2708
8594,1.0,1.0,1.0,0.2789,1.0,1.0,1.0,0.0,1.0,1.0,1.0,0.3637
8595,1.0,1.0,1.0,0.2614,1.0,1.0,1.0,0.0,1.0,1.0,1.0,0.2739
8596,1.0,1.0,1.0,0.3001,1.0,1.0,1.0,0.0,1.0,1.0,1.0,0.4071
8597,1.0,1.0,1.0,0.2918,1.0,1.0,1.0,0.0,1.0,1.0,1.0,0.4717
8598,1.0,1.0,1.0,0.3011,1.0,1.0,1.0,0.0,1.0,1.0,1.0,0.4585
8599,1.0,1.0,1.0,0.3459,1.0,1.0,1.0,0.0,1.0,1.0,1.0,0.5178
8600,1.0,1.0,1.0,0.3617,1.0,1.0,1.0,0.1399,1.0,1.0,1.0,0.5961
8601,1.0,1.0,1.0,0.3914,1.0,1.0,1.0,0.3236,1.0,1.0,1.0,0.527
8602,1.0,1.0,1.0,0.331,1.0,1.0,1.0,0.5497,1.0,1.0,1.0,0.5971
8603,1.0,1.0,1.0,0.448,1.0,1.0,1.0,0.6554,1.0,1.0,1.0,0.5563
8604,1.0,1.0,1.0,0.357,1.0,1.0,1.0,0.7003,1.0,1.0,1.0,0.6226
8605,1.0,1.0,1.0,0.3975,1.0,1.0,1.0,0.6616,1.0,1.0,1.0,0.6069
8606,1.0,1.0,1.0,0.3608,1.0,1.0,1.0,0.5497,1.0,1.0,1.0,0.5162
8607,1.0,1.0,1.0,0.4565,1.0,1.0,1.0,0.3771,1.0,1.0,1.0,0.5694
8608,1.0,1.0,1.0,0.5353,1.0,1.0,1.0,0.1628,1.0,1.0,1.0,0.5337
8609,1.0,1.0,1.0,0.5344,1.0,1.0,1.0,0.0,1.0,1.0,1.0,0.5451
8610,1.0,1.0,1.0,0.6636,1.0,1.0,1.0,0.0,1.0,1.0,1.0,0.5781
8611,1.0,1.0,1.0,0.6444,1.0,1.0,1.0,0.0,1.0,1.0,1.0,0.6934
8612,1.0,1.0,1.0,0.7082,1.0,1.0,1.0,0.0,1.0,1.0,1.0,0.6536
8613,1.0,1.0,1.0,0.6474,1.0,1.0,1.0,0.0,1.0,1.0,1.0,0.5782
8614,1.0,1.0,1.0,0.6753,1.0,1.0,1.0,0.0,1.0,1.0,1.0,0.7064
8615,1.0,1.0,1.0,0.5952,1.0,1.0,1.0,0.0,1.0,1.0,1.0,0.7004
8616,1.0,1.0,1.0,0.5955,1.0,1.0,1.0,0.0,1.0,1.0,1.0,0.6533
8617,1.0,1.0,1.0,0.5887,1.0,1.0,1.0,0.0,1.0,1.0,1.0,0.6765
8618,1.0,1.0,1.0,0.6586,1.0,1.0,1.0,0.0,1.0,1.0,1.0,0.6437
8619,1.0,1.0,1.0,0.5996,1.0,1.0,1.0,0.0,1.0,1.0,1.0,0.6169
8620,1.0,1.0,1.0,0.8129,1.0,1.0,1.0,0.0,1.0,1.0,1.0,0.7957
8621,1.0,1.0,1.0,0.7197,1.0,1.0,1.0,0.0,1.0,1.0,1.0,0.7249
8622,1.0,1.0,1.0,0.7306,1.0,1.0,1.0,0.0,1.0,1.0,1.0,0.6066
8623,1.0,1.0,1.0,0.7446,1.0,1.0,1.0,0.0,1.0,1.0,1.0,0.6996
8624,1.0,1.0,1.0,0.7734,1.0,1.0,1.0,0.1631,1.0,1.0,1.0,0.6645
8625,1.0,1.0,1.0,0.7334,1.0,1.0,1.0,0.3774,1.0,1.0,1.0,0.6837
8626,1.0,1.0,1.0,0.7442,1.0,1.0,1.0,0.55,1.0,1.0,1.0,0.7246
8627,1.0,1.0,1.0,0.6984,1.0,1.0,1.0,0.6618,1.0,1.0,1.0,0.5799
8628,1.0,1.0,1.0,0.8133,1.0,1.0,1.0,0.7004,1.0,1.0,1.0,0.67
8629,1.0,1.0,1.0,0.7697,1.0,1.0,1.0,0.6618,1.0,1.0,1.0,0.6194
8630,1.0,1.0,1.0,0.7541,1.0,1.0,1.0,0.55,1.0,1.0,1.0,0.7564
8631,1.0,1.0,1.0,0.7018,1.0,1.0,1.0,0.3774,1.0,1.0,1.0,0.6936
8632,1.0,1.0,1.0,0.6346,1.0,1.0,1.0,0.1631,1.0,1.0,1.0,0.792
8633,1.0,1.0,1.0,0.5116,1.0,1.0,1.0,0.0,1.0,1.0,1.0,0.8704
8634,1.0,1.0,1.0,0.57,1.0,1.0,1.0,0.0,1.0,1.0,1.0,0.8419
8635,1.0,1.0,1.0,0.5099,1.0,1.0,1.0,0.0,1.0,1.0,1.0,0.8252
8636,1.0,1.0,1.0,0.4405,1.0,1.0,1.0,0.0,1.0,1.0,1.0,0.8008
8637,1.0,1.0,1.0,0.3618,1.0,1.0,1.0,0.0,1.0,1.0,1.0,0.8674
8638,1.0,1.0,1.0,0.3911,1.0,1.0,1.0,0.0,1.0,1.0,1.0,0.8677
8639,1.0,1.0,1.0,0.3965,1.0,1.0,1.0,0.0,1.0,1.0,1.0,0.8816
8640,1.0,1.0,1.0,0.4031,1.0,1.0,1.0,0.0,1.0,1.0,1.0,0.8696
8641,1.0,1.0,1.0,0.344,1.0,1.0,1.0,0.0,1.0,1.0,1.0,0.881
8642,1.0,1.0,1.0,0.3841,1.0,1.0,1.0,0.0,1.0,1.0,1.0,0.8935
8643,1.0,1.0,1.0,0.3345,1.0,1.0,1.0,0.0,1.0,1.0,1.0,0.8642
8644,1.0,1.0,1.0,0.345,1.0,1.0,1.0,0.0,1.0,1.0,1.0,0.9177
8645,1.0,1.0,1.0,0.3387,1.0,1.0,1.0,0.0,1.0,1.0,1.0,0.9059
8646,1.0,1.0,1.0,0.2247,1.0,1.0,1.0,0.0,1.0,1.0,1.0,0.9278
8647,1.0,1.0,1.0,0.38,1.0,1.0,1.0,0.0,1.0,1.0,1.0,0.8841
8648,1.0,1.0,1.0,0.4324,1.0,1.0,1.0,0.1162,1.0,1.0,1.0,0.9009
8649,1.0,1.0,1.0,0.4504,1.0,1.0,1.0,0.2346,1.0,1.0,1.0,0.9248
8650,1.0,1.0,1.0,0.4817,1.0,1.0,1.0,0.4063,1.0,1.0,1.0,0.9258
8651,1.0,1.0,1.0,0.6568,1.0,1.0,1.0,0.5387,1.0,1.0,1.0,0.9438
8652,1.0,1.0,1.0,0.7368,1.0,1.0,1.0,0.5185,1.0,1.0,1.0,0.9231
8653,1.0,1.0,1.0,0.7544,1.0,1.0,1.0,0.43,1.0,1.0,1.0,0.9291
8654,1.0,1.0,1.0,0.6989,1.0,1.0,1.0,0.3639,1.0,1.0,1.0,0.8765
8655,1.0,1.0,1.0,0.6516,1.0,1.0,1.0,0.217,1.0,1.0,1.0,0.8754
8656,1.0,1.0,1.0,0.4944,1.0,1.0,1.0,0.0953,1.0,1.0,1.0,0.8334
8657,1.0,1.0,1.0,0.4628,1.0,1.0,1.0,0.0,1.0,1.0,1.0,0.8226
8658,1.0,1.0,1.0,0.5222,1.0,1.0,1.0,0.0,1.0,1.0,1.0,0.8773
8659,1.0,1.0,1.0,0.5768,1.0,1.0,1.0,0.0,1.0,1.0,1.0,0.925
8660,1.0,1.0,1.0,0.6266,1.0,1.0,1.0,0.0,1.0,1.0,1.0,0.8792
8661,1.0,1.0,1.0,0.5802,1.0,1.0,1.0,0.0,1.0,1.0,1.0,0.9136
8662,1.0,1.0,1.0,0.6244,1.0,1.0,1.0,0.0,1.0,1.0,1.0,0.9412
8663,1.0,1.0,1.0,0.6864,1.0,1.0,1.0,0.0,1.0,1.0,1.0,0.9427
8664,1.0,1.0,1.0,0.4965,1.0,1.0,1.0,0.0,1.0,1.0,1.0,0.9605
8665,1.0,1.0,1.0,0.5237,1.0,1.0,1.0,0.0,1.0,1.0,1.0,0.9502
8666,1.0,1.0,1.0,0.6947,1.0,1.0,1.0,0.0,1.0,1.0,1.0,0.9356
8667,1.0,1.0,1.0,0.6676,1.0,1.0,1.0,0.0,1.0,1.0,1.0,0.9179
8668,1.0,1.0,1.0,0.4491,1.0,1.0,1.0,0.0,1.0,1.0,1.0,0.9301
8669,1.0,1.0,1.0,0.382,1.0,1.0,1.0,0.0,1.0,1.0,1.0,0.9222
8670,1.0,1.0,1.0,0.2498,1.0,1.0,1.0,0.0,1.0,1.0,1.0,0.8952
8671,1.0,1.0,1.0,0.2164,1.0,1.0,1.0,0.0,1.0,1.0,1.0,0.8633
8672,1.0,1.0,1.0,0.1578,1.0,1.0,1.0,0.1114,1.0,1.0,1.0,0.8563
8673,1.0,1.0,1.0,0.2146,1.0,1.0,1.0,0.2678,1.0,1.0,1.0,0.807
8674,1.0,1.0,1.0,0.2721,1.0,1.0,1.0,0.4247,1.0,1.0,1.0,0.8346
8675,1.0,1.0,1.0,0.3031,1.0,1.0,1.0,0.4411,1.0,1.0,1.0,0.8792
8676,1.0,1.0,1.0,0.4069,1.0,1.0,1.0,0.5135,1.0,1.0,1.0,0.9057
8677,1.0,1.0,1.0,0.3632,1.0,1.0,1.0,0.4982,1.0,1.0,1.0,0.9612
8678,1.0,1.0,1.0,0.3735,1.0,1.0,1.0,0.4804,1.0,1.0,1.0,0.9628
8679,1.0,1.0,1.0,0.5667,1.0,1.0,1.0,0.3166,1.0,1.0,1.0,0.9769
8680,1.0,1.0,1.0,0.6146,1.0,1.0,1.0,0.1399,1.0,1.0,1.0,0.9758
8681,1.0,1.0,1.0,0.659,1.0,1.0,1.0,0.0,1.0,1.0,1.0,0.9702
8682,1.0,1.0,1.0,0.592,1.0,1.0,1.0,0.0,1.0,1.0,1.0,0.9682
8683,1.0,1.0,1.0,0.554,1.0,1.0,1.0,0.0,1.0,1.0,1.0,0.9667
8684,1.0,1.0,1.0,0.4653,1.0,1.0,1.0,0.0,1.0,1.0,1.0,0.9616
8685,1.0,1.0,1.0,0.6119,1.0,1.0,1.0,0.0,1.0,1.0,1.0,0.9395
8686,1.0,1.0,1.0,0.4746,1.0,1.0,1.0,0.0,1.0,1.0,1.0,0.91
8687,1.0,1.0,1.0,0.5555,1.0,1.0,1.0,0.0,1.0,1.0,1.0,0.9333
8688,1.0,1.0,1.0,0.6048,1.0,1.0,1.0,0.0,1.0,1.0,1.0,0.9454
8689,1.0,1.0,1.0,0.4635,1.0,1.0,1.0,0.0,1.0,1.0,1.0,0.9672
8690,1.0,1.0,1.0,0.5646,1.0,1.0,1.0,0.0,1.0,1.0,1.0,0.9586
8691,1.0,1.0,1.0,0.5407,1.0,1.0,1.0,0.0,1.0,1.0,1.0,0.9466
8692,1.0,1.0,1.0,0.4251,1.0,1.0,1.0,0.0,1.0,1.0,1.0,0.9156
8693,1.0,1.0,1.0,0.4592,1.0,1.0,1.0,0.0,1.0,1.0,1.0,0.9357
8694,1.0,1.0,1.0,0.3907,1.0,1.0,1.0,0.0,1.0,1.0,1.0,0.9074
8695,1.0,1.0,1.0,0.3773,1.0,1.0,1.0,0.0,1.0,1.0,1.0,0.9002
8696,1.0,1.0,1.0,0.3405,1.0,1.0,1.0,0.1177,1.0,1.0,1.0,0.9038
8697,1.0,1.0,1.0,0.2795,1.0,1.0,1.0,0.3031,1.0,1.0,1.0,0.8351
8698,1.0,1.0,1.0,0.2087,1.0,1.0,1.0,0.4286,1.0,1.0,1.0,0.8632
8699,1.0,1.0,1.0,0.2666,1.0,1.0,1.0,0.4683,1.0,1.0,1.0,0.8945
8700,1.0,1.0,1.0,0.2961,1.0,1.0,1.0,0.451,1.0,1.0,1.0,0.8972
8701,1.0,1.0,1.0,0.3215,1.0,1.0,1.0,0.5163,1.0,1.0,1.0,0.8878
8702,1.0,1.0,1.0,0.2995,1.0,1.0,1.0,0.446,1.0,1.0,1.0,0.8799
8703,1.0,1.0,1.0,0.3091,1.0,1.0,1.0,0.3502,1.0,1.0,1.0,0.9182
8704,1.0,1.0,1.0,0.2619,1.0,1.0,1.0,0.1647,1.0,1.0,1.0,0.9138
8705,1.0,1.0,1.0,0.2198,1.0,1.0,1.0,0.0,1.0,1.0,1.0,0.9072
8706,1.0,1.0,1.0,0.3479,1.0,1.0,1.0,0.0,1.0,1.0,1.0,0.8774
8707,1.0,1.0,1.0,0.4261,1.0,1.0,1.0,0.0,1.0,1.0,1.0,0.7163
8708,1.0,1.0,1.0,0.3814,1.0,1.0,1.0,0.0,1.0,1.0,1.0,0.7822
8709,1.0,1.0,1.0,0.2708,1.0,1.0,1.0,0.0,1.0,1.0,1.0,0.7749
8710,1.0,1.0,1.0,0.1744,1.0,1.0,1.0,0.0,1.0,1.0,1.0,0.7087
8711,1.0,1.0,1.0,0.1509,1.0,1.0,1.0,0.0,1.0,1.0,1.0,0.8317
8712,1.0,1.0,1.0,0.1635,1.0,1.0,1.0,0.0,1.0,1.0,1.0,0.8461
8713,1.0,1.0,1.0,0.1765,1.0,1.0,1.0,0.0,1.0,1.0,1.0,0.8289
8714,1.0,1.0,1.0,0.1916,1.0,1.0,1.0,0.0,1.0,1.0,1.0,0.8681
8715,1.0,1.0,1.0,0.2179,1.0,1.0,1.0,0.0,1.0,1.0,1.0,0.8758
8716,1.0,1.0,1.0,0.1679,1.0,1.0,1.0,0.0,1.0,1.0,1.0,0.8822
8717,1.0,1.0,1.0,0.2644,1.0,1.0,1.0,0.0,1.0,1.0,1.0,0.8502
8718,1.0,1.0,1.0,0.2574,1.0,1.0,1.0,0.0,1.0,1.0,1.0,0.8727
8719,1.0,1.0,1.0,0.2845,1.0,1.0,1.0,0.0,1.0,1.0,1.0,0.8996
8720,1.0,1.0,1.0,0.2456,1.0,1.0,1.0,0.1368,1.0,1.0,1.0,0.8714
8721,1.0,1.0,1.0,0.2734,1.0,1.0,1.0,0.3067,1.0,1.0,1.0,0.7666
8722,1.0,1.0,1.0,0.4454,1.0,1.0,1.0,0.5515,1.0,1.0,1.0,0.815
8723,1.0,1.0,1.0,0.3643,1.0,1.0,1.0,0.663,1.0,1.0,1.0,0.8396
8724,1.0,1.0,1.0,0.2832,1.0,1.0,1.0,0.6042,1.0,1.0,1.0,0.8696
8725,1.0,1.0,1.0,0.2312,1.0,1.0,1.0,0.6044,1.0,1.0,1.0,0.8645
8726,1.0,1.0,1.0,0.2176,1.0,1.0,1.0,0.5491,1.0,1.0,1.0,0.8939
8727,1.0,1.0,1.0,0.1944,1.0,1.0,1.0,0.3793,1.0,1.0,1.0,0.8624
8728,1.0,1.0,1.0,0.1491,1.0,1.0,1.0,0.1653,1.0,1.0,1.0,0.8471
8729,1.0,1.0,1.0,0.1539,1.0,1.0,1.0,0.0,1.0,1.0,1.0,0.7844
8730,1.0,1.0,1.0,0.2488,1.0,1.0,1.0,0.0,1.0,1.0,1.0,0.8395
8731,1.0,1.0,1.0,0.2456,1.0,1.0,1.0,0.0,1.0,1.0,1.0,0.83
8732,1.0,1.0,1.0,0.246,1.0,1.0,1.0,0.0,1.0,1.0,1.0,0.8342
8733,1.0,1.0,1.0,0.276,1.0,1.0,1.0,0.0,1.0,1.0,1.0,0.8476
8734,1.0,1.0,1.0,0.3303,1.0,1.0,1.0,0.0,1.0,1.0,1.0,0.8289
8735,1.0,1.0,1.0,0.4494,1.0,1.0,1.0,0.0,1.0,1.0,1.0,0.86
8736,1.0,1.0,1.0,0.4732,1.0,1.0,1.0,0.0,1.0,1.0,1.0,0.9122
8737,1.0,1.0,1.0,0.4743,1.0,1.0,1.0,0.0,1.0,1.0,1.0,0.9316
8738,1.0,1.0,1.0,0.3907,1.0,1.0,1.0,0.0,1.0,1.0,1.0,0.8728
8739,1.0,1.0,1.0,0.4576,1.0,1.0,1.0,0.0,1.0,1.0,1.0,0.8703
8740,1.0,1.0,1.0,0.3874,1.0,1.0,1.0,0.0,1.0,1.0,1.0,0.8697
8741,1.0,1.0,1.0,0.3211,1.0,1.0,1.0,0.0,1.0,1.0,1.0,0.9066
8742,1.0,1.0,1.0,0.3415,1.0,1.0,1.0,0.0,1.0,1.0,1.0,0.8818
8743,1.0,1.0,1.0,0.4762,1.0,1.0,1.0,0.0,1.0,1.0,1.0,0.8295
8744,1.0,1.0,1.0,0.5409,1.0,1.0,1.0,0.1661,1.0,1.0,1.0,0.861
8745,1.0,1.0,1.0,0.5369,1.0,1.0,1.0,0.3799,1.0,1.0,1.0,0.8531
8746,1.0,1.0,1.0,0.4507,1.0,1.0,1.0,0.552,1.0,1.0,1.0,0.8154
8747,1.0,1.0,1.0,0.5849,1.0,1.0,1.0,0.6634,1.0,1.0,1.0,0.7936
8748,1.0,1.0,1.0,0.5781,1.0,1.0,1.0,0.702,1.0,1.0,1.0,0.6919
8749,1.0,1.0,1.0,0.5514,1.0,1.0,1.0,0.6634,1.0,1.0,1.0,0.6988
8750,1.0,1.0,1.0,0.5978,1.0,1.0,1.0,0.508,1.0,1.0,1.0,0.6697
8751,1.0,1.0,1.0,0.5572,1.0,1.0,1.0,0.3601,1.0,1.0,1.0,0.7046
8752,1.0,1.0,1.0,0.4904,1.0,1.0,1.0,0.1341,1.0,1.0,1.0,0.6831
8753,1.0,1.0,1.0,0.4341,1.0,1.0,1.0,0.0,1.0,1.0,1.0,0.6802
8754,1.0,1.0,1.0,0.3809,1.0,1.0,1.0,0.0,1.0,1.0,1.0,0.6386
8755,1.0,1.0,1.0,0.2966,1.0,1.0,1.0,0.0,1.0,1.0,1.0,0.6131
8756,1.0,1.0,1.0,0.2194,1.0,1.0,1.0,0.0,1.0,1.0,1.0,0.512
8757,1.0,1.0,1.0,0.2913,1.0,1.0,1.0,0.0,1.0,1.0,1.0,0.5998
8758,1.0,1.0,1.0,0.3484,1.0,1.0,1.0,0.0,1.0,1.0,1.0,0.5926
8759,1.0,1.0,1.0,0.2905,1.0,1.0,1.0,0.0,1.0,1.0,1.0,0.4169
