hour,NORTH,SOUTH,EAST
0,946.85,879.28,555.15
1,889.42,836.84,527.4
2,875.07,826.04,516.4
3,873.45,808.01,512.61
4,864.17,832.34,521.34
5,895.93,878.05,552.05
6,988.61,969.67,600.58
7,1075.78,1058.02,647.79
8,1122.07,1094.11,674.54
9,1134.12,1114.86,688.01
10,1160.0,1118.86,690.51
11,1183.95,1141.84,699.6
12,1185.75,1137.79,707.49
13,1191.18,1105.89,710.46
14,1197.76,1083.56,721.62
15,1196.58,1072.03,716.29
16,1236.79,1113.68,726.22
17,1279.64,1150.89,757.42
18,1340.16,1199.07,785.27
19,1327.78,1192.97,776.28
20,1267.24,1142.11,737.7
21,1177.01,1076.99,688.54
22,1102.26,996.54,639.19
23,1007.33,883.3,576.15
24,945.0,830.77,559.02
25,895.21,796.78,531.69
26,878.15,794.27,524.35
27,870.39,801.07,513.43
28,886.15,798.55,523.52
29,937.15,837.81,551.24
30,1056.28,904.94,611.94
31,1144.74,1008.03,665.13
32,1183.49,1064.12,704.64
33,1194.21,1090.37,704.95
34,1213.92,1103.39,719.06
35,1240.78,1132.57,725.93
36,1237.18,1147.85,716.22
37,1211.52,1150.48,725.05
38,1198.68,1154.18,739.11
39,1219.26,1158.16,726.65
40,1264.55,1199.86,747.97
41,1330.59,1264.88,788.09
42,1365.52,1303.85,818.84
43,1356.19,1284.4,824.25
44,1297.69,1242.08,797.9
45,1216.98,1182.1,746.83
46,1132.69,1077.51,704.1
47,1038.4,981.09,648.62
48,985.41,925.39,605.95
49,936.29,882.86,570.45
50,913.65,852.79,561.41
51,906.46,857.79,546.86
52,901.19,870.57,549.62
53,943.88,918.85,575.13
54,1031.48,1027.19,633.31
55,1115.97,1110.39,687.31
56,1158.33,1151.22,703.28
57,1202.53,1153.71,725.6
58,1200.76,1159.62,727.53
59,1225.88,1148.11,750.1
60,1200.42,1156.37,750.33
61,1184.19,1148.68,751.4
62,1186.84,1142.71,753.94
63,1207.01,1150.44,769.47
64,1252.14,1192.19,793.23
65,1322.18,1229.11,828.8
66,1362.37,1274.5,865.01
67,1342.19,1272.23,876.78
68,1296.31,1189.76,831.52
69,1209.93,1122.54,781.16
70,1098.26,1014.01,716.56
71,992.09,927.44,656.41
72,925.73,861.46,615.54
73,887.03,834.52,568.95
74,866.53,801.83,551.11
75,862.93,775.95,548.11
76,870.16,788.93,548.62
77,918.18,827.48,581.65
78,1018.03,894.79,638.89
79,1106.45,985.15,693.09
80,1159.09,1002.82,727.03
81,1172.77,1012.72,744.62
82,1179.43,1019.01,752.66
83,1185.97,1043.8,765.71
84,1169.56,1064.53,764.3
85,1166.92,1071.26,740.18
86,1161.43,1070.76,734.84
87,1174.39,1050.32,724.81
88,1216.87,1089.2,750.32
89,1281.76,1164.14,792.12
90,1338.96,1225.85,827.48
91,1325.98,1222.87,822.77
92,1262.06,1153.26,793.48
93,1181.08,1074.03,727.49
94,1067.57,1015.48,668.72
95,961.63,914.18,601.22
96,893.83,849.79,563.49
97,842.04,819.05,545.79
98,827.62,794.57,537.63
99,809.86,773.63,533.41
100,819.6,800.27,538.07
101,880.32,847.77,558.66
102,966.5,928.65,614.88
103,1067.01,999.62,678.33
104,1100.79,1068.93,708.39
105,1122.77,1090.0,707.79
106,1123.1,1119.18,714.68
107,1132.58,1141.06,704.55
108,1148.25,1132.65,711.26
109,1115.24,1113.95,698.22
110,1125.28,1132.43,687.9
111,1143.0,1161.36,701.91
112,1170.25,1166.55,727.07
113,1206.0,1227.78,762.96
114,1254.9,1268.25,810.53
115,1239.96,1240.68,808.16
116,1193.94,1189.9,765.79
117,1121.97,1095.69,720.36
118,1059.18,1005.16,661.09
119,968.93,912.08,613.5
120,840.49,794.93,538.23
121,803.31,756.43,513.12
122,786.65,728.74,490.58
123,791.03,734.53,483.84
124,810.61,749.34,489.33
125,857.36,806.21,508.29
126,959.95,884.53,557.35
127,1031.79,958.11,610.94
128,1066.6,1018.78,635.97
129,1076.24,1030.85,637.44
130,1082.71,1037.89,641.75
131,1076.04,1056.17,644.6
132,1086.76,1039.69,646.57
133,1074.98,1038.12,641.36
134,1057.1,1044.55,638.47
135,1056.34,1069.37,641.58
136,1094.4,1109.73,661.25
137,1160.68,1176.52,700.87
138,1234.39,1213.71,728.5
139,1267.76,1188.4,734.59
140,1217.11,1162.22,711.48
141,1124.95,1066.27,676.89
142,1010.67,965.32,632.76
143,929.12,888.92,588.1
144,867.8,852.13,545.08
145,822.02,810.53,520.88
146,795.81,797.06,513.0
147,785.09,766.64,512.41
148,807.18,771.24,512.74
149,851.88,793.1,541.84
150,935.8,880.67,594.37
151,1008.68,942.67,659.51
152,1030.38,967.28,673.6
153,1046.95,994.2,678.85
154,1059.11,1017.93,669.52
155,1095.69,1026.1,676.03
156,1098.66,1033.51,692.65
157,1102.24,1030.14,683.71
158,1095.95,1027.14,682.67
159,1091.34,1023.33,691.82
160,1110.95,1060.55,708.86
161,1154.54,1118.4,743.17
162,1230.36,1170.4,771.1
163,1208.48,1163.68,755.02
164,1169.3,1096.73,719.86
165,1083.59,1035.22,678.47
166,1012.06,954.23,630.98
167,931.67,868.38,584.81
168,943.03,876.37,592.85
169,896.92,826.67,564.32
170,867.33,814.42,552.65
171,861.21,789.92,539.82
172,868.28,791.32,541.42
173,900.99,830.65,567.63
174,976.87,933.19,613.8
175,1070.3,1031.33,671.71
176,1139.03,1052.94,706.99
177,1165.07,1092.4,713.65
178,1175.63,1120.73,723.03
179,1192.07,1114.9,723.37
180,1211.59,1081.07,713.76
181,1202.74,1071.16,723.5
182,1196.38,1087.39,713.74
183,1223.84,1119.76,708.98
184,1264.54,1139.63,730.96
185,1346.23,1218.15,767.12
186,1394.75,1227.38,800.25
187,1360.62,1211.92,811.17
188,1279.19,1154.09,767.33
189,1221.2,1096.8,712.53
190,1147.82,1027.53,668.8
191,1046.83,951.02,617.87
192,980.76,880.78,586.13
193,947.32,846.16,552.28
194,909.21,828.74,543.81
195,886.51,800.91,540.02
196,904.25,791.44,546.69
197,946.22,844.76,569.92
198,1039.72,927.69,626.04
199,1130.97,996.85,694.04
200,1181.83,1037.15,711.71
201,1224.26,1064.17,717.48
202,1235.42,1074.73,717.83
203,1254.62,1065.73,720.21
204,1222.5,1093.04,719.19
205,1209.19,1096.6,719.44
206,1196.33,1092.3,722.1
207,1190.18,1099.32,728.29
208,1212.22,1136.49,750.36
209,1265.11,1173.67,789.64
210,1326.77,1221.49,800.31
211,1294.99,1192.17,802.56
212,1240.95,1141.01,759.05
213,1156.63,1054.53,706.29
214,1064.17,961.07,653.56
215,988.37,900.88,597.44
216,938.89,850.75,565.78
217,908.15,812.46,538.51
218,883.03,773.01,522.34
219,864.05,758.97,524.31
220,873.48,775.66,534.75
221,922.54,820.31,563.72
222,1017.22,879.9,623.73
223,1095.37,965.64,673.34
224,1143.17,1013.61,717.71
225,1170.09,1053.35,720.91
226,1218.25,1056.79,727.29
227,1256.0,1039.32,730.33
228,1241.13,1029.55,726.2
229,1223.31,1009.14,714.24
230,1200.88,1023.33,706.86
231,1203.64,1000.9,723.16
232,1243.15,1029.22,732.5
233,1319.88,1103.62,775.13
234,1354.14,1147.86,807.93
235,1331.53,1155.6,796.19
236,1240.85,1085.64,765.38
237,1161.16,999.54,714.3
238,1058.44,943.95,649.48
239,964.86,868.77,586.73
240,901.67,822.5,557.33
241,858.99,773.69,533.78
242,820.59,757.66,521.23
243,797.47,739.3,511.59
244,834.27,763.77,516.98
245,866.32,834.35,541.87
246,942.89,924.27,583.51
247,1057.36,1001.27,637.61
248,1144.74,1011.74,668.96
249,1151.75,1012.77,683.21
250,1159.32,1046.98,704.94
251,1177.28,1046.05,702.84
252,1203.72,1044.26,697.24
253,1178.11,1046.07,691.88
254,1175.4,1068.23,694.09
255,1199.0,1077.46,684.88
256,1240.41,1104.63,710.75
257,1292.52,1159.18,746.82
258,1336.83,1193.09,754.06
259,1303.71,1176.54,747.92
260,1244.8,1133.57,709.55
261,1163.2,1065.72,662.17
262,1077.35,1010.37,601.97
263,981.01,930.3,556.02
264,931.48,888.62,537.19
265,897.96,833.9,513.44
266,876.9,817.51,487.62
267,869.25,799.47,484.19
268,881.42,813.98,490.57
269,927.81,863.68,510.44
270,1011.75,950.02,565.63
271,1108.43,1065.31,625.44
272,1153.51,1125.79,647.27
273,1206.6,1160.64,648.05
274,1239.78,1178.4,639.66
275,1255.11,1209.25,643.07
276,1241.61,1185.11,644.71
277,1211.97,1188.0,637.05
278,1228.16,1170.45,634.26
279,1242.18,1170.65,648.29
280,1283.3,1208.93,673.77
281,1313.86,1279.53,709.6
282,1374.97,1303.69,745.03
283,1368.91,1281.59,734.38
284,1290.71,1224.59,694.7
285,1201.1,1141.78,648.37
286,1110.99,1061.47,595.63
287,1017.64,1008.11,533.11
288,888.66,884.11,466.27
289,844.06,830.77,452.32
290,819.81,794.95,447.13
291,810.5,779.54,445.69
292,835.7,779.61,453.66
293,852.27,823.72,487.51
294,935.38,909.15,530.04
295,1023.36,984.51,572.47
296,1070.46,1047.44,606.36
297,1087.38,1056.61,619.79
298,1075.26,1063.21,621.7
299,1091.92,1079.32,633.32
300,1116.66,1087.95,630.86
301,1085.73,1090.33,619.39
302,1098.51,1092.13,614.03
303,1105.38,1112.15,624.16
304,1137.26,1131.6,645.3
305,1176.02,1193.01,689.63
306,1214.66,1243.82,712.43
307,1225.35,1249.15,704.41
308,1181.09,1167.79,686.55
309,1129.27,1078.75,650.69
310,1055.19,1001.61,601.0
311,969.88,887.09,539.95
312,931.26,839.7,504.18
313,888.04,807.3,473.89
314,871.15,779.73,462.72
315,854.27,764.33,454.47
316,864.03,763.76,470.53
317,899.95,798.45,486.17
318,999.19,872.85,527.97
319,1072.66,944.37,579.07
320,1125.54,975.33,608.36
321,1143.15,992.37,601.63
322,1167.81,999.58,596.02
323,1186.39,1033.56,602.29
324,1207.67,1028.56,615.45
325,1201.56,1023.01,626.03
326,1176.07,1015.84,623.84
327,1183.31,1018.68,629.71
328,1198.05,1027.0,642.32
329,1244.22,1055.83,679.21
330,1309.48,1079.7,718.06
331,1304.8,1076.39,723.26
332,1235.05,1046.72,691.51
333,1140.67,960.27,640.95
334,1051.11,882.29,591.49
335,947.69,796.57,550.95
336,952.39,807.87,555.47
337,909.26,782.34,516.81
338,897.95,760.33,501.81
339,891.68,752.33,494.07
340,878.23,778.9,490.06
341,928.02,826.23,518.56
342,1021.7,901.76,575.21
343,1120.07,987.67,642.99
344,1188.89,1020.09,659.25
345,1181.9,1048.32,679.27
346,1185.08,1067.36,694.46
347,1205.63,1061.08,705.62
348,1182.77,1065.79,696.96
349,1193.73,1056.12,681.62
350,1199.06,1065.39,683.11
351,1222.74,1088.44,691.12
352,1248.67,1127.41,706.77
353,1319.31,1176.44,752.32
354,1382.64,1233.21,775.62
355,1372.61,1209.9,751.66
356,1314.67,1139.48,718.15
357,1233.08,1026.42,677.6
358,1124.12,949.14,628.42
359,1026.66,862.98,578.44
360,965.11,820.65,555.55
361,921.53,763.49,521.31
362,907.66,740.94,505.59
363,883.38,739.12,508.69
364,893.16,742.03,503.24
365,956.06,788.86,529.89
366,1041.01,864.99,592.2
367,1123.56,947.22,655.58
368,1172.67,998.27,687.85
369,1207.47,1034.12,706.61
370,1218.25,1048.17,703.94
371,1248.13,1050.04,721.91
372,1258.45,1046.88,710.8
373,1255.84,1048.27,694.02
374,1260.73,1037.3,697.32
375,1303.34,1048.07,699.83
376,1332.89,1076.14,721.92
377,1359.14,1128.32,759.58
378,1430.48,1157.04,803.24
379,1406.62,1123.77,799.35
380,1343.64,1087.13,757.98
381,1273.74,1034.66,714.67
382,1149.98,935.44,651.86
383,1035.79,864.31,602.92
384,956.71,829.09,568.0
385,901.16,796.74,542.14
386,882.88,773.96,516.51
387,876.67,756.52,495.87
388,890.94,769.58,493.77
389,921.61,814.76,532.08
390,985.82,899.42,577.55
391,1078.08,981.09,636.65
392,1118.28,1010.33,658.57
393,1149.29,1038.9,670.6
394,1172.33,1057.75,677.71
395,1186.85,1072.73,699.02
396,1198.83,1076.02,704.1
397,1190.96,1089.43,700.44
398,1198.75,1081.64,711.01
399,1199.99,1110.03,711.78
400,1232.26,1131.94,741.08
401,1293.38,1201.19,782.9
402,1353.12,1262.03,817.84
403,1334.77,1245.59,807.62
404,1284.68,1213.88,767.11
405,1198.71,1140.89,709.89
406,1103.87,1039.65,647.87
407,1020.87,946.71,586.55
408,938.84,903.46,555.37
409,879.56,867.22,526.75
410,842.55,832.97,515.89
411,809.03,819.57,511.93
412,815.72,831.47,511.95
413,870.46,868.93,531.89
414,957.18,981.51,583.9
415,1050.31,1071.26,631.51
416,1112.52,1112.63,651.56
417,1156.04,1148.07,679.8
418,1167.75,1151.47,674.12
419,1200.04,1173.38,698.78
420,1201.69,1147.97,701.39
421,1178.36,1129.02,702.91
422,1170.65,1141.32,709.78
423,1161.8,1171.13,721.14
424,1184.37,1191.13,755.37
425,1237.11,1231.42,779.12
426,1297.47,1281.91,804.29
427,1316.21,1259.46,788.36
428,1238.67,1199.34,738.4
429,1167.22,1133.34,686.09
430,1064.07,1037.09,647.64
431,981.95,926.78,591.6
432,925.2,860.13,570.65
433,861.42,818.97,555.19
434,851.26,780.47,558.01
435,835.23,768.84,560.03
436,842.47,767.13,579.31
437,876.96,826.59,608.42
438,959.44,935.11,667.14
439,1055.71,1007.32,726.1
440,1100.07,1053.45,752.3
441,1129.78,1062.65,764.65
442,1148.73,1070.27,774.59
443,1181.32,1106.11,774.19
444,1177.6,1100.06,758.99
445,1146.52,1086.17,751.91
446,1164.22,1074.37,743.31
447,1172.26,1101.29,743.15
448,1224.42,1088.78,761.24
449,1288.47,1136.06,791.41
450,1332.92,1178.99,828.29
451,1327.63,1161.99,817.36
452,1300.06,1126.72,790.21
453,1245.97,1073.05,739.42
454,1147.74,973.72,679.28
455,1050.93,916.85,621.46
456,930.64,790.52,535.36
457,874.51,765.03,510.27
458,853.74,747.21,501.05
459,840.57,733.22,498.89
460,853.26,739.86,496.39
461,887.77,779.23,512.35
462,957.06,860.14,559.48
463,1017.88,928.54,619.99
464,1046.74,965.7,646.6
465,1063.23,977.01,652.63
466,1071.61,973.46,647.15
467,1110.06,975.25,648.06
468,1125.52,963.84,642.42
469,1101.68,952.8,644.04
470,1106.77,961.57,652.04
471,1112.24,975.46,649.88
472,1140.87,1031.66,674.88
473,1197.55,1051.97,711.76
474,1250.15,1099.1,726.43
475,1234.37,1092.3,719.55
476,1196.12,1057.83,691.22
477,1104.32,1000.88,648.48
478,1018.93,922.26,585.79
479,962.63,847.32,537.82
480,908.35,792.42,511.35
481,877.36,760.5,495.87
482,853.99,724.66,479.04
483,846.69,723.54,469.57
484,855.49,734.04,474.72
485,896.86,769.11,501.6
486,975.79,844.96,552.46
487,1068.37,921.52,607.07
488,1100.14,977.01,623.68
489,1129.81,1036.64,639.43
490,1153.83,1060.56,640.0
491,1167.78,1061.93,645.45
492,1161.61,1068.26,659.23
493,1154.5,1064.48,641.74
494,1148.19,1051.03,639.84
495,1170.03,1044.17,636.42
496,1175.92,1072.88,656.88
497,1224.85,1133.24,697.23
498,1237.82,1150.33,723.94
499,1205.55,1130.6,716.92
500,1174.19,1089.48,697.03
501,1111.95,1020.78,654.96
502,1016.68,957.6,609.59
503,914.5,861.67,562.36
504,894.0,898.49,550.14
505,847.18,838.21,523.01
506,853.82,796.7,503.15
507,848.46,786.39,491.99
508,854.92,786.56,508.39
509,906.46,828.88,532.98
510,979.14,912.34,600.19
511,1066.42,994.37,643.49
512,1114.65,1026.61,661.79
513,1137.99,1054.91,682.03
514,1162.72,1062.8,686.23
515,1180.56,1089.7,695.97
516,1191.48,1088.35,695.35
517,1170.86,1066.25,687.84
518,1184.87,1045.66,685.7
519,1220.4,1056.26,694.39
520,1240.4,1072.13,720.41
521,1284.52,1106.54,768.86
522,1352.66,1158.54,793.79
523,1337.54,1126.34,782.78
524,1300.65,1102.14,743.8
525,1210.34,1037.51,708.72
526,1134.81,959.28,658.4
527,1039.3,869.49,588.8
528,980.8,830.79,542.14
529,948.47,792.39,511.01
530,918.16,767.39,500.11
531,894.41,761.42,494.0
532,900.32,757.2,504.41
533,951.7,783.16,530.3
534,1026.36,852.78,593.87
535,1127.82,939.38,653.92
536,1166.52,982.98,681.52
537,1205.74,1020.72,704.34
538,1182.07,1022.07,696.71
539,1182.75,1043.61,702.72
540,1159.48,1045.48,703.89
541,1138.76,1026.23,702.1
542,1145.05,1035.03,687.47
543,1156.03,1047.51,692.38
544,1188.13,1072.37,716.37
545,1243.89,1126.8,754.53
546,1294.39,1168.74,792.76
547,1269.57,1159.9,792.59
548,1228.21,1106.94,756.85
549,1161.72,1022.47,713.69
550,1078.04,947.57,655.9
551,995.04,861.91,601.06
552,941.57,805.3,571.35
553,918.1,767.01,542.39
554,892.94,757.76,529.97
555,877.37,752.28,528.05
556,880.67,759.64,538.41
557,915.53,796.54,573.46
558,992.48,886.6,645.63
559,1072.32,940.64,707.03
560,1118.09,994.53,729.72
561,1147.25,993.7,745.81
562,1160.97,989.63,754.2
563,1162.8,998.01,763.77
564,1177.92,1032.66,773.35
565,1178.51,1048.82,748.36
566,1176.96,1060.77,758.41
567,1179.77,1077.87,778.24
568,1223.25,1085.14,801.76
569,1284.19,1141.18,840.5
570,1307.39,1176.68,863.92
571,1296.84,1157.63,852.58
572,1246.16,1112.92,818.14
573,1155.29,1038.83,767.88
574,1069.82,971.61,710.49
575,963.54,870.2,651.96
576,925.17,824.34,617.66
577,894.73,777.84,589.5
578,869.54,756.66,565.05
579,862.41,752.42,560.16
580,848.76,754.08,576.4
581,882.23,798.56,603.28
582,969.29,879.16,670.89
583,1045.83,954.34,720.6
584,1102.76,991.85,746.66
585,1155.95,1013.64,752.69
586,1151.72,1017.34,768.42
587,1152.87,1031.58,786.1
588,1158.85,1031.92,781.12
589,1173.03,1017.91,779.54
590,1156.52,1043.13,789.18
591,1173.18,1061.77,791.89
592,1235.71,1089.76,811.3
593,1267.93,1145.65,851.29
594,1294.07,1174.0,868.9
595,1278.58,1160.75,858.25
596,1217.58,1109.09,836.2
597,1154.37,1025.19,774.49
598,1069.67,953.83,717.32
599,959.53,870.72,657.18
600,912.17,820.35,615.3
601,863.18,777.37,583.8
602,856.44,789.14,576.91
603,839.78,773.58,569.59
604,845.7,765.18,578.41
605,898.02,791.56,615.87
606,998.69,882.87,671.28
607,1096.55,982.84,720.0
608,1119.59,1017.37,760.68
609,1151.55,1057.19,772.73
610,1149.52,1079.13,783.6
611,1166.24,1088.26,780.39
612,1147.56,1086.04,779.82
613,1145.7,1079.35,759.37
614,1136.49,1092.12,756.78
615,1131.82,1108.57,755.62
616,1178.78,1131.49,767.12
617,1240.76,1182.59,797.94
618,1278.07,1255.2,802.76
619,1293.45,1247.43,784.11
620,1232.29,1204.7,756.71
621,1156.25,1133.92,710.88
622,1071.66,1047.74,646.73
623,975.21,959.32,595.95
624,860.85,849.12,516.82
625,814.51,812.87,495.83
626,790.79,792.69,482.21
627,794.92,774.29,473.83
628,795.93,786.75,479.53
629,814.05,825.96,520.17
630,916.33,903.73,566.23
631,1032.92,1015.17,618.67
632,1070.73,1036.01,649.6
633,1066.91,1066.4,654.14
634,1074.79,1063.71,647.54
635,1083.08,1073.77,649.14
636,1082.33,1103.84,655.37
637,1058.94,1078.03,646.37
638,1069.13,1066.53,644.66
639,1088.53,1074.63,658.26
640,1100.86,1092.82,670.54
641,1165.06,1154.33,701.27
642,1239.51,1186.15,713.24
643,1231.81,1183.42,710.71
644,1173.74,1112.68,682.34
645,1097.63,1018.85,645.57
646,1020.42,937.45,587.34
647,915.13,842.61,537.1
648,864.87,810.89,499.02
649,819.57,757.38,474.05
650,817.62,729.52,471.23
651,805.17,725.03,463.57
652,832.35,730.53,462.35
653,863.98,755.88,483.43
654,956.85,855.26,522.17
655,1047.24,922.72,561.98
656,1078.89,960.62,592.68
657,1102.64,979.14,595.27
658,1129.29,999.42,605.91
659,1134.83,1016.28,614.14
660,1111.31,1007.03,612.0
661,1100.76,994.82,610.01
662,1089.11,993.64,604.63
663,1096.04,1014.3,619.33
664,1127.7,1029.77,633.37
665,1156.95,1106.89,661.81
666,1176.55,1136.4,683.26
667,1177.09,1127.49,685.7
668,1121.36,1064.13,662.25
669,1018.8,981.95,601.12
670,953.4,897.82,558.44
671,879.31,814.38,501.77
672,885.44,824.42,508.81
673,830.97,777.01,485.52
674,821.92,766.83,472.98
675,817.54,751.58,471.88
676,856.06,755.56,484.45
677,906.97,794.44,506.51
678,1003.38,888.67,553.31
679,1093.13,975.15,605.66
680,1150.87,1017.38,620.67
681,1183.0,1021.75,632.02
682,1212.29,1020.29,652.47
683,1215.44,1017.37,648.36
684,1208.5,1039.82,648.29
685,1189.73,1040.64,639.87
686,1201.07,1032.45,659.55
687,1233.83,1038.6,663.33
688,1260.98,1061.18,680.4
689,1312.05,1102.55,705.14
690,1363.07,1153.96,733.18
691,1346.3,1144.26,731.98
692,1301.49,1128.3,694.48
693,1185.09,1075.53,660.93
694,1082.41,1009.4,613.39
695,982.54,932.38,569.13
696,900.28,875.24,535.45
697,848.18,838.82,511.83
698,819.37,813.85,498.21
699,809.4,819.04,501.37
700,834.81,833.24,509.12
701,878.31,878.92,536.29
702,956.09,967.18,586.96
703,1045.56,1075.45,636.8
704,1106.98,1099.48,665.98
705,1117.79,1144.36,686.69
706,1118.81,1150.65,687.92
707,1141.32,1140.74,696.18
708,1141.14,1129.48,698.17
709,1142.41,1096.1,694.78
710,1144.59,1105.3,680.64
711,1168.12,1102.17,680.3
712,1188.18,1137.06,689.3
713,1246.03,1207.22,723.68
714,1289.63,1240.08,742.86
715,1261.63,1225.72,733.96
716,1186.14,1154.41,693.53
717,1124.42,1077.07,648.45
718,1035.49,1026.29,591.68
719,938.81,948.33,549.6
720,886.36,891.29,523.37
721,858.19,841.21,500.34
722,814.24,819.1,487.03
723,791.1,809.49,469.59
724,795.72,816.03,474.98
725,858.11,864.51,497.15
726,950.98,939.91,551.12
727,1051.19,1013.83,608.55
728,1082.18,1061.81,638.75
729,1091.69,1068.36,664.01
730,1113.14,1089.96,667.15
731,1128.63,1101.25,670.04
732,1140.15,1077.57,680.58
733,1129.52,1070.69,676.64
734,1136.48,1050.14,675.66
735,1152.46,1072.54,698.99
736,1199.72,1102.4,724.49
737,1270.18,1183.2,756.66
738,1290.71,1242.59,777.35
739,1246.18,1216.38,783.52
740,1211.18,1135.78,751.12
741,1153.82,1055.67,703.28
742,1052.4,961.1,653.66
743,943.4,903.44,604.4
744,892.63,853.84,572.96
745,861.69,822.97,549.83
746,860.39,799.89,537.52
747,855.25,788.52,532.75
748,863.26,799.67,534.11
749,899.52,854.17,573.04
750,990.91,943.52,619.84
751,1078.36,1016.39,677.36
752,1110.77,1080.59,693.34
753,1164.12,1098.13,705.63
754,1201.65,1102.84,707.06
755,1229.02,1075.83,714.66
756,1214.31,1086.54,717.09
757,1214.13,1079.08,701.61
758,1221.98,1081.89,701.22
759,1238.53,1088.35,719.7
760,1290.8,1113.4,728.3
761,1358.03,1162.09,754.42
762,1415.03,1212.8,789.77
763,1409.18,1213.62,783.54
764,1349.18,1158.74,750.67
765,1234.14,1098.82,711.26
766,1137.29,1012.97,649.3
767,1032.94,922.44,590.72
768,957.03,873.19,552.78
769,927.96,817.39,523.78
770,920.96,799.85,518.92
771,920.75,775.32,501.55
772,932.89,777.22,501.22
773,993.97,799.45,519.48
774,1089.58,880.85,582.77
775,1187.25,984.6,631.73
776,1217.41,1026.72,656.43
777,1244.09,1058.35,657.28
778,1253.72,1102.13,663.3
779,1243.82,1118.66,678.89
780,1240.86,1108.48,682.38
781,1225.73,1090.08,676.08
782,1249.46,1091.09,664.1
783,1271.34,1094.13,669.54
784,1304.48,1119.34,692.01
785,1365.6,1187.69,717.09
786,1411.25,1246.51,751.12
787,1392.21,1211.45,754.73
788,1312.04,1148.48,718.42
789,1224.36,1070.95,680.11
790,1117.77,996.93,627.32
791,1007.57,927.08,583.42
792,887.76,840.75,524.67
793,847.96,794.52,492.29
794,808.17,769.77,484.12
795,796.66,764.6,484.96
796,817.38,767.95,485.27
797,871.14,806.73,507.05
798,969.11,882.79,553.75
799,1056.27,932.75,603.24
800,1087.99,974.7,625.83
801,1094.7,993.42,637.11
802,1109.92,1020.45,650.26
803,1125.46,1031.09,641.65
804,1142.14,1016.01,634.73
805,1144.36,1004.41,634.96
806,1140.59,979.93,640.06
807,1133.16,976.99,638.46
808,1160.5,1016.79,662.36
809,1217.14,1063.95,705.29
810,1256.73,1117.94,730.15
811,1236.67,1083.36,715.2
812,1186.28,1036.42,691.94
813,1103.77,967.73,661.49
814,1010.37,906.54,603.23
815,929.13,839.39,552.54
816,870.99,800.09,527.76
817,831.29,776.69,502.25
818,812.84,753.74,478.85
819,791.21,756.39,475.14
820,797.67,756.76,475.78
821,855.29,786.53,493.35
822,927.75,874.12,531.83
823,986.78,936.72,590.18
824,1006.12,984.11,609.3
825,1029.93,1006.09,625.22
826,1043.59,1030.21,636.86
827,1055.15,1039.71,645.03
828,1074.31,1040.67,647.99
829,1030.55,1037.21,645.2
830,1039.42,1028.86,646.57
831,1073.59,1030.3,647.07
832,1091.12,1066.9,659.37
833,1139.5,1116.79,690.18
834,1172.08,1151.42,714.63
835,1152.23,1141.05,713.14
836,1101.32,1113.28,691.98
837,1053.72,1036.56,650.78
838,996.58,950.57,594.41
839,909.86,852.79,530.23
840,944.06,866.05,533.59
841,898.37,831.46,500.15
842,893.69,818.99,484.27
843,880.02,809.43,480.99
844,892.26,829.75,489.4
845,942.32,880.62,528.73
846,1073.98,980.56,585.92
847,1179.55,1080.41,654.83
848,1215.02,1143.63,687.84
849,1249.69,1161.11,710.24
850,1252.95,1151.84,713.35
851,1254.66,1170.09,710.51
852,1264.81,1178.38,706.54
853,1249.71,1185.4,699.68
854,1250.44,1198.98,694.44
855,1259.49,1232.61,692.99
856,1297.56,1271.25,717.36
857,1361.29,1328.03,742.23
858,1375.12,1348.58,755.23
859,1371.85,1336.91,739.85
860,1294.96,1266.46,707.6
861,1190.67,1185.11,656.14
862,1097.17,1090.47,605.45
863,1005.6,1001.1,560.59
864,938.96,941.0,534.06
865,902.28,902.07,504.94
866,864.8,849.26,485.16
867,849.65,838.66,476.83
868,855.49,860.39,488.96
869,900.96,923.18,521.99
870,995.47,1020.76,577.96
871,1073.51,1130.9,641.06
872,1129.8,1175.49,682.54
873,1154.3,1194.34,692.06
874,1139.65,1208.62,711.46
875,1124.86,1215.63,715.62
876,1128.23,1200.6,723.89
877,1117.58,1178.5,722.09
878,1119.44,1160.47,704.41
879,1133.17,1176.63,702.87
880,1172.4,1208.16,712.72
881,1244.85,1256.81,730.54
882,1273.74,1290.9,766.6
883,1247.14,1285.62,780.55
884,1179.91,1238.98,744.4
885,1112.89,1142.78,704.41
886,1046.06,1036.88,661.06
887,954.9,960.01,606.21
888,873.1,890.62,570.95
889,815.46,852.69,540.94
890,789.75,846.51,529.93
891,777.7,850.1,527.71
892,788.03,866.88,536.76
893,834.41,917.66,566.8
894,918.71,1032.49,621.9
895,1021.14,1092.94,664.71
896,1058.62,1129.75,699.17
897,1072.26,1161.32,701.52
898,1094.59,1165.42,713.27
899,1087.67,1191.1,726.02
900,1098.61,1187.43,715.44
901,1094.25,1174.85,703.09
902,1096.6,1168.29,720.87
903,1134.39,1169.99,726.22
904,1161.03,1193.98,735.57
905,1250.65,1251.99,776.92
906,1293.57,1283.09,796.61
907,1264.1,1285.08,771.36
908,1212.92,1236.77,743.07
909,1122.82,1170.78,688.35
910,1028.55,1063.42,637.98
911,949.57,953.12,578.89
912,902.8,899.2,551.42
913,853.9,884.42,526.05
914,844.35,872.49,496.74
915,846.57,853.29,493.6
916,873.6,866.92,499.27
917,925.34,917.97,535.8
918,1034.0,991.39,592.74
919,1101.82,1096.73,652.95
920,1143.35,1137.45,674.42
921,1154.25,1156.4,681.68
922,1168.09,1165.62,688.83
923,1171.95,1190.11,693.12
924,1170.65,1176.86,705.28
925,1187.22,1140.3,697.39
926,1184.55,1143.58,687.3
927,1201.86,1125.73,687.68
928,1232.67,1154.22,717.05
929,1291.2,1225.93,749.66
930,1337.1,1278.0,775.05
931,1332.39,1281.74,779.11
932,1291.5,1233.36,737.23
933,1231.32,1185.46,672.07
934,1137.46,1083.04,614.63
935,1046.58,994.02,566.1
936,970.25,931.35,533.58
937,920.54,893.81,498.81
938,905.49,868.08,493.96
939,900.83,871.47,489.67
940,912.98,875.02,499.73
941,968.6,933.24,529.76
942,1068.58,1029.94,574.26
943,1178.32,1119.21,630.26
944,1227.36,1169.05,665.23
945,1242.79,1191.78,688.92
946,1256.03,1204.12,702.1
947,1222.5,1208.8,713.31
948,1226.47,1195.42,698.32
949,1161.29,1176.26,692.03
950,1137.85,1150.85,684.49
951,1157.54,1171.94,702.97
952,1199.75,1186.42,733.47
953,1239.32,1237.53,758.85
954,1274.53,1290.57,785.78
955,1287.98,1290.65,781.61
956,1226.12,1207.16,755.87
957,1181.52,1128.63,693.39
958,1089.7,1046.32,622.77
959,1002.79,958.22,571.76
960,894.85,854.18,486.72
961,851.49,803.62,465.53
962,818.92,763.44,458.47
963,806.63,761.13,460.69
964,816.65,766.27,464.01
965,845.3,789.7,490.39
966,927.33,868.14,544.76
967,1003.08,962.73,586.44
968,1057.7,988.02,619.05
969,1079.69,1038.07,634.37
970,1086.9,1037.54,636.51
971,1096.56,1049.04,644.68
972,1100.09,1033.87,644.36
973,1098.02,1025.46,645.07
974,1084.81,1024.71,642.69
975,1082.12,1016.8,651.29
976,1129.77,1084.83,665.48
977,1177.19,1128.76,689.3
978,1199.04,1162.43,716.56
979,1197.05,1166.63,703.52
980,1152.85,1140.14,680.91
981,1060.22,1080.52,643.04
982,982.37,981.03,588.06
983,909.18,899.85,540.65
984,860.8,829.9,505.75
985,825.66,798.11,472.26
986,791.08,762.2,457.83
987,784.71,745.3,452.76
988,792.91,756.03,463.02
989,830.55,800.98,489.35
990,924.53,878.9,545.42
991,1027.36,977.36,588.57
992,1092.78,1026.76,611.34
993,1130.3,1054.72,637.58
994,1137.67,1048.67,629.2
995,1151.3,1080.24,633.0
996,1159.26,1068.85,625.9
997,1147.1,1079.73,620.07
998,1146.27,1103.41,618.38
999,1165.8,1117.71,630.98
1000,1195.58,1160.23,652.81
1001,1238.04,1168.51,673.58
1002,1273.72,1205.86,694.41
1003,1270.1,1209.52,690.53
1004,1212.71,1167.32,668.63
1005,1138.04,1075.36,646.61
1006,1055.84,987.08,601.84
1007,960.71,876.04,544.53
1008,979.35,894.17,552.14
1009,933.63,831.4,526.77
1010,894.77,822.41,510.35
1011,896.55,823.66,506.99
1012,901.29,829.73,499.88
1013,928.85,878.95,530.87
1014,1008.33,964.11,581.41
1015,1086.42,1054.71,634.51
1016,1132.97,1083.35,674.12
1017,1152.31,1113.87,677.54
1018,1159.53,1102.69,687.5
1019,1180.53,1089.62,701.8
1020,1185.79,1090.34,703.72
1021,1179.0,1079.33,683.68
1022,1184.7,1085.36,696.13
1023,1204.62,1089.11,701.5
1024,1207.62,1149.49,717.6
1025,1259.26,1206.64,749.02
1026,1270.62,1254.22,773.01
1027,1262.98,1247.1,756.12
1028,1210.46,1207.86,726.18
1029,1150.4,1138.55,676.14
1030,1077.76,1055.07,630.16
1031,989.8,973.89,581.68
1032,926.48,898.81,560.32
1033,886.94,836.62,531.68
1034,858.88,815.28,513.14
1035,848.0,803.46,497.68
1036,870.0,820.88,518.8
1037,909.55,864.91,550.53
1038,1010.43,958.77,600.41
1039,1110.89,1030.5,668.45
1040,1143.33,1074.4,706.85
1041,1179.73,1078.98,708.53
1042,1200.39,1096.74,708.57
1043,1212.26,1083.31,714.14
1044,1200.16,1090.87,704.89
1045,1175.86,1062.89,697.64
1046,1168.28,1060.97,704.03
1047,1187.75,1086.91,699.18
1048,1207.99,1124.16,722.58
1049,1271.87,1154.98,767.6
1050,1297.91,1189.7,798.78
1051,1284.82,1160.77,790.94
1052,1231.96,1090.53,750.33
1053,1189.19,1028.09,709.74
1054,1078.3,959.86,645.21
1055,1005.33,887.78,592.84
1056,947.59,847.87,559.59
1057,905.17,808.86,539.61
1058,882.43,787.68,521.88
1059,874.61,769.01,511.88
1060,883.7,777.6,511.05
1061,945.24,807.58,541.33
1062,1032.46,882.42,592.77
1063,1139.62,968.31,640.4
1064,1175.95,1011.55,661.68
1065,1196.82,1077.34,680.62
1066,1191.75,1071.77,678.87
1067,1208.94,1083.42,678.14
1068,1228.36,1066.82,687.52
1069,1213.37,1055.0,680.74
1070,1208.66,1054.06,690.08
1071,1202.81,1079.72,694.49
1072,1233.29,1107.71,715.44
1073,1265.83,1160.13,751.23
1074,1297.14,1198.57,792.13
1075,1290.81,1170.71,797.77
1076,1255.53,1114.74,773.04
1077,1215.19,1042.95,717.61
1078,1111.31,966.9,653.62
1079,1033.54,895.35,603.89
1080,973.78,845.74,578.65
1081,922.78,804.55,557.11
1082,901.95,769.25,541.83
1083,888.93,767.75,538.17
1084,900.17,773.89,548.8
1085,941.27,825.76,577.21
1086,1016.93,926.59,634.75
1087,1088.34,1010.68,691.52
1088,1142.89,1041.63,712.12
1089,1161.69,1065.19,719.26
1090,1164.7,1083.22,719.37
1091,1176.56,1091.9,712.01
1092,1188.27,1086.74,713.29
1093,1179.21,1086.76,706.08
1094,1169.68,1095.81,712.55
1095,1198.65,1103.55,729.95
1096,1255.61,1114.09,761.8
1097,1319.93,1176.17,809.01
1098,1380.22,1209.29,828.55
1099,1384.93,1205.4,806.22
1100,1338.13,1158.01,778.75
1101,1257.64,1061.06,739.76
1102,1163.84,982.96,692.93
1103,1068.27,908.92,636.15
1104,989.74,867.48,584.83
1105,946.22,828.08,557.61
1106,905.03,788.51,545.7
1107,882.99,793.2,545.07
1108,906.79,809.58,559.76
1109,961.47,840.92,593.21
1110,1072.67,918.07,645.85
1111,1162.73,1007.27,694.15
1112,1191.77,1060.85,725.64
1113,1209.51,1077.57,731.49
1114,1220.32,1101.7,749.6
1115,1230.85,1089.42,740.12
1116,1244.57,1077.9,743.67
1117,1224.48,1042.79,737.75
1118,1226.8,1035.16,734.46
1119,1221.9,1070.97,732.28
1120,1261.74,1134.82,734.29
1121,1318.43,1193.63,763.71
1122,1351.35,1228.55,786.34
1123,1334.44,1217.04,790.58
1124,1272.41,1173.39,749.06
1125,1186.66,1079.24,705.52
1126,1116.79,990.78,640.68
1127,1019.93,926.41,590.69
1128,889.05,804.49,504.51
1129,823.86,759.82,493.36
1130,794.14,742.45,480.13
1131,781.64,737.16,458.02
1132,786.0,742.8,461.02
1133,842.29,784.62,481.21
1134,924.85,871.69,526.55
1135,1024.9,975.86,573.69
1136,1067.84,1015.47,594.58
1137,1089.12,1035.82,602.36
1138,1098.07,1065.93,601.61
1139,1108.3,1068.81,616.86
1140,1130.5,1051.79,628.83
1141,1087.78,1045.63,622.54
1142,1061.67,1059.87,624.18
1143,1066.17,1074.66,622.98
1144,1098.81,1104.02,643.67
1145,1161.63,1135.34,677.82
1146,1211.22,1175.8,702.04
1147,1195.9,1183.88,701.43
1148,1159.05,1115.52,675.13
1149,1098.9,1042.07,625.15
1150,1015.29,957.3,586.81
1151,939.89,870.03,536.93
1152,886.6,825.28,518.05
1153,836.8,790.16,495.6
1154,821.4,774.55,494.56
1155,810.69,755.67,494.4
1156,820.55,751.11,501.58
1157,877.69,794.85,522.72
1158,936.31,870.38,569.65
1159,1003.78,973.19,625.0
1160,1031.06,1037.74,651.58
1161,1048.23,1083.1,659.39
1162,1056.62,1080.05,672.09
1163,1048.56,1096.81,678.26
1164,1038.04,1106.64,684.31
1165,1019.78,1103.82,669.07
1166,1055.2,1097.1,676.47
1167,1090.79,1122.27,686.15
1168,1117.03,1151.95,714.7
1169,1164.71,1204.87,754.92
1170,1190.32,1223.14,779.13
1171,1153.95,1220.27,769.12
1172,1105.01,1161.89,749.13
1173,1024.3,1092.44,697.04
1174,946.61,1008.83,646.6
1175,851.83,924.37,587.82
1176,857.03,936.76,582.17
1177,820.24,897.9,545.03
1178,806.1,871.24,533.21
1179,802.48,843.83,530.05
1180,801.94,860.2,539.0
1181,856.57,895.93,574.12
1182,935.41,969.51,633.1
1183,1032.09,1044.91,683.02
1184,1077.86,1093.22,715.24
1185,1083.16,1114.54,729.62
1186,1093.03,1097.06,730.5
1187,1112.56,1104.65,740.58
1188,1124.54,1123.23,740.03
1189,1114.43,1107.7,726.59
1190,1138.53,1107.13,724.2
1191,1165.3,1134.05,742.63
1192,1195.86,1179.04,774.89
1193,1264.05,1249.72,810.85
1194,1339.98,1251.14,838.3
1195,1357.84,1268.58,815.5
1196,1277.83,1223.02,794.54
1197,1182.08,1178.74,751.06
1198,1108.77,1075.59,696.7
1199,1001.41,963.57,619.73
1200,927.12,910.22,584.05
1201,876.79,862.98,553.85
1202,858.94,847.64,543.15
1203,846.66,847.06,532.25
1204,851.34,856.76,537.12
1205,889.29,898.62,568.79
1206,970.6,994.06,619.09
1207,1048.75,1080.24,670.13
1208,1125.41,1119.99,699.21
1209,1152.36,1156.01,723.99
1210,1176.17,1183.47,736.92
1211,1180.16,1208.0,751.97
1212,1177.38,1203.02,750.76
1213,1156.06,1159.71,754.6
1214,1119.45,1156.89,737.54
1215,1113.2,1156.96,760.7
1216,1122.28,1188.39,799.44
1217,1145.15,1233.91,837.79
1218,1173.56,1278.18,872.29
1219,1191.04,1251.74,860.81
1220,1143.88,1179.76,818.22
1221,1093.88,1123.43,758.14
1222,1017.54,1024.85,696.65
1223,943.74,939.94,640.07
1224,880.17,899.53,604.9
1225,844.99,865.8,586.37
1226,832.62,851.79,569.62
1227,817.1,843.33,550.65
1228,835.31,861.49,566.67
1229,886.66,920.68,586.18
1230,969.74,1016.09,638.85
1231,1044.63,1082.91,697.36
1232,1074.2,1120.22,728.06
1233,1099.74,1151.75,728.48
1234,1117.77,1153.58,728.01
1235,1119.79,1186.93,721.45
1236,1122.95,1184.59,726.62
1237,1122.72,1173.03,729.29
1238,1133.43,1187.18,717.94
1239,1167.87,1194.11,733.12
1240,1220.48,1229.2,761.73
1241,1261.72,1298.09,789.99
1242,1333.49,1318.97,798.27
1243,1312.6,1301.84,781.3
1244,1270.51,1256.38,742.5
1245,1189.33,1175.83,709.17
1246,1090.48,1101.77,653.24
1247,976.56,988.65,591.08
1248,917.53,914.37,559.19
1249,856.67,877.82,523.88
1250,845.82,863.75,514.42
1251,850.68,849.66,502.1
1252,853.61,864.4,504.36
1253,902.03,917.0,534.49
1254,983.63,997.76,601.71
1255,1065.4,1078.51,674.24
1256,1121.23,1125.59,693.14
1257,1143.5,1159.93,701.84
1258,1179.36,1154.11,713.27
1259,1183.17,1162.31,730.19
1260,1196.78,1158.8,710.95
1261,1185.49,1153.49,705.23
1262,1195.44,1153.14,701.39
1263,1199.08,1156.53,692.12
1264,1231.65,1207.96,701.59
1265,1286.2,1255.57,731.07
1266,1317.85,1295.56,759.96
1267,1316.37,1259.81,765.07
1268,1267.95,1195.63,736.45
1269,1194.3,1128.14,698.77
1270,1119.85,1045.55,645.3
1271,1040.44,965.14,586.38
1272,972.29,918.03,552.77
1273,926.51,895.04,530.99
1274,894.03,863.34,524.3
1275,880.65,835.02,516.55
1276,884.43,835.62,517.69
1277,947.04,872.78,547.59
1278,1043.57,949.75,606.15
1279,1132.78,1039.16,671.22
1280,1193.47,1101.04,693.18
1281,1184.01,1145.0,701.31
1282,1165.82,1162.96,714.86
1283,1188.08,1203.56,718.16
1284,1188.13,1196.54,714.34
1285,1179.4,1160.81,718.44
1286,1159.99,1174.9,706.42
1287,1170.96,1159.48,731.33
1288,1233.79,1182.25,746.37
1289,1302.46,1246.05,788.98
1290,1349.56,1289.28,815.37
1291,1329.0,1275.59,810.28
1292,1263.77,1203.19,771.94
1293,1152.56,1127.73,729.62
1294,1066.73,1054.03,669.42
1295,987.03,965.87,608.35
1296,847.37,840.36,545.08
1297,800.07,787.87,517.86
1298,769.29,761.2,499.86
1299,751.37,756.38,484.13
1300,763.59,771.01,501.49
1301,784.51,804.69,523.84
1302,872.65,862.43,589.77
1303,963.7,948.85,645.09
1304,1002.84,979.85,671.67
1305,993.34,1011.41,685.04
1306,993.94,1014.2,707.97
1307,1023.93,1014.18,694.97
1308,990.87,1019.66,695.43
1309,981.67,1043.4,685.37
1310,971.22,1054.55,682.57
1311,996.54,1067.51,689.43
1312,1020.94,1103.95,706.1
1313,1079.5,1131.59,739.84
1314,1131.09,1157.57,765.09
1315,1151.96,1114.02,745.92
1316,1101.54,1093.43,716.48
1317,1038.63,1046.0,676.21
1318,942.05,970.69,619.12
1319,878.11,891.3,579.21
1320,820.08,826.81,554.16
1321,776.34,785.75,531.01
1322,758.1,784.09,520.92
1323,735.21,775.5,512.72
1324,749.65,780.86,524.79
1325,801.15,805.01,560.31
1326,886.41,902.43,619.39
1327,949.67,984.54,668.63
1328,990.47,1004.49,693.6
1329,1022.54,1014.81,709.51
1330,1010.5,1010.82,720.53
1331,1009.61,1022.21,724.05
1332,1024.9,1028.12,716.82
1333,1021.59,1014.62,720.26
1334,1029.64,1027.72,708.91
1335,1066.24,1041.16,705.96
1336,1104.34,1087.76,713.52
1337,1165.9,1135.15,737.45
1338,1247.19,1221.77,774.19
1339,1231.62,1202.6,777.61
1340,1165.63,1137.8,741.45
1341,1096.22,1052.67,696.71
1342,1015.38,969.47,641.02
1343,923.09,870.12,577.71
1344,921.95,889.17,600.52
1345,901.13,827.33,578.67
1346,880.09,810.26,564.27
1347,859.76,788.14,549.68
1348,879.66,797.59,554.12
1349,923.36,849.16,577.27
1350,1011.27,964.3,634.51
1351,1109.15,1039.43,693.38
1352,1136.3,1082.86,718.03
1353,1163.13,1096.74,718.81
1354,1200.1,1098.0,743.61
1355,1216.02,1101.72,751.44
1356,1208.28,1116.76,753.93
1357,1187.57,1101.91,741.47
1358,1180.28,1136.1,726.74
1359,1186.93,1154.17,732.49
1360,1214.68,1173.72,750.19
1361,1284.5,1224.64,791.48
1362,1301.86,1257.69,827.78
1363,1303.95,1261.68,826.86
1364,1240.97,1184.05,798.6
1365,1166.9,1092.59,761.62
1366,1061.32,1003.23,703.4
1367,987.71,929.81,650.12
1368,942.62,894.53,614.72
1369,905.54,866.95,570.25
1370,865.3,850.82,553.28
1371,861.57,839.13,539.33
1372,876.1,858.86,547.08
1373,903.64,891.61,569.6
1374,993.29,959.4,630.26
1375,1087.88,1054.14,694.4
1376,1140.02,1085.97,731.96
1377,1164.22,1108.96,758.49
1378,1178.57,1123.63,749.03
1379,1209.34,1140.0,744.23
1380,1224.25,1154.89,768.56
1381,1169.85,1156.33,767.58
1382,1164.64,1159.35,766.92
1383,1173.09,1164.54,772.07
1384,1181.3,1200.17,791.3
1385,1238.81,1247.6,807.73
1386,1303.33,1289.92,827.59
1387,1275.09,1320.53,818.32
1388,1225.24,1264.75,775.27
1389,1134.91,1189.45,720.4
1390,1039.05,1086.75,684.52
1391,969.96,1006.58,623.94
1392,906.95,958.36,589.83
1393,868.02,918.28,561.73
1394,826.88,895.2,550.14
1395,835.87,892.21,538.87
1396,853.3,915.01,553.11
1397,896.07,963.34,583.91
1398,992.39,1055.1,631.35
1399,1063.98,1159.44,686.85
1400,1124.67,1191.65,713.06
1401,1142.4,1202.47,724.59
1402,1150.68,1211.06,735.33
1403,1155.04,1195.92,747.05
1404,1147.33,1206.64,750.37
1405,1146.67,1180.09,744.76
1406,1150.46,1172.76,744.1
1407,1170.78,1180.76,731.26
1408,1204.02,1215.17,758.92
1409,1267.6,1266.49,798.21
1410,1305.56,1310.7,816.2
1411,1328.28,1298.55,811.42
1412,1245.36,1235.53,781.56
1413,1182.82,1146.52,741.15
1414,1106.95,1072.28,686.51
1415,1001.74,957.24,629.88
1416,965.71,903.46,599.79
1417,926.6,855.67,567.18
1418,910.01,839.48,554.11
1419,895.27,814.7,541.71
1420,902.05,822.21,555.02
1421,944.46,866.46,572.13
1422,1040.68,968.17,634.55
1423,1150.12,1062.16,691.21
1424,1196.38,1091.7,726.93
1425,1203.77,1108.93,733.27
1426,1223.66,1134.65,740.1
1427,1244.64,1130.36,746.69
1428,1249.57,1131.71,749.36
1429,1243.45,1123.06,731.92
1430,1235.03,1119.91,736.69
1431,1229.77,1171.38,726.83
1432,1249.26,1199.58,741.71
1433,1280.23,1263.23,761.94
1434,1328.08,1296.61,798.15
1435,1313.7,1294.63,795.62
1436,1248.66,1251.85,765.5
1437,1127.45,1163.74,729.52
1438,1025.04,1072.85,669.81
1439,953.4,972.12,617.48
1440,890.62,906.45,582.68
1441,852.03,874.5,553.2
1442,816.89,846.94,546.89
1443,822.05,811.94,551.95
1444,832.24,843.15,555.12
1445,879.92,879.87,588.61
1446,995.92,966.54,648.15
1447,1105.09,1077.76,707.88
1448,1145.19,1121.45,737.46
1449,1158.43,1142.4,747.34
1450,1164.21,1137.22,721.95
1451,1181.77,1126.77,742.16
1452,1179.16,1127.2,735.29
1453,1161.38,1124.2,725.66
1454,1180.91,1130.84,723.41
1455,1189.11,1137.03,723.37
1456,1254.76,1172.46,746.51
1457,1311.49,1201.49,780.98
1458,1382.74,1255.41,801.94
1459,1371.85,1250.27,796.84
1460,1322.05,1228.28,762.16
1461,1223.43,1151.27,721.91
1462,1114.07,1050.55,655.03
1463,1023.06,962.84,594.36
1464,902.92,843.88,526.88
1465,856.67,808.24,497.57
1466,820.14,788.69,479.91
1467,795.02,767.13,470.83
1468,791.18,762.96,477.35
1469,815.01,808.04,502.73
1470,898.4,906.53,552.51
1471,994.13,991.36,596.09
1472,1035.34,1044.39,628.4
1473,1027.38,1079.22,652.61
1474,1036.42,1093.41,644.17
1475,1045.85,1093.17,639.1
1476,1074.42,1096.23,649.07
1477,1045.53,1101.82,656.76
1478,1041.54,1108.27,640.28
1479,1074.89,1128.11,654.58
1480,1111.92,1153.04,688.21
1481,1171.45,1203.06,713.21
1482,1214.28,1243.46,753.73
1483,1207.82,1231.31,745.63
1484,1165.06,1193.54,715.99
1485,1079.3,1085.55,664.6
1486,1005.19,1001.9,620.61
1487,904.69,916.89,573.86
1488,854.3,852.36,552.25
1489,814.0,818.38,533.2
1490,786.91,790.89,518.22
1491,776.24,777.9,528.44
1492,780.64,807.17,541.45
1493,811.32,860.0,570.85
1494,889.42,951.91,618.32
1495,958.19,1042.21,660.57
1496,1003.85,1082.4,674.94
1497,1010.86,1129.07,679.76
1498,1032.0,1148.41,696.69
1499,1028.4,1146.91,706.07
1500,1023.38,1126.26,699.62
1501,1008.07,1121.85,690.67
1502,1027.77,1119.76,687.57
1503,1043.81,1110.42,699.87
1504,1072.67,1148.04,711.52
1505,1131.41,1197.29,747.03
1506,1142.83,1247.55,775.48
1507,1135.09,1242.55,760.15
1508,1115.48,1179.02,740.17
1509,1047.15,1111.85,689.55
1510,967.38,1018.67,627.73
1511,892.45,927.68,580.23
1512,912.91,936.5,588.51
1513,847.46,903.1,561.82
1514,809.56,876.56,539.1
1515,802.62,878.9,536.8
1516,807.55,908.27,557.26
1517,865.85,945.98,576.79
1518,949.9,1003.63,636.2
1519,1012.94,1108.92,686.62
1520,1040.94,1149.96,737.11
1521,1027.9,1160.6,760.63
1522,1039.95,1164.06,768.2
1523,1052.58,1170.25,762.57
1524,1051.72,1189.88,752.26
1525,1061.39,1180.8,750.32
1526,1081.82,1198.95,737.08
1527,1092.99,1216.72,731.82
1528,1097.21,1245.98,752.85
1529,1162.33,1297.16,789.12
1530,1216.5,1351.73,820.78
1531,1214.18,1351.94,809.05
1532,1178.64,1306.61,782.23
1533,1089.58,1217.6,724.44
1534,1032.74,1123.6,673.05
1535,935.6,1034.36,617.6
1536,889.71,971.41,586.68
1537,829.67,910.43,565.29
1538,800.63,877.94,547.0
1539,807.18,863.66,534.95
1540,816.46,882.02,530.83
1541,869.63,941.87,545.3
1542,960.21,1018.35,599.4
1543,1046.9,1102.63,654.01
1544,1109.42,1143.66,673.13
1545,1128.25,1177.98,680.57
1546,1114.97,1181.73,702.22
1547,1115.95,1187.12,717.74
1548,1125.29,1167.27,707.29
1549,1121.14,1164.28,697.76
1550,1100.63,1162.95,702.52
1551,1103.28,1165.89,704.87
1552,1129.28,1197.19,719.2
1553,1179.47,1272.23,751.27
1554,1203.49,1302.35,790.54
1555,1187.48,1279.29,796.31
1556,1129.27,1244.67,755.38
1557,1072.07,1167.44,712.08
1558,1002.12,1086.28,657.2
1559,918.28,999.86,594.9
1560,861.71,944.53,560.18
1561,823.21,894.71,525.3
1562,795.73,880.69,520.39
1563,776.01,880.9,524.03
1564,779.54,903.19,528.54
1565,816.98,936.16,552.26
1566,888.76,1044.86,615.85
1567,976.15,1133.4,681.81
1568,1030.87,1168.76,700.45
1569,1033.78,1188.9,713.29
1570,1048.93,1211.69,719.94
1571,1060.55,1229.96,720.36
1572,1069.66,1224.7,724.26
1573,1063.1,1223.54,711.54
1574,1046.97,1223.69,707.45
1575,1044.31,1225.46,714.25
1576,1080.21,1248.93,722.27
1577,1151.26,1312.8,738.14
1578,1162.77,1357.2,776.01
1579,1163.88,1322.6,764.08
1580,1135.69,1278.09,752.76
1581,1065.03,1189.41,722.92
1582,992.57,1117.81,662.75
1583,903.47,1005.74,624.31
1584,851.32,948.31,595.15
1585,795.57,894.43,561.0
1586,754.73,861.54,529.46
1587,758.24,845.96,527.11
1588,761.92,876.93,534.37
1589,801.19,924.73,565.42
1590,869.6,1007.51,620.13
1591,936.22,1075.26,667.18
1592,979.28,1097.96,691.8
1593,995.29,1115.26,712.33
1594,1016.71,1120.33,716.5
1595,1038.79,1131.49,720.7
1596,1048.58,1102.22,707.91
1597,1046.59,1095.23,703.08
1598,1072.52,1114.64,694.49
1599,1071.41,1152.66,710.82
1600,1105.39,1160.31,725.77
1601,1177.7,1206.06,758.31
1602,1242.1,1239.94,808.12
1603,1211.57,1236.54,798.58
1604,1157.03,1168.57,760.27
1605,1104.49,1123.01,717.63
1606,1026.51,1039.45,647.89
1607,943.26,953.09,603.46
1608,885.7,921.4,576.91
1609,839.33,877.63,552.27
1610,821.61,860.62,516.27
1611,809.01,842.45,508.79
1612,820.18,840.54,508.39
1613,865.02,880.09,544.18
1614,944.47,997.41,607.5
1615,1038.36,1097.73,666.56
1616,1121.02,1148.04,684.68
1617,1118.44,1157.68,712.27
1618,1133.99,1183.29,717.3
1619,1134.52,1175.65,740.56
1620,1142.93,1154.45,742.51
1621,1132.63,1137.84,739.3
1622,1143.01,1168.59,734.62
1623,1169.74,1208.61,753.68
1624,1204.88,1236.56,779.85
1625,1276.46,1284.01,828.6
1626,1283.86,1304.11,857.89
1627,1296.55,1296.08,848.03
1628,1244.12,1243.93,814.89
1629,1178.01,1177.5,773.73
1630,1069.14,1098.79,719.59
1631,968.46,1003.95,657.71
1632,848.21,888.55,563.41
1633,806.15,837.99,539.7
1634,787.64,822.02,515.9
1635,786.67,806.23,508.47
1636,779.66,821.71,513.73
1637,830.05,868.85,531.05
1638,912.41,956.26,586.41
1639,992.21,1052.78,655.52
1640,1014.9,1075.47,679.04
1641,1041.8,1083.15,697.61
1642,1021.53,1091.11,722.13
1643,1041.23,1083.34,733.88
1644,1023.25,1079.86,726.03
1645,1016.0,1066.64,718.81
1646,1016.28,1086.43,720.57
1647,1042.84,1100.23,737.06
1648,1071.56,1147.45,765.74
1649,1113.2,1205.89,773.77
1650,1147.33,1241.11,791.57
1651,1157.21,1233.01,782.61
1652,1114.94,1190.25,738.46
1653,1039.51,1130.35,660.67
1654,956.58,1040.12,604.64
1655,859.93,933.31,554.56
1656,814.12,864.15,520.84
1657,758.65,819.84,490.16
1658,747.94,776.94,478.93
1659,740.59,786.51,475.68
1660,773.84,804.22,480.08
1661,803.84,840.94,515.03
1662,883.75,913.76,567.52
1663,985.91,1011.82,613.11
1664,1041.16,1040.97,630.72
1665,1052.17,1050.45,642.97
1666,1064.66,1053.25,659.7
1667,1074.26,1068.17,660.22
1668,1077.12,1079.49,666.27
1669,1057.1,1087.42,661.49
1670,1055.6,1102.84,678.45
1671,1045.22,1114.21,688.17
1672,1077.89,1161.19,701.89
1673,1135.07,1205.58,741.26
1674,1172.71,1221.58,774.51
1675,1140.35,1202.76,763.63
1676,1105.57,1141.0,719.96
1677,1040.53,1062.3,678.64
1678,951.69,970.41,626.33
1679,869.32,886.17,563.09
1680,863.96,910.65,573.74
1681,812.88,887.23,541.85
1682,788.62,847.27,518.67
1683,792.43,824.58,510.55
1684,798.02,829.76,526.67
1685,848.48,885.08,563.19
1686,928.56,973.78,626.75
1687,1017.94,1055.52,685.71
1688,1060.15,1112.98,719.01
1689,1094.74,1151.73,733.67
1690,1099.29,1164.77,730.61
1691,1089.86,1166.12,729.62
1692,1073.37,1172.5,724.58
1693,1059.02,1159.96,730.44
1694,1045.51,1158.65,739.79
1695,1065.33,1164.68,736.89
1696,1093.22,1214.74,758.59
1697,1183.23,1277.27,790.14
1698,1201.18,1341.34,816.96
1699,1197.23,1352.0,804.88
1700,1131.78,1299.89,783.45
1701,1056.42,1209.16,733.2
1702,979.35,1128.83,677.8
1703,873.06,1038.58,622.13
1704,827.41,1010.66,579.8
1705,809.69,962.38,552.31
1706,786.44,942.79,545.04
1707,780.76,930.87,546.95
1708,803.28,939.57,546.05
1709,845.21,983.53,564.07
1710,924.56,1082.97,621.1
1711,981.96,1185.62,686.77
1712,1034.68,1248.08,718.12
1713,1056.75,1273.57,737.91
1714,1056.29,1275.39,732.47
1715,1071.69,1279.52,734.41
1716,1066.9,1257.13,715.12
1717,1052.88,1267.18,708.09
1718,1064.61,1256.32,690.23
1719,1059.72,1280.16,710.73
1720,1108.83,1318.07,746.74
1721,1143.22,1381.07,783.59
1722,1178.08,1424.91,797.19
1723,1201.23,1396.62,795.23
1724,1167.81,1318.56,779.0
1725,1096.33,1258.29,733.63
1726,1000.76,1159.7,686.06
1727,912.1,1073.67,624.12
1728,860.42,1028.33,582.71
1729,820.38,970.56,553.79
1730,799.86,947.58,527.11
1731,790.4,932.89,535.26
1732,800.14,930.31,543.16
1733,828.63,975.22,577.46
1734,907.89,1078.09,631.22
1735,1004.65,1166.94,675.63
1736,1030.75,1208.95,716.24
1737,1051.81,1228.9,720.47
1738,1054.06,1270.08,730.78
1739,1069.22,1252.49,741.82
1740,1067.1,1258.32,742.3
1741,1079.97,1240.74,728.08
1742,1088.87,1229.91,726.93
1743,1083.27,1236.78,725.79
1744,1126.43,1281.76,754.74
1745,1169.76,1351.81,795.72
1746,1205.37,1401.28,823.89
1747,1202.57,1405.02,811.2
1748,1145.59,1361.03,795.93
1749,1087.15,1283.07,733.15
1750,994.69,1172.74,663.62
1751,905.71,1077.46,607.62
1752,846.8,1021.67,572.25
1753,801.84,960.2,552.16
1754,794.41,916.71,542.31
1755,791.65,882.16,535.27
1756,820.34,894.75,545.55
1757,887.46,945.26,577.28
1758,963.38,1024.94,650.33
1759,1051.46,1132.97,710.19
1760,1079.5,1182.24,732.53
1761,1091.11,1225.15,747.81
1762,1094.22,1241.39,730.99
1763,1091.77,1236.36,737.86
1764,1079.42,1242.56,747.64
1765,1069.62,1239.53,745.34
1766,1055.76,1230.26,747.31
1767,1080.63,1220.16,759.58
1768,1101.55,1257.15,790.52
1769,1197.25,1300.24,839.53
1770,1234.21,1366.08,871.7
1771,1225.96,1347.72,858.76
1772,1155.21,1316.31,797.74
1773,1106.49,1200.66,754.84
1774,1035.0,1109.82,699.35
1775,951.09,1034.39,640.5
1776,879.87,967.01,598.78
1777,839.53,918.18,575.3
1778,807.22,890.47,557.91
1779,811.7,871.86,549.52
1780,830.6,886.86,555.7
1781,874.97,919.44,587.26
1782,934.16,1011.43,636.39
1783,1007.89,1111.96,698.33
1784,1060.56,1156.42,720.5
1785,1099.08,1166.37,728.5
1786,1125.07,1194.83,743.33
1787,1114.04,1218.34,741.21
1788,1118.8,1203.52,749.03
1789,1122.09,1174.31,742.3
1790,1099.61,1162.55,727.35
1791,1111.05,1184.65,746.85
1792,1147.77,1225.29,770.91
1793,1197.67,1297.15,810.24
1794,1213.36,1339.49,848.51
1795,1200.23,1314.41,854.81
1796,1145.59,1273.74,817.82
1797,1072.92,1185.83,769.6
1798,984.64,1097.69,711.17
1799,898.79,987.28,647.15
1800,787.69,863.58,556.6
1801,755.21,833.78,530.18
1802,734.5,806.47,524.31
1803,722.61,805.49,519.89
1804,734.72,793.87,519.23
1805,756.42,832.05,552.76
1806,839.8,916.0,604.65
1807,918.63,1024.35,642.49
1808,959.85,1053.33,677.06
1809,993.25,1085.95,682.23
1810,980.37,1112.94,703.23
1811,967.93,1114.96,718.55
1812,975.3,1111.39,715.23
1813,969.36,1104.37,710.86
1814,974.83,1085.74,729.35
1815,981.6,1092.53,742.38
1816,1021.83,1144.88,763.13
1817,1085.07,1207.94,821.75
1818,1132.77,1250.05,848.1
1819,1121.09,1242.42,842.22
1820,1046.08,1198.06,793.6
1821,991.92,1133.03,726.38
1822,930.95,1038.14,665.79
1823,860.47,968.8,608.36
1824,801.25,929.7,574.98
1825,769.54,890.26,536.67
1826,758.35,857.58,526.01
1827,762.69,835.29,513.09
1828,764.35,842.82,522.87
1829,802.33,887.7,555.4
1830,890.53,955.64,606.85
1831,971.77,1049.76,653.43
1832,998.39,1111.19,692.15
1833,1023.74,1140.93,711.68
1834,1040.98,1142.22,718.19
1835,1051.84,1142.17,735.62
1836,1054.21,1146.69,734.08
1837,1040.37,1133.73,719.79
1838,1058.4,1140.04,709.79
1839,1056.17,1159.35,714.5
1840,1078.45,1207.8,740.48
1841,1128.77,1246.12,785.94
1842,1181.15,1293.63,812.06
1843,1149.4,1276.39,814.13
1844,1082.31,1219.22,774.46
1845,989.19,1153.3,716.72
1846,914.8,1075.32,649.66
1847,827.83,999.77,590.59
1848,835.35,1019.34,589.93
1849,803.55,966.41,574.46
1850,778.43,937.11,561.8
1851,772.42,904.64,552.91
1852,781.57,930.75,570.69
1853,831.61,974.76,590.37
1854,921.84,1077.46,647.38
1855,998.48,1183.21,721.75
1856,1039.76,1212.69,748.77
1857,1076.22,1222.43,783.48
1858,1093.15,1256.9,795.4
1859,1085.81,1271.98,811.83
1860,1096.35,1261.75,820.37
1861,1072.55,1246.68,808.72
1862,1093.2,1261.77,800.82
1863,1118.41,1286.23,804.34
1864,1154.78,1298.51,815.38
1865,1210.9,1384.2,850.24
1866,1250.78,1447.15,878.03
1867,1250.03,1428.99,884.76
1868,1189.87,1345.34,848.93
1869,1117.05,1273.69,812.91
1870,1040.65,1179.14,728.65
1871,945.91,1059.57,655.96
1872,882.61,997.91,615.17
1873,827.48,983.41,593.87
1874,796.36,955.91,576.23
1875,769.2,933.03,557.62
1876,788.48,932.65,562.43
1877,850.14,1000.84,582.86
1878,951.86,1109.21,630.08
1879,1017.93,1226.34,703.89
1880,1070.41,1276.93,729.37
1881,1110.75,1316.7,744.83
1882,1114.84,1312.18,750.61
1883,1126.63,1323.29,755.02
1884,1099.26,1323.61,747.02
1885,1093.15,1327.37,737.0
1886,1079.71,1327.31,740.04
1887,1094.25,1326.04,759.82
1888,1105.48,1361.05,789.71
1889,1167.31,1393.45,813.68
1890,1226.22,1401.78,852.03
1891,1205.05,1402.7,848.36
1892,1138.0,1334.49,804.41
1893,1039.02,1244.82,754.08
1894,958.19,1158.87,699.45
1895,873.85,1077.69,640.05
1896,808.27,1023.38,606.85
1897,776.76,993.22,570.59
1898,755.35,970.46,568.48
1899,737.97,958.05,547.41
1900,745.75,970.5,558.03
1901,799.67,1003.68,589.27
1902,889.67,1113.74,652.25
1903,971.88,1178.03,704.56
1904,1023.34,1217.3,743.19
1905,1031.07,1241.08,755.81
1906,1044.77,1240.66,751.5
1907,1059.9,1245.69,748.38
1908,1056.38,1273.32,749.4
1909,1054.91,1276.17,727.89
1910,1047.05,1263.98,744.44
1911,1066.93,1267.79,760.81
1912,1107.79,1283.65,798.86
1913,1119.59,1355.0,851.19
1914,1181.56,1398.63,875.62
1915,1129.36,1353.67,857.34
1916,1076.51,1297.65,793.17
1917,1026.42,1222.61,738.92
1918,946.42,1141.42,696.0
1919,853.62,1044.3,630.54
1920,794.92,982.84,593.5
1921,770.35,957.45,560.63
1922,734.97,932.05,548.73
1923,740.02,926.72,549.71
1924,752.51,931.92,546.42
1925,783.06,988.03,565.88
1926,858.79,1066.93,634.27
1927,928.83,1157.09,697.91
1928,983.77,1187.75,724.36
1929,1017.43,1203.39,753.59
1930,1008.4,1234.99,747.83
1931,1017.52,1238.01,763.08
1932,1010.75,1249.47,761.7
1933,1023.19,1260.12,759.08
1934,1009.27,1258.67,736.94
1935,1045.17,1284.84,741.94
1936,1078.33,1328.39,770.44
1937,1115.49,1390.21,805.77
1938,1149.53,1450.22,847.09
1939,1132.32,1465.58,851.26
1940,1069.78,1387.82,803.99
1941,1007.97,1282.24,759.54
1942,919.04,1166.71,691.53
1943,821.75,1079.87,633.31
1944,773.86,1032.78,602.18
1945,722.92,974.28,566.62
1946,702.4,924.19,557.02
1947,689.8,904.36,545.94
1948,696.12,922.49,549.11
1949,759.32,970.0,582.8
1950,841.09,1069.05,634.36
1951,925.93,1158.58,684.64
1952,946.9,1221.55,722.52
1953,963.44,1250.31,737.8
1954,982.05,1270.35,731.93
1955,983.86,1283.71,747.23
1956,1002.27,1290.18,743.66
1957,982.1,1282.89,724.28
1958,984.19,1267.06,702.84
1959,991.75,1283.77,719.75
1960,1028.7,1331.6,734.06
1961,1073.52,1410.47,758.24
1962,1114.15,1464.79,794.23
1963,1107.21,1432.88,797.44
1964,1054.48,1355.51,756.75
1965,999.37,1261.46,718.38
1966,929.27,1165.24,680.54
1967,853.9,1064.72,633.52
1968,745.8,923.06,563.79
1969,719.96,866.14,537.61
1970,701.93,822.97,520.41
1971,692.46,782.15,512.7
1972,705.19,794.38,521.75
1973,760.93,864.49,540.49
1974,824.73,974.3,588.88
1975,911.04,1051.09,631.46
1976,928.56,1098.46,660.32
1977,952.92,1101.65,674.75
1978,984.43,1096.55,676.43
1979,1001.82,1093.56,690.6
1980,1005.34,1094.26,682.21
1981,990.03,1085.0,670.7
1982,991.91,1092.25,678.19
1983,999.85,1115.58,693.2
1984,1020.24,1145.74,706.57
1985,1066.12,1202.92,742.27
1986,1109.16,1231.74,761.98
1987,1091.08,1203.92,754.39
1988,1035.39,1133.65,723.68
1989,955.37,1075.45,682.94
1990,888.56,991.47,632.7
1991,821.77,889.56,581.55
1992,776.83,844.58,542.0
1993,749.44,794.06,518.43
1994,732.05,795.03,508.8
1995,726.83,781.81,506.36
1996,739.98,802.56,508.59
1997,778.63,859.54,541.37
1998,851.6,936.53,585.95
1999,955.19,1025.78,636.18
2000,989.28,1079.07,660.93
2001,1000.95,1104.82,664.33
2002,1016.4,1123.07,669.49
2003,1029.44,1117.26,679.0
2004,1012.02,1127.94,664.68
2005,1016.76,1112.62,656.7
2006,1015.66,1120.03,643.95
2007,1011.92,1146.06,669.76
2008,1056.99,1190.28,692.41
2009,1114.7,1252.15,727.3
2010,1136.69,1307.62,756.75
2011,1151.59,1307.2,756.96
2012,1109.37,1272.26,733.49
2013,1037.6,1189.43,674.09
2014,973.99,1097.95,632.6
2015,892.0,1015.34,588.34
2016,899.91,1024.66,596.6
2017,848.0,958.23,566.54
2018,830.84,938.74,531.44
2019,823.2,923.5,517.26
2020,832.88,921.89,528.88
2021,867.23,976.47,566.17
2022,954.34,1092.43,629.07
2023,1039.06,1167.75,686.05
2024,1064.27,1231.44,731.82
2025,1066.24,1217.57,754.95
2026,1084.84,1224.74,757.99
2027,1061.3,1266.12,784.43
2028,1066.06,1261.17,772.94
2029,1051.34,1250.68,751.34
2030,1070.48,1262.37,747.28
2031,1075.42,1248.15,747.59
2032,1116.79,1286.24,766.03
2033,1164.22,1348.3,810.03
2034,1208.66,1428.86,838.65
2035,1210.04,1394.99,831.38
2036,1151.38,1328.49,795.84
2037,1091.84,1230.51,724.53
2038,995.02,1121.69,656.72
2039,915.02,1043.2,599.92
2040,870.28,987.4,561.78
2041,834.2,933.58,534.36
2042,830.82,904.82,531.46
2043,811.28,887.9,524.94
2044,807.87,895.91,524.15
2045,840.06,929.95,547.63
2046,931.76,1022.23,617.27
2047,1022.45,1113.0,687.32
2048,1065.96,1151.39,721.59
2049,1072.3,1180.34,722.33
2050,1093.14,1198.87,733.03
2051,1087.38,1205.04,744.31
2052,1103.28,1206.13,745.02
2053,1129.83,1230.34,733.2
2054,1132.57,1263.78,730.62
2055,1149.06,1259.71,732.74
2056,1172.97,1282.28,744.31
2057,1199.87,1326.12,794.05
2058,1233.04,1393.66,832.24
2059,1206.13,1376.11,822.65
2060,1133.96,1321.54,790.78
2061,1085.67,1268.66,744.27
2062,1004.78,1169.51,705.94
2063,924.34,1079.64,652.31
2064,865.67,1026.26,620.8
2065,821.7,968.45,589.57
2066,809.95,954.85,570.45
2067,798.57,931.77,571.07
2068,813.94,958.54,581.66
2069,854.14,1000.66,604.93
2070,935.17,1093.44,667.58
2071,1002.71,1176.66,733.72
2072,1019.96,1212.1,744.13
2073,1038.76,1230.64,749.9
2074,1051.54,1206.86,760.04
2075,1046.58,1217.82,749.37
2076,1048.64,1212.9,733.66
2077,1041.64,1216.27,725.25
2078,1015.77,1224.99,730.8
2079,1017.15,1227.96,743.63
2080,1056.1,1258.57,780.44
2081,1114.73,1316.29,817.53
2082,1141.04,1391.59,842.75
2083,1137.6,1367.18,822.36
2084,1105.97,1298.12,783.53
2085,1048.25,1200.77,740.74
2086,967.44,1089.65,689.77
2087,882.4,1005.24,633.7
2088,824.78,955.78,602.11
2089,790.95,926.41,581.17
2090,773.99,915.93,566.09
2091,771.03,931.32,566.94
2092,783.49,942.45,568.6
2093,833.84,988.56,597.19
2094,918.7,1070.26,652.37
2095,1012.12,1178.07,717.66
2096,1065.17,1229.03,737.7
2097,1075.44,1263.44,749.06
2098,1062.36,1258.05,739.33
2099,1094.01,1276.08,752.4
2100,1097.39,1279.37,763.93
2101,1064.38,1269.15,764.41
2102,1056.06,1258.64,770.95
2103,1077.84,1289.5,784.96
2104,1105.99,1358.52,812.68
2105,1151.46,1401.41,854.87
2106,1214.49,1462.54,890.19
2107,1189.11,1399.3,873.64
2108,1127.32,1350.02,831.96
2109,1059.73,1235.81,778.16
2110,983.21,1133.88,713.6
2111,906.6,1023.11,640.58
2112,862.2,966.92,595.57
2113,822.01,931.55,568.18
2114,805.45,888.26,559.64
2115,792.01,875.01,552.05
2116,802.93,883.44,577.5
2117,845.99,951.5,600.22
2118,932.61,1054.21,662.71
2119,1026.24,1135.02,732.63
2120,1075.01,1177.9,770.75
2121,1095.78,1227.78,789.86
2122,1094.75,1252.24,804.89
2123,1105.56,1251.19,810.46
2124,1104.49,1248.66,822.95
2125,1095.73,1234.76,823.37
2126,1123.61,1228.34,812.05
2127,1125.5,1216.06,819.75
2128,1161.91,1243.84,825.74
2129,1229.23,1328.97,876.82
2130,1271.77,1372.61,907.26
2131,1291.97,1361.91,909.93
2132,1226.49,1307.69,865.88
2133,1149.27,1260.59,791.04
2134,1047.3,1163.26,749.64
2135,952.95,1079.78,684.88
2136,833.86,942.38,592.44
2137,799.2,893.68,569.12
2138,779.6,871.08,565.2
2139,778.42,851.78,554.09
2140,785.51,861.57,558.59
2141,821.34,917.4,587.29
2142,928.94,999.59,635.62
2143,1013.87,1091.18,685.92
2144,1043.58,1147.13,727.23
2145,1052.61,1158.65,738.21
2146,1048.57,1186.35,736.11
2147,1067.82,1198.86,737.56
2148,1060.63,1196.38,745.07
2149,1049.58,1156.33,719.39
2150,1046.47,1152.46,720.52
2151,1063.31,1170.64,747.29
2152,1080.78,1231.54,784.43
2153,1115.17,1297.86,823.27
2154,1156.75,1361.78,861.85
2155,1153.49,1329.51,862.97
2156,1105.99,1269.48,820.39
2157,1024.23,1205.89,772.49
2158,951.2,1099.63,722.95
2159,862.33,1018.33,649.54
2160,805.02,970.34,614.33
2161,756.76,924.84,583.97
2162,748.91,896.47,567.02
2163,744.05,873.49,557.17
2164,758.53,903.43,563.65
2165,809.0,956.61,592.91
2166,916.98,1054.6,657.54
2167,977.82,1142.86,717.82
2168,1007.58,1189.2,742.89
2169,1018.55,1213.53,747.55
2170,1016.9,1229.31,748.18
2171,1012.88,1249.79,755.25
2172,1009.1,1236.05,746.85
2173,984.83,1201.48,745.66
2174,989.62,1202.06,747.01
2175,1000.39,1187.9,761.61
2176,1035.74,1218.02,775.2
2177,1090.94,1267.93,801.34
2178,1137.88,1322.41,838.65
2179,1122.5,1343.41,830.17
2180,1100.61,1254.61,789.95
2181,1031.87,1207.93,743.59
2182,929.64,1110.17,688.97
2183,840.87,1020.25,620.07
2184,832.39,1019.1,638.03
2185,792.99,981.1,602.31
2186,772.44,955.93,596.71
2187,758.83,942.19,578.09
2188,789.18,932.33,586.46
2189,836.33,983.02,614.45
2190,927.78,1093.16,659.05
2191,1000.34,1189.29,723.73
2192,1029.51,1256.7,735.9
2193,1051.18,1298.51,747.83
2194,1064.28,1299.94,765.12
2195,1050.91,1336.46,767.16
2196,1050.18,1335.09,758.63
2197,1041.9,1321.03,758.73
2198,1040.67,1320.63,756.25
2199,1041.82,1332.6,759.8
2200,1066.79,1327.05,793.8
2201,1116.65,1386.23,818.88
2202,1160.43,1412.53,843.51
2203,1161.49,1429.88,845.3
2204,1127.58,1393.87,796.49
2205,1052.88,1317.15,762.31
2206,966.61,1209.86,700.92
2207,891.01,1093.64,648.35
2208,844.61,1025.46,617.91
2209,799.53,998.09,585.95
2210,787.05,963.46,567.05
2211,785.97,923.6,558.84
2212,808.34,948.32,570.62
2213,867.63,1016.27,593.02
2214,942.88,1138.85,642.67
2215,1027.2,1255.15,713.8
2216,1068.58,1322.54,736.58
2217,1087.19,1346.05,754.34
2218,1088.12,1323.56,759.6
2219,1078.51,1334.97,765.33
2220,1079.81,1342.87,778.31
2221,1059.59,1325.69,769.3
2222,1061.22,1320.94,765.38
2223,1061.67,1317.0,769.85
2224,1078.59,1338.0,786.97
2225,1133.99,1431.3,817.03
2226,1178.2,1513.33,841.35
2227,1177.68,1497.05,851.42
2228,1157.26,1433.7,820.92
2229,1086.5,1324.53,764.9
2230,1007.1,1229.05,713.28
2231,909.68,1146.55,640.31
2232,841.79,1062.38,614.4
2233,816.45,1014.34,592.78
2234,786.39,992.68,591.62
2235,766.36,983.58,588.89
2236,776.76,1013.24,597.77
2237,817.31,1087.85,636.27
2238,889.8,1188.85,692.39
2239,968.25,1301.94,749.49
2240,1025.26,1352.3,777.87
2241,1036.1,1364.58,803.55
2242,1029.46,1377.79,800.93
2243,1053.55,1397.26,797.66
2244,1061.12,1395.95,798.16
2245,1043.79,1364.28,795.33
2246,1024.7,1353.42,787.03
2247,1027.17,1356.25,799.3
2248,1058.67,1379.09,833.47
2249,1126.99,1446.8,881.81
2250,1154.03,1503.52,913.88
2251,1145.24,1505.01,902.04
2252,1106.9,1422.33,876.94
2253,1007.51,1320.81,818.07
2254,944.22,1239.04,759.59
2255,853.75,1130.31,707.84
2256,808.22,1067.19,671.13
2257,773.05,1011.33,628.31
2258,765.06,996.88,601.25
2259,761.12,994.97,589.3
2260,749.57,1018.35,600.04
2261,783.13,1068.95,632.63
2262,865.35,1160.78,710.65
2263,944.1,1291.2,775.52
2264,991.87,1353.51,801.36
2265,1023.81,1368.63,803.85
2266,1043.15,1399.8,819.8
2267,1051.6,1399.68,824.6
2268,1028.94,1417.18,807.82
2269,1015.5,1421.08,798.16
2270,1023.27,1400.44,787.11
2271,1021.22,1417.82,789.38
2272,1061.82,1465.66,810.99
2273,1126.36,1572.0,838.72
2274,1170.02,1606.65,862.94
2275,1117.67,1610.28,847.5
2276,1055.03,1532.68,803.64
2277,1015.81,1408.83,743.61
2278,932.72,1292.42,682.48
2279,835.01,1179.12,618.91
2280,800.51,1097.68,589.62
2281,763.72,1044.78,562.96
2282,756.49,1026.02,557.16
2283,750.43,1011.88,562.52
2284,765.9,1015.79,574.1
2285,810.72,1064.43,606.78
2286,900.15,1167.75,672.3
2287,1009.41,1273.89,736.11
2288,1062.44,1340.46,765.76
2289,1062.14,1367.41,779.36
2290,1077.7,1354.85,776.32
2291,1102.04,1356.32,790.74
2292,1116.01,1356.69,789.26
2293,1097.67,1358.92,793.78
2294,1110.71,1376.13,800.41
2295,1130.96,1413.51,800.36
2296,1194.6,1451.15,833.54
2297,1235.23,1526.56,844.78
2298,1267.89,1549.63,893.79
2299,1249.02,1539.44,870.56
2300,1185.01,1450.33,836.46
2301,1095.86,1354.1,785.94
2302,976.71,1289.93,733.13
2303,889.9,1181.08,667.37
2304,781.77,1024.85,570.36
2305,739.33,976.48,540.1
2306,737.56,943.02,524.68
2307,727.43,918.03,504.98
2308,747.86,951.02,512.52
2309,788.51,1010.12,532.9
2310,874.4,1111.63,591.82
2311,955.17,1203.2,644.37
2312,1008.73,1245.1,688.18
2313,1026.88,1288.7,699.73
2314,1040.2,1301.31,710.3
2315,1051.87,1264.16,715.23
2316,1045.56,1297.66,701.28
2317,1037.76,1284.17,693.45
2318,1061.51,1285.54,700.56
2319,1064.72,1310.24,712.88
2320,1096.96,1350.6,730.94
2321,1160.52,1420.71,751.86
2322,1212.5,1459.16,785.79
2323,1197.07,1421.93,783.55
2324,1110.28,1361.15,757.44
2325,1042.99,1292.2,706.83
2326,935.11,1179.44,638.78
2327,869.81,1068.34,589.45
2328,817.46,1022.17,556.87
2329,784.82,964.66,539.02
2330,754.85,933.36,525.27
2331,730.11,915.31,517.97
2332,741.35,925.28,527.4
2333,779.19,954.66,550.99
2334,851.26,1042.82,601.38
2335,928.92,1140.51,655.5
2336,998.59,1190.8,675.49
2337,1026.01,1230.79,687.72
2338,1045.74,1268.32,711.68
2339,1062.73,1300.23,727.4
2340,1076.79,1310.06,729.46
2341,1059.98,1291.19,734.97
2342,1031.88,1278.32,726.65
2343,1037.14,1287.82,754.2
2344,1074.66,1330.72,769.9
2345,1109.61,1402.38,822.66
2346,1144.74,1458.52,868.51
2347,1123.86,1439.53,840.89
2348,1092.6,1385.25,815.3
2349,1029.86,1311.41,758.27
2350,954.76,1216.97,692.64
2351,878.31,1109.7,636.31
2352,884.94,1113.52,636.74
2353,841.46,1045.67,607.79
2354,806.7,1008.38,584.4
2355,774.5,996.03,576.86
2356,785.85,1013.25,592.52
2357,829.94,1046.88,624.92
2358,925.34,1143.22,682.84
2359,1026.59,1249.46,747.88
2360,1086.29,1286.34,764.64
2361,1092.28,1318.14,771.13
2362,1096.05,1325.23,773.99
2363,1110.67,1325.89,788.26
2364,1140.62,1326.63,791.15
2365,1144.55,1319.9,787.45
2366,1154.14,1306.11,786.0
2367,1155.3,1315.19,785.21
2368,1172.31,1361.21,821.29
2369,1233.85,1411.82,851.24
2370,1257.66,1433.59,884.88
2371,1239.92,1396.37,874.87
2372,1181.41,1331.86,841.27
2373,1123.71,1229.56,780.98
2374,1029.05,1132.77,728.41
2375,913.72,1063.0,676.63
2376,862.84,989.84,644.6
2377,812.82,940.9,612.55
2378,791.53,944.29,592.27
2379,779.51,937.84,601.97
2380,786.62,947.07,600.99
2381,835.16,996.22,636.98
2382,901.1,1103.02,700.93
2383,976.75,1229.37,761.53
2384,1025.95,1272.27,792.37
2385,1038.49,1286.11,801.04
2386,1028.48,1277.78,810.62
2387,1048.09,1293.72,819.11
2388,1063.02,1273.03,841.59
2389,1052.12,1256.19,839.89
2390,1027.32,1244.8,840.87
2391,1047.45,1277.55,850.54
2392,1056.61,1308.66,888.58
2393,1112.03,1379.64,915.5
2394,1140.71,1403.02,941.97
2395,1116.66,1397.11,910.31
2396,1064.85,1319.5,873.52
2397,997.45,1232.8,823.06
2398,914.93,1173.03,748.02
2399,846.62,1088.51,694.21
2400,793.28,1028.61,647.91
2401,765.85,1017.82,612.11
2402,750.17,980.12,595.68
2403,735.04,980.33,597.01
2404,738.22,974.5,597.17
2405,762.82,1022.74,629.01
2406,845.02,1106.89,696.13
2407,920.42,1212.42,762.02
2408,932.74,1264.69,796.68
2409,949.03,1285.99,816.85
2410,951.47,1316.92,816.83
2411,985.57,1320.76,837.87
2412,967.57,1326.56,833.63
2413,944.62,1327.07,820.4
2414,963.73,1303.2,830.08
2415,994.54,1304.7,829.06
2416,1016.76,1344.63,853.18
2417,1059.38,1419.67,882.83
2418,1110.08,1496.49,937.87
2419,1071.3,1479.24,949.77
2420,1004.44,1409.28,902.88
2421,942.35,1305.77,846.24
2422,891.99,1209.79,776.87
2423,815.65,1104.26,705.53
2424,770.97,1041.08,664.25
2425,747.02,989.76,629.03
2426,749.51,971.45,600.24
2427,735.45,952.4,592.43
2428,746.38,956.62,598.35
2429,804.7,1013.35,630.39
2430,869.24,1074.43,690.93
2431,961.55,1166.24,748.73
2432,989.86,1200.58,786.01
2433,1012.19,1247.82,804.51
2434,1020.21,1256.22,823.01
2435,1019.23,1262.82,832.8
2436,1008.57,1265.71,828.07
2437,1004.64,1247.58,823.16
2438,1019.13,1244.98,802.14
2439,1028.69,1262.59,827.74
2440,1060.63,1295.84,851.53
2441,1119.28,1353.11,910.36
2442,1146.4,1387.82,929.93
2443,1148.38,1360.49,907.17
2444,1110.29,1307.97,868.93
2445,1072.55,1234.54,814.66
2446,983.62,1121.83,752.09
2447,895.02,1042.08,688.18
2448,848.37,998.54,643.25
2449,813.85,964.37,600.01
2450,786.84,945.16,585.69
2451,771.93,941.82,568.46
2452,786.55,981.32,566.23
2453,818.98,1029.14,593.36
2454,895.96,1117.94,656.3
2455,978.15,1197.68,733.09
2456,1030.64,1276.8,771.54
2457,1042.8,1330.86,798.79
2458,1029.43,1328.37,810.76
2459,1015.86,1329.52,819.94
2460,1001.78,1324.86,841.1
2461,978.22,1332.4,817.6
2462,979.48,1311.65,811.35
2463,977.14,1293.55,813.96
2464,1000.05,1369.15,844.06
2465,1040.57,1439.07,871.31
2466,1076.33,1498.85,908.54
2467,1090.33,1482.1,904.56
2468,1055.26,1425.59,871.04
2469,991.01,1310.39,820.61
2470,911.07,1197.05,767.57
2471,832.07,1098.91,699.88
2472,732.5,940.38,615.95
2473,703.65,893.27,578.94
2474,679.22,868.55,556.19
2475,672.26,856.08,558.55
2476,665.44,863.77,558.98
2477,704.87,900.37,591.07
2478,785.43,970.66,652.17
2479,856.01,1065.68,718.68
2480,914.46,1110.37,732.12
2481,923.84,1117.03,752.48
2482,937.1,1134.44,757.18
2483,947.26,1146.28,757.26
2484,947.52,1144.58,753.38
2485,938.48,1106.76,753.55
2486,941.13,1123.5,757.97
2487,961.47,1121.71,762.11
2488,1006.55,1161.67,771.93
2489,1053.42,1209.43,796.55
2490,1101.56,1253.23,831.37
2491,1082.33,1268.57,810.72
2492,1044.6,1227.31,773.86
2493,968.71,1170.47,747.24
2494,905.03,1087.23,691.42
2495,849.85,1003.17,637.17
2496,796.12,929.35,592.8
2497,736.72,883.27,554.85
2498,712.82,860.95,545.12
2499,713.73,865.66,535.4
2500,727.36,873.61,549.34
2501,767.03,924.92,578.16
2502,852.69,1022.49,660.99
2503,933.83,1133.66,714.67
2504,984.57,1180.22,745.31
2505,1012.3,1217.37,750.96
2506,1036.91,1204.54,766.03
2507,1047.47,1193.85,775.72
2508,1054.33,1162.51,765.67
2509,1036.62,1167.6,754.39
2510,1026.03,1181.38,765.22
2511,1052.78,1209.43,781.99
2512,1081.65,1236.14,789.83
2513,1138.11,1287.62,820.99
2514,1175.71,1334.86,866.83
2515,1153.53,1350.57,855.8
2516,1099.81,1320.57,818.58
2517,1043.13,1248.66,773.74
2518,964.38,1155.94,701.26
2519,862.99,1074.95,634.3
2520,867.63,1088.24,640.86
2521,839.92,1029.38,617.55
2522,813.63,1000.74,607.8
2523,784.15,975.52,603.49
2524,810.33,986.46,609.2
2525,857.04,1024.55,648.07
2526,939.02,1141.98,709.83
2527,1017.04,1254.1,777.52
2528,1069.65,1328.41,816.05
2529,1081.01,1327.63,845.52
2530,1102.94,1371.2,850.16
2531,1116.94,1357.41,852.05
2532,1116.33,1337.73,861.53
2533,1103.8,1315.64,862.88
2534,1098.12,1337.89,854.26
2535,1118.62,1354.65,849.03
2536,1135.87,1389.57,882.7
2537,1163.82,1440.78,904.22
2538,1211.9,1468.16,916.57
2539,1207.82,1477.87,904.64
2540,1159.09,1428.21,864.32
2541,1087.8,1359.21,797.67
2542,997.14,1258.64,736.46
2543,919.41,1115.72,675.45
2544,861.56,1039.64,633.1
2545,813.02,996.05,615.73
2546,787.75,967.18,601.45
2547,794.24,949.1,599.68
2548,786.78,950.13,595.87
2549,831.61,1014.2,615.36
2550,895.32,1123.55,679.78
2551,974.66,1234.59,756.64
2552,1009.33,1277.05,777.23
2553,1003.54,1306.84,792.78
2554,1019.06,1299.3,787.76
2555,1024.79,1312.07,787.98
2556,999.37,1273.15,789.48
2557,1002.2,1239.78,776.93
2558,1021.37,1239.8,764.66
2559,1050.37,1295.79,760.11
2560,1084.78,1306.16,764.94
2561,1135.36,1350.1,807.56
2562,1193.65,1408.03,844.42
2563,1204.97,1433.01,844.65
2564,1164.96,1377.43,799.85
2565,1076.17,1303.82,759.56
2566,992.79,1199.39,707.29
2567,911.85,1093.28,648.1
2568,837.37,1036.68,611.01
2569,800.0,979.79,576.93
2570,799.12,965.32,563.96
2571,792.34,935.16,567.91
2572,814.09,960.61,583.13
2573,855.76,1013.47,611.39
2574,937.41,1113.71,676.32
2575,1023.78,1192.26,727.5
2576,1053.25,1229.91,764.16
2577,1059.72,1277.75,771.21
2578,1083.61,1289.8,785.03
2579,1108.41,1309.83,820.07
2580,1092.54,1298.04,812.86
2581,1091.27,1288.23,830.77
2582,1087.02,1269.03,832.57
2583,1098.82,1286.99,830.73
2584,1133.28,1334.17,844.55
2585,1196.15,1405.64,905.9
2586,1235.95,1442.51,940.18
2587,1240.83,1427.66,922.88
2588,1186.5,1378.59,878.01
2589,1114.54,1290.31,823.81
2590,1014.5,1188.48,757.52
2591,948.51,1116.94,694.51
2592,892.36,1044.73,667.02
2593,851.84,1008.57,624.21
2594,811.72,969.64,610.89
2595,790.94,966.02,600.49
2596,810.46,988.33,603.3
2597,853.01,1034.42,641.23
2598,915.07,1121.86,691.63
2599,1008.02,1195.88,732.42
2600,1040.79,1239.39,764.54
2601,1076.47,1276.39,778.02
2602,1082.84,1274.59,772.6
2603,1092.98,1292.49,764.21
2604,1104.72,1271.95,783.39
2605,1079.61,1260.56,780.22
2606,1064.66,1246.54,780.24
2607,1070.56,1262.71,808.3
2608,1110.18,1295.98,840.28
2609,1141.89,1341.24,895.74
2610,1158.15,1383.8,912.7
2611,1159.29,1361.85,890.29
2612,1100.26,1286.96,856.62
2613,1025.16,1230.0,804.71
2614,924.46,1134.72,751.67
2615,840.52,1014.14,673.92
2616,791.13,956.77,640.66
2617,762.26,927.23,615.4
2618,736.31,899.19,604.8
2619,742.31,910.14,592.56
2620,746.12,915.92,602.72
2621,779.31,974.97,627.32
2622,874.15,1091.21,686.45
2623,955.99,1200.94,738.6
2624,989.08,1232.57,761.8
2625,1007.15,1246.33,774.49
2626,1033.88,1282.5,777.3
2627,1061.49,1285.47,777.73
2628,1049.9,1305.73,765.88
2629,1038.41,1289.34,777.81
2630,1038.7,1295.0,773.15
2631,1035.74,1287.9,784.02
2632,1064.72,1318.98,789.66
2633,1114.4,1369.85,841.32
2634,1169.8,1428.36,873.38
2635,1175.33,1422.67,861.37
2636,1118.29,1373.26,819.94
2637,1043.26,1281.42,776.4
2638,968.77,1171.39,690.74
2639,879.94,1078.92,627.31
2640,773.78,939.11,551.29
2641,734.37,908.95,524.77
2642,706.6,886.77,528.57
2643,689.03,873.81,519.79
2644,710.43,893.06,533.49
2645,745.86,941.3,573.88
2646,835.87,1016.21,635.65
2647,905.0,1097.11,687.09
2648,944.81,1162.71,704.27
2649,989.41,1190.59,724.75
2650,984.53,1179.89,745.82
2651,970.44,1201.06,756.8
2652,984.56,1196.33,766.39
2653,964.33,1175.58,779.87
2654,963.28,1162.69,784.4
2655,965.13,1194.5,779.35
2656,995.74,1202.23,799.85
2657,1029.94,1250.46,847.74
2658,1064.46,1303.68,872.5
2659,1061.16,1325.23,876.82
2660,1002.64,1280.79,834.85
2661,931.33,1189.75,781.79
2662,856.12,1122.25,715.63
2663,771.13,1012.42,654.39
2664,722.37,963.02,617.31
2665,689.59,923.93,574.72
2666,669.85,892.16,555.93
2667,660.16,890.35,539.8
2668,670.23,898.16,543.82
2669,701.16,955.68,566.64
2670,779.8,1028.97,630.69
2671,867.4,1130.3,695.77
2672,899.14,1174.05,728.52
2673,923.53,1217.85,730.95
2674,930.5,1231.09,736.66
2675,944.47,1264.19,731.43
2676,962.91,1272.87,730.22
2677,959.01,1259.12,728.99
2678,938.21,1271.63,737.49
2679,952.88,1296.08,748.24
2680,994.99,1340.19,780.44
2681,1038.07,1363.72,818.0
2682,1087.34,1396.42,843.45
2683,1068.11,1409.57,843.41
2684,1003.07,1328.22,813.61
2685,941.14,1258.42,755.49
2686,849.86,1171.1,698.5
2687,777.01,1063.13,636.2
2688,798.84,1055.07,629.69
2689,742.67,998.18,601.77
2690,713.36,999.65,576.91
2691,696.54,976.69,571.57
2692,707.37,981.11,568.45
2693,743.28,1021.54,593.58
2694,834.57,1143.05,650.23
2695,922.98,1244.69,720.83
2696,968.42,1288.2,746.43
2697,990.35,1339.04,752.02
2698,1005.53,1362.53,763.95
2699,1005.12,1360.84,770.23
2700,1016.57,1341.62,778.7
2701,993.61,1349.76,762.26
2702,1004.78,1350.99,765.23
2703,1029.55,1339.32,796.91
2704,1061.61,1349.74,817.2
2705,1108.44,1396.67,857.04
2706,1153.19,1428.38,869.75
2707,1103.81,1384.16,853.87
2708,1061.09,1311.59,822.28
2709,993.19,1220.07,767.46
2710,916.43,1125.16,713.85
2711,847.37,1060.2,657.45
2712,796.14,1003.31,610.99
2713,747.24,956.55,589.02
2714,727.71,942.28,565.51
2715,719.63,930.53,553.45
2716,731.08,951.31,563.28
2717,771.87,1008.23,605.15
2718,860.56,1113.98,657.78
2719,926.68,1260.97,719.51
2720,968.17,1329.06,751.47
2721,1003.71,1338.2,773.08
2722,992.37,1358.51,791.93
2723,1005.14,1359.26,795.36
2724,998.75,1368.05,804.74
2725,985.74,1333.14,808.83
2726,976.02,1316.89,824.34
2727,985.18,1338.24,835.04
2728,1038.63,1396.4,858.4
2729,1071.09,1472.23,891.33
2730,1094.82,1541.74,905.67
2731,1069.91,1535.55,893.79
2732,1048.58,1471.71,855.15
2733,977.7,1369.51,798.83
2734,903.0,1275.66,741.26
2735,824.18,1182.08,666.44
2736,766.95,1115.59,627.6
2737,729.08,1058.8,611.08
2738,734.0,1050.28,601.51
2739,737.09,1034.53,596.71
2740,739.15,1047.64,606.1
2741,784.38,1107.34,633.9
2742,854.15,1214.63,681.84
2743,912.16,1310.34,747.22
2744,963.56,1369.61,755.14
2745,997.5,1394.71,767.55
2746,1019.98,1437.27,775.53
2747,1023.54,1461.35,779.27
2748,1021.22,1447.87,800.57
2749,1020.3,1443.16,809.65
2750,1024.43,1444.96,818.13
2751,1028.74,1477.41,815.59
2752,1037.51,1506.56,856.72
2753,1088.0,1576.38,900.92
2754,1141.98,1626.76,920.64
2755,1115.63,1610.06,911.22
2756,1075.85,1520.97,879.56
2757,1011.43,1431.35,816.01
2758,941.09,1324.05,752.41
2759,870.23,1228.03,690.26
2760,810.38,1157.7,642.11
2761,755.6,1093.3,608.08
2762,731.75,1072.61,584.73
2763,730.43,1046.28,582.77
2764,735.42,1071.45,583.69
2765,767.96,1139.03,616.36
2766,826.69,1267.1,666.47
2767,923.3,1383.37,717.37
2768,972.16,1428.18,737.23
2769,1000.99,1454.1,750.6
2770,1022.2,1470.3,761.06
2771,1038.3,1470.71,773.19
2772,1034.16,1489.22,757.33
2773,1021.29,1479.84,750.26
2774,1015.33,1460.12,744.97
2775,1056.77,1501.83,759.37
2776,1092.08,1541.32,780.41
2777,1134.53,1588.06,817.95
2778,1179.22,1624.82,841.15
2779,1153.11,1634.92,854.25
2780,1120.89,1591.71,805.3
2781,1039.37,1501.69,751.88
2782,962.64,1399.67,695.99
2783,890.82,1293.09,636.71
2784,839.01,1223.77,596.65
2785,796.99,1162.47,556.02
2786,774.81,1133.76,538.9
2787,762.39,1122.25,527.29
2788,765.79,1122.37,548.36
2789,800.52,1185.62,595.56
2790,894.58,1318.87,655.58
2791,972.61,1428.19,703.74
2792,1001.96,1475.51,741.4
2793,1014.39,1506.21,748.23
2794,1036.48,1503.4,751.96
2795,1053.03,1489.94,755.05
2796,1057.79,1504.65,752.28
2797,1042.27,1477.44,743.81
2798,1047.17,1473.15,733.57
2799,1047.27,1472.78,736.71
2800,1072.43,1533.51,770.98
2801,1133.6,1615.65,809.12
2802,1183.68,1663.19,841.78
2803,1157.58,1621.85,813.21
2804,1094.42,1541.58,790.56
2805,1024.97,1450.06,736.13
2806,963.48,1337.34,691.12
2807,861.1,1223.53,635.76
2808,754.54,1075.9,555.54
2809,705.42,1030.08,518.61
2810,682.05,1000.68,521.23
2811,670.31,990.27,520.51
2812,676.12,989.68,533.74
2813,707.6,1070.62,574.66
2814,779.22,1170.23,633.53
2815,845.32,1275.95,701.85
2816,865.8,1333.91,726.05
2817,893.61,1350.24,746.29
2818,912.14,1360.03,747.05
2819,931.38,1369.74,749.14
2820,914.39,1352.18,749.58
2821,910.14,1343.63,730.77
2822,918.66,1315.49,733.8
2823,916.52,1354.52,738.14
2824,944.21,1403.81,741.38
2825,988.05,1476.97,772.72
2826,1047.67,1495.67,798.18
2827,1062.58,1467.05,801.07
2828,995.37,1425.11,769.77
2829,959.74,1396.68,734.16
2830,874.39,1300.47,681.33
2831,809.23,1199.56,619.61
2832,768.06,1135.31,584.55
2833,720.78,1065.02,553.73
2834,705.44,1045.06,542.83
2835,694.23,1014.45,536.04
2836,707.07,1010.5,539.04
2837,745.07,1045.45,567.63
2838,829.57,1160.82,628.03
2839,903.72,1262.59,676.84
2840,937.5,1313.87,708.16
2841,966.42,1337.07,708.8
2842,979.91,1329.96,726.44
2843,994.98,1330.63,738.61
2844,984.57,1319.78,753.27
2845,961.08,1284.68,735.61
2846,953.06,1277.4,745.56
2847,954.03,1273.76,760.58
2848,989.72,1321.62,779.88
2849,1046.38,1395.85,811.84
2850,1079.83,1423.74,829.39
2851,1086.52,1408.09,808.89
2852,1053.08,1379.55,767.2
2853,985.83,1276.72,708.12
2854,898.12,1184.56,667.32
2855,835.32,1086.69,600.41
2856,841.0,1119.51,611.64
2857,798.76,1068.32,585.81
2858,773.05,1035.11,573.94
2859,753.2,1022.11,569.96
2860,748.83,1036.52,584.5
2861,793.3,1089.59,611.94
2862,863.48,1179.43,673.99
2863,975.23,1306.87,732.78
2864,1000.75,1378.46,775.56
2865,1004.09,1387.59,810.44
2866,1019.03,1395.97,805.7
2867,1046.09,1405.79,793.32
2868,1044.75,1386.47,799.06
2869,1039.5,1343.05,801.53
2870,1015.24,1334.53,819.6
2871,1015.87,1344.63,833.2
2872,1031.25,1361.73,869.24
2873,1054.93,1433.3,924.52
2874,1095.53,1510.93,969.89
2875,1057.4,1516.79,966.96
2876,997.1,1450.66,907.92
2877,930.26,1329.44,847.12
2878,851.81,1240.39,781.38
2879,787.05,1140.24,712.42
2880,745.12,1085.38,670.2
2881,718.93,1058.54,646.93
2882,708.65,1021.3,622.75
2883,710.33,973.29,618.22
2884,720.37,975.58,626.6
2885,761.67,1036.36,651.04
2886,843.5,1143.26,705.45
2887,921.94,1231.09,752.95
2888,955.87,1263.12,788.06
2889,971.41,1287.45,802.28
2890,971.73,1284.19,801.41
2891,987.22,1311.43,790.73
2892,986.78,1309.63,795.36
2893,970.1,1291.71,786.3
2894,963.29,1284.45,779.83
2895,959.52,1307.3,778.78
2896,1001.43,1351.3,800.0
2897,1050.73,1423.62,843.46
2898,1078.1,1483.08,871.0
2899,1081.45,1473.66,851.94
2900,1028.53,1395.39,815.88
2901,947.76,1299.06,775.34
2902,887.36,1196.77,716.26
2903,808.47,1129.72,657.17
2904,757.39,1052.27,618.51
2905,722.22,998.76,582.56
2906,715.0,977.57,562.04
2907,706.47,963.92,544.29
2908,706.08,993.16,561.56
2909,749.48,1043.7,595.81
2910,820.52,1147.33,657.2
2911,917.3,1267.36,720.72
2912,955.73,1352.04,754.89
2913,948.79,1403.23,763.86
2914,963.86,1414.11,769.38
2915,997.76,1426.56,773.52
2916,1016.66,1426.99,799.08
2917,1027.69,1415.36,801.23
2918,1013.64,1400.58,802.46
2919,1033.14,1430.38,822.96
2920,1052.25,1474.68,857.86
2921,1102.99,1542.01,881.91
2922,1123.93,1572.23,910.05
2923,1105.18,1560.38,901.23
2924,1048.49,1458.86,867.56
2925,992.77,1358.19,809.29
2926,924.23,1246.12,744.85
2927,848.61,1147.58,677.84
2928,784.26,1111.87,647.53
2929,743.24,1065.45,604.82
2930,717.84,1056.3,586.17
2931,716.36,1049.55,565.68
2932,736.27,1076.41,566.64
2933,784.26,1155.54,599.87
2934,854.03,1257.18,663.57
2935,900.83,1356.01,721.97
2936,919.0,1421.3,763.46
2937,955.98,1446.97,791.95
2938,961.64,1462.3,798.83
2939,963.23,1469.58,808.81
2940,984.46,1457.08,804.15
2941,990.5,1468.81,802.33
2942,990.56,1447.24,790.58
2943,996.44,1471.11,815.78
2944,1023.51,1520.29,849.95
2945,1074.29,1559.36,875.97
2946,1133.86,1597.84,898.19
2947,1128.49,1571.04,894.8
2948,1087.27,1513.06,852.11
2949,1030.31,1410.2,802.94
2950,935.47,1299.31,737.05
2951,863.04,1169.1,687.1
2952,807.0,1137.43,647.98
2953,744.0,1082.28,633.22
2954,706.42,1060.2,619.77
2955,689.31,1038.72,600.64
2956,704.48,1043.92,622.31
2957,743.7,1124.01,661.39
2958,821.02,1207.19,728.27
2959,918.15,1321.37,797.63
2960,941.77,1356.27,816.95
2961,960.93,1377.41,813.98
2962,974.59,1381.22,820.28
2963,975.71,1379.37,840.34
2964,976.9,1382.37,842.35
2965,949.41,1327.74,848.69
2966,967.73,1326.68,858.7
2967,969.78,1342.39,864.09
2968,1023.83,1361.53,897.68
2969,1071.13,1458.65,951.76
2970,1122.93,1503.45,980.45
2971,1111.77,1490.37,965.57
2972,1062.37,1419.04,921.37
2973,987.29,1331.59,836.37
2974,911.72,1252.41,772.04
2975,837.88,1184.72,711.12
2976,725.26,1051.16,623.66
2977,688.88,1012.83,593.98
2978,666.37,1006.18,576.9
2979,676.24,994.16,554.9
2980,683.91,1024.0,572.48
2981,732.45,1084.93,598.74
2982,802.53,1192.01,652.67
2983,876.85,1301.95,722.24
2984,897.94,1324.41,759.19
2985,910.41,1353.19,774.79
2986,921.26,1339.63,787.21
2987,947.25,1325.59,782.17
2988,948.37,1328.94,779.79
2989,953.02,1298.64,782.29
2990,957.97,1299.51,774.24
2991,982.92,1315.28,771.15
2992,1007.39,1357.04,792.98
2993,1079.76,1405.55,829.85
2994,1107.77,1473.19,864.78
2995,1084.84,1459.48,842.17
2996,1020.34,1404.07,780.65
2997,978.73,1295.96,739.71
2998,907.9,1193.73,673.47
2999,825.29,1108.88,612.66
3000,783.98,1060.5,563.51
3001,748.56,998.8,544.26
3002,742.28,966.91,533.51
3003,716.69,943.19,529.23
3004,721.34,949.06,538.88
3005,752.74,983.16,553.46
3006,807.05,1081.99,602.6
3007,889.56,1192.3,655.38
3008,921.57,1231.95,678.14
3009,946.01,1257.79,691.51
3010,978.74,1269.21,702.72
3011,980.84,1301.09,720.63
3012,973.07,1292.97,708.79
3013,962.28,1273.48,703.94
3014,970.4,1262.48,712.24
3015,970.5,1259.51,712.38
3016,988.65,1308.43,733.09
3017,1045.08,1370.63,773.9
3018,1084.14,1424.01,803.41
3019,1046.91,1437.52,804.85
3020,985.59,1399.41,771.94
3021,938.58,1284.82,721.04
3022,868.37,1196.21,656.4
3023,786.86,1099.55,604.31
3024,792.73,1111.99,615.35
3025,753.4,1063.07,579.14
3026,739.7,1014.82,569.72
3027,717.4,1021.49,572.11
3028,719.32,1042.44,575.59
3029,759.67,1086.29,601.24
3030,834.51,1187.5,656.21
3031,916.53,1269.95,702.34
3032,940.35,1320.7,752.55
3033,963.62,1342.15,764.57
3034,985.93,1336.14,765.23
3035,1000.71,1367.02,763.49
3036,1001.54,1392.67,761.95
3037,989.95,1381.11,750.23
3038,979.43,1378.09,766.53
3039,987.87,1401.36,763.56
3040,1031.51,1443.37,772.52
3041,1077.22,1492.64,817.45
3042,1103.09,1536.33,848.21
3043,1086.9,1520.84,841.13
3044,1042.24,1462.61,812.8
3045,971.5,1372.48,764.34
3046,901.44,1271.63,706.21
3047,830.6,1144.48,636.79
3048,788.65,1093.52,590.2
3049,762.07,1042.32,558.58
3050,749.85,1049.84,538.92
3051,730.45,1031.41,536.29
3052,731.28,1049.72,533.07
3053,768.35,1142.9,560.86
3054,839.97,1258.23,618.91
3055,903.45,1369.5,678.4
3056,936.23,1408.17,713.96
3057,949.88,1461.23,728.4
3058,952.01,1453.36,732.41
3059,958.56,1473.64,755.09
3060,973.61,1463.9,754.68
3061,966.98,1445.54,763.77
3062,996.09,1420.3,762.52
3063,1006.57,1457.79,771.73
3064,1030.82,1494.13,794.53
3065,1077.96,1540.79,836.06
3066,1118.76,1620.69,863.2
3067,1113.61,1596.51,858.74
3068,1089.74,1533.18,838.85
3069,1008.13,1449.72,796.35
3070,937.42,1343.66,744.09
3071,858.67,1197.52,670.31
3072,790.81,1141.7,624.01
3073,758.13,1084.65,595.87
3074,748.42,1052.69,586.65
3075,729.68,1037.7,575.57
3076,738.14,1031.39,578.73
3077,760.21,1089.61,620.33
3078,823.32,1179.81,688.17
3079,909.82,1284.91,760.1
3080,942.15,1343.69,787.01
3081,948.18,1391.27,797.39
3082,960.76,1392.22,814.22
3083,964.4,1432.99,818.98
3084,959.61,1450.12,812.61
3085,959.95,1428.63,795.89
3086,946.92,1409.78,791.31
3087,946.63,1399.57,808.07
3088,977.47,1447.23,816.39
3089,1036.98,1503.23,862.04
3090,1091.15,1582.99,885.7
3091,1073.15,1557.82,876.7
3092,1038.59,1475.56,838.01
3093,963.24,1388.24,783.45
3094,908.32,1271.59,720.93
3095,820.05,1166.93,657.49
3096,783.05,1118.37,617.22
3097,738.46,1066.55,597.84
3098,736.47,1041.79,583.22
3099,730.65,1031.56,575.15
3100,730.35,1024.52,578.74
3101,763.2,1085.56,606.9
3102,846.6,1198.14,663.27
3103,933.84,1323.01,731.72
3104,970.26,1389.11,756.06
3105,988.58,1413.74,750.97
3106,1005.52,1445.85,761.17
3107,1014.89,1454.34,767.99
3108,997.81,1458.45,764.47
3109,977.72,1438.68,768.25
3110,979.92,1446.54,743.66
3111,1003.03,1453.54,769.27
3112,1050.08,1524.83,804.2
3113,1106.61,1632.21,836.81
3114,1147.04,1703.85,863.73
3115,1143.98,1714.58,863.77
3116,1082.91,1606.4,833.3
3117,1009.87,1476.3,775.34
3118,920.64,1354.7,702.05
3119,829.56,1239.86,661.95
3120,782.25,1167.71,633.0
3121,745.03,1088.26,603.65
3122,731.09,1075.17,589.71
3123,725.11,1087.53,586.54
3124,735.7,1116.41,599.62
3125,778.16,1186.93,615.23
3126,853.95,1305.21,674.41
3127,934.41,1406.22,732.35
3128,963.33,1462.72,762.29
3129,985.46,1524.75,785.89
3130,1001.33,1528.65,776.88
3131,1001.36,1531.1,772.68
3132,1000.59,1546.59,768.04
3133,982.43,1547.45,764.36
3134,975.44,1527.45,774.44
3135,971.21,1533.32,799.41
3136,1014.58,1564.48,820.29
3137,1074.74,1635.34,868.18
3138,1118.79,1711.66,907.29
3139,1133.01,1676.96,905.28
3140,1078.72,1620.88,865.36
3141,1042.89,1515.63,806.17
3142,955.84,1431.53,734.01
3143,874.81,1310.92,663.35
3144,758.73,1146.7,585.54
3145,722.53,1094.1,557.15
3146,708.42,1058.28,540.63
3147,695.83,1019.97,538.49
3148,716.92,1028.59,544.72
3149,753.66,1077.54,567.46
3150,828.27,1161.48,622.97
3151,890.98,1265.21,687.45
3152,929.49,1284.88,707.75
3153,943.54,1306.01,724.8
3154,943.35,1323.95,732.3
3155,941.63,1339.36,733.38
3156,968.67,1333.51,731.9
3157,953.29,1320.43,711.97
3158,934.71,1308.93,714.84
3159,934.19,1323.54,711.15
3160,958.97,1364.37,744.05
3161,1008.61,1413.97,779.74
3162,1049.48,1471.74,803.64
3163,1046.46,1465.78,810.39
3164,991.29,1400.81,766.52
3165,930.18,1352.26,712.62
3166,847.62,1244.72,643.8
3167,769.59,1135.83,601.73
3168,714.94,1067.81,582.91
3169,670.21,1004.04,543.76
3170,661.69,987.24,525.61
3171,658.19,966.49,520.56
3172,674.24,973.32,525.4
3173,709.22,1018.86,554.34
3174,786.35,1108.63,610.46
3175,838.95,1185.33,671.07
3176,882.49,1231.09,692.12
3177,901.18,1273.58,709.57
3178,915.84,1292.27,708.19
3179,927.65,1333.02,713.47
3180,915.63,1346.61,699.91
3181,890.06,1342.77,692.42
3182,882.54,1373.39,690.18
3183,897.7,1383.78,708.53
3184,931.43,1423.52,730.97
3185,958.79,1488.55,768.9
3186,981.79,1568.55,798.6
3187,965.82,1552.5,772.63
3188,921.19,1471.46,722.96
3189,849.47,1385.76,677.78
3190,771.42,1264.16,630.82
3191,701.38,1163.97,578.74
3192,712.36,1187.04,583.54
3193,669.7,1125.15,556.17
3194,654.22,1102.31,542.31
3195,657.01,1067.4,543.36
3196,656.75,1083.2,558.08
3197,692.07,1133.31,585.31
3198,774.13,1288.92,645.78
3199,842.4,1405.97,709.44
3200,873.67,1451.71,745.3
3201,907.19,1454.8,778.12
3202,914.6,1490.93,786.61
3203,938.41,1497.27,806.81
3204,944.77,1481.77,795.93
3205,932.8,1472.59,783.1
3206,939.51,1482.86,763.66
3207,953.22,1506.83,774.82
3208,993.55,1548.54,805.84
3209,1033.15,1621.8,818.32
3210,1070.96,1682.03,852.76
3211,1061.26,1671.73,854.83
3212,1024.09,1604.52,825.63
3213,947.04,1518.94,763.26
3214,884.7,1398.76,712.99
3215,814.62,1266.21,654.52
3216,753.46,1192.55,623.72
3217,727.48,1142.73,593.36
3218,727.47,1088.42,581.85
3219,725.09,1050.74,582.81
3220,745.29,1077.03,589.47
3221,783.1,1154.17,623.06
3222,842.85,1249.4,696.06
3223,898.29,1364.28,757.91
3224,938.09,1413.94,778.7
3225,949.54,1437.66,801.16
3226,948.15,1457.27,823.0
3227,956.94,1448.52,842.97
3228,964.38,1430.04,848.72
3229,938.43,1412.98,816.24
3230,934.08,1412.55,809.74
3231,961.62,1408.57,811.86
3232,976.67,1466.66,836.03
3233,1033.9,1529.63,893.21
3234,1064.77,1578.7,912.63
3235,1063.06,1573.59,929.05
3236,1030.37,1505.22,883.5
3237,972.76,1426.35,818.95
3238,905.96,1301.87,762.49
3239,817.34,1173.47,705.16
3240,777.94,1107.1,669.62
3241,731.65,1056.48,630.14
3242,714.55,1015.71,616.81
3243,706.68,987.66,600.46
3244,719.5,1006.96,602.23
3245,759.45,1053.32,633.01
3246,826.05,1141.31,689.32
3247,886.07,1266.55,761.72
3248,932.71,1313.44,787.69
3249,953.03,1364.9,801.3
3250,974.96,1382.81,800.68
3251,982.74,1405.29,819.17
3252,965.45,1404.94,812.6
3253,966.98,1348.32,816.21
3254,961.99,1333.95,826.35
3255,974.75,1350.98,829.21
3256,994.48,1402.87,852.89
3257,1061.07,1440.25,887.19
3258,1086.33,1498.2,924.57
3259,1071.95,1470.53,913.93
3260,1026.2,1418.55,869.45
3261,947.97,1334.47,814.41
3262,877.99,1248.57,736.79
3263,819.6,1163.64,674.64
3264,765.29,1109.12,642.29
3265,730.91,1069.07,612.18
3266,688.48,1039.0,603.46
3267,679.68,1063.38,592.63
3268,686.7,1061.86,597.17
3269,716.32,1111.46,620.25
3270,799.63,1237.46,679.47
3271,869.48,1362.93,759.88
3272,904.54,1428.03,793.99
3273,919.24,1467.91,803.94
3274,907.47,1444.75,802.03
3275,905.37,1487.83,794.59
3276,919.08,1483.66,787.69
3277,888.16,1490.92,789.11
3278,882.48,1453.81,786.1
3279,889.82,1472.91,785.62
3280,939.66,1505.32,801.46
3281,995.52,1587.31,848.0
3282,1025.82,1650.42,879.21
3283,1035.71,1643.2,866.56
3284,982.83,1551.41,827.59
3285,933.23,1452.18,798.28
3286,847.2,1336.95,747.88
3287,787.48,1232.25,697.04
3288,737.3,1178.25,643.76
3289,693.27,1122.25,611.41
3290,674.83,1076.32,591.31
3291,669.41,1063.8,587.82
3292,675.21,1112.07,603.51
3293,716.86,1191.49,637.57
3294,783.91,1263.03,693.72
3295,863.1,1378.32,750.84
3296,904.95,1451.05,788.37
3297,923.09,1475.48,811.16
3298,927.86,1480.65,820.19
3299,939.56,1489.55,829.08
3300,946.69,1498.89,829.17
3301,961.48,1463.36,823.43
3302,971.41,1484.4,829.9
3303,990.8,1496.89,843.33
3304,1054.04,1522.13,866.75
3305,1105.98,1614.81,905.58
3306,1147.72,1640.8,935.86
3307,1142.72,1616.25,918.3
3308,1076.7,1536.23,869.62
3309,1000.07,1477.56,819.53
3310,914.63,1351.15,749.17
3311,841.93,1205.4,692.83
3312,732.79,1052.97,607.51
3313,696.55,1008.93,583.3
3314,685.61,993.82,572.14
3315,681.36,1008.65,569.53
3316,687.06,1038.44,573.01
3317,715.69,1093.9,605.31
3318,795.63,1189.02,670.63
3319,873.09,1320.77,717.17
3320,890.2,1367.49,761.48
3321,902.82,1382.08,795.77
3322,911.74,1387.34,809.86
3323,927.19,1379.03,822.47
3324,934.85,1371.38,824.98
3325,926.48,1354.79,811.13
3326,930.23,1367.37,807.44
3327,937.32,1374.18,821.6
3328,954.38,1392.52,833.18
3329,993.78,1430.42,859.2
3330,1027.49,1488.26,883.97
3331,1016.32,1479.28,881.47
3332,949.2,1407.49,833.03
3333,884.08,1312.69,776.83
3334,815.69,1219.1,714.7
3335,744.24,1137.6,646.01
3336,697.5,1065.33,591.74
3337,667.35,1015.67,556.37
3338,641.68,1002.31,544.73
3339,621.0,980.25,541.52
3340,627.44,994.01,552.6
3341,667.7,1046.72,586.36
3342,750.32,1133.93,640.27
3343,826.09,1241.58,691.76
3344,845.03,1295.65,724.69
3345,859.79,1332.36,737.86
3346,871.3,1327.13,754.02
3347,881.88,1342.34,765.06
3348,887.74,1367.32,776.89
3349,869.4,1389.11,764.63
3350,870.41,1409.19,774.03
3351,883.61,1401.35,799.45
3352,918.16,1448.54,821.29
3353,951.43,1506.27,862.86
3354,981.38,1564.45,882.16
3355,941.44,1535.72,882.24
3356,895.28,1438.57,853.16
3357,834.68,1342.51,792.34
3358,761.87,1250.45,734.16
3359,701.3,1149.75,672.9
3360,710.4,1174.01,684.29
3361,658.24,1119.71,655.31
3362,645.75,1096.21,640.46
3363,631.98,1088.28,629.17
3364,647.09,1098.53,641.83
3365,672.35,1157.01,682.0
3366,743.03,1298.53,742.93
3367,810.86,1416.9,807.98
3368,851.34,1474.55,822.38
3369,872.86,1503.75,842.98
3370,881.45,1512.52,861.5
3371,875.45,1517.6,865.04
3372,862.29,1519.99,864.34
3373,851.7,1494.97,851.89
3374,856.0,1491.46,846.37
3375,861.6,1491.04,855.37
3376,898.26,1536.03,870.48
3377,940.88,1618.94,907.48
3378,966.41,1671.84,928.9
3379,959.13,1617.25,926.87
3380,924.44,1559.59,888.35
3381,872.98,1463.28,826.83
3382,827.77,1334.0,762.47
3383,753.47,1234.51,696.01
3384,709.62,1147.06,665.52
3385,680.37,1106.64,629.08
3386,664.16,1078.19,617.07
3387,652.67,1035.35,603.23
3388,650.02,1053.62,616.77
3389,681.96,1105.49,656.43
3390,742.36,1210.01,729.99
3391,794.93,1310.76,808.09
3392,823.46,1366.75,842.15
3393,832.68,1389.12,868.56
3394,852.22,1373.62,890.03
3395,871.61,1415.13,883.9
3396,865.08,1414.7,875.01
3397,857.86,1392.04,849.48
3398,840.93,1376.39,858.29
3399,848.34,1408.79,849.63
3400,882.51,1429.87,854.76
3401,938.6,1504.9,882.71
3402,967.26,1552.37,895.36
3403,976.5,1534.23,891.89
3404,919.18,1452.24,842.75
3405,850.48,1354.81,773.96
3406,795.79,1255.49,715.48
3407,747.79,1158.3,657.14
3408,709.53,1087.4,607.14
3409,676.23,1037.57,574.34
3410,642.26,1026.81,561.3
3411,619.64,995.08,553.47
3412,632.06,1012.57,560.62
3413,665.25,1057.03,601.42
3414,724.52,1151.94,681.47
3415,795.12,1267.28,741.54
3416,833.47,1316.66,760.95
3417,864.42,1327.83,775.61
3418,877.52,1371.54,786.9
3419,902.85,1407.02,795.62
3420,905.0,1376.83,803.23
3421,896.93,1343.32,818.4
3422,910.77,1360.88,801.58
3423,909.74,1375.15,805.2
3424,970.54,1448.86,845.26
3425,1020.51,1533.3,879.45
3426,1061.56,1598.18,920.16
3427,1058.55,1567.67,919.24
3428,1034.31,1513.08,892.0
3429,975.7,1397.4,853.21
3430,881.43,1314.25,788.37
3431,819.62,1212.38,705.97
3432,766.17,1135.44,660.09
3433,728.57,1093.21,643.82
3434,698.24,1096.26,615.93
3435,692.84,1079.04,610.84
3436,696.0,1100.84,600.02
3437,733.09,1152.58,621.54
3438,803.2,1269.25,691.98
3439,895.94,1359.62,755.67
3440,953.42,1417.61,784.0
3441,970.55,1448.03,792.35
3442,978.41,1495.53,781.46
3443,981.37,1477.26,797.87
3444,991.88,1473.39,796.55
3445,976.17,1483.56,775.47
3446,969.28,1479.39,777.98
3447,987.89,1491.03,793.41
3448,1007.75,1519.11,816.02
3449,1052.34,1573.32,857.25
3450,1068.01,1595.06,890.06
3451,1066.72,1572.69,876.27
3452,1042.32,1489.63,840.6
3453,981.89,1401.52,795.98
3454,918.44,1283.62,744.64
3455,830.43,1172.3,689.03
3456,780.89,1104.85,645.12
3457,732.91,1054.16,618.79
3458,710.85,1023.77,606.45
3459,706.57,1000.2,593.34
3460,715.35,1018.95,598.09
3461,739.23,1091.62,635.17
3462,799.7,1206.35,710.4
3463,857.76,1309.48,757.86
3464,899.31,1366.02,805.49
3465,940.31,1361.13,832.52
3466,963.78,1377.75,841.65
3467,950.07,1389.55,846.37
3468,965.55,1378.44,849.38
3469,965.42,1357.96,833.88
3470,946.41,1357.22,831.48
3471,951.37,1395.0,824.34
3472,990.9,1461.14,830.53
3473,1042.6,1515.9,895.48
3474,1061.77,1564.99,928.01
3475,1059.54,1547.26,922.07
3476,986.99,1500.99,881.39
3477,922.0,1412.29,816.92
3478,862.48,1307.7,750.86
3479,789.82,1208.71,688.67
3480,686.36,1056.05,603.18
3481,659.89,1024.09,568.79
3482,650.11,999.14,557.94
3483,650.78,976.86,552.15
3484,665.01,988.8,562.39
3485,707.23,1058.66,597.1
3486,782.41,1159.56,655.28
3487,853.64,1281.17,713.28
3488,887.55,1325.11,756.16
3489,900.34,1340.15,761.99
3490,894.3,1366.04,752.02
3491,891.42,1365.73,765.08
3492,887.47,1381.37,759.59
3493,880.65,1374.97,743.0
3494,894.69,1361.09,752.19
3495,901.34,1374.48,758.76
3496,936.6,1406.04,769.28
3497,990.43,1479.97,825.82
3498,1020.41,1569.79,838.95
3499,1016.09,1549.06,831.91
3500,966.71,1491.26,778.26
3501,916.78,1396.37,733.0
3502,849.17,1287.92,672.08
3503,764.82,1176.81,623.34
3504,718.79,1099.94,589.16
3505,695.04,1050.89,570.77
3506,673.74,1020.52,553.65
3507,666.35,996.4,536.18
3508,677.4,1023.03,546.0
3509,702.52,1078.35,573.92
3510,775.42,1183.05,618.17
3511,830.32,1311.77,667.27
3512,857.19,1335.89,690.9
3513,884.26,1384.41,721.52
3514,895.02,1382.96,736.92
3515,898.81,1400.38,742.28
3516,902.0,1390.69,748.17
3517,891.09,1362.61,723.46
3518,889.72,1385.99,720.36
3519,903.76,1431.01,733.34
3520,920.25,1467.11,758.1
3521,962.36,1540.62,790.07
3522,991.74,1595.28,820.07
3523,963.81,1612.39,818.53
3524,911.63,1501.79,784.57
3525,870.19,1411.78,744.08
3526,805.85,1289.99,689.96
3527,725.9,1147.82,636.55
3528,720.42,1161.94,659.9
3529,685.05,1131.95,633.71
3530,680.95,1094.38,629.69
3531,670.51,1090.92,615.49
3532,690.24,1121.42,611.29
3533,729.14,1179.47,642.21
3534,805.87,1298.44,704.39
3535,864.42,1386.74,781.85
3536,910.35,1432.57,802.85
3537,924.18,1478.55,817.98
3538,942.33,1494.45,829.9
3539,941.42,1515.87,838.65
3540,942.96,1518.19,836.6
3541,937.29,1542.81,831.87
3542,934.9,1532.88,842.14
3543,947.93,1575.23,864.72
3544,971.42,1620.01,888.31
3545,1008.37,1725.58,919.35
3546,1064.22,1757.45,968.05
3547,1066.83,1742.59,945.82
3548,1009.74,1655.97,922.36
3549,950.69,1550.54,874.96
3550,868.01,1448.02,818.23
3551,783.09,1328.86,752.38
3552,745.33,1269.62,690.67
3553,694.14,1195.03,647.58
3554,684.09,1150.65,632.09
3555,672.85,1133.64,617.75
3556,680.0,1146.23,622.82
3557,719.3,1201.97,659.56
3558,796.53,1305.47,723.04
3559,859.92,1443.1,776.52
3560,903.4,1494.64,816.99
3561,922.26,1548.15,837.55
3562,916.93,1560.51,842.25
3563,924.16,1584.53,856.66
3564,939.9,1591.3,856.42
3565,948.93,1557.45,860.19
3566,955.49,1561.32,859.92
3567,949.76,1608.6,879.73
3568,981.8,1654.99,883.43
3569,1036.63,1745.06,928.27
3570,1080.9,1815.69,955.36
3571,1079.13,1800.08,936.32
3572,1034.1,1719.54,907.12
3573,965.15,1614.59,856.97
3574,881.97,1496.7,770.61
3575,788.5,1344.99,711.25
3576,743.99,1270.21,675.16
3577,708.67,1202.31,635.96
3578,694.44,1163.23,613.03
3579,673.76,1162.38,593.3
3580,687.78,1164.75,599.15
3581,741.09,1203.64,629.86
3582,814.45,1334.39,700.23
3583,886.28,1429.15,766.66
3584,924.98,1453.53,788.57
3585,964.04,1499.25,807.35
3586,959.49,1516.39,813.28
3587,969.04,1539.18,812.45
3588,958.1,1530.14,797.62
3589,941.37,1489.92,797.93
3590,939.73,1469.27,803.75
3591,962.83,1480.39,818.24
3592,1009.47,1501.25,835.15
3593,1059.17,1580.71,877.21
3594,1089.24,1630.67,894.26
3595,1107.89,1623.55,877.41
3596,1050.79,1558.68,841.75
3597,974.39,1468.78,792.67
3598,878.11,1364.7,717.74
3599,815.8,1245.62,650.46
3600,773.81,1180.23,613.12
3601,754.14,1126.87,592.56
3602,720.62,1066.29,573.05
3603,720.67,1063.08,568.35
3604,728.17,1081.04,579.43
3605,770.69,1147.54,609.61
3606,829.06,1243.72,674.63
3607,917.01,1353.91,725.26
3608,960.4,1393.84,751.52
3609,975.62,1438.66,783.25
3610,988.89,1430.11,807.65
3611,986.37,1430.97,824.9
3612,976.92,1445.34,836.42
3613,959.91,1423.89,810.18
3614,937.39,1411.31,801.6
3615,955.05,1446.48,807.54
3616,994.74,1509.96,857.13
3617,1030.64,1597.71,893.9
3618,1070.05,1674.27,934.41
3619,1055.73,1656.37,930.38
3620,1012.18,1581.72,893.36
3621,939.33,1470.7,835.79
3622,856.39,1361.0,759.47
3623,793.58,1239.7,673.02
3624,744.86,1166.09,646.39
3625,724.57,1119.21,610.82
3626,704.83,1107.59,582.26
3627,686.7,1098.65,579.17
3628,704.77,1137.4,591.15
3629,745.69,1186.15,629.22
3630,825.17,1275.61,702.36
3631,910.01,1404.5,757.97
3632,938.0,1449.64,781.81
3633,952.86,1474.61,795.43
3634,957.97,1458.09,812.61
3635,950.8,1458.46,800.17
3636,946.54,1434.33,803.24
3637,951.01,1417.19,806.38
3638,951.82,1414.74,816.3
3639,944.29,1435.0,831.9
3640,952.74,1504.42,867.07
3641,1017.04,1591.5,877.54
3642,1051.12,1617.89,928.09
3643,1033.11,1620.42,923.96
3644,984.44,1555.33,897.95
3645,905.24,1457.33,828.49
3646,849.81,1346.25,748.04
3647,774.34,1238.19,700.73
3648,688.29,1079.78,608.02
3649,654.53,1026.74,576.45
3650,647.95,1017.1,565.61
3651,640.28,996.14,563.52
3652,654.12,998.06,578.27
3653,692.8,1051.93,609.81
3654,765.68,1143.1,661.84
3655,836.41,1223.16,727.91
3656,866.62,1273.12,764.22
3657,901.14,1327.62,762.07
3658,897.69,1343.36,782.71
3659,904.01,1362.72,766.48
3660,901.84,1329.33,776.72
3661,895.08,1328.53,763.45
3662,888.41,1334.09,770.34
3663,898.3,1339.43,782.59
3664,920.33,1385.47,804.58
3665,943.81,1457.39,846.5
3666,976.58,1493.09,875.39
3667,954.64,1491.08,874.85
3668,893.95,1451.74,857.7
3669,839.07,1357.94,789.09
3670,778.96,1241.26,699.76
3671,718.09,1136.83,638.09
3672,679.91,1087.5,599.11
3673,631.61,1020.42,567.96
3674,605.7,1003.82,547.86
3675,613.31,984.08,547.59
3676,613.82,1002.42,546.17
3677,651.56,1049.78,579.37
3678,711.11,1149.09,643.45
3679,777.21,1280.65,705.53
3680,804.0,1312.63,740.01
3681,826.7,1349.93,763.97
3682,836.82,1394.86,771.95
3683,840.88,1420.92,776.19
3684,830.84,1398.34,780.87
3685,826.8,1364.5,778.83
3686,815.5,1354.09,786.69
3687,829.42,1372.79,777.56
3688,882.45,1419.02,798.29
3689,938.5,1464.36,825.04
3690,979.37,1503.63,861.07
3691,968.71,1479.55,861.54
3692,904.46,1416.52,821.36
3693,833.49,1364.2,762.46
3694,781.43,1245.82,708.75
3695,708.85,1129.47,648.15
3696,711.14,1133.48,669.08
3697,675.69,1090.6,649.44
3698,650.44,1065.02,639.15
3699,633.14,1041.88,631.12
3700,642.65,1054.17,651.62
3701,670.4,1101.98,685.73
3702,732.51,1221.1,747.99
3703,793.57,1381.95,807.61
3704,834.98,1451.08,832.71
3705,851.61,1479.67,847.95
3706,860.48,1483.32,859.58
3707,877.87,1474.83,852.22
3708,878.32,1491.32,847.01
3709,868.81,1491.51,840.57
3710,875.97,1484.42,846.47
3711,893.51,1522.95,853.62
3712,918.89,1567.88,880.0
3713,964.13,1657.07,906.79
3714,990.23,1722.1,928.75
3715,972.88,1703.13,920.39
3716,941.57,1610.18,886.13
3717,887.89,1505.66,832.08
3718,824.5,1403.52,759.57
3719,758.3,1277.42,693.91
3720,714.08,1212.85,667.07
3721,685.38,1138.67,638.4
3722,675.4,1120.68,620.4
3723,673.45,1110.23,604.44
3724,680.98,1108.74,607.29
3725,727.94,1164.69,639.62
3726,801.59,1296.68,706.27
3727,879.44,1393.34,775.95
3728,917.31,1433.73,811.98
3729,936.46,1463.41,824.31
3730,935.72,1518.97,827.24
3731,951.08,1521.49,856.1
3732,980.62,1531.41,849.65
3733,963.92,1521.72,828.09
3734,961.86,1510.99,811.9
3735,963.55,1529.21,817.21
3736,983.38,1565.23,851.66
3737,1045.49,1632.12,885.83
3738,1071.53,1657.44,935.01
3739,1054.07,1645.49,926.93
3740,987.82,1594.08,898.5
3741,915.83,1495.18,833.27
3742,827.15,1398.68,761.63
3743,763.75,1290.11,698.49
3744,742.71,1217.03,663.03
3745,702.43,1148.82,629.31
3746,670.24,1113.1,615.37
3747,668.44,1079.46,611.49
3748,671.06,1091.82,608.89
3749,717.19,1153.12,638.56
3750,785.53,1296.98,698.42
3751,849.89,1424.23,758.22
3752,883.12,1468.06,794.67
3753,908.73,1471.98,806.24
3754,914.56,1484.57,795.02
3755,917.53,1516.03,802.23
3756,915.19,1513.14,793.4
3757,892.52,1509.84,793.05
3758,897.49,1507.29,803.05
3759,887.0,1536.07,790.39
3760,908.98,1550.21,807.72
3761,962.08,1656.36,852.27
3762,1001.32,1692.69,869.59
3763,1000.76,1695.55,874.17
3764,956.99,1616.86,849.98
3765,909.27,1512.4,796.08
3766,847.74,1391.45,728.79
3767,779.87,1278.92,649.7
3768,740.86,1214.6,621.96
3769,709.86,1170.12,608.74
3770,686.9,1158.52,607.45
3771,666.26,1146.16,598.39
3772,678.08,1182.92,598.72
3773,717.78,1243.57,637.58
3774,798.78,1381.67,700.77
3775,860.48,1510.43,769.52
3776,885.84,1559.08,804.88
3777,908.06,1589.68,822.1
3778,915.53,1610.62,840.58
3779,903.17,1621.47,859.11
3780,907.74,1625.17,852.93
3781,879.15,1621.31,834.92
3782,870.13,1616.2,809.84
3783,895.07,1572.94,815.38
3784,942.34,1648.71,828.87
3785,971.85,1716.59,874.06
3786,1003.09,1758.03,903.14
3787,995.69,1718.01,894.55
3788,973.66,1636.14,866.02
3789,905.95,1521.49,815.99
3790,830.71,1391.14,752.32
3791,775.07,1264.25,703.93
3792,725.28,1202.56,669.99
3793,695.47,1172.88,633.87
3794,665.24,1153.24,614.75
3795,655.14,1151.89,612.43
3796,650.71,1160.23,621.83
3797,676.86,1221.15,645.49
3798,753.6,1348.16,717.81
3799,822.53,1457.21,794.49
3800,854.39,1508.72,838.17
3801,864.53,1553.26,868.76
3802,872.06,1586.6,895.8
3803,885.32,1600.41,918.85
3804,897.33,1575.49,918.44
3805,860.95,1553.41,903.74
3806,853.99,1525.78,881.93
3807,866.44,1542.22,888.18
3808,892.59,1591.73,916.81
3809,941.37,1660.59,957.48
3810,980.28,1725.07,967.76
3811,969.9,1718.67,954.8
3812,923.41,1648.5,919.04
3813,863.85,1520.86,848.95
3814,809.98,1398.88,783.84
3815,736.08,1288.01,720.81
3816,644.57,1152.55,639.99
3817,615.56,1091.96,619.81
3818,612.23,1070.31,599.76
3819,602.25,1066.25,591.78
3820,617.75,1076.55,599.8
3821,659.87,1147.17,634.64
3822,724.78,1277.25,700.63
3823,788.17,1412.14,774.65
3824,817.39,1474.24,783.18
3825,830.95,1539.1,801.19
3826,847.58,1537.22,811.94
3827,857.62,1583.19,815.81
3828,859.39,1589.27,792.91
3829,839.12,1589.49,784.26
3830,829.3,1575.81,777.24
3831,859.48,1598.11,800.51
3832,881.69,1661.4,826.37
3833,913.79,1709.36,855.88
3834,962.43,1759.01,864.3
3835,956.32,1695.33,863.48
3836,919.9,1613.4,833.01
3837,858.76,1492.51,777.8
3838,788.11,1370.06,722.5
3839,719.57,1294.4,658.62
3840,665.29,1241.11,629.13
3841,632.16,1156.92,604.94
3842,618.17,1130.6,577.35
3843,623.46,1121.88,560.08
3844,631.64,1128.4,581.8
3845,645.91,1186.22,618.72
3846,709.86,1304.63,669.7
3847,800.21,1397.1,716.61
3848,840.86,1434.7,748.74
3849,848.12,1463.84,753.45
3850,861.31,1477.37,758.69
3851,860.86,1476.95,766.53
3852,846.29,1461.44,766.58
3853,834.52,1444.87,770.59
3854,835.49,1459.2,788.01
3855,824.65,1470.45,790.6
3856,837.44,1540.27,802.13
3857,878.28,1596.29,843.82
3858,906.6,1654.76,891.13
3859,904.91,1631.4,878.45
3860,853.89,1569.44,848.2
3861,808.51,1454.08,785.55
3862,736.01,1370.39,724.32
3863,689.53,1228.07,653.82
3864,683.62,1270.62,663.44
3865,642.81,1207.68,630.3
3866,631.41,1182.13,618.78
3867,637.63,1182.15,623.54
3868,649.41,1206.42,628.23
3869,688.93,1255.67,645.12
3870,758.4,1387.32,708.14
3871,817.47,1541.54,775.65
3872,847.36,1584.23,810.13
3873,852.58,1649.96,824.85
3874,848.97,1666.82,848.03
3875,863.98,1668.41,857.04
3876,853.85,1645.97,855.34
3877,851.63,1621.4,838.76
3878,839.87,1581.13,821.11
3879,854.12,1586.55,833.17
3880,875.93,1625.52,860.34
3881,936.23,1678.45,889.42
3882,975.59,1753.59,921.7
3883,983.73,1732.88,913.14
3884,933.11,1644.24,867.72
3885,875.48,1533.5,805.72
3886,798.72,1420.62,748.3
3887,729.0,1302.02,684.42
3888,684.93,1218.58,641.96
3889,646.93,1161.24,605.25
3890,622.21,1131.02,590.16
3891,604.86,1101.06,590.5
3892,596.75,1112.83,600.86
3893,622.7,1180.95,631.51
3894,694.71,1308.91,698.33
3895,745.68,1424.31,775.49
3896,767.1,1496.36,812.82
3897,806.68,1508.29,831.65
3898,811.78,1506.38,846.07
3899,827.34,1518.01,852.22
3900,838.13,1547.8,853.73
3901,840.43,1536.28,840.18
3902,826.81,1531.37,824.44
3903,835.78,1575.48,836.55
3904,845.33,1614.36,864.73
3905,917.82,1733.93,902.24
3906,934.17,1782.14,946.58
3907,917.22,1743.53,930.13
3908,869.33,1663.28,870.9
3909,801.98,1551.96,809.55
3910,757.38,1417.09,733.66
3911,718.7,1338.52,676.49
3912,673.87,1266.36,633.58
3913,632.06,1209.25,611.75
3914,600.32,1169.92,604.31
3915,593.43,1145.16,590.27
3916,601.73,1173.31,593.14
3917,631.0,1209.11,629.84
3918,699.59,1311.33,702.38
3919,770.61,1426.62,748.1
3920,809.32,1510.9,783.72
3921,825.11,1533.55,779.03
3922,824.4,1555.97,783.7
3923,843.1,1570.9,805.13
3924,846.18,1594.43,837.7
3925,850.34,1547.93,827.65
3926,860.96,1561.26,815.61
3927,855.57,1571.73,819.43
3928,866.67,1634.1,845.11
3929,901.58,1692.3,878.59
3930,924.64,1752.45,901.16
3931,929.75,1734.45,890.7
3932,896.59,1638.62,858.34
3933,854.01,1511.04,803.71
3934,793.42,1385.21,734.68
3935,729.9,1272.29,668.86
3936,698.13,1191.15,629.46
3937,668.45,1130.23,592.94
3938,652.18,1077.38,574.53
3939,655.43,1061.27,573.86
3940,664.77,1092.62,581.65
3941,696.88,1162.75,600.51
3942,758.67,1279.67,672.15
3943,834.84,1402.38,739.57
3944,882.29,1447.84,759.05
3945,898.56,1509.24,773.39
3946,920.59,1563.37,775.87
3947,906.79,1580.68,793.43
3948,905.88,1628.09,792.31
3949,896.47,1596.42,786.64
3950,888.46,1570.64,787.32
3951,923.02,1571.28,782.51
3952,947.75,1611.77,823.06
3953,986.18,1733.29,871.26
3954,1020.86,1786.53,896.0
3955,987.32,1751.0,892.82
3956,936.11,1655.81,866.53
3957,887.83,1571.26,813.29
3958,812.85,1465.03,765.72
3959,737.35,1332.2,726.38
3960,705.67,1228.35,683.32
3961,682.24,1152.71,644.82
3962,668.43,1147.62,620.47
3963,655.53,1141.51,596.01
3964,662.02,1156.84,613.98
3965,689.92,1243.84,643.8
3966,749.92,1396.93,716.15
3967,808.28,1519.17,791.39
3968,836.67,1578.1,813.31
3969,843.87,1595.06,820.36
3970,837.34,1602.21,846.5
3971,850.52,1587.1,853.62
3972,855.47,1557.89,846.59
3973,867.57,1511.12,827.95
3974,861.57,1533.02,827.08
3975,874.58,1519.32,851.04
3976,904.53,1602.91,882.56
3977,944.92,1663.27,925.22
3978,988.82,1759.93,975.61
3979,990.23,1736.29,981.36
3980,951.1,1629.3,940.15
3981,887.83,1550.49,906.21
3982,815.46,1453.87,830.43
3983,734.71,1315.98,767.24
3984,637.33,1150.09,667.56
3985,602.56,1081.96,639.22
3986,580.02,1053.11,618.78
3987,577.04,1041.08,611.69
3988,594.75,1050.86,634.19
3989,619.86,1082.38,671.44
3990,685.47,1184.03,738.83
3991,739.36,1305.53,795.33
3992,768.85,1358.34,826.66
3993,779.16,1381.94,830.35
3994,794.76,1381.64,843.92
3995,797.29,1387.36,857.09
3996,809.29,1415.29,851.96
3997,800.32,1383.91,856.21
3998,795.19,1399.18,866.72
3999,791.95,1415.65,872.21
4000,819.6,1462.87,898.57
4001,869.6,1519.2,929.99
4002,905.23,1569.04,956.15
4003,923.49,1558.02,932.82
4004,898.46,1483.06,884.56
4005,837.5,1396.99,824.93
4006,769.04,1297.77,744.47
4007,707.91,1221.6,685.24
4008,659.08,1156.48,652.78
4009,635.58,1074.61,619.42
4010,621.41,1062.75,583.53
4011,614.47,1046.27,573.78
4012,626.99,1086.1,571.55
4013,672.29,1161.87,597.46
4014,739.25,1268.29,669.37
4015,803.55,1393.25,708.85
4016,849.75,1438.76,731.97
4017,873.76,1465.61,755.68
4018,876.29,1489.78,757.42
4019,882.28,1521.28,758.62
4020,881.78,1533.66,779.39
4021,874.48,1516.37,775.92
4022,858.59,1555.63,784.96
4023,849.82,1558.62,797.09
4024,864.35,1569.42,821.25
4025,893.99,1612.4,872.02
4026,918.91,1696.42,922.14
4027,918.53,1676.72,894.48
4028,876.94,1603.57,854.19
4029,823.29,1489.17,798.51
4030,748.25,1364.11,731.99
4031,681.97,1236.17,677.61
4032,695.81,1260.47,688.43
4033,667.11,1196.45,668.66
4034,644.51,1170.74,658.16
4035,637.73,1158.7,657.67
4036,663.86,1166.87,655.21
4037,698.12,1206.05,681.55
4038,761.09,1302.04,741.9
4039,828.33,1474.3,820.52
4040,863.67,1561.04,843.32
4041,879.17,1614.25,849.44
4042,887.37,1613.63,845.61
4043,880.42,1626.4,881.64
4044,870.79,1608.12,878.56
4045,862.01,1566.21,874.0
4046,861.45,1554.56,860.84
4047,864.98,1594.5,877.97
4048,889.5,1655.38,883.21
4049,933.39,1710.86,913.24
4050,978.93,1764.18,937.61
4051,970.25,1763.78,932.46
4052,933.5,1674.28,883.68
4053,868.93,1568.46,843.5
4054,807.84,1452.81,782.55
4055,743.61,1335.67,710.46
4056,707.34,1263.07,678.12
4057,678.43,1191.0,641.65
4058,665.23,1152.21,620.58
4059,655.1,1121.39,619.02
4060,665.2,1115.38,608.68
4061,708.32,1174.09,647.13
4062,772.07,1306.34,706.05
4063,835.16,1402.28,764.21
4064,871.27,1468.08,816.31
4065,892.43,1514.03,827.36
4066,891.6,1495.89,845.43
4067,899.11,1508.27,856.29
4068,897.81,1542.34,859.86
4069,865.43,1539.15,848.56
4070,864.06,1505.03,845.16
4071,871.8,1534.54,868.76
4072,896.28,1566.11,902.6
4073,955.7,1655.87,937.81
4074,975.62,1702.29,958.23
4075,958.46,1688.91,942.86
4076,888.57,1607.0,912.3
4077,829.55,1507.28,865.51
4078,763.79,1382.63,802.35
4079,697.28,1265.01,719.79
4080,667.93,1178.5,684.54
4081,643.93,1130.82,660.45
4082,629.25,1106.57,643.71
4083,619.22,1072.09,648.7
4084,636.72,1103.16,645.71
4085,670.86,1161.04,683.79
4086,731.37,1282.35,741.72
4087,782.18,1414.82,817.91
4088,812.37,1481.58,856.28
4089,838.84,1534.26,889.46
4090,873.01,1544.17,900.43
4091,882.66,1579.28,902.11
4092,874.94,1581.2,894.51
4093,854.8,1574.99,881.19
4094,862.08,1581.6,874.08
4095,852.63,1619.07,894.7
4096,885.31,1677.32,931.61
4097,937.8,1743.53,955.73
4098,977.67,1789.66,988.23
4099,967.49,1771.36,978.44
4100,932.72,1677.57,925.64
4101,875.68,1550.44,869.94
4102,800.41,1393.63,814.7
4103,750.23,1253.74,751.97
4104,702.94,1215.45,718.16
4105,674.83,1148.05,675.38
4106,638.3,1146.42,656.52
4107,640.36,1136.98,640.53
4108,660.47,1151.33,649.49
4109,694.97,1190.05,684.81
4110,768.97,1310.23,759.91
4111,843.55,1463.46,839.2
4112,870.98,1552.12,878.13
4113,893.38,1586.23,884.02
4114,892.58,1578.12,876.51
4115,894.21,1574.35,888.63
4116,906.07,1558.2,902.06
4117,906.91,1567.86,890.6
4118,898.19,1597.87,872.76
4119,898.26,1615.07,901.01
4120,916.68,1653.62,929.56
4121,967.92,1760.54,972.05
4122,990.12,1799.38,990.57
4123,985.96,1782.73,980.16
4124,951.48,1712.4,943.08
4125,889.55,1585.03,886.14
4126,829.98,1449.71,808.97
4127,756.61,1315.78,738.91
4128,709.79,1262.63,690.65
4129,666.94,1227.18,668.79
4130,657.77,1195.06,656.85
4131,642.83,1173.5,642.64
4132,654.06,1178.95,641.03
4133,687.68,1239.54,675.96
4134,746.74,1353.15,738.14
4135,808.95,1473.35,800.34
4136,857.47,1541.23,821.78
4137,876.61,1563.17,827.92
4138,874.32,1574.01,838.05
4139,886.4,1585.07,843.72
4140,884.99,1578.56,869.61
4141,913.2,1554.93,866.36
4142,914.6,1569.44,853.55
4143,917.71,1550.72,845.63
4144,958.32,1627.31,874.51
4145,979.67,1705.74,911.08
4146,1014.65,1779.02,959.1
4147,1028.32,1777.72,953.55
4148,980.15,1684.54,890.09
4149,897.61,1559.35,823.62
4150,823.26,1420.43,754.25
4151,766.42,1297.74,695.59
4152,672.86,1149.29,602.94
4153,632.78,1085.85,575.65
4154,610.94,1066.49,552.52
4155,598.54,1022.66,546.6
4156,608.99,1033.1,557.71
4157,650.97,1105.28,598.87
4158,724.03,1214.51,661.32
4159,792.66,1312.87,714.77
4160,811.42,1358.58,759.07
4161,813.86,1336.11,772.68
4162,826.89,1336.72,787.76
4163,821.13,1374.12,789.43
4164,819.14,1368.48,790.44
4165,814.59,1352.06,775.39
4166,803.6,1316.43,778.89
4167,801.98,1307.37,794.39
4168,825.39,1374.79,812.35
4169,870.61,1457.72,844.82
4170,914.42,1490.6,879.22
4171,913.53,1472.66,863.19
4172,874.58,1415.2,811.01
4173,811.56,1310.64,763.99
4174,739.13,1183.16,704.67
4175,673.35,1088.33,645.18
4176,637.86,1041.28,613.2
4177,609.85,1003.82,588.57
4178,579.45,994.06,572.65
4179,567.37,965.12,557.75
4180,585.04,983.46,561.45
4181,617.38,1036.27,596.23
4182,668.19,1143.7,657.7
4183,752.09,1249.58,713.38
4184,783.64,1295.94,736.88
4185,803.53,1275.61,758.68
4186,815.61,1316.66,764.99
4187,819.96,1342.16,780.59
4188,813.0,1322.29,789.57
4189,826.58,1325.03,779.19
4190,835.93,1323.65,788.44
4191,851.23,1335.68,797.24
4192,880.3,1367.08,822.63
4193,909.09,1448.62,838.28
4194,954.59,1491.48,858.72
4195,935.42,1464.47,842.94
4196,896.61,1429.46,804.7
4197,822.35,1341.12,756.15
4198,739.78,1239.77,700.11
4199,680.75,1150.19,644.53
4200,682.75,1160.76,649.01
4201,634.34,1101.51,623.77
4202,623.74,1081.56,622.09
4203,632.95,1049.85,611.36
4204,652.49,1071.43,614.73
4205,684.46,1121.17,642.14
4206,752.82,1252.17,707.87
4207,829.79,1380.18,768.01
4208,875.21,1449.3,783.99
4209,887.94,1451.96,786.89
4210,896.05,1469.17,807.45
4211,907.0,1465.92,830.29
4212,911.84,1470.91,847.8
4213,900.38,1418.69,842.2
4214,897.97,1397.05,832.28
4215,920.32,1441.6,836.51
4216,958.33,1497.48,845.78
4217,1006.12,1566.92,870.1
4218,1059.75,1610.62,906.6
4219,1042.52,1581.51,907.11
4220,1012.43,1524.66,890.59
4221,950.19,1428.02,833.62
4222,904.8,1350.18,756.69
4223,813.62,1237.8,692.95
4224,756.76,1172.55,652.17
4225,720.37,1099.12,617.57
4226,702.22,1070.16,605.4
4227,705.17,1062.71,589.37
4228,705.99,1075.63,599.53
4229,747.41,1129.36,637.48
4230,828.93,1252.32,714.58
4231,906.82,1397.36,782.89
4232,930.1,1461.46,826.04
4233,959.32,1514.98,837.82
4234,977.04,1543.32,842.91
4235,987.81,1580.01,865.01
4236,984.83,1568.5,850.38
4237,972.79,1550.15,838.27
4238,967.14,1547.13,850.06
4239,978.75,1573.46,855.91
4240,1002.49,1634.71,877.46
4241,1034.82,1713.23,915.57
4242,1055.11,1792.43,949.79
4243,1033.81,1763.72,954.0
4244,988.71,1704.07,922.04
4245,923.04,1613.23,862.58
4246,851.28,1497.49,805.0
4247,782.07,1371.07,738.97
4248,729.07,1301.8,702.62
4249,703.63,1222.99,659.05
4250,681.53,1192.63,654.26
4251,667.49,1179.26,645.78
4252,678.6,1174.61,632.29
4253,697.61,1242.4,678.22
4254,759.31,1345.2,744.9
4255,837.31,1459.65,807.66
4256,853.37,1521.25,834.33
4257,881.88,1538.08,854.76
4258,905.64,1555.42,853.25
4259,908.99,1572.38,855.24
4260,910.82,1557.31,849.5
4261,912.49,1554.26,838.58
4262,905.73,1540.54,833.71
4263,922.19,1600.29,851.14
4264,939.5,1643.4,878.69
4265,976.37,1695.44,924.08
4266,1000.51,1735.59,963.83
4267,995.18,1746.19,953.9
4268,964.04,1662.22,900.9
4269,899.39,1531.34,861.99
4270,816.11,1428.86,802.97
4271,737.38,1302.7,748.12
4272,697.63,1239.64,712.24
4273,678.18,1192.93,672.12
4274,663.06,1165.91,635.77
4275,650.5,1182.98,617.75
4276,664.41,1172.73,630.67
4277,696.41,1221.69,662.72
4278,761.71,1339.56,725.05
4279,820.79,1501.03,767.22
4280,869.03,1594.4,800.18
4281,859.0,1646.66,806.39
4282,876.14,1643.14,808.53
4283,879.65,1642.45,826.99
4284,875.46,1623.77,817.8
4285,885.17,1591.43,802.26
4286,877.14,1618.38,806.34
4287,878.31,1626.95,825.12
4288,902.46,1669.48,846.17
4289,949.66,1761.24,903.62
4290,978.42,1786.0,922.12
4291,951.86,1770.74,899.22
4292,901.94,1670.77,845.6
4293,859.48,1559.12,777.73
4294,794.14,1428.27,723.63
4295,731.82,1298.7,656.9
4296,687.18,1229.64,610.76
4297,648.82,1173.77,586.89
4298,645.77,1141.35,580.65
4299,635.78,1132.25,582.95
4300,640.84,1135.82,598.98
4301,683.68,1206.75,624.61
4302,745.29,1324.8,691.27
4303,807.29,1437.63,760.56
4304,841.39,1484.33,789.04
4305,858.56,1511.54,808.15
4306,870.02,1563.76,804.88
4307,900.78,1578.04,808.36
4308,903.4,1556.63,814.49
4309,868.73,1560.37,823.96
4310,872.38,1551.95,836.78
4311,881.31,1573.32,852.17
4312,907.24,1607.45,877.72
4313,952.45,1710.02,917.99
4314,985.99,1758.4,934.34
4315,976.76,1773.11,917.75
4316,941.08,1673.93,870.45
4317,875.13,1562.01,822.46
4318,797.92,1465.37,768.54
4319,757.85,1343.84,710.7
4320,657.21,1209.74,632.33
4321,625.36,1144.94,601.74
4322,598.05,1117.02,579.2
4323,591.05,1124.72,571.33
4324,592.21,1117.05,574.0
4325,620.38,1151.48,609.42
4326,691.66,1253.8,667.58
4327,758.92,1380.76,727.69
4328,795.78,1409.9,764.71
4329,794.21,1448.9,773.06
4330,820.37,1472.23,790.1
4331,816.17,1521.61,784.78
4332,831.36,1537.8,788.23
4333,832.72,1526.29,780.13
4334,837.28,1546.85,788.32
4335,835.71,1567.07,782.82
4336,860.51,1599.17,791.01
4337,894.82,1647.82,837.11
4338,926.46,1692.36,863.84
4339,915.13,1674.66,856.58
4340,853.71,1603.04,813.77
4341,810.91,1461.59,771.89
4342,747.23,1344.49,715.27
4343,680.38,1231.83,657.46
4344,636.57,1169.6,611.5
4345,608.59,1133.89,586.01
4346,586.83,1105.91,564.58
4347,563.69,1078.4,553.44
4348,575.48,1068.54,552.32
4349,610.89,1134.68,581.77
4350,671.36,1235.17,650.21
4351,723.15,1362.39,712.57
4352,755.81,1442.97,739.33
4353,758.42,1443.8,756.45
4354,758.1,1467.88,766.05
4355,760.75,1504.73,775.22
4356,771.93,1521.35,777.93
4357,763.3,1467.71,761.48
4358,761.31,1452.45,763.81
4359,790.4,1444.35,755.69
4360,818.22,1497.19,785.19
4361,861.3,1576.17,812.29
4362,889.06,1579.86,856.14
4363,876.11,1563.65,824.49
4364,816.69,1513.95,808.19
4365,776.45,1422.42,742.82
4366,721.75,1316.14,676.74
4367,660.69,1201.37,624.42
4368,669.08,1204.14,640.17
4369,643.43,1147.45,608.41
4370,615.73,1120.89,601.13
4371,604.47,1116.56,588.52
4372,605.27,1142.61,594.81
4373,653.48,1204.96,625.34
4374,727.92,1344.04,685.01
4375,773.52,1459.62,731.08
4376,792.38,1494.32,764.36
4377,809.58,1534.8,781.47
4378,815.25,1553.39,803.02
4379,812.01,1578.94,799.86
4380,835.9,1555.31,796.09
4381,833.29,1575.79,803.62
4382,840.14,1589.07,808.8
4383,842.55,1598.2,824.25
4384,876.6,1625.45,854.44
4385,914.72,1723.97,900.79
4386,945.73,1761.42,954.89
4387,946.46,1794.4,947.68
4388,888.37,1702.2,895.43
4389,850.49,1625.31,845.39
4390,787.14,1493.45,774.52
4391,732.9,1390.94,708.68
4392,681.4,1297.81,671.53
4393,641.4,1232.65,632.61
4394,616.87,1210.28,613.01
4395,611.9,1201.05,609.09
4396,621.67,1229.62,613.51
4397,651.7,1283.59,654.13
4398,709.16,1409.96,711.21
4399,763.18,1556.56,767.2
4400,796.98,1603.82,819.19
4401,810.56,1642.75,820.36
4402,813.93,1650.48,829.1
4403,840.99,1666.57,857.12
4404,842.01,1664.31,856.77
4405,849.0,1629.71,862.2
4406,844.5,1622.0,868.12
4407,856.58,1638.09,875.45
4408,881.83,1680.81,898.32
4409,904.92,1789.27,915.94
4410,956.19,1870.63,945.3
4411,947.56,1855.76,940.26
4412,915.84,1754.98,902.2
4413,850.34,1624.27,870.03
4414,783.63,1530.18,804.06
4415,710.87,1381.62,740.76
4416,680.9,1302.21,706.7
4417,650.69,1241.55,674.89
4418,637.22,1202.99,655.35
4419,639.37,1171.35,644.67
4420,656.49,1174.78,649.26
4421,696.46,1227.92,685.7
4422,752.28,1338.99,751.31
4423,813.39,1484.46,824.08
4424,836.96,1545.28,846.7
4425,861.6,1565.56,863.92
4426,871.8,1582.63,886.97
4427,865.51,1610.35,891.31
4428,864.15,1602.76,908.5
4429,840.93,1603.78,898.85
4430,841.81,1578.31,895.74
4431,833.95,1615.81,903.23
4432,866.01,1660.93,923.58
4433,912.72,1736.25,942.59
4434,969.45,1782.28,985.29
4435,971.46,1740.58,1000.22
4436,924.49,1632.12,959.4
4437,874.39,1516.17,901.35
4438,792.8,1411.36,827.17
4439,717.98,1279.05,765.41
4440,679.78,1185.27,719.01
4441,630.15,1117.73,683.92
4442,615.06,1087.38,652.61
4443,600.51,1072.03,638.79
4444,610.93,1088.34,649.0
4445,635.95,1164.7,689.12
4446,705.47,1304.6,764.5
4447,771.81,1460.82,816.85
4448,820.13,1492.26,834.92
4449,837.81,1508.0,856.93
4450,839.15,1538.64,856.88
4451,846.21,1546.78,873.97
4452,833.62,1565.42,856.34
4453,832.01,1555.55,847.12
4454,840.01,1586.42,846.83
4455,875.62,1621.19,860.07
4456,894.24,1687.25,873.8
4457,933.44,1754.99,893.25
4458,960.61,1813.43,928.63
4459,955.69,1789.43,927.94
4460,919.09,1679.78,899.47
4461,860.46,1600.85,838.89
4462,804.47,1488.36,781.45
4463,731.16,1355.91,719.87
4464,696.99,1297.06,689.25
4465,666.97,1222.76,654.55
4466,649.32,1164.34,624.19
4467,637.97,1162.84,615.57
4468,664.85,1159.74,624.57
4469,691.96,1218.08,661.62
4470,762.85,1343.57,714.31
4471,823.77,1472.69,776.87
4472,875.41,1549.46,818.55
4473,900.43,1590.37,834.15
4474,900.14,1614.89,839.53
4475,912.68,1613.52,867.74
4476,913.6,1618.05,856.19
4477,897.61,1572.71,860.55
4478,904.05,1602.45,870.35
4479,915.12,1589.91,875.39
4480,941.89,1629.06,899.34
4481,983.35,1678.5,940.03
4482,1021.5,1724.74,974.79
4483,1013.21,1712.67,958.68
4484,967.73,1629.79,911.81
4485,897.58,1550.24,849.91
4486,842.8,1435.0,780.8
4487,760.67,1307.63,712.46
4488,668.46,1145.88,607.96
4489,632.27,1107.28,579.98
4490,627.61,1090.86,562.29
4491,611.4,1061.48,543.01
4492,613.1,1067.13,549.41
4493,637.15,1130.58,577.27
4494,702.97,1249.43,647.29
4495,753.76,1345.98,702.85
4496,780.58,1415.96,739.99
4497,775.71,1429.16,769.11
4498,786.83,1467.3,771.34
4499,790.6,1490.93,779.29
4500,777.27,1470.31,796.71
4501,782.18,1447.39,791.24
4502,770.76,1438.74,794.69
4503,787.87,1456.96,798.24
4504,804.94,1496.5,827.97
4505,861.18,1545.93,865.84
4506,900.96,1576.04,876.83
4507,882.69,1577.0,866.12
4508,835.71,1516.71,817.22
4509,789.63,1424.38,767.49
4510,726.76,1320.1,700.88
4511,664.98,1201.23,646.93
4512,637.01,1136.98,611.16
4513,600.69,1116.85,573.22
4514,586.44,1103.19,556.29
4515,585.89,1083.97,554.55
4516,599.55,1090.83,571.0
4517,629.68,1108.7,595.02
4518,690.09,1237.34,646.64
4519,737.09,1363.63,724.18
4520,758.64,1411.35,754.88
4521,778.12,1415.29,771.43
4522,785.46,1410.73,772.52
4523,794.89,1435.18,782.94
4524,806.03,1435.91,800.06
4525,787.2,1436.54,794.64
4526,785.89,1439.6,804.48
4527,796.41,1472.17,811.82
4528,813.24,1521.87,824.39
4529,867.6,1608.98,855.65
4530,908.99,1624.31,874.44
4531,904.27,1587.44,869.94
4532,883.33,1514.0,845.06
4533,811.58,1439.14,792.72
4534,748.25,1359.2,728.32
4535,688.04,1242.03,660.66
4536,689.05,1249.84,672.9
4537,657.86,1161.15,630.67
4538,632.43,1145.1,606.58
4539,629.7,1123.4,606.26
4540,646.3,1181.03,612.87
4541,682.17,1231.45,643.49
4542,733.43,1388.35,707.25
4543,791.13,1525.6,779.44
4544,830.68,1567.41,814.18
4545,848.07,1601.32,823.49
4546,828.89,1629.7,825.24
4547,851.91,1638.61,832.45
4548,854.52,1652.39,836.81
4549,838.82,1649.04,829.42
4550,850.57,1656.8,829.14
4551,852.54,1668.6,838.68
4552,870.87,1689.76,863.46
4553,917.18,1764.51,896.14
4554,972.12,1828.78,942.26
4555,982.81,1770.81,929.35
4556,943.37,1696.82,891.25
4557,887.33,1586.48,814.27
4558,825.06,1440.23,750.61
4559,743.37,1314.33,679.43
4560,705.15,1235.34,634.34
4561,664.24,1203.79,624.08
4562,649.27,1175.6,610.88
4563,638.51,1173.9,612.72
4564,650.49,1186.67,627.62
4565,685.1,1220.4,668.38
4566,725.65,1353.65,733.01
4567,794.15,1464.82,814.5
4568,834.43,1520.03,855.63
4569,856.06,1531.32,871.58
4570,863.49,1549.33,881.27
4571,889.27,1586.23,886.8
4572,891.83,1604.47,885.88
4573,886.97,1618.58,875.52
4574,896.81,1649.32,878.1
4575,907.8,1622.63,903.07
4576,922.6,1644.48,914.02
4577,936.97,1683.84,967.74
4578,965.12,1759.16,995.78
4579,966.17,1730.27,999.7
4580,920.31,1646.69,950.15
4581,870.31,1539.64,891.87
4582,803.97,1428.55,819.15
4583,747.37,1285.74,733.63
4584,700.97,1195.41,704.92
4585,669.92,1140.05,661.89
4586,655.94,1130.3,644.64
4587,657.85,1116.8,627.47
4588,652.15,1122.29,625.33
4589,682.09,1152.0,656.69
4590,757.33,1286.72,717.36
4591,840.21,1394.11,771.93
4592,875.93,1435.13,804.78
4593,888.66,1436.64,806.93
4594,903.68,1429.88,817.85
4595,919.68,1432.9,826.08
4596,913.66,1436.41,802.13
4597,906.37,1407.52,791.84
4598,916.64,1419.62,799.49
4599,942.83,1436.74,798.83
4600,974.54,1530.04,830.32
4601,1016.67,1572.19,876.65
4602,1048.48,1639.3,898.71
4603,1042.29,1635.74,893.69
4604,992.1,1549.86,866.44
4605,927.8,1459.43,804.27
4606,842.76,1365.05,741.96
4607,781.17,1255.83,691.28
4608,724.26,1208.46,645.91
4609,683.87,1120.58,619.39
4610,665.72,1083.75,596.56
4611,670.7,1093.88,589.01
4612,674.37,1124.07,601.72
4613,702.62,1193.36,615.68
4614,766.34,1334.5,675.02
4615,850.63,1422.78,743.24
4616,855.43,1499.27,778.97
4617,861.47,1550.98,791.62
4618,898.1,1554.36,790.63
4619,911.39,1621.03,807.75
4620,897.94,1623.48,806.93
4621,887.7,1564.89,807.25
4622,887.31,1572.84,813.24
4623,903.73,1574.67,818.37
4624,948.14,1644.07,855.36
4625,994.29,1732.01,890.17
4626,1020.76,1780.35,937.37
4627,1018.83,1796.72,945.29
4628,964.3,1736.03,915.78
4629,890.35,1607.56,855.27
4630,803.2,1478.74,812.53
4631,721.62,1361.49,744.08
4632,673.0,1276.66,702.1
4633,631.68,1208.67,666.46
4634,619.05,1177.59,639.75
4635,602.8,1146.8,640.31
4636,588.14,1131.03,643.44
4637,613.34,1195.9,683.72
4638,673.73,1284.99,760.89
4639,732.71,1387.78,833.88
4640,782.43,1417.41,859.59
4641,794.72,1420.74,871.57
4642,814.82,1450.0,851.3
4643,825.1,1466.37,858.28
4644,827.11,1467.86,866.53
4645,812.81,1435.1,855.34
4646,814.84,1429.9,849.04
4647,817.29,1458.55,854.25
4648,845.63,1506.62,891.95
4649,885.28,1601.01,932.54
4650,908.75,1684.84,986.73
4651,915.7,1669.65,970.25
4652,883.06,1564.06,929.4
4653,824.15,1455.94,864.81
4654,763.45,1346.86,816.45
4655,700.03,1226.05,747.74
4656,608.17,1064.76,670.22
4657,580.57,1018.74,632.56
4658,562.67,1028.81,625.36
4659,550.16,1011.74,615.86
4660,547.75,1028.14,627.88
4661,576.32,1067.23,649.58
4662,641.32,1196.75,715.39
4663,695.89,1323.12,768.79
4664,751.36,1394.45,801.5
4665,776.39,1447.72,801.53
4666,797.65,1454.74,807.54
4667,813.51,1464.22,824.99
4668,831.55,1495.62,828.88
4669,815.02,1491.8,807.67
4670,789.78,1451.55,788.8
4671,793.86,1474.63,801.29
4672,823.33,1506.97,839.8
4673,864.07,1595.63,868.12
4674,898.5,1660.83,921.06
4675,905.4,1611.94,911.51
4676,869.65,1548.28,850.65
4677,821.56,1454.45,781.4
4678,748.61,1348.07,727.85
4679,676.35,1243.45,667.64
4680,649.95,1192.95,640.48
4681,618.54,1139.18,600.09
4682,597.79,1108.98,585.45
4683,585.36,1107.91,577.68
4684,588.57,1149.94,584.27
4685,614.51,1219.53,612.14
4686,665.96,1340.29,670.51
4687,714.17,1464.61,733.26
4688,743.97,1525.07,766.77
4689,755.08,1550.87,784.5
4690,775.29,1599.42,803.53
4691,787.17,1595.04,799.16
4692,791.03,1610.04,781.75
4693,777.31,1586.08,784.68
4694,777.52,1554.14,776.01
4695,789.96,1561.6,780.63
4696,821.1,1592.62,798.01
4697,859.26,1674.65,829.97
4698,902.51,1732.29,845.55
4699,895.0,1693.4,834.44
4700,864.44,1644.95,807.02
4701,804.46,1555.95,757.36
4702,725.85,1456.9,704.47
4703,667.67,1333.09,642.29
4704,683.19,1345.88,659.56
4705,654.66,1286.14,624.26
4706,641.14,1240.72,593.33
4707,629.93,1222.49,589.53
4708,632.16,1232.69,604.65
4709,670.21,1272.53,633.22
4710,741.11,1399.36,708.46
4711,802.96,1516.08,765.74
4712,847.78,1572.52,805.65
4713,855.26,1608.84,840.37
4714,857.67,1646.51,849.04
4715,883.53,1642.89,854.99
4716,892.15,1634.07,854.05
4717,878.94,1601.94,862.64
4718,881.24,1585.1,866.1
4719,890.61,1588.85,895.76
4720,885.81,1631.15,922.62
4721,917.65,1719.98,956.39
4722,951.03,1788.16,982.17
4723,939.86,1749.94,973.16
4724,902.99,1700.73,907.45
4725,858.24,1609.79,844.86
4726,788.83,1467.62,775.21
4727,713.55,1363.17,712.38
4728,676.0,1288.38,687.45
4729,641.07,1221.84,653.82
4730,624.12,1194.28,622.08
4731,614.41,1176.81,607.36
4732,640.56,1198.79,618.0
4733,656.1,1262.91,651.74
4734,719.14,1381.76,731.52
4735,785.57,1469.84,806.84
4736,811.51,1540.93,848.9
4737,838.45,1564.38,862.46
4738,856.04,1594.48,881.07
4739,864.31,1618.45,878.82
4740,861.94,1610.64,887.74
4741,853.07,1613.79,874.85
4742,852.59,1615.98,858.83
4743,860.68,1632.99,872.82
4744,884.14,1675.44,912.04
4745,929.08,1786.65,948.62
4746,971.67,1831.68,999.17
4747,949.17,1806.46,969.61
4748,897.06,1700.84,913.42
4749,823.08,1605.75,853.52
4750,769.39,1469.67,783.57
4751,708.11,1337.81,711.84
4752,672.66,1252.88,672.27
4753,629.37,1192.9,635.59
4754,628.17,1144.99,616.98
4755,615.8,1099.98,611.42
4756,626.02,1123.6,614.92
4757,666.51,1153.83,647.08
4758,724.71,1287.08,706.87
4759,786.1,1435.05,760.72
4760,821.72,1493.77,801.6
4761,868.46,1550.09,836.07
4762,879.51,1565.55,855.39
4763,904.17,1612.09,866.82
4764,915.28,1602.51,859.78
4765,908.24,1541.91,848.49
4766,895.82,1542.29,859.33
4767,914.08,1591.86,843.7
4768,922.21,1648.49,864.92
4769,982.15,1714.51,914.41
4770,1017.42,1782.95,934.49
4771,975.8,1787.95,932.37
4772,929.13,1707.33,896.72
4773,876.55,1647.54,825.33
4774,805.68,1507.4,763.16
4775,743.75,1394.22,694.52
4776,693.41,1322.62,659.03
4777,649.1,1244.97,632.88
4778,632.21,1204.74,620.17
4779,624.43,1201.01,612.88
4780,630.37,1216.48,623.52
4781,673.87,1282.8,647.2
4782,733.62,1381.51,712.35
4783,803.65,1516.96,770.28
4784,837.97,1583.13,813.72
4785,838.82,1611.07,837.46
4786,834.26,1631.35,852.81
4787,844.05,1636.74,878.57
4788,866.3,1623.33,874.14
4789,864.35,1601.73,859.33
4790,846.48,1591.83,855.24
4791,823.04,1648.41,846.77
4792,857.29,1711.17,855.63
4793,898.44,1767.5,903.91
4794,946.07,1871.52,921.21
4795,929.11,1841.64,902.8
4796,894.36,1758.44,864.63
4797,847.63,1660.21,807.41
4798,778.32,1493.11,754.97
4799,709.94,1361.92,693.23
4800,670.41,1273.5,648.0
4801,642.86,1213.55,625.24
4802,626.87,1186.76,615.57
4803,626.56,1169.03,597.56
4804,631.56,1181.93,608.49
4805,654.45,1258.94,635.82
4806,738.4,1387.95,694.26
4807,799.73,1512.76,776.87
4808,827.68,1576.39,811.24
4809,844.19,1640.19,825.97
4810,853.81,1655.7,835.7
4811,858.62,1658.08,853.52
4812,859.2,1618.38,846.51
4813,851.24,1574.47,833.52
4814,853.77,1565.87,841.02
4815,837.92,1579.69,834.0
4816,884.23,1615.09,869.78
4817,924.65,1699.14,893.3
4818,965.31,1748.64,923.96
4819,941.47,1715.71,899.42
4820,896.49,1655.8,851.17
4821,833.76,1577.83,812.86
4822,784.53,1436.0,761.24
4823,713.95,1319.93,708.07
4824,632.5,1130.65,610.07
4825,597.28,1057.65,573.66
4826,579.34,1025.52,562.53
4827,570.71,1029.46,561.07
4828,588.25,1035.08,563.67
4829,605.33,1080.94,590.09
4830,656.09,1192.87,641.23
4831,699.93,1305.29,716.01
4832,721.52,1349.55,742.53
4833,731.24,1415.1,758.93
4834,726.14,1426.27,768.34
4835,730.01,1444.28,787.48
4836,714.5,1439.06,778.87
4837,702.66,1435.14,783.39
4838,719.36,1458.58,771.6
4839,734.6,1502.85,791.17
4840,761.69,1531.22,797.44
4841,790.65,1623.57,834.84
4842,806.56,1691.08,883.26
4843,792.28,1693.84,883.35
4844,762.47,1615.88,849.14
4845,726.89,1507.53,784.91
4846,682.07,1403.85,717.76
4847,632.54,1297.59,668.58
4848,592.88,1241.98,633.57
4849,566.42,1180.57,608.83
4850,551.72,1145.56,593.21
4851,545.13,1095.86,582.95
4852,569.0,1088.17,595.69
4853,587.05,1139.79,628.27
4854,645.92,1237.23,688.91
4855,717.84,1364.01,738.28
4856,735.69,1398.66,777.71
4857,746.59,1419.26,796.85
4858,751.36,1426.78,798.17
4859,759.19,1464.16,816.79
4860,746.31,1454.26,818.16
4861,748.18,1449.64,811.77
4862,757.46,1454.02,819.05
4863,772.18,1484.92,831.93
4864,787.82,1543.19,857.05
4865,828.08,1613.72,893.25
4866,850.32,1636.81,944.55
4867,842.2,1618.97,925.92
4868,830.51,1549.17,891.11
4869,779.96,1456.51,831.38
4870,709.95,1331.94,768.87
4871,653.13,1237.77,712.15
4872,652.3,1254.4,716.81
4873,612.81,1180.11,684.55
4874,591.21,1144.18,666.97
4875,582.42,1156.73,651.45
4876,599.81,1181.06,667.91
4877,638.1,1257.77,706.52
4878,708.45,1364.94,770.81
4879,763.93,1475.96,848.89
4880,792.54,1524.67,873.05
4881,813.65,1559.02,887.74
4882,817.31,1571.2,889.7
4883,824.78,1577.45,904.03
4884,831.89,1571.3,896.76
4885,822.37,1542.26,893.92
4886,826.9,1540.65,897.74
4887,853.61,1578.8,900.15
4888,877.44,1595.33,943.28
4889,932.93,1679.33,975.91
4890,973.24,1770.65,991.87
4891,947.93,1751.85,991.3
4892,895.39,1665.48,922.74
4893,831.12,1577.94,878.48
4894,759.98,1438.2,809.86
4895,696.96,1317.53,728.16
4896,663.84,1226.45,677.97
4897,642.56,1141.22,632.19
4898,629.11,1112.44,619.38
4899,617.95,1082.94,601.74
4900,610.87,1100.55,614.37
4901,645.08,1178.22,644.93
4902,711.34,1328.63,706.08
4903,779.35,1452.12,776.16
4904,834.53,1532.32,815.46
4905,864.33,1570.42,843.78
4906,880.63,1578.16,845.44
4907,878.36,1556.66,853.52
4908,872.79,1589.58,847.17
4909,863.5,1554.6,841.19
4910,855.58,1581.94,833.65
4911,869.67,1607.35,838.16
4912,898.87,1633.78,858.88
4913,928.62,1716.82,903.48
4914,976.49,1823.55,936.8
4915,969.21,1837.98,935.44
4916,907.78,1744.05,894.21
4917,850.29,1616.82,831.98
4918,787.68,1491.19,769.94
4919,730.4,1361.32,697.81
4920,685.96,1299.32,663.09
4921,659.21,1244.45,629.14
4922,643.6,1186.47,615.21
4923,624.97,1176.06,609.3
4924,622.75,1187.84,629.9
4925,665.47,1249.63,665.89
4926,743.06,1377.26,732.75
4927,813.59,1521.99,792.38
4928,862.28,1600.66,833.26
4929,889.34,1615.08,846.74
4930,903.59,1627.11,839.19
4931,900.93,1631.82,845.82
4932,917.81,1597.71,848.35
4933,912.44,1580.02,832.28
4934,906.14,1614.78,831.91
4935,905.92,1595.84,840.1
4936,933.23,1641.23,864.62
4937,956.22,1716.62,919.59
4938,997.84,1783.97,937.57
4939,977.08,1747.87,953.53
4940,938.26,1643.69,911.43
4941,872.53,1514.9,859.11
4942,801.95,1423.34,793.11
4943,727.65,1289.21,711.01
4944,685.0,1209.09,661.69
4945,666.72,1182.45,626.03
4946,659.76,1142.43,618.25
4947,652.78,1133.14,600.24
4948,660.2,1163.85,602.71
4949,700.69,1240.0,636.97
4950,779.3,1341.62,706.0
4951,839.99,1451.29,775.42
4952,872.54,1518.25,798.81
4953,869.65,1585.38,799.95
4954,889.3,1585.3,815.32
4955,918.5,1590.81,839.66
4956,917.18,1598.88,836.96
4957,884.19,1594.87,818.24
4958,889.66,1606.82,815.39
4959,887.66,1604.72,829.03
4960,905.46,1639.89,851.91
4961,954.61,1720.84,908.85
4962,991.07,1808.85,952.64
4963,976.13,1786.56,946.68
4964,926.08,1707.17,884.3
4965,868.44,1578.02,822.01
4966,797.0,1487.89,754.24
4967,720.25,1363.51,685.61
4968,677.01,1299.26,649.04
4969,647.31,1234.18,620.26
4970,629.81,1201.73,592.86
4971,611.31,1163.33,592.66
4972,628.09,1148.02,601.95
4973,639.63,1227.6,637.73
4974,701.5,1351.42,709.15
4975,761.41,1477.63,767.19
4976,797.09,1515.8,812.83
4977,821.12,1529.92,828.21
4978,842.81,1566.55,852.33
4979,844.74,1615.44,851.21
4980,852.46,1602.36,866.27
4981,847.46,1599.09,848.25
4982,830.64,1601.51,874.21
4983,860.54,1613.45,871.61
4984,870.59,1695.22,907.15
4985,917.61,1762.07,944.18
4986,956.28,1848.9,984.97
4987,952.26,1837.33,974.56
4988,906.14,1753.37,919.01
4989,858.03,1664.43,831.45
4990,776.84,1536.12,791.2
4991,711.9,1401.43,724.8
4992,620.93,1244.01,612.59
4993,586.7,1196.24,585.6
4994,575.92,1176.92,575.97
4995,576.91,1106.93,563.76
4996,582.7,1125.35,566.87
4997,619.91,1185.12,597.35
4998,682.7,1300.5,667.65
4999,737.08,1426.03,729.57
5000,766.16,1486.72,773.7
5001,779.5,1524.95,799.38
5002,781.39,1531.43,804.12
5003,794.47,1569.52,796.15
5004,797.79,1578.81,793.99
5005,775.56,1568.21,791.46
5006,761.15,1571.71,791.89
5007,775.01,1602.1,805.48
5008,791.22,1660.63,836.74
5009,833.85,1728.8,880.4
5010,874.41,1803.09,907.73
5011,854.85,1783.35,904.43
5012,805.29,1734.71,886.57
5013,772.92,1635.63,813.98
5014,717.61,1490.57,753.84
5015,654.97,1393.25,703.8
5016,611.77,1275.69,652.51
5017,579.66,1216.69,626.68
5018,557.84,1171.2,617.09
5019,558.62,1175.37,597.05
5020,562.0,1188.77,608.83
5021,601.6,1234.79,637.45
5022,659.85,1348.89,699.33
5023,712.06,1454.47,758.64
5024,739.84,1505.16,801.07
5025,731.71,1525.27,814.23
5026,741.15,1523.21,816.14
5027,750.03,1539.79,818.4
5028,761.38,1543.64,814.03
5029,738.45,1508.05,795.1
5030,753.17,1476.71,790.31
5031,771.26,1495.91,799.01
5032,808.39,1547.85,825.89
5033,847.21,1632.7,876.51
5034,890.14,1699.8,909.39
5035,867.51,1713.45,895.48
5036,838.81,1653.87,845.6
5037,779.07,1591.46,794.41
5038,705.11,1512.2,731.41
5039,638.35,1351.35,668.96
5040,649.66,1329.89,679.7
5041,613.46,1261.22,650.31
5042,602.8,1232.5,635.24
5043,583.03,1211.69,625.13
5044,576.96,1234.29,627.05
5045,621.82,1291.42,655.12
5046,694.98,1405.54,728.18
5047,750.55,1520.41,790.14
5048,784.88,1577.26,809.76
5049,814.11,1622.02,838.3
5050,828.81,1625.49,836.98
5051,840.44,1633.12,846.0
5052,853.83,1641.75,851.53
5053,839.17,1619.57,843.59
5054,840.98,1638.32,818.58
5055,850.37,1633.4,832.0
5056,873.34,1655.92,871.23
5057,911.27,1738.41,921.13
5058,946.41,1807.65,929.72
5059,940.26,1772.05,947.09
5060,889.13,1721.34,891.47
5061,842.74,1646.2,824.41
5062,769.1,1504.03,768.78
5063,703.9,1398.66,708.52
5064,662.89,1278.35,668.54
5065,634.78,1230.08,631.82
5066,603.35,1184.67,626.08
5067,604.07,1181.27,617.5
5068,608.39,1181.79,613.96
5069,652.05,1241.84,656.59
5070,714.28,1351.82,724.23
5071,780.3,1470.47,800.61
5072,833.78,1564.98,839.05
5073,848.12,1592.29,879.07
5074,870.03,1645.92,882.51
5075,878.87,1650.82,889.46
5076,883.2,1676.05,895.15
5077,875.19,1624.88,881.48
5078,883.76,1616.83,887.93
5079,884.4,1620.05,864.24
5080,898.92,1695.23,887.94
5081,933.91,1775.0,927.89
5082,969.04,1790.63,959.09
5083,958.63,1746.6,940.62
5084,925.46,1650.67,909.81
5085,880.33,1564.57,846.55
5086,802.07,1457.4,782.71
5087,728.06,1329.54,716.41
5088,675.12,1243.95,678.97
5089,659.09,1193.81,656.63
5090,644.53,1147.29,640.51
5091,639.58,1139.06,637.54
5092,637.49,1159.67,646.07
5093,671.28,1216.66,674.96
5094,743.21,1344.92,740.28
5095,808.33,1468.83,803.98
5096,853.06,1538.89,842.32
5097,893.62,1544.07,859.21
5098,890.89,1571.37,858.52
5099,887.72,1606.15,863.99
5100,878.02,1611.26,847.89
5101,886.38,1605.86,838.21
5102,896.47,1602.04,838.66
5103,902.42,1632.99,865.77
5104,927.63,1678.97,904.43
5105,960.47,1731.43,933.97
5106,1004.51,1809.48,968.96
5107,990.22,1757.49,962.34
5108,943.38,1686.6,917.19
5109,889.05,1571.61,856.53
5110,817.32,1441.72,786.24
5111,745.75,1323.38,735.87
5112,703.07,1235.93,688.93
5113,674.61,1183.6,657.24
5114,669.28,1154.3,620.64
5115,663.62,1130.84,618.76
5116,677.17,1165.13,635.76
5117,709.38,1229.09,660.33
5118,772.19,1361.61,721.77
5119,847.23,1509.15,791.73
5120,882.42,1595.24,824.77
5121,883.47,1634.33,845.81
5122,887.65,1640.62,850.8
5123,894.55,1625.78,877.95
5124,888.41,1627.67,869.92
5125,894.92,1630.53,888.14
5126,898.74,1634.17,898.67
5127,920.56,1581.26,913.29
5128,947.86,1644.1,925.64
5129,990.83,1739.3,976.52
5130,1012.93,1793.36,1015.4
5131,1002.75,1797.42,979.53
5132,957.85,1729.76,920.06
5133,881.31,1604.28,864.39
5134,807.19,1500.17,795.18
5135,736.18,1351.28,723.12
5136,697.91,1270.57,689.58
5137,667.34,1205.31,648.39
5138,645.39,1162.09,627.98
5139,640.37,1150.73,614.75
5140,647.22,1183.84,626.84
5141,657.76,1262.99,646.13
5142,720.27,1398.47,707.04
5143,797.61,1492.67,755.87
5144,814.54,1528.85,785.99
5145,833.62,1562.22,810.78
5146,859.88,1576.44,827.62
5147,860.79,1581.88,829.13
5148,861.79,1618.19,835.85
5149,840.78,1602.92,826.85
5150,859.35,1611.41,841.63
5151,867.44,1643.66,848.69
5152,893.63,1689.07,842.1
5153,951.43,1817.91,893.26
5154,993.02,1857.09,921.3
5155,973.68,1823.85,911.81
5156,924.1,1722.13,877.38
5157,870.8,1639.75,808.31
5158,797.18,1523.03,747.97
5159,711.66,1382.63,691.05
5160,625.06,1196.39,609.21
5161,584.66,1154.66,576.02
5162,582.74,1127.24,569.11
5163,577.12,1127.81,555.32
5164,579.01,1138.71,559.24
5165,605.24,1202.26,588.79
5166,651.42,1323.11,651.26
5167,702.95,1428.97,708.74
5168,744.63,1482.39,750.79
5169,783.25,1488.1,769.22
5170,799.04,1509.07,777.96
5171,806.52,1534.56,788.42
5172,802.92,1548.91,795.69
5173,786.7,1541.85,790.23
5174,808.0,1535.39,772.96
5175,814.17,1573.77,791.53
5176,859.33,1630.13,815.67
5177,913.39,1726.64,860.88
5178,925.31,1809.56,887.02
5179,909.53,1783.17,860.06
5180,862.86,1705.44,800.56
5181,807.36,1603.49,742.54
5182,744.3,1453.68,691.4
5183,706.46,1309.61,645.08
5184,657.17,1211.49,610.86
5185,626.31,1148.49,574.26
5186,614.14,1112.51,555.1
5187,605.32,1077.73,558.37
5188,613.48,1093.15,557.4
5189,637.12,1148.41,603.33
5190,701.38,1279.94,679.17
5191,769.39,1427.14,759.27
5192,803.91,1490.71,793.0
5193,824.71,1504.55,804.15
5194,845.55,1527.45,814.1
5195,861.3,1538.85,829.24
5196,859.95,1531.19,821.26
5197,838.29,1498.4,801.61
5198,831.15,1488.18,798.16
5199,836.1,1497.88,797.94
5200,861.96,1554.27,832.9
5201,896.22,1634.44,864.64
5202,917.29,1726.11,896.02
5203,896.33,1720.12,898.12
5204,840.68,1648.75,870.98
5205,786.15,1534.1,816.05
5206,713.08,1394.63,754.63
5207,646.45,1266.42,681.62
5208,654.57,1270.0,697.79
5209,614.0,1170.48,672.25
5210,603.54,1127.19,639.44
5211,603.31,1135.6,643.24
5212,608.79,1156.03,645.15
5213,639.19,1211.29,682.64
5214,710.12,1339.02,750.12
5215,769.71,1426.44,816.19
5216,796.17,1492.67,846.66
5217,827.21,1547.61,852.28
5218,846.55,1560.59,865.15
5219,862.55,1542.35,869.59
5220,873.38,1536.36,855.36
5221,844.7,1547.75,836.52
5222,860.39,1553.44,823.83
5223,873.61,1542.19,827.52
5224,910.3,1634.78,857.81
5225,957.15,1685.07,891.09
5226,991.59,1740.95,935.47
5227,979.48,1705.24,926.85
5228,940.85,1612.31,884.2
5229,877.38,1503.96,828.94
5230,817.49,1400.95,778.33
5231,734.09,1305.36,701.08
5232,688.34,1224.15,674.36
5233,671.43,1151.05,648.73
5234,648.95,1129.74,631.47
5235,638.43,1122.97,631.47
5236,640.05,1142.04,636.63
5237,676.79,1206.75,671.67
5238,738.03,1326.02,733.27
5239,803.84,1448.79,808.41
5240,846.62,1506.26,834.02
5241,856.45,1556.83,849.45
5242,873.65,1613.43,863.98
5243,890.94,1629.95,882.1
5244,901.78,1627.23,872.22
5245,893.7,1613.95,870.48
5246,926.83,1599.06,859.23
5247,944.41,1627.25,844.82
5248,972.08,1680.26,861.71
5249,1004.22,1747.24,911.97
5250,1036.22,1826.22,944.72
5251,1041.52,1807.6,930.82
5252,1012.35,1706.59,891.52
5253,959.82,1602.83,835.49
5254,888.99,1480.6,776.81
5255,799.25,1369.34,697.69
5256,755.43,1299.44,657.1
5257,705.95,1231.82,626.7
5258,674.24,1191.3,601.03
5259,665.84,1173.71,584.02
5260,677.37,1192.52,590.62
5261,718.79,1260.2,623.45
5262,793.03,1388.43,687.66
5263,867.92,1510.1,746.73
5264,891.37,1588.3,774.04
5265,906.04,1603.86,787.86
5266,897.14,1663.13,801.02
5267,883.53,1688.57,823.68
5268,891.46,1661.64,802.39
5269,874.64,1644.92,803.44
5270,883.9,1655.22,804.33
5271,903.87,1659.94,819.51
5272,922.2,1674.43,857.29
5273,971.43,1728.76,890.04
5274,997.34,1800.34,934.02
5275,966.55,1746.04,912.59
5276,926.48,1640.99,875.71
5277,863.01,1547.86,818.71
5278,792.33,1424.42,756.71
5279,743.88,1294.17,685.52
5280,689.01,1212.31,650.52
5281,658.9,1133.72,631.93
5282,634.55,1113.66,608.79
5283,633.8,1089.85,602.84
5284,644.83,1099.3,617.84
5285,682.0,1164.92,648.25
5286,741.67,1279.87,725.21
5287,802.02,1386.8,786.82
5288,845.74,1411.92,818.42
5289,881.43,1452.19,824.85
5290,894.49,1472.57,834.73
5291,892.77,1481.49,843.3
5292,896.03,1466.55,850.2
5293,912.48,1458.06,835.65
5294,911.8,1472.13,829.13
5295,934.46,1492.7,842.62
5296,950.82,1571.83,882.06
5297,992.71,1662.16,929.89
5298,1033.51,1721.02,983.48
5299,1027.02,1723.38,979.6
5300,971.49,1650.28,940.8
5301,899.53,1546.84,885.92
5302,838.24,1449.67,829.03
5303,776.92,1312.89,767.45
5304,744.18,1236.65,711.54
5305,720.15,1193.34,681.03
5306,700.06,1166.35,663.46
5307,685.9,1145.16,651.24
5308,703.22,1136.35,644.79
5309,743.17,1163.89,665.42
5310,805.29,1315.98,728.22
5311,865.36,1441.82,780.16
5312,904.03,1491.83,809.57
5313,917.65,1529.2,833.35
5314,923.96,1527.17,835.71
5315,942.05,1537.3,845.03
5316,947.38,1521.33,834.4
5317,949.3,1482.85,830.21
5318,925.4,1447.25,835.97
5319,934.71,1436.73,829.9
5320,966.83,1505.03,847.02
5321,991.67,1561.24,874.16
5322,1017.43,1635.15,913.36
5323,997.38,1646.94,909.11
5324,953.47,1580.1,870.56
5325,909.24,1477.89,815.24
5326,856.87,1369.09,756.2
5327,775.32,1250.33,696.41
5328,683.15,1114.26,607.0
5329,652.46,1086.4,573.65
5330,636.93,1077.59,559.48
5331,629.76,1035.72,551.73
5332,638.63,1044.85,574.32
5333,683.27,1101.12,601.93
5334,758.21,1219.37,664.8
5335,814.2,1303.2,729.55
5336,853.02,1330.48,772.75
5337,875.76,1383.38,780.02
5338,884.12,1389.75,800.04
5339,900.58,1380.06,805.56
5340,898.72,1364.78,828.55
5341,888.44,1363.22,822.13
5342,886.12,1353.14,808.63
5343,871.28,1375.27,813.33
5344,893.26,1401.71,848.67
5345,925.6,1439.6,887.33
5346,943.67,1525.83,916.54
5347,950.14,1525.56,914.47
5348,912.36,1457.36,869.34
5349,852.2,1359.7,810.49
5350,779.32,1281.6,738.09
5351,715.01,1184.8,688.94
5352,681.45,1133.01,638.46
5353,640.66,1070.92,607.79
5354,623.21,1045.27,594.8
5355,620.3,1037.66,586.02
5356,613.32,1045.21,584.33
5357,644.69,1100.06,607.44
5358,705.09,1202.67,672.4
5359,767.68,1320.23,726.5
5360,794.66,1354.4,738.03
5361,811.93,1393.82,757.5
5362,838.76,1414.78,757.62
5363,842.7,1426.51,772.22
5364,844.81,1436.05,771.21
5365,855.42,1417.08,762.39
5366,848.2,1406.88,763.9
5367,872.98,1432.02,761.46
5368,895.86,1485.33,776.86
5369,954.42,1546.03,812.4
5370,993.52,1591.0,831.31
5371,984.8,1575.58,834.11
5372,937.94,1498.69,796.66
5373,869.16,1431.89,734.19
5374,800.04,1326.38,674.56
5375,738.08,1215.21,620.72
5376,746.61,1216.55,627.09
5377,705.54,1168.56,601.57
5378,683.66,1130.54,592.14
5379,680.7,1107.55,603.39
5380,697.39,1134.1,620.46
5381,726.16,1200.0,640.29
5382,790.47,1280.47,701.92
5383,864.07,1396.65,764.13
5384,913.58,1459.74,802.63
5385,940.95,1485.09,810.06
5386,933.52,1505.29,813.78
5387,937.16,1488.24,810.38
5388,924.89,1438.96,806.18
5389,911.46,1413.32,794.85
5390,926.98,1425.54,794.0
5391,918.5,1385.13,791.99
5392,925.76,1418.14,828.07
5393,958.99,1455.65,874.32
5394,996.67,1514.59,891.16
5395,995.25,1553.86,886.54
5396,956.43,1490.57,833.63
5397,907.33,1401.55,797.15
5398,818.48,1314.08,752.28
5399,759.96,1209.15,689.52
5400,713.97,1139.85,643.54
5401,684.51,1101.81,608.29
5402,655.85,1083.56,590.68
5403,647.05,1076.21,583.58
5404,657.33,1091.33,602.99
5405,701.15,1146.54,643.11
5406,756.08,1278.96,716.31
5407,825.04,1391.89,783.12
5408,848.16,1474.91,804.46
5409,870.91,1486.67,813.44
5410,887.88,1530.39,822.97
5411,910.05,1555.14,819.61
5412,903.42,1537.47,824.15
5413,903.99,1533.55,825.55
5414,917.38,1522.3,831.79
5415,906.98,1539.14,845.44
5416,939.11,1575.5,850.43
5417,992.92,1648.28,905.97
5418,1023.61,1728.83,920.93
5419,999.03,1725.57,912.53
5420,965.66,1628.45,880.75
5421,890.45,1506.24,829.1
5422,819.21,1395.94,753.33
5423,749.66,1285.35,681.53
5424,713.51,1201.07,645.5
5425,673.23,1166.39,619.01
5426,650.44,1147.94,595.72
5427,642.76,1124.11,591.94
5428,659.29,1129.38,589.56
5429,712.5,1186.23,627.05
5430,768.68,1300.49,683.53
5431,840.98,1441.71,748.27
5432,863.96,1519.63,780.38
5433,891.69,1549.84,809.35
5434,889.68,1576.81,820.84
5435,890.83,1606.14,823.67
5436,884.64,1605.1,828.54
5437,875.75,1595.1,843.11
5438,879.62,1603.81,850.4
5439,893.6,1625.75,857.51
5440,919.3,1654.41,873.02
5441,946.89,1715.64,907.02
5442,990.18,1769.23,947.45
5443,981.32,1738.06,929.22
5444,952.13,1632.83,889.25
5445,883.68,1542.46,847.5
5446,799.4,1428.88,782.71
5447,732.54,1287.5,707.23
5448,703.16,1209.29,683.61
5449,670.26,1148.75,662.96
5450,651.54,1122.88,648.34
5451,636.34,1094.38,647.71
5452,659.06,1092.04,652.5
5453,684.96,1159.59,690.75
5454,747.05,1253.51,754.03
5455,821.15,1367.14,807.83
5456,836.45,1422.1,865.48
5457,867.81,1452.32,866.17
5458,883.44,1475.25,875.88
5459,901.8,1523.12,885.43
5460,907.43,1495.07,888.76
5461,896.35,1500.26,877.25
5462,884.53,1455.95,874.54
5463,891.69,1500.77,882.64
5464,906.79,1507.8,911.3
5465,955.5,1632.6,951.78
5466,999.69,1685.3,982.96
5467,1008.51,1700.3,957.75
5468,967.96,1649.12,936.75
5469,915.18,1536.2,880.63
5470,839.83,1411.2,812.25
5471,763.78,1279.93,736.78
5472,724.31,1217.56,684.51
5473,685.01,1152.79,656.86
5474,668.93,1112.85,637.75
5475,651.2,1106.77,632.97
5476,652.7,1110.16,630.23
5477,692.42,1165.4,674.87
5478,769.55,1285.51,748.8
5479,829.11,1393.13,814.33
5480,870.48,1444.75,851.11
5481,881.82,1504.6,873.62
5482,890.49,1516.82,866.54
5483,914.21,1526.2,890.57
5484,921.98,1524.58,893.28
5485,920.31,1520.07,875.29
5486,938.99,1502.12,862.41
5487,937.93,1526.83,879.59
5488,951.93,1577.48,905.46
5489,986.47,1616.55,951.25
5490,1017.54,1714.98,983.47
5491,979.87,1731.63,961.78
5492,935.43,1640.15,924.19
5493,870.68,1515.4,862.04
5494,811.52,1402.94,793.79
5495,746.67,1263.46,746.2
5496,650.94,1126.39,658.33
5497,623.96,1066.08,630.96
5498,613.35,1060.31,631.55
5499,599.56,1035.93,623.06
5500,604.07,1048.74,629.36
5501,619.03,1121.38,654.68
5502,672.95,1228.35,713.8
5503,729.08,1344.22,758.23
5504,762.33,1418.1,795.32
5505,770.34,1435.68,797.5
5506,775.23,1427.26,812.44
5507,773.08,1416.12,818.24
5508,777.87,1427.86,817.86
5509,777.43,1421.82,808.05
5510,783.88,1440.72,819.55
5511,793.77,1449.61,836.88
5512,802.89,1465.77,858.15
5513,836.64,1491.5,886.55
5514,865.2,1603.88,925.89
5515,856.53,1600.74,905.33
5516,823.26,1533.69,848.75
5517,787.8,1440.79,798.61
5518,735.83,1305.86,746.18
5519,666.81,1185.11,678.88
5520,636.39,1140.45,641.33
5521,611.24,1093.37,606.07
5522,590.43,1055.22,594.7
5523,589.82,1026.06,593.31
5524,597.17,1034.05,598.06
5525,618.44,1085.46,620.84
5526,685.51,1225.57,670.39
5527,751.03,1333.86,739.1
5528,781.21,1369.63,758.88
5529,797.62,1397.09,777.33
5530,799.42,1416.39,791.88
5531,814.75,1408.72,794.16
5532,815.38,1417.56,792.17
5533,810.21,1426.12,793.58
5534,814.65,1428.8,785.26
5535,811.65,1429.01,783.96
5536,827.09,1461.66,804.4
5537,843.59,1500.33,855.18
5538,882.98,1554.27,902.21
5539,864.37,1549.74,892.13
5540,831.07,1468.26,845.13
5541,784.36,1411.02,800.63
5542,730.97,1314.96,723.04
5543,660.81,1178.47,663.87
5544,672.27,1168.09,671.54
5545,654.8,1100.03,648.33
5546,652.55,1096.37,641.3
5547,651.93,1095.8,624.77
5548,663.16,1133.72,633.54
5549,689.44,1193.58,661.56
5550,765.14,1309.67,724.54
5551,832.95,1407.5,795.62
5552,873.39,1473.74,824.66
5553,883.77,1500.6,842.43
5554,890.55,1512.1,859.56
5555,901.04,1558.21,882.08
5556,903.67,1555.57,883.11
5557,900.11,1565.02,873.88
5558,893.5,1534.35,860.88
5559,887.57,1599.49,884.06
5560,931.91,1636.05,912.68
5561,1004.14,1724.66,954.51
5562,1043.61,1801.53,987.21
5563,1016.85,1772.29,980.48
5564,962.8,1708.71,943.88
5565,906.49,1612.93,890.42
5566,848.65,1472.04,833.66
5567,765.03,1334.68,762.66
5568,720.71,1255.0,729.52
5569,686.7,1190.61,698.89
5570,675.43,1177.65,677.3
5571,663.06,1169.37,653.21
5572,658.9,1181.4,660.28
5573,698.77,1249.69,704.85
5574,778.68,1339.29,765.62
5575,847.81,1448.97,833.16
5576,886.56,1513.55,866.64
5577,898.28,1562.99,890.49
5578,897.34,1579.84,892.14
5579,916.96,1620.05,889.14
5580,920.41,1632.7,892.63
5581,915.91,1603.91,874.16
5582,930.89,1597.9,853.82
5583,926.62,1617.84,879.81
5584,945.94,1652.44,912.97
5585,991.05,1757.32,973.8
5586,1018.62,1792.52,1015.06
5587,1018.59,1780.42,1010.25
5588,971.15,1714.3,966.57
5589,897.91,1595.94,899.71
5590,828.62,1460.03,831.6
5591,760.17,1333.87,754.09
5592,725.5,1265.36,699.28
5593,692.69,1194.53,660.99
5594,677.86,1147.75,652.17
5595,670.59,1147.23,632.81
5596,677.08,1166.36,630.99
5597,705.86,1240.29,668.0
5598,778.51,1373.51,730.16
5599,845.2,1532.25,800.14
5600,897.46,1610.61,841.94
5601,928.23,1623.39,861.75
5602,942.01,1642.62,862.08
5603,952.89,1642.67,882.04
5604,949.48,1629.49,887.58
5605,924.54,1583.79,877.09
5606,920.74,1575.97,874.75
5607,929.48,1599.21,885.0
5608,957.53,1641.43,905.1
5609,1006.3,1693.57,927.64
5610,1051.67,1721.12,968.19
5611,1032.14,1749.9,966.17
5612,977.86,1678.36,897.91
5613,930.19,1554.46,845.57
5614,863.95,1440.56,795.62
5615,785.9,1352.03,717.9
5616,739.76,1278.62,674.8
5617,701.61,1174.62,639.98
5618,682.77,1179.67,635.41
5619,676.44,1136.93,634.22
5620,704.4,1148.15,634.82
5621,740.81,1191.41,669.86
5622,818.54,1298.79,755.31
5623,873.18,1422.2,815.8
5624,902.54,1444.74,847.67
5625,932.06,1474.09,867.77
5626,943.3,1511.69,868.05
5627,902.42,1511.67,892.56
5628,909.89,1487.57,885.25
5629,921.56,1473.56,860.69
5630,898.83,1470.18,854.1
5631,923.96,1476.45,867.96
5632,918.67,1499.9,883.36
5633,973.25,1585.06,927.03
5634,1007.99,1658.07,965.42
5635,971.16,1625.16,942.29
5636,935.5,1540.31,894.75
5637,889.39,1449.19,841.1
5638,824.25,1324.03,781.92
5639,760.29,1219.3,710.93
5640,714.27,1172.18,670.31
5641,664.28,1116.27,635.12
5642,653.53,1073.21,624.0
5643,659.12,1066.99,619.1
5644,676.65,1081.11,623.97
5645,694.89,1138.3,660.03
5646,750.58,1262.24,721.79
5647,811.24,1391.14,791.12
5648,829.73,1451.44,827.89
5649,848.96,1480.99,866.94
5650,863.58,1534.95,869.95
5651,858.15,1571.71,875.11
5652,869.06,1585.68,866.87
5653,869.06,1570.7,846.94
5654,864.62,1550.11,841.68
5655,872.84,1584.9,856.12
5656,877.94,1631.19,887.7
5657,917.97,1693.6,931.23
5658,953.89,1747.38,959.84
5659,950.57,1711.21,944.98
5660,916.11,1657.25,893.39
5661,862.47,1563.11,830.79
5662,794.51,1443.14,754.43
5663,731.77,1319.39,703.0
5664,651.87,1144.05,629.2
5665,620.03,1060.08,584.27
5666,607.17,1015.83,571.36
5667,598.33,994.78,565.67
5668,602.08,998.75,574.53
5669,638.67,1057.66,600.31
5670,698.41,1177.64,668.5
5671,766.43,1284.53,732.43
5672,799.35,1363.28,771.69
5673,813.0,1378.05,779.3
5674,818.48,1390.6,773.45
5675,822.21,1404.62,785.06
5676,806.67,1424.77,775.85
5677,804.67,1413.23,778.45
5678,808.61,1415.76,758.48
5679,826.52,1401.2,762.23
5680,845.78,1427.3,779.26
5681,907.25,1516.69,813.61
5682,935.51,1532.4,846.84
5683,917.99,1547.93,844.88
5684,868.21,1491.42,815.4
5685,796.75,1384.88,771.05
5686,750.92,1265.8,709.82
5687,700.29,1188.4,666.77
5688,666.47,1137.69,637.43
5689,627.19,1080.16,603.1
5690,624.95,1053.76,585.84
5691,613.84,1031.46,575.12
5692,619.87,1046.87,584.66
5693,663.68,1092.97,607.68
5694,735.04,1201.49,661.8
5695,821.5,1339.83,703.15
5696,856.09,1393.03,729.76
5697,867.12,1402.32,755.2
5698,867.62,1392.84,761.72
5699,855.82,1409.71,768.79
5700,852.54,1397.65,771.99
5701,855.58,1389.99,755.69
5702,860.76,1363.76,756.8
5703,868.21,1391.48,773.31
5704,881.76,1414.86,798.95
5705,924.9,1484.77,846.37
5706,968.74,1534.16,889.51
5707,964.03,1556.53,887.77
5708,922.59,1493.12,840.92
5709,854.6,1432.05,783.5
5710,795.54,1328.86,738.7
5711,700.92,1236.36,677.78
5712,715.47,1245.71,686.37
5713,701.86,1188.01,645.2
5714,670.94,1172.13,627.19
5715,660.0,1166.22,623.42
5716,668.64,1185.9,630.89
5717,699.84,1240.27,659.12
5718,779.53,1358.53,721.81
5719,854.77,1498.09,797.83
5720,891.33,1580.09,836.29
5721,917.01,1595.65,856.75
5722,925.06,1593.15,867.81
5723,967.78,1588.26,862.44
5724,966.67,1600.85,863.98
5725,956.8,1565.22,865.06
5726,935.6,1577.85,860.73
5727,937.12,1600.29,877.39
5728,975.81,1632.74,906.34
5729,1003.72,1737.22,955.37
5730,1012.12,1764.84,987.35
5731,1004.07,1780.78,986.12
5732,976.52,1705.54,924.84
5733,914.3,1555.33,864.54
5734,839.43,1459.66,802.37
5735,751.45,1349.07,735.63
5736,714.18,1259.93,699.68
5737,685.1,1182.69,662.5
5738,653.28,1129.63,639.82
5739,654.39,1146.28,618.15
5740,669.5,1147.04,623.67
5741,714.23,1188.09,659.88
5742,790.46,1310.52,731.49
5743,868.03,1401.08,783.76
5744,908.43,1442.78,827.23
5745,934.45,1491.1,833.05
5746,921.95,1514.73,839.43
5747,913.6,1522.45,841.36
5748,905.56,1523.25,845.37
5749,895.87,1500.96,837.79
5750,900.57,1500.63,844.13
5751,913.12,1502.02,870.12
5752,952.13,1535.9,897.66
5753,1009.6,1597.68,931.48
5754,1033.68,1642.54,968.39
5755,1026.98,1652.86,979.97
5756,971.72,1597.92,941.77
5757,907.62,1480.3,888.64
5758,840.25,1346.96,802.26
5759,737.98,1233.51,736.25
5760,719.18,1193.87,689.38
5761,688.92,1122.05,649.22
5762,666.38,1092.31,631.35
5763,673.05,1080.34,622.85
5764,678.6,1094.41,625.59
5765,714.96,1146.75,659.22
5766,781.37,1280.96,722.81
5767,868.83,1405.8,794.22
5768,902.72,1479.58,828.37
5769,921.27,1519.29,847.42
5770,942.27,1549.42,864.11
5771,956.09,1591.75,876.28
5772,953.49,1613.02,874.24
5773,954.57,1635.59,843.22
5774,979.85,1651.63,847.6
5775,989.19,1648.44,845.72
5776,1015.29,1705.83,868.76
5777,1060.95,1792.63,912.95
5778,1111.06,1888.37,959.87
5779,1089.78,1843.39,970.72
5780,1035.49,1766.76,916.56
5781,949.75,1634.95,843.67
5782,862.14,1510.98,780.43
5783,783.62,1375.2,716.01
5784,738.84,1296.1,663.85
5785,716.71,1209.08,631.11
5786,701.28,1185.55,619.09
5787,683.31,1169.19,601.64
5788,685.48,1183.33,602.42
5789,732.44,1269.49,629.6
5790,814.75,1385.25,691.49
5791,887.04,1511.84,761.63
5792,917.25,1571.22,790.73
5793,945.99,1600.89,807.74
5794,942.13,1651.61,838.58
5795,953.94,1661.73,836.58
5796,977.18,1644.55,829.99
5797,967.1,1656.8,829.03
5798,955.75,1643.94,838.77
5799,967.2,1623.81,850.52
5800,987.25,1651.66,892.96
5801,1014.61,1699.98,936.38
5802,1058.12,1720.99,945.84
5803,1060.93,1697.86,938.08
5804,1008.99,1622.18,890.57
5805,938.89,1539.97,847.33
5806,854.93,1429.57,789.45
5807,780.81,1316.49,708.44
5808,732.01,1223.68,677.2
5809,687.62,1175.03,650.32
5810,685.37,1161.88,630.09
5811,679.43,1149.38,620.24
5812,692.3,1167.76,637.78
5813,735.19,1208.55,654.7
5814,814.4,1343.68,723.25
5815,882.27,1492.87,798.19
5816,920.21,1556.21,829.16
5817,933.89,1572.0,850.76
5818,946.25,1580.53,858.5
5819,957.44,1584.54,857.38
5820,951.35,1574.88,848.15
5821,926.12,1568.89,846.4
5822,926.97,1570.92,839.11
5823,932.92,1601.36,831.36
5824,937.7,1650.5,856.78
5825,988.02,1706.24,891.39
5826,1035.34,1753.55,910.22
5827,1056.83,1724.34,904.21
5828,1004.43,1643.83,873.92
5829,933.16,1570.17,818.93
5830,848.48,1477.99,745.93
5831,778.59,1362.35,687.92
5832,685.21,1189.53,610.35
5833,645.09,1110.62,596.07
5834,627.14,1082.41,589.89
5835,604.18,1056.07,574.23
5836,619.92,1088.5,586.97
5837,646.81,1121.91,618.63
5838,711.89,1237.72,670.2
5839,763.81,1334.28,732.8
5840,791.31,1388.19,779.62
5841,806.01,1425.55,804.39
5842,815.57,1454.72,800.72
5843,830.13,1465.05,806.97
5844,846.31,1475.39,809.97
5845,846.19,1447.01,784.53
5846,856.15,1448.78,768.08
5847,879.0,1477.39,776.98
5848,909.28,1522.52,800.92
5849,949.95,1580.42,819.75
5850,994.09,1628.58,853.85
5851,995.87,1631.02,858.23
5852,957.35,1537.26,818.73
5853,879.25,1421.6,767.25
5854,801.67,1319.51,712.55
5855,730.95,1200.87,655.77
5856,696.16,1109.32,604.79
5857,661.16,1072.5,569.26
5858,651.96,1030.69,552.55
5859,651.99,1014.7,540.17
5860,668.09,1020.7,558.27
5861,710.71,1071.08,592.6
5862,770.0,1166.3,643.3
5863,842.26,1284.98,700.61
5864,868.78,1341.22,740.65
5865,867.31,1385.15,749.78
5866,871.65,1388.44,765.47
5867,892.74,1438.47,785.84
5868,895.83,1404.84,796.58
5869,906.02,1365.05,789.49
5870,905.09,1396.04,799.89
5871,936.4,1417.68,801.14
5872,961.33,1464.16,846.66
5873,1002.47,1539.78,886.03
5874,1019.57,1604.49,926.87
5875,1020.43,1594.73,912.04
5876,967.23,1506.44,874.64
5877,896.34,1423.62,821.39
5878,836.71,1322.04,747.2
5879,773.88,1229.41,675.01
5880,793.19,1266.2,680.31
5881,748.49,1205.48,654.24
5882,726.26,1154.86,622.62
5883,713.79,1160.49,611.09
5884,727.34,1158.96,628.23
5885,776.24,1221.9,650.76
5886,853.82,1336.99,725.83
5887,947.88,1448.25,780.23
5888,992.12,1519.3,803.3
5889,1004.22,1550.79,817.74
5890,1018.35,1571.89,844.19
5891,1042.1,1568.66,844.97
5892,1058.51,1562.76,827.02
5893,1054.85,1531.46,805.44
5894,1048.25,1526.27,815.58
5895,1049.41,1537.57,810.39
5896,1079.93,1615.17,847.07
5897,1143.78,1682.55,887.86
5898,1182.43,1696.86,919.63
5899,1170.42,1709.84,915.39
5900,1113.14,1642.41,867.35
5901,1032.44,1533.61,814.1
5902,945.3,1405.65,740.44
5903,862.41,1271.84,690.24
5904,825.65,1223.7,641.97
5905,778.91,1163.16,614.56
5906,755.34,1108.84,591.68
5907,734.65,1098.29,580.83
5908,746.98,1128.47,586.78
5909,794.39,1188.75,641.6
5910,884.72,1292.33,705.5
5911,961.83,1392.46,761.94
5912,1002.59,1434.59,789.69
5913,1015.36,1491.25,791.24
5914,1025.84,1504.1,798.58
5915,1033.92,1487.87,826.01
5916,1029.29,1495.97,829.61
5917,1015.91,1484.84,830.61
5918,1016.07,1477.35,821.24
5919,1017.78,1474.14,827.27
5920,1039.76,1498.7,853.4
5921,1104.39,1592.85,885.57
5922,1172.09,1656.51,922.12
5923,1140.38,1653.23,921.18
5924,1070.51,1586.87,886.74
5925,987.68,1492.28,828.45
5926,906.76,1368.79,773.78
5927,836.06,1250.92,705.79
5928,792.22,1193.74,661.16
5929,752.23,1154.46,639.35
5930,734.61,1107.54,614.07
5931,716.67,1089.95,593.39
5932,721.92,1115.44,595.24
5933,757.53,1199.6,630.12
5934,816.02,1344.64,704.4
5935,876.67,1449.82,762.24
5936,900.23,1529.37,811.57
5937,926.32,1556.92,827.37
5938,937.42,1586.94,833.66
5939,952.54,1611.86,832.7
5940,930.89,1583.77,851.98
5941,905.51,1574.62,841.21
5942,913.65,1588.55,827.11
5943,891.89,1598.78,859.35
5944,933.67,1635.62,886.65
5945,956.61,1677.0,934.93
5946,1003.63,1747.91,984.86
5947,985.7,1733.72,980.19
5948,957.29,1637.5,944.85
5949,933.11,1525.44,882.12
5950,836.91,1408.02,817.5
5951,773.53,1279.57,745.65
5952,715.04,1202.6,699.33
5953,684.71,1119.46,663.93
5954,666.18,1108.98,641.96
5955,659.22,1094.11,635.34
5956,661.23,1093.73,645.55
5957,703.82,1117.43,683.69
5958,761.23,1247.07,754.9
5959,844.78,1371.14,838.96
5960,876.42,1432.83,880.14
5961,879.59,1477.47,891.47
5962,907.66,1507.23,900.71
5963,916.53,1524.49,919.47
5964,938.68,1518.89,905.48
5965,942.89,1496.1,912.82
5966,933.08,1503.31,900.59
5967,940.71,1542.43,914.26
5968,968.83,1583.05,936.3
5969,1032.01,1683.87,975.13
5970,1072.89,1748.21,991.23
5971,1064.21,1737.24,989.35
5972,1013.99,1704.09,929.3
5973,947.62,1619.9,853.48
5974,886.25,1515.76,796.22
5975,810.08,1369.58,742.27
5976,760.42,1313.94,691.19
5977,717.47,1242.53,663.11
5978,693.73,1201.98,649.83
5979,672.74,1152.93,638.4
5980,675.63,1169.02,654.51
5981,724.51,1211.74,685.09
5982,794.71,1335.99,755.29
5983,874.04,1434.54,809.47
5984,883.15,1522.88,829.26
5985,907.86,1559.02,855.53
5986,915.42,1610.58,867.14
5987,919.44,1601.53,871.75
5988,922.24,1624.4,888.5
5989,908.48,1570.51,895.61
5990,885.75,1570.02,896.14
5991,906.72,1569.67,886.52
5992,937.13,1603.11,907.93
5993,978.42,1664.92,938.5
5994,1002.74,1703.49,970.57
5995,977.84,1662.26,949.58
5996,940.65,1581.43,894.08
5997,900.97,1483.15,814.06
5998,834.22,1387.25,752.61
5999,751.9,1274.14,670.29
6000,663.83,1128.93,585.43
6001,632.14,1053.86,562.66
6002,623.58,1021.1,544.04
6003,620.6,1016.07,530.54
6004,606.46,1033.22,538.37
6005,644.36,1075.71,562.06
6006,701.35,1196.25,621.33
6007,753.35,1295.84,670.61
6008,785.5,1336.81,699.66
6009,808.1,1371.64,712.53
6010,801.38,1384.91,721.51
6011,819.65,1389.33,745.61
6012,830.22,1380.2,748.61
6013,824.77,1349.84,747.02
6014,817.7,1344.76,742.03
6015,817.68,1377.95,752.28
6016,855.08,1422.67,772.22
6017,880.19,1506.93,809.58
6018,927.06,1570.01,846.12
6019,919.38,1544.34,834.29
6020,880.47,1447.84,794.89
6021,808.68,1341.54,740.71
6022,746.98,1228.84,679.87
6023,691.69,1116.88,624.98
6024,644.23,1065.48,586.5
6025,618.84,1027.08,569.14
6026,605.43,1028.43,572.91
6027,594.22,1005.08,561.02
6028,610.5,1037.8,570.11
6029,626.34,1111.65,606.99
6030,694.56,1217.19,664.72
6031,775.81,1332.88,715.87
6032,824.24,1405.7,760.72
6033,845.53,1429.3,780.99
6034,851.26,1437.71,790.14
6035,853.56,1438.1,809.68
6036,851.38,1396.32,814.68
6037,849.94,1383.73,804.09
6038,842.32,1371.63,792.99
6039,859.59,1367.25,794.5
6040,908.11,1415.08,827.46
6041,949.36,1455.91,870.93
6042,967.1,1525.0,897.84
6043,943.54,1522.0,906.04
6044,912.2,1449.47,862.39
6045,854.08,1357.13,814.16
6046,796.65,1234.48,750.3
6047,724.94,1142.58,699.77
6048,744.2,1158.97,711.22
6049,706.47,1106.73,673.96
6050,682.3,1085.47,652.68
6051,670.34,1063.09,641.51
6052,669.83,1058.02,642.44
6053,723.34,1128.53,663.75
6054,794.81,1252.81,731.08
6055,873.89,1358.33,790.85
6056,904.22,1422.89,817.15
6057,910.71,1473.96,831.39
6058,917.67,1507.98,838.9
6059,939.77,1510.93,845.99
6060,933.98,1483.29,862.11
6061,915.64,1446.06,858.45
6062,918.22,1442.06,877.01
6063,933.5,1483.95,878.13
6064,979.94,1513.7,908.67
6065,1029.46,1574.0,943.89
6066,1073.54,1619.53,968.51
6067,1072.12,1597.2,981.21
6068,1010.25,1529.99,927.18
6069,934.51,1412.14,843.73
6070,850.65,1323.15,770.55
6071,766.86,1211.32,688.24
6072,732.66,1175.62,640.47
6073,699.93,1102.43,603.28
6074,683.04,1095.53,588.76
6075,653.2,1098.6,567.05
6076,680.32,1106.56,584.6
6077,708.83,1158.34,602.01
6078,800.33,1259.48,662.87
6079,857.85,1358.93,722.02
6080,885.45,1416.27,761.92
6081,879.82,1445.66,782.08
6082,894.82,1432.17,802.65
6083,893.06,1489.07,807.52
6084,883.45,1484.35,803.72
6085,862.55,1471.39,801.0
6086,874.89,1460.4,811.8
6087,894.47,1470.45,828.02
6088,943.93,1507.16,854.93
6089,981.1,1578.74,896.95
6090,1020.74,1636.02,928.05
6091,997.39,1638.94,924.05
6092,952.23,1572.24,904.49
6093,887.97,1484.68,842.99
6094,825.97,1368.67,772.95
6095,767.71,1256.4,703.26
6096,735.3,1177.45,664.29
6097,692.77,1133.05,615.42
6098,684.12,1107.21,598.73
6099,675.12,1089.48,597.22
6100,681.8,1100.58,601.18
6101,712.01,1156.15,634.22
6102,778.7,1271.41,715.16
6103,868.96,1385.21,782.13
6104,908.76,1432.55,792.27
6105,928.94,1474.26,794.39
6106,935.05,1502.36,800.33
6107,972.01,1547.05,800.88
6108,985.55,1533.14,802.97
6109,966.02,1527.71,793.32
6110,961.5,1491.13,805.77
6111,967.17,1519.28,803.26
6112,995.7,1534.6,825.3
6113,1032.5,1587.01,867.25
6114,1074.24,1650.86,902.93
6115,1082.28,1624.6,897.45
6116,1017.73,1540.45,833.83
6117,939.49,1435.23,783.26
6118,861.4,1337.21,722.5
6119,784.85,1211.54,670.1
6120,759.86,1139.82,637.17
6121,730.78,1080.48,608.35
6122,718.96,1064.86,595.37
6123,706.06,1062.54,597.38
6124,711.99,1053.14,613.36
6125,735.76,1124.35,647.03
6126,816.54,1228.4,728.77
6127,895.17,1345.26,787.46
6128,945.53,1386.38,807.5
6129,960.39,1422.46,822.63
6130,966.69,1482.77,826.17
6131,976.65,1498.58,809.25
6132,985.4,1489.49,803.41
6133,957.53,1470.63,799.92
6134,964.93,1444.56,800.01
6135,972.78,1485.4,800.8
6136,987.21,1533.71,825.37
6137,1007.19,1584.75,866.26
6138,1042.18,1621.7,905.99
6139,1052.21,1609.47,891.68
6140,1026.48,1558.31,862.8
6141,964.08,1439.24,797.52
6142,908.47,1346.76,731.77
6143,829.64,1232.23,684.99
6144,790.82,1145.9,636.86
6145,746.44,1084.66,601.39
6146,721.39,1080.6,577.62
6147,705.02,1048.57,565.22
6148,696.27,1053.9,575.07
6149,744.15,1123.68,611.96
6150,811.67,1239.97,674.03
6151,876.64,1340.27,733.44
6152,900.29,1413.75,753.46
6153,916.73,1459.93,763.3
6154,946.46,1479.47,757.78
6155,979.32,1482.12,775.12
6156,958.95,1473.73,785.3
6157,945.33,1464.7,779.07
6158,933.47,1441.57,785.02
6159,954.24,1480.15,802.63
6160,984.97,1553.67,827.7
6161,1022.84,1619.96,881.98
6162,1060.36,1683.32,902.3
6163,1045.22,1690.25,891.33
6164,1019.57,1650.67,848.45
6165,960.23,1568.79,801.64
6166,891.79,1413.95,726.97
6167,790.18,1287.23,678.68
6168,694.08,1129.78,598.42
6169,677.09,1066.21,581.32
6170,669.46,1058.4,565.65
6171,645.42,1060.97,554.12
6172,651.29,1061.61,565.65
6173,675.56,1112.25,602.18
6174,758.88,1209.83,655.97
6175,829.8,1314.1,698.12
6176,855.94,1362.71,711.41
6177,873.25,1403.03,729.04
6178,854.15,1399.32,751.03
6179,852.11,1367.74,746.59
6180,854.23,1341.47,744.85
6181,856.54,1313.24,735.36
6182,837.17,1304.74,753.68
6183,843.32,1323.12,781.66
6184,880.93,1345.43,807.16
6185,907.11,1390.21,852.48
6186,944.7,1427.23,890.11
6187,939.54,1399.64,867.48
6188,919.94,1334.65,835.3
6189,859.82,1245.35,771.52
6190,792.22,1164.11,709.36
6191,733.93,1056.47,657.71
6192,682.75,992.87,618.63
6193,648.55,941.76,595.09
6194,629.25,931.36,587.29
6195,620.91,920.6,566.44
6196,636.83,948.75,558.56
6197,675.57,986.77,595.96
6198,736.83,1088.31,664.23
6199,806.0,1182.24,725.64
6200,855.64,1216.29,758.08
6201,864.01,1244.52,779.86
6202,874.42,1289.7,793.69
6203,881.16,1291.45,796.57
6204,880.88,1293.12,803.48
6205,855.58,1263.01,790.49
6206,871.74,1243.83,790.82
6207,872.38,1248.53,798.42
6208,909.67,1283.02,811.43
6209,945.3,1342.25,840.52
6210,972.25,1392.76,892.16
6211,979.14,1357.38,873.29
6212,947.97,1294.86,837.34
6213,889.49,1227.65,787.74
6214,827.41,1117.76,724.51
6215,754.46,1024.73,667.25
6216,765.99,1045.98,676.23
6217,722.43,989.86,635.3
6218,711.33,974.2,621.74
6219,695.68,946.87,608.47
6220,717.21,976.49,628.05
6221,751.28,1037.82,662.69
6222,825.84,1147.36,721.24
6223,908.16,1274.99,788.25
6224,945.04,1326.61,810.58
6225,959.39,1346.7,827.97
6226,967.47,1388.4,832.52
6227,986.22,1437.45,831.29
6228,977.21,1426.67,822.33
6229,965.45,1412.9,837.76
6230,964.76,1433.05,837.18
6231,983.28,1446.52,839.64
6232,1009.19,1500.0,856.57
6233,1077.54,1585.29,900.7
6234,1111.66,1630.53,924.78
6235,1096.95,1624.84,904.25
6236,1045.4,1553.88,864.53
6237,962.39,1433.64,809.08
6238,876.15,1307.22,742.49
6239,797.23,1188.99,672.81
6240,763.92,1132.4,630.68
6241,726.07,1090.78,597.04
6242,703.11,1072.7,578.09
6243,704.02,1063.94,573.3
6244,725.92,1082.94,597.6
6245,774.01,1142.91,638.98
6246,841.18,1262.25,718.3
6247,910.85,1383.33,776.93
6248,967.67,1415.51,823.78
6249,987.52,1429.73,840.4
6250,991.88,1426.08,856.14
6251,1007.76,1460.45,866.47
6252,1017.04,1489.55,860.55
6253,997.96,1436.18,857.0
6254,998.15,1463.96,859.22
6255,1016.18,1478.88,847.65
6256,1028.89,1538.95,869.19
6257,1075.02,1618.62,917.4
6258,1097.0,1702.33,951.15
6259,1073.75,1688.17,945.96
6260,1019.67,1586.05,894.93
6261,960.08,1481.43,838.93
6262,881.73,1373.08,771.46
6263,801.04,1252.57,703.6
6264,757.6,1185.24,655.94
6265,710.8,1124.87,629.98
6266,696.77,1086.89,615.34
6267,697.4,1057.84,607.96
6268,705.9,1066.62,629.65
6269,741.15,1125.46,664.52
6270,818.92,1208.79,738.78
6271,871.52,1307.45,805.68
6272,914.73,1330.34,833.11
6273,968.8,1350.02,837.06
6274,975.69,1388.06,845.65
6275,982.7,1383.61,825.85
6276,990.34,1399.65,827.92
6277,998.33,1438.47,822.32
6278,1007.29,1463.95,819.41
6279,989.47,1479.5,825.8
6280,1023.37,1536.54,836.44
6281,1101.54,1580.64,890.17
6282,1145.6,1605.85,917.58
6283,1117.45,1593.59,898.7
6284,1069.82,1532.58,865.32
6285,984.7,1454.48,811.13
6286,919.83,1331.95,744.7
6287,831.31,1222.62,678.15
6288,785.09,1151.43,638.31
6289,738.23,1093.32,617.14
6290,714.0,1064.24,604.3
6291,716.63,1039.41,595.6
6292,726.05,1057.32,609.14
6293,758.22,1115.88,640.61
6294,821.98,1221.13,707.14
6295,876.43,1343.39,771.73
6296,899.8,1416.58,808.3
6297,920.55,1455.58,818.86
6298,942.19,1450.37,814.79
6299,945.58,1465.69,831.05
6300,964.81,1449.22,844.82
6301,947.35,1437.21,824.56
6302,945.09,1421.69,825.32
6303,942.34,1458.73,827.93
6304,982.56,1514.66,859.9
6305,1055.26,1606.16,901.44
6306,1069.39,1681.93,968.49
6307,1056.14,1659.26,953.82
6308,1026.31,1576.82,925.58
6309,944.17,1504.79,879.39
6310,877.42,1382.31,812.41
6311,815.61,1243.67,741.1
6312,771.15,1181.68,695.31
6313,737.98,1124.11,658.83
6314,733.45,1112.69,647.56
6315,738.87,1098.5,630.23
6316,746.15,1110.24,635.21
6317,778.65,1186.47,664.31
6318,845.62,1278.58,714.32
6319,931.56,1382.62,785.47
6320,953.09,1423.11,826.27
6321,968.16,1412.65,834.39
6322,977.92,1442.07,850.57
6323,980.63,1446.09,841.05
6324,983.28,1462.08,839.81
6325,1002.62,1454.17,829.12
6326,999.06,1463.76,828.7
6327,1001.69,1468.68,836.29
6328,1041.03,1496.43,858.38
6329,1090.35,1567.84,893.2
6330,1145.5,1641.39,922.93
6331,1134.52,1625.11,928.78
6332,1079.1,1540.53,880.94
6333,987.34,1421.53,845.58
6334,892.17,1315.07,772.33
6335,798.85,1196.72,707.83
6336,705.86,1046.03,622.31
6337,660.65,992.82,588.64
6338,654.47,962.91,581.55
6339,646.37,954.67,575.93
6340,653.31,974.73,580.61
6341,681.02,1050.9,619.14
6342,755.58,1165.47,671.12
6343,816.7,1293.7,725.58
6344,841.35,1332.21,759.15
6345,872.19,1331.54,779.69
6346,885.24,1343.76,788.17
6347,891.76,1370.1,792.57
6348,899.29,1380.2,788.35
6349,890.93,1384.58,789.18
6350,895.22,1341.42,789.2
6351,895.03,1374.23,786.81
6352,944.36,1417.97,799.15
6353,980.93,1455.62,849.99
6354,1034.35,1520.3,871.11
6355,1021.84,1509.25,864.82
6356,985.56,1449.12,838.64
6357,929.31,1371.66,788.18
6358,866.88,1269.67,718.78
6359,784.35,1141.0,649.18
6360,749.12,1070.01,623.36
6361,725.96,997.71,584.48
6362,703.02,980.19,564.86
6363,692.01,983.55,559.12
6364,695.11,981.25,564.29
6365,727.05,1024.55,597.22
6366,813.82,1115.41,644.72
6367,875.14,1211.15,701.14
6368,899.72,1269.44,735.9
6369,933.41,1288.9,756.02
6370,947.01,1313.32,757.4
6371,976.72,1344.02,754.92
6372,968.27,1361.65,756.73
6373,957.22,1329.75,737.51
6374,947.1,1351.82,749.38
6375,955.32,1387.4,757.87
6376,960.49,1450.81,772.98
6377,1011.88,1512.2,798.91
6378,1050.05,1549.23,821.66
6379,1038.33,1515.75,799.86
6380,986.94,1429.55,771.35
6381,913.14,1338.29,716.24
6382,848.7,1246.39,665.24
6383,765.6,1158.09,614.3
6384,782.34,1162.12,629.76
6385,761.82,1103.62,601.22
6386,753.57,1072.82,594.0
6387,728.96,1049.75,595.7
6388,732.83,1072.42,604.81
6389,774.19,1132.59,638.26
6390,849.64,1246.51,696.59
6391,910.47,1363.97,750.37
6392,952.27,1429.16,793.34
6393,970.52,1465.68,814.13
6394,1001.61,1462.97,827.61
6395,1006.62,1490.75,828.53
6396,1018.8,1492.57,843.24
6397,992.21,1468.14,831.19
6398,979.02,1470.0,821.93
6399,996.38,1487.96,823.25
6400,1037.16,1547.58,861.88
6401,1071.85,1596.94,888.95
6402,1109.39,1677.05,911.6
6403,1080.93,1659.46,934.29
6404,1031.63,1574.81,901.36
6405,975.75,1462.94,834.77
6406,894.91,1331.78,758.76
6407,816.97,1193.69,680.35
6408,761.64,1131.69,640.78
6409,719.27,1102.07,614.58
6410,716.66,1052.2,609.1
6411,707.79,1026.38,586.89
6412,708.54,1049.96,585.08
6413,743.35,1104.55,615.21
6414,802.34,1227.13,699.86
6415,865.71,1336.37,770.45
6416,919.14,1381.83,804.68
6417,937.02,1405.56,807.66
6418,969.38,1378.81,794.42
6419,977.69,1374.65,802.74
6420,977.34,1394.0,801.97
6421,975.49,1402.97,791.92
6422,944.1,1427.87,788.62
6423,956.97,1448.99,789.55
6424,985.12,1450.1,803.47
6425,1051.13,1507.47,856.89
6426,1101.48,1588.72,878.53
6427,1076.79,1606.53,869.05
6428,1045.7,1560.56,831.96
6429,975.63,1455.23,786.78
6430,889.87,1320.08,718.7
6431,817.08,1207.91,666.93
6432,770.44,1135.21,623.56
6433,746.62,1099.68,592.52
6434,729.91,1073.06,589.49
6435,721.44,1057.81,574.93
6436,738.14,1071.53,587.99
6437,785.8,1131.86,626.43
6438,870.52,1252.45,691.23
6439,962.92,1352.56,752.49
6440,1006.99,1389.81,803.12
6441,1025.86,1439.99,817.59
6442,1047.2,1424.36,826.16
6443,1052.52,1465.97,829.49
6444,1049.37,1431.41,829.74
6445,1056.03,1407.7,829.79
6446,1070.77,1424.71,825.54
6447,1076.1,1438.18,811.77
6448,1096.8,1456.05,839.96
6449,1162.08,1532.83,867.4
6450,1208.67,1589.3,906.37
6451,1196.74,1571.84,898.14
6452,1135.38,1492.68,868.37
6453,1062.46,1398.09,803.26
6454,975.55,1281.26,735.89
6455,883.25,1209.53,671.16
6456,833.05,1133.04,620.43
6457,792.06,1072.6,598.85
6458,765.9,1038.21,572.24
6459,761.23,1046.73,573.11
6460,779.91,1039.29,584.08
6461,826.59,1098.91,613.54
6462,902.67,1205.28,677.98
6463,989.18,1292.48,742.58
6464,1027.09,1334.14,769.79
6465,1029.22,1368.09,788.18
6466,1043.96,1368.44,802.92
6467,1052.35,1388.45,801.26
6468,1079.6,1420.0,804.75
6469,1081.56,1409.6,771.88
6470,1084.55,1385.14,754.66
6471,1092.5,1385.51,769.54
6472,1120.45,1422.59,789.37
6473,1154.41,1484.97,819.37
6474,1167.84,1543.6,850.48
6475,1142.92,1538.61,841.22
6476,1090.04,1504.95,796.85
6477,993.75,1409.33,732.99
6478,909.83,1282.03,661.63
6479,830.28,1191.6,615.22
6480,782.39,1137.09,578.43
6481,738.16,1083.88,559.82
6482,716.38,1052.22,544.48
6483,721.93,1045.44,541.86
6484,736.78,1055.77,550.08
6485,769.65,1083.51,581.29
6486,845.36,1200.62,642.17
6487,921.36,1324.03,698.61
6488,950.48,1402.33,718.54
6489,960.49,1416.41,742.88
6490,982.15,1433.08,767.61
6491,986.49,1450.04,792.44
6492,973.56,1450.15,787.62
6493,964.37,1436.82,773.81
6494,966.42,1436.08,769.58
6495,953.0,1452.3,776.65
6496,981.76,1505.71,799.88
6497,1040.48,1596.35,828.27
6498,1084.78,1635.65,843.83
6499,1105.45,1615.91,839.65
6500,1072.4,1536.0,769.47
6501,1019.84,1427.25,723.27
6502,968.98,1290.37,662.09
6503,891.82,1182.49,615.89
6504,782.41,1039.93,548.82
6505,749.62,987.39,531.09
6506,723.0,962.09,516.57
6507,711.87,954.33,503.84
6508,713.7,983.26,506.94
6509,752.5,1028.91,537.59
6510,819.21,1115.35,580.86
6511,884.49,1215.5,647.89
6512,923.93,1294.98,674.14
6513,938.94,1301.53,694.18
6514,925.24,1324.13,687.07
6515,917.47,1354.47,688.04
6516,904.95,1315.27,673.86
6517,887.36,1309.28,679.98
6518,893.12,1318.64,681.47
6519,905.15,1326.63,696.06
6520,944.17,1354.02,719.27
6521,997.4,1407.42,759.88
6522,1045.93,1452.6,785.88
6523,1043.4,1435.76,779.35
6524,999.27,1366.24,746.74
6525,946.51,1275.29,704.77
6526,880.68,1194.94,655.1
6527,808.17,1078.71,622.16
6528,773.14,993.24,597.36
6529,713.78,961.19,555.81
6530,692.09,935.59,540.74
6531,679.68,920.15,531.16
6532,697.37,932.6,546.88
6533,746.26,985.77,573.33
6534,805.31,1078.8,634.13
6535,891.63,1186.15,672.27
6536,914.25,1222.46,688.05
6537,918.78,1244.42,721.54
6538,924.55,1224.32,729.48
6539,929.48,1258.72,728.03
6540,911.9,1258.81,731.01
6541,910.82,1260.02,715.32
6542,918.45,1269.65,713.9
6543,938.84,1292.36,709.03
6544,960.17,1330.74,724.05
6545,1004.03,1400.74,756.06
6546,1039.0,1434.7,796.57
6547,1050.26,1403.52,795.95
6548,969.98,1343.29,768.67
6549,898.06,1249.45,720.39
6550,829.11,1175.46,671.92
6551,749.88,1082.66,609.17
6552,760.8,1085.46,611.52
6553,723.7,1030.35,585.49
6554,700.52,1006.94,569.19
6555,693.18,994.06,562.33
6556,709.16,1011.87,569.38
6557,745.28,1067.04,609.35
6558,816.35,1154.83,681.16
6559,890.15,1228.33,737.27
6560,928.65,1277.29,751.77
6561,928.28,1316.2,760.96
6562,945.27,1326.45,761.04
6563,951.11,1363.86,777.93
6564,968.4,1365.42,787.81
6565,967.41,1377.32,770.99
6566,982.18,1397.65,764.84
6567,979.82,1429.01,759.42
6568,1004.33,1448.34,784.69
6569,1036.31,1516.52,822.84
6570,1065.78,1593.94,862.61
6571,1075.33,1584.3,861.86
6572,1048.59,1524.2,831.61
6573,968.48,1402.45,764.68
6574,889.06,1322.97,701.02
6575,814.35,1198.8,650.92
6576,776.08,1099.23,609.26
6577,722.94,1041.64,568.79
6578,691.62,985.4,561.29
6579,688.62,961.33,550.99
6580,682.32,1008.42,567.0
6581,716.6,1057.6,597.54
6582,792.72,1144.33,655.93
6583,872.21,1251.27,728.64
6584,909.48,1291.31,747.41
6585,925.94,1334.59,776.82
6586,947.72,1335.09,778.65
6587,962.4,1355.57,788.33
6588,956.44,1338.78,790.44
6589,949.76,1372.75,779.15
6590,956.25,1382.21,772.47
6591,987.75,1393.74,777.31
6592,1026.47,1429.54,790.79
6593,1090.13,1487.22,849.53
6594,1120.12,1527.45,875.22
6595,1103.19,1501.65,880.66
6596,1052.27,1468.92,852.83
6597,983.77,1367.11,801.57
6598,896.55,1229.3,737.59
6599,834.44,1111.87,676.62
6600,797.06,1060.3,640.56
6601,755.06,1007.58,609.43
6602,741.12,982.27,582.27
6603,732.82,985.66,562.06
6604,748.36,990.56,580.71
6605,774.44,1052.71,591.97
6606,850.15,1149.93,653.88
6607,926.62,1265.44,712.34
6608,972.3,1313.38,744.68
6609,983.84,1337.47,749.96
6610,963.64,1366.2,762.2
6611,961.4,1393.23,772.91
6612,962.65,1390.93,800.46
6613,956.05,1370.29,793.79
6614,977.84,1397.91,806.29
6615,995.02,1420.98,798.91
6616,1025.04,1454.27,831.85
6617,1072.77,1509.81,872.4
6618,1126.15,1583.03,905.66
6619,1108.12,1570.63,899.98
6620,1058.1,1498.51,877.17
6621,977.84,1404.38,822.13
6622,918.08,1299.81,749.89
6623,844.54,1188.72,680.79
6624,791.16,1132.34,646.06
6625,751.55,1091.56,616.83
6626,736.83,1068.03,589.34
6627,724.79,1068.36,584.72
6628,729.7,1079.69,584.39
6629,762.25,1142.4,618.18
6630,842.47,1267.26,673.13
6631,915.45,1393.69,731.83
6632,948.92,1461.21,757.43
6633,952.94,1494.9,787.14
6634,964.8,1535.89,798.28
6635,973.47,1534.14,817.51
6636,971.11,1524.77,844.01
6637,965.76,1500.31,833.91
6638,976.1,1488.44,845.77
6639,994.94,1464.31,844.36
6640,1030.94,1526.92,878.5
6641,1076.09,1575.13,908.08
6642,1107.16,1631.01,937.63
6643,1084.32,1587.05,932.69
6644,1030.85,1527.14,896.58
6645,966.93,1414.68,824.89
6646,884.43,1286.03,751.54
6647,812.4,1180.08,691.97
6648,759.95,1099.28,647.09
6649,709.43,1038.46,604.53
6650,700.69,1014.31,588.09
6651,689.06,1010.86,579.13
6652,692.72,1014.07,587.74
6653,721.28,1054.95,622.15
6654,800.64,1161.77,687.48
6655,891.54,1276.71,742.35
6656,925.97,1354.01,769.02
6657,944.07,1362.84,792.76
6658,968.32,1371.19,794.69
6659,957.3,1404.69,798.21
6660,983.52,1437.22,783.65
6661,1004.44,1404.83,776.34
6662,971.69,1391.41,780.09
6663,981.22,1410.79,769.15
6664,1001.89,1440.71,782.11
6665,1047.03,1494.04,805.88
6666,1080.7,1552.38,845.57
6667,1084.31,1567.83,820.1
6668,1037.1,1475.26,786.41
6669,961.5,1406.21,745.62
6670,886.55,1287.06,691.21
6671,818.6,1182.92,631.04
6672,710.07,1052.58,556.07
6673,662.95,1003.45,537.01
6674,664.36,972.72,523.31
6675,651.47,966.59,502.9
6676,660.31,975.79,518.46
6677,692.97,1031.76,549.53
6678,769.1,1130.21,605.19
6679,858.82,1243.34,645.04
6680,901.29,1271.76,671.21
6681,902.61,1280.32,678.95
6682,896.93,1270.62,677.16
6683,902.8,1282.59,685.19
6684,901.57,1259.39,683.03
6685,875.53,1238.32,675.02
6686,887.38,1223.42,684.23
6687,885.89,1261.16,695.44
6688,931.47,1283.38,713.12
6689,998.88,1324.31,742.88
6690,1032.06,1379.45,767.55
6691,1029.38,1399.63,761.21
6692,970.36,1338.33,736.14
6693,916.62,1253.95,682.19
6694,840.9,1176.09,643.18
6695,760.6,1088.69,594.72
6696,717.48,1027.94,541.56
6697,679.71,970.5,517.54
6698,660.88,950.6,512.65
6699,661.26,922.5,509.61
6700,664.48,928.12,514.81
6701,715.76,994.75,542.69
6702,775.13,1111.11,599.56
6703,863.61,1217.27,661.59
6704,888.83,1237.88,678.06
6705,907.43,1244.4,687.87
6706,911.64,1247.2,710.64
6707,917.65,1258.16,718.74
6708,927.89,1240.38,733.07
6709,936.41,1227.1,752.26
6710,949.53,1256.68,746.77
6711,953.3,1276.11,742.53
6712,982.33,1317.08,761.19
6713,1017.99,1362.17,806.98
6714,1041.64,1383.9,847.24
6715,1018.75,1353.65,860.79
6716,970.29,1270.76,820.76
6717,912.52,1195.4,770.8
6718,822.83,1111.74,703.24
6719,754.8,1008.65,624.08
6720,783.33,1024.65,630.69
6721,756.17,996.04,591.34
6722,731.82,996.22,580.68
6723,710.41,993.01,560.0
6724,725.07,1004.33,562.83
6725,742.4,1066.91,595.16
6726,830.19,1192.38,658.34
6727,904.83,1268.8,718.31
6728,965.65,1345.68,765.81
6729,964.86,1362.89,795.38
6730,986.94,1367.1,795.7
6731,996.22,1374.58,817.99
6732,993.13,1380.27,833.28
6733,968.14,1348.85,821.95
6734,977.19,1345.18,820.38
6735,996.33,1368.15,825.93
6736,1048.4,1412.07,841.61
6737,1110.4,1485.39,873.84
6738,1141.09,1532.61,917.78
6739,1117.29,1532.58,912.62
6740,1051.33,1484.29,865.51
6741,1003.24,1405.16,800.32
6742,916.75,1300.83,730.76
6743,855.11,1202.57,667.49
6744,812.99,1139.23,634.56
6745,775.86,1114.35,596.88
6746,752.62,1096.57,587.54
6747,748.1,1076.66,580.59
6748,757.23,1075.81,588.71
6749,792.91,1125.49,626.5
6750,878.84,1229.8,694.79
6751,956.16,1345.93,744.18
6752,985.76,1387.03,764.47
6753,1012.3,1430.95,777.3
6754,1020.74,1418.22,788.05
6755,1035.99,1402.3,808.25
6756,1029.54,1398.85,807.87
6757,1004.43,1370.58,815.1
6758,1025.6,1349.68,806.76
6759,1053.57,1353.02,808.2
6760,1093.23,1380.38,827.52
6761,1136.8,1447.03,857.0
6762,1171.21,1489.19,899.43
6763,1178.0,1468.87,861.7
6764,1119.7,1407.55,819.68
6765,1038.78,1336.94,778.94
6766,977.57,1256.6,715.83
6767,892.57,1152.93,664.24
6768,858.76,1086.31,641.14
6769,801.46,1030.91,609.46
6770,783.8,1010.26,600.96
6771,789.91,1001.3,608.26
6772,797.98,1030.09,617.08
6773,834.75,1058.98,647.0
6774,903.39,1161.5,716.63
6775,995.59,1272.31,789.34
6776,1025.22,1324.69,818.6
6777,1042.36,1335.82,827.34
6778,1035.52,1328.29,848.71
6779,1063.4,1356.12,850.9
6780,1075.41,1344.53,858.98
6781,1061.98,1304.41,849.62
6782,1045.42,1321.21,863.2
6783,1072.64,1343.6,859.34
6784,1096.3,1381.95,872.14
6785,1130.53,1431.95,918.32
6786,1145.21,1483.47,935.54
6787,1126.26,1495.28,925.84
6788,1058.56,1403.26,898.39
6789,984.63,1290.76,821.44
6790,917.69,1184.28,759.17
6791,837.24,1087.42,702.97
6792,795.55,1018.29,659.16
6793,750.63,979.48,618.56
6794,732.8,969.78,599.46
6795,740.92,961.86,584.63
6796,747.53,982.73,591.99
6797,790.53,1038.86,620.2
6798,853.14,1143.69,677.25
6799,948.64,1228.87,742.2
6800,982.33,1265.68,786.56
6801,1014.72,1271.84,803.74
6802,1022.63,1285.51,822.49
6803,1039.62,1305.39,843.12
6804,1047.06,1284.79,834.72
6805,1030.32,1277.83,826.83
6806,1042.77,1267.52,820.43
6807,1042.11,1266.75,812.29
6808,1081.04,1298.02,837.8
6809,1124.94,1344.66,864.73
6810,1168.73,1410.56,899.74
6811,1151.04,1401.16,874.6
6812,1100.72,1359.85,838.01
6813,1016.75,1270.26,769.69
6814,940.42,1169.49,716.1
6815,861.43,1100.51,652.77
6816,808.7,1015.25,610.78
6817,768.77,984.44,589.3
6818,750.31,980.95,571.93
6819,734.95,977.93,565.22
6820,743.86,987.36,571.41
6821,773.81,1057.87,605.25
6822,876.5,1158.79,673.98
6823,967.79,1253.28,741.95
6824,1010.29,1299.76,767.71
6825,1043.46,1317.27,793.53
6826,1027.69,1315.94,791.54
6827,1005.6,1348.75,791.5
6828,1001.73,1336.92,789.94
6829,976.5,1325.0,791.82
6830,975.62,1302.94,780.17
6831,989.69,1318.6,795.96
6832,1031.79,1339.56,817.8
6833,1066.17,1384.75,851.05
6834,1111.77,1436.66,892.64
6835,1104.02,1447.71,875.71
6836,1062.03,1395.39,859.99
6837,989.21,1317.15,802.19
6838,929.2,1214.53,740.01
6839,850.27,1109.16,688.76
6840,763.81,980.18,602.49
6841,719.31,926.81,579.54
6842,707.04,913.42,550.58
6843,696.87,915.53,539.64
6844,703.08,918.27,548.63
6845,745.48,958.85,583.91
6846,816.61,1048.55,646.69
6847,862.26,1124.54,709.27
6848,865.47,1166.84,745.8
6849,899.92,1212.15,762.47
6850,924.7,1209.8,748.96
6851,956.53,1243.91,767.43
6852,956.37,1238.43,758.15
6853,932.51,1259.71,752.09
6854,928.51,1249.16,752.11
6855,938.64,1259.34,758.27
6856,954.77,1281.79,768.65
6857,1021.35,1331.53,785.31
6858,1087.01,1403.41,803.53
6859,1082.76,1399.73,805.02
6860,1034.39,1355.42,756.65
6861,952.8,1248.61,701.52
6862,894.81,1160.96,651.28
6863,819.25,1050.65,589.56
6864,770.81,971.65,551.91
6865,736.7,928.08,526.54
6866,712.07,907.72,515.75
6867,703.39,897.09,503.14
6868,700.06,917.66,511.82
6869,746.61,976.38,542.45
6870,819.8,1092.56,588.22
6871,906.24,1173.9,644.89
6872,940.72,1244.23,667.11
6873,957.09,1295.52,683.14
6874,951.85,1299.82,697.59
6875,969.78,1284.66,703.96
6876,959.2,1262.58,713.08
6877,944.46,1243.5,713.74
6878,944.78,1274.04,721.89
6879,955.65,1285.46,732.32
6880,963.21,1311.73,763.05
6881,1006.63,1361.16,801.53
6882,1054.2,1387.33,812.97
6883,1041.11,1391.04,798.22
6884,994.08,1329.31,761.83
6885,933.66,1276.48,712.93
6886,860.6,1184.81,660.73
6887,778.94,1094.1,599.35
6888,792.49,1100.39,621.66
6889,764.21,1031.83,590.31
6890,735.66,994.17,574.88
6891,723.65,964.79,562.55
6892,721.91,989.02,563.2
6893,770.71,1036.25,592.3
6894,848.21,1153.21,652.19
6895,917.08,1259.63,711.17
6896,958.39,1306.99,756.18
6897,964.77,1314.2,769.84
6898,964.05,1332.58,776.37
6899,958.36,1342.34,791.36
6900,948.94,1357.53,789.21
6901,960.77,1332.75,786.18
6902,954.97,1343.02,773.65
6903,973.57,1382.55,769.22
6904,994.12,1425.47,793.16
6905,1054.44,1504.06,828.39
6906,1081.0,1565.7,850.15
6907,1075.86,1583.48,845.08
6908,1033.06,1516.84,811.26
6909,998.84,1427.56,753.71
6910,929.62,1312.1,691.61
6911,845.9,1187.61,636.04
6912,807.16,1097.85,591.72
6913,788.28,1058.04,559.69
6914,752.76,1016.73,550.18
6915,735.57,1010.52,543.72
6916,743.87,1027.0,548.63
6917,779.79,1090.31,572.09
6918,855.29,1189.39,622.78
6919,919.29,1283.08,680.24
6920,976.43,1340.46,728.82
6921,979.68,1360.41,749.61
6922,988.74,1352.12,745.35
6923,1013.34,1395.8,760.52
6924,1014.19,1380.64,754.35
6925,993.53,1349.87,748.27
6926,978.61,1345.29,743.98
6927,987.74,1378.15,771.5
6928,1009.11,1380.32,783.23
6929,1062.08,1465.6,823.94
6930,1083.43,1500.81,847.0
6931,1088.96,1492.79,848.42
6932,1045.94,1416.26,815.05
6933,984.15,1358.55,775.22
6934,926.12,1253.83,720.97
6935,844.57,1137.66,654.4
6936,792.2,1064.68,637.06
6937,749.78,1013.62,608.73
6938,730.29,989.47,588.13
6939,721.36,981.22,580.79
6940,724.87,993.71,591.82
6941,745.46,1028.33,625.99
6942,817.11,1126.85,690.98
6943,899.01,1238.92,760.32
6944,941.31,1280.27,797.58
6945,977.86,1317.17,803.23
6946,1013.8,1330.68,828.54
6947,1033.98,1340.14,852.01
6948,1051.58,1359.63,855.77
6949,1050.41,1318.04,844.03
6950,1070.58,1307.93,840.85
6951,1102.07,1341.72,842.43
6952,1142.93,1410.96,861.53
6953,1202.06,1515.17,876.59
6954,1237.92,1566.72,921.8
6955,1222.85,1558.07,923.31
6956,1161.78,1500.87,863.58
6957,1092.67,1422.06,814.93
6958,996.73,1312.06,749.5
6959,908.69,1210.23,683.04
6960,833.77,1138.95,644.77
6961,808.76,1085.79,599.58
6962,784.73,1043.24,583.29
6963,777.43,1022.55,575.36
6964,799.88,1027.21,582.79
6965,842.91,1064.05,602.85
6966,940.3,1146.17,666.34
6967,1008.3,1243.43,735.52
6968,1076.84,1290.84,768.83
6969,1107.98,1318.22,780.97
6970,1117.18,1339.82,812.45
6971,1141.65,1355.23,809.52
6972,1122.11,1350.36,815.06
6973,1103.85,1322.31,807.55
6974,1118.25,1336.55,824.18
6975,1101.45,1347.43,832.99
6976,1137.46,1378.77,859.87
6977,1194.45,1439.98,901.92
6978,1260.96,1478.45,919.72
6979,1223.37,1457.1,900.18
6980,1188.18,1385.38,856.32
6981,1101.68,1294.16,809.01
6982,1007.85,1204.82,746.31
6983,907.68,1109.74,680.15
6984,845.45,1062.8,648.57
6985,807.04,1025.09,601.32
6986,775.06,1020.62,576.12
6987,771.05,1011.48,551.31
6988,774.42,1028.91,567.25
6989,802.95,1074.29,596.37
6990,877.75,1190.38,663.6
6991,961.87,1285.63,722.56
6992,998.81,1313.81,761.44
6993,1019.58,1362.62,774.68
6994,1038.58,1353.51,785.31
6995,1062.14,1372.17,794.49
6996,1057.46,1356.26,796.65
6997,1033.76,1360.13,803.44
6998,1034.84,1378.35,786.68
6999,1050.87,1397.45,792.71
7000,1062.09,1455.17,816.56
7001,1100.44,1519.1,854.2
7002,1131.04,1609.17,879.56
7003,1120.19,1602.64,865.73
7004,1063.15,1511.71,842.71
7005,1006.33,1412.01,787.36
7006,911.14,1296.02,746.0
7007,819.87,1180.08,685.54
7008,719.98,1009.02,596.27
7009,685.67,962.58,569.39
7010,657.89,921.22,554.02
7011,646.84,881.24,553.7
7012,654.91,889.87,551.95
7013,688.9,928.87,567.66
7014,762.69,1012.25,626.28
7015,828.31,1063.65,688.92
7016,883.24,1099.97,718.7
7017,909.32,1124.09,737.4
7018,911.29,1130.37,747.52
7019,924.03,1151.98,740.23
7020,928.07,1177.03,741.62
7021,935.6,1176.37,744.65
7022,930.18,1194.02,744.52
7023,950.03,1223.76,738.82
7024,979.27,1244.25,756.17
7025,1045.13,1311.02,795.85
7026,1099.62,1375.54,840.48
7027,1092.14,1356.83,812.67
7028,1040.78,1286.03,779.82
7029,980.02,1213.14,721.34
7030,901.35,1099.43,668.91
7031,841.45,994.79,616.29
7032,794.79,928.85,577.61
7033,751.34,890.68,552.98
7034,727.28,871.94,545.28
7035,706.84,873.01,536.07
7036,720.98,875.56,533.88
7037,751.21,911.94,570.96
7038,837.32,1011.8,633.08
7039,898.92,1094.66,693.74
7040,938.03,1134.04,715.31
7041,970.18,1132.45,736.69
7042,954.14,1151.8,759.72
7043,987.86,1189.43,763.61
7044,982.39,1176.45,762.15
7045,974.4,1183.04,743.56
7046,980.78,1184.17,735.8
7047,998.24,1171.47,732.45
7048,1029.33,1194.89,754.01
7049,1088.86,1239.42,785.29
7050,1132.73,1283.14,816.31
7051,1143.78,1283.63,800.02
7052,1097.58,1260.73,763.43
7053,1047.65,1161.62,706.53
7054,972.32,1067.67,653.35
7055,869.11,969.42,586.69
7056,906.7,966.74,595.39
7057,853.46,924.38,565.0
7058,842.38,904.03,552.38
7059,828.02,874.48,534.63
7060,845.47,890.42,547.27
7061,879.35,926.6,574.8
7062,970.26,1024.46,634.98
7063,1051.27,1141.43,677.68
7064,1110.26,1200.26,696.63
7065,1133.03,1230.73,709.3
7066,1150.91,1237.89,731.22
7067,1129.33,1254.67,744.83
7068,1124.53,1267.07,747.34
7069,1115.43,1265.0,732.86
7070,1114.7,1265.74,724.25
7071,1134.17,1283.77,735.83
7072,1158.05,1301.34,765.53
7073,1209.03,1352.76,804.83
7074,1265.11,1417.39,852.54
7075,1217.93,1422.89,838.57
7076,1170.41,1364.55,804.53
7077,1089.19,1302.65,738.33
7078,992.0,1209.24,683.93
7079,910.73,1104.31,638.64
7080,871.66,1022.49,593.61
7081,837.25,990.55,571.11
7082,812.39,974.03,566.49
7083,807.78,981.27,554.24
7084,824.33,1017.93,564.82
7085,864.16,1053.01,605.65
7086,940.36,1139.01,667.26
7087,1015.94,1199.49,733.75
7088,1066.44,1264.42,747.36
7089,1084.73,1300.13,767.34
7090,1079.83,1314.11,778.96
7091,1067.3,1307.09,773.43
7092,1077.39,1306.31,764.34
7093,1059.19,1297.31,762.77
7094,1062.77,1310.06,759.98
7095,1088.06,1326.95,777.74
7096,1100.8,1375.66,802.71
7097,1150.97,1436.89,840.21
7098,1189.06,1508.26,867.87
7099,1183.68,1504.52,862.91
7100,1148.19,1417.06,832.67
7101,1057.04,1347.67,783.69
7102,981.12,1258.85,718.26
7103,908.77,1156.56,666.66
7104,855.85,1087.69,630.96
7105,811.86,1051.86,601.65
7106,794.14,1002.87,585.6
7107,785.92,1001.76,580.03
7108,800.75,1006.93,574.11
7109,847.04,1070.82,605.37
7110,919.46,1176.27,677.91
7111,1013.49,1261.65,739.89
7112,1068.21,1304.22,769.86
7113,1089.43,1344.11,778.29
7114,1078.8,1351.28,789.16
7115,1086.38,1352.14,793.6
7116,1087.57,1340.4,804.41
7117,1061.36,1336.31,787.0
7118,1056.27,1362.01,781.56
7119,1048.3,1338.45,782.57
7120,1087.13,1421.36,821.81
7121,1140.42,1487.69,856.69
7122,1157.89,1547.36,880.13
7123,1154.1,1522.44,850.08
7124,1104.06,1452.94,804.21
7125,1041.15,1360.61,758.25
7126,956.16,1237.14,703.89
7127,867.69,1120.69,639.5
7128,813.19,1066.71,597.53
7129,769.57,994.8,581.56
7130,751.39,973.81,584.48
7131,744.13,956.03,583.24
7132,753.44,957.2,599.97
7133,790.19,1031.51,642.01
7134,866.95,1120.7,720.6
7135,977.1,1205.56,779.64
7136,1008.6,1253.22,800.62
7137,1022.5,1266.81,829.96
7138,1075.2,1280.31,825.38
7139,1089.91,1296.11,820.61
7140,1070.98,1300.57,808.67
7141,1070.96,1286.66,797.63
7142,1058.58,1276.32,777.64
7143,1080.19,1299.97,771.09
7144,1107.73,1336.25,787.23
7145,1152.74,1390.97,812.26
7146,1216.43,1467.72,852.88
7147,1212.44,1452.71,845.73
7148,1171.12,1407.59,814.69
7149,1099.93,1336.18,766.94
7150,1007.17,1249.18,705.3
7151,927.25,1150.73,653.3
7152,886.71,1078.66,617.41
7153,842.57,1023.0,584.45
7154,835.73,991.9,557.66
7155,829.79,952.53,553.86
7156,839.76,972.97,552.69
7157,883.25,1026.2,584.83
7158,969.6,1138.64,644.15
7159,1039.3,1238.68,691.38
7160,1078.63,1298.66,723.27
7161,1100.26,1301.31,740.12
7162,1103.03,1294.93,749.69
7163,1115.69,1268.65,758.75
7164,1113.5,1268.47,753.1
7165,1110.27,1246.19,751.87
7166,1115.96,1234.58,745.93
7167,1125.92,1254.84,743.92
7168,1137.33,1286.87,772.88
7169,1213.05,1325.83,819.04
7170,1251.0,1421.95,854.79
7171,1236.02,1410.84,845.27
7172,1174.93,1333.19,789.74
7173,1091.77,1240.26,753.91
7174,1023.38,1143.95,679.14
7175,949.78,1047.62,627.38
7176,836.38,932.34,563.75
7177,792.13,887.1,537.05
7178,774.96,885.13,524.91
7179,763.01,868.97,520.06
7180,769.2,885.34,527.86
7181,810.55,943.39,570.62
7182,884.64,1051.82,620.28
7183,965.48,1163.61,668.02
7184,1005.57,1205.95,692.55
7185,1030.22,1227.92,720.5
7186,1030.22,1202.26,721.51
7187,1046.41,1210.98,731.31
7188,1032.99,1226.89,739.42
7189,1014.38,1227.27,737.47
7190,1006.65,1224.67,744.4
7191,1002.53,1260.04,761.68
7192,1043.49,1288.17,783.74
7193,1078.73,1334.98,813.42
7194,1107.55,1373.52,841.39
7195,1114.64,1342.55,828.54
7196,1058.26,1293.63,813.23
7197,988.38,1214.91,754.1
7198,900.42,1127.98,696.99
7199,833.27,1026.99,625.4
7200,795.37,963.64,587.89
7201,762.76,892.42,556.03
7202,747.17,874.19,544.81
7203,737.05,864.14,540.66
7204,741.38,864.37,555.22
7205,772.23,909.66,591.27
7206,862.22,998.55,647.43
7207,948.03,1114.22,696.3
7208,978.11,1145.91,716.39
7209,997.15,1174.34,731.51
7210,1002.39,1170.72,738.21
7211,997.87,1175.3,745.79
7212,999.95,1180.95,739.42
7213,985.26,1167.91,742.96
7214,974.08,1169.25,728.53
7215,966.52,1186.8,729.27
7216,976.72,1214.76,739.86
7217,1020.14,1286.81,772.01
7218,1058.21,1328.56,811.01
7219,1040.17,1316.48,800.34
7220,1006.16,1265.71,765.71
7221,943.62,1188.99,721.88
7222,878.65,1105.52,662.32
7223,804.3,1016.17,608.62
7224,810.77,1032.09,616.81
7225,774.07,977.43,578.2
7226,743.88,939.93,559.94
7227,741.16,911.87,554.74
7228,743.93,906.17,570.43
7229,794.38,977.05,608.73
7230,871.91,1046.71,684.56
7231,965.87,1161.66,748.71
7232,993.56,1199.55,773.89
7233,1006.9,1243.95,786.68
7234,1024.02,1223.56,791.37
7235,1051.1,1234.76,793.45
7236,1073.79,1260.37,795.37
7237,1064.04,1260.94,789.94
7238,1087.54,1256.82,777.54
7239,1093.2,1240.13,793.86
7240,1138.37,1257.58,797.84
7241,1176.77,1343.5,832.19
7242,1223.85,1388.09,873.01
7243,1178.66,1377.68,870.46
7244,1112.59,1325.03,827.82
7245,1048.88,1222.75,791.92
7246,952.67,1136.31,725.01
7247,878.39,1037.3,647.31
7248,840.28,980.37,611.85
7249,794.88,927.61,569.24
7250,765.99,887.99,549.16
7251,752.55,874.26,546.35
7252,754.7,896.04,550.66
7253,795.14,950.39,583.99
7254,877.63,1048.17,633.49
7255,955.63,1158.71,698.86
7256,1018.3,1205.67,713.3
7257,1030.46,1232.45,740.28
7258,1059.72,1238.87,743.52
7259,1056.92,1267.71,765.19
7260,1058.9,1273.39,757.28
7261,1064.79,1253.47,767.55
7262,1079.41,1231.87,758.17
7263,1083.84,1263.3,748.91
7264,1122.17,1289.3,771.51
7265,1179.77,1352.78,820.25
7266,1213.12,1443.68,857.52
7267,1210.92,1444.77,861.4
7268,1182.82,1407.52,830.79
7269,1111.57,1307.72,769.27
7270,1029.89,1219.96,715.16
7271,948.35,1115.7,654.7
7272,879.0,1051.06,610.05
7273,839.31,1021.46,580.97
7274,806.74,989.38,565.13
7275,789.76,974.15,566.49
7276,820.24,974.61,569.65
7277,859.27,1034.66,594.91
7278,935.52,1128.34,648.41
7279,1033.2,1243.34,722.97
7280,1062.57,1267.75,746.31
7281,1076.92,1299.87,771.98
7282,1102.64,1300.86,768.86
7283,1112.26,1323.43,780.08
7284,1090.42,1321.39,781.42
7285,1086.42,1298.79,783.93
7286,1080.51,1291.66,792.14
7287,1110.44,1290.2,798.54
7288,1132.84,1340.56,814.52
7289,1199.34,1384.89,866.77
7290,1266.0,1429.8,888.7
7291,1239.86,1423.64,856.11
7292,1181.15,1388.06,800.19
7293,1109.17,1298.32,734.82
7294,1011.07,1192.96,683.49
7295,927.75,1095.24,643.26
7296,873.24,1003.01,590.25
7297,827.34,940.65,556.46
7298,805.86,913.35,543.37
7299,795.22,894.61,546.87
7300,806.67,890.07,548.9
7301,842.34,949.57,582.18
7302,919.97,1049.95,638.52
7303,1001.99,1149.33,718.6
7304,1043.07,1188.76,748.81
7305,1058.26,1216.01,765.93
7306,1073.01,1237.91,773.06
7307,1059.83,1247.49,775.65
7308,1051.5,1256.1,783.4
7309,1039.35,1233.21,764.16
7310,1030.0,1236.56,745.45
7311,1063.34,1267.86,751.58
7312,1095.29,1324.71,781.21
7313,1149.94,1408.37,811.95
7314,1184.86,1462.18,843.05
7315,1175.58,1448.56,823.62
7316,1108.82,1376.83,798.72
7317,1037.8,1260.72,753.89
7318,947.68,1144.34,695.35
7319,866.77,1047.07,637.93
7320,794.59,983.72,590.09
7321,747.74,953.16,552.42
7322,745.76,943.75,538.18
7323,746.11,923.28,535.19
7324,770.49,944.71,546.59
7325,826.17,988.26,573.16
7326,916.71,1095.7,636.68
7327,994.72,1205.98,706.66
7328,1023.57,1273.23,734.89
7329,1059.75,1289.06,751.97
7330,1071.24,1315.35,756.97
7331,1114.36,1296.91,762.78
7332,1108.18,1315.9,764.01
7333,1121.88,1301.03,771.61
7334,1117.54,1299.24,778.72
7335,1143.68,1278.94,792.28
7336,1196.45,1309.69,809.06
7337,1233.86,1393.6,836.48
7338,1267.54,1435.22,869.17
7339,1238.94,1434.51,872.91
7340,1166.29,1371.73,849.76
7341,1099.86,1299.69,771.32
7342,1010.97,1199.89,730.68
7343,925.53,1085.43,670.5
7344,817.91,948.42,591.13
7345,760.15,918.6,549.52
7346,752.05,898.78,532.86
7347,738.49,884.16,529.89
7348,752.64,917.92,528.53
7349,797.39,976.21,536.82
7350,890.2,1080.13,593.09
7351,968.12,1178.29,646.69
7352,981.9,1233.01,685.4
7353,1001.8,1263.57,697.27
7354,1013.59,1240.11,702.96
7355,1010.32,1254.44,715.3
7356,1012.22,1248.71,723.36
7357,998.15,1226.53,709.45
7358,982.23,1221.16,716.65
7359,1000.96,1208.51,718.15
7360,1023.38,1215.78,738.2
7361,1066.84,1291.89,777.97
7362,1099.89,1344.58,812.58
7363,1108.46,1293.93,807.1
7364,1060.28,1229.82,760.92
7365,994.25,1165.09,696.04
7366,912.53,1071.38,640.51
7367,840.95,996.51,593.47
7368,807.86,947.83,561.13
7369,774.01,886.41,534.89
7370,759.65,862.19,520.7
7371,754.1,846.34,515.31
7372,750.75,843.53,515.58
7373,781.58,873.12,547.6
7374,857.58,952.74,607.94
7375,927.45,1033.54,659.65
7376,954.12,1083.46,690.03
7377,951.95,1122.36,688.86
7378,947.24,1142.43,697.05
7379,956.24,1165.59,702.57
7380,958.34,1162.62,713.1
7381,942.36,1160.86,704.0
7382,946.46,1159.26,710.76
7383,953.33,1164.83,713.55
7384,997.67,1226.99,713.7
7385,1044.61,1248.15,745.41
7386,1093.89,1264.37,774.39
7387,1089.09,1262.14,769.5
7388,1025.27,1205.43,737.8
7389,961.2,1110.63,686.81
7390,874.82,1013.47,631.33
7391,802.45,920.18,570.66
7392,809.94,943.85,563.96
7393,776.7,914.25,537.14
7394,746.05,910.77,519.78
7395,739.01,882.11,521.47
7396,756.89,880.28,515.1
7397,808.14,912.22,546.08
7398,882.3,1023.45,618.71
7399,965.1,1124.99,674.42
7400,1009.98,1175.36,703.56
7401,1052.24,1204.47,722.44
7402,1044.35,1217.35,734.84
7403,1044.51,1214.01,738.82
7404,1083.81,1224.45,730.41
7405,1070.35,1211.98,730.33
7406,1046.43,1196.05,714.02
7407,1050.81,1219.35,730.06
7408,1045.95,1250.31,748.64
7409,1102.41,1315.24,785.0
7410,1157.57,1362.64,809.07
7411,1137.47,1368.38,817.9
7412,1084.94,1313.98,785.41
7413,1031.29,1218.28,733.05
7414,932.61,1129.81,673.8
7415,842.62,1040.43,616.57
7416,797.22,984.63,597.83
7417,754.12,948.91,559.51
7418,735.3,917.67,552.5
7419,716.89,913.16,548.76
7420,732.27,906.11,565.87
7421,772.94,953.29,599.14
7422,860.25,1046.1,657.92
7423,944.59,1162.69,725.02
7424,990.1,1209.02,755.59
7425,994.52,1242.51,775.69
7426,1014.79,1228.06,794.1
7427,1023.9,1235.8,800.13
7428,1025.35,1224.33,793.87
7429,1032.7,1251.63,778.39
7430,1026.0,1241.59,780.7
7431,1056.79,1255.22,778.52
7432,1108.89,1293.8,796.34
7433,1172.41,1328.61,822.95
7434,1200.34,1368.8,856.74
7435,1159.31,1365.76,840.94
7436,1126.49,1309.23,791.62
7437,1057.83,1192.63,731.48
7438,968.02,1094.84,670.55
7439,900.98,1018.28,611.19
7440,843.09,965.61,577.71
7441,798.9,933.6,549.1
7442,784.73,899.3,538.11
7443,764.74,902.45,534.46
7444,775.31,914.28,546.79
7445,828.65,981.21,562.43
7446,914.82,1078.68,610.9
7447,1014.02,1147.46,672.35
7448,1070.7,1208.38,703.24
7449,1091.53,1226.09,726.86
7450,1071.03,1232.93,720.67
7451,1067.74,1223.65,724.52
7452,1079.4,1249.94,723.13
7453,1049.76,1230.57,719.01
7454,1047.45,1254.96,720.53
7455,1064.18,1260.23,732.88
7456,1116.65,1282.1,753.85
7457,1161.42,1364.18,803.33
7458,1194.61,1411.24,849.24
7459,1185.12,1397.68,830.17
7460,1139.96,1316.17,794.48
7461,1066.47,1226.29,750.99
7462,997.32,1137.92,697.11
7463,904.84,1026.23,634.79
7464,856.87,959.16,598.79
7465,820.06,909.07,558.52
7466,795.49,888.07,544.23
7467,793.52,893.9,527.75
7468,805.61,903.09,538.75
7469,856.03,943.37,559.85
7470,943.35,1073.93,617.97
7471,1033.12,1164.9,677.66
7472,1067.31,1210.35,707.26
7473,1080.09,1229.1,716.5
7474,1106.76,1237.12,722.56
7475,1125.14,1250.61,741.16
7476,1110.47,1264.71,737.74
7477,1101.75,1258.11,731.39
7478,1070.15,1273.43,726.96
7479,1074.03,1299.99,743.93
7480,1119.53,1338.43,766.37
7481,1170.82,1404.62,795.01
7482,1215.21,1470.67,824.08
7483,1161.32,1435.99,815.14
7484,1108.09,1411.06,793.56
7485,1044.71,1309.72,742.6
7486,971.35,1200.09,673.53
7487,901.82,1081.31,621.05
7488,850.79,1000.59,597.29
7489,808.61,962.09,575.85
7490,775.94,961.19,553.12
7491,765.33,940.1,543.77
7492,764.9,954.54,550.59
7493,788.55,1005.21,579.22
7494,858.61,1116.1,639.82
7495,959.28,1245.2,694.75
7496,998.96,1314.36,715.56
7497,1025.03,1331.47,738.42
7498,1031.29,1347.13,735.42
7499,1020.74,1364.2,735.62
7500,1037.36,1358.26,726.09
7501,1002.2,1323.61,725.63
7502,999.52,1307.52,727.32
7503,1013.28,1334.01,742.98
7504,1050.36,1387.58,757.41
7505,1093.59,1443.83,781.32
7506,1110.45,1494.79,806.02
7507,1095.18,1496.87,798.65
7508,1043.11,1399.32,767.26
7509,972.45,1300.09,704.59
7510,914.29,1223.99,655.45
7511,828.18,1120.97,594.8
7512,734.82,963.97,517.62
7513,704.12,915.84,501.12
7514,698.07,900.53,475.93
7515,690.39,860.51,473.16
7516,709.39,872.57,482.8
7517,747.37,913.21,504.26
7518,829.12,984.05,553.17
7519,889.66,1074.44,614.72
7520,898.55,1117.2,657.42
7521,925.78,1139.14,679.79
7522,944.39,1145.45,702.07
7523,963.26,1142.53,702.4
7524,960.11,1123.16,688.83
7525,972.57,1104.68,682.04
7526,969.31,1118.75,688.96
7527,986.48,1134.39,680.13
7528,1024.74,1167.46,692.54
7529,1097.33,1207.8,718.72
7530,1132.76,1247.29,749.21
7531,1114.86,1250.21,746.09
7532,1047.95,1204.85,707.86
7533,1002.21,1122.65,665.54
7534,929.94,1003.46,606.15
7535,856.82,913.68,553.42
7536,840.14,855.96,513.76
7537,800.94,807.43,489.32
7538,767.31,785.47,473.4
7539,754.83,786.26,472.94
7540,755.54,798.8,480.46
7541,791.48,853.86,505.67
7542,866.55,923.5,570.19
7543,939.0,1006.57,625.86
7544,962.25,1025.82,649.72
7545,1002.4,1044.94,658.81
7546,1016.4,1045.33,656.6
7547,1023.78,1078.33,663.94
7548,1033.6,1087.94,667.96
7549,1029.38,1094.84,647.01
7550,1032.41,1091.48,637.75
7551,1050.42,1090.65,642.11
7552,1081.5,1110.5,653.86
7553,1139.96,1170.53,687.91
7554,1189.62,1244.26,717.2
7555,1179.71,1242.14,712.66
7556,1123.7,1184.4,689.09
7557,1069.48,1108.27,642.48
7558,978.84,1023.52,594.26
7559,898.83,962.38,539.02
7560,915.63,987.16,549.48
7561,863.04,941.46,524.95
7562,831.63,917.96,505.29
7563,816.37,908.51,499.54
7564,821.74,925.28,507.83
7565,849.56,968.25,538.38
7566,927.51,1053.66,596.5
7567,1015.87,1163.39,646.59
7568,1075.03,1211.21,682.19
7569,1103.53,1248.32,702.11
7570,1079.35,1283.2,703.99
7571,1099.54,1300.63,702.28
7572,1092.74,1302.94,698.59
7573,1089.21,1334.47,681.11
7574,1089.66,1332.21,685.74
7575,1098.29,1323.66,705.56
7576,1129.31,1353.24,740.96
7577,1182.56,1437.29,766.39
7578,1245.63,1461.87,803.41
7579,1234.37,1432.99,798.64
7580,1195.84,1385.15,742.44
7581,1131.28,1289.56,694.35
7582,1050.2,1185.07,638.77
7583,940.26,1096.25,595.9
7584,899.6,1019.01,555.88
7585,850.16,950.86,533.95
7586,834.69,910.27,520.7
7587,813.35,904.19,505.65
7588,812.14,918.42,510.32
7589,875.38,958.07,549.4
7590,951.12,1038.94,604.25
7591,1051.33,1130.08,667.96
7592,1095.52,1193.68,704.02
7593,1110.74,1205.15,714.71
7594,1120.17,1207.6,711.09
7595,1112.85,1202.52,708.97
7596,1112.78,1198.76,723.61
7597,1087.85,1194.07,718.95
7598,1083.44,1226.67,704.49
7599,1107.41,1241.7,720.34
7600,1143.25,1276.43,725.89
7601,1175.53,1349.64,753.9
7602,1231.55,1408.42,784.02
7603,1221.44,1385.35,804.33
7604,1161.22,1360.37,777.87
7605,1098.08,1270.98,724.48
7606,1011.04,1173.33,668.97
7607,913.2,1079.35,619.94
7608,883.16,1016.22,593.44
7609,839.82,981.47,562.43
7610,817.41,947.15,546.29
7611,802.71,940.76,533.56
7612,825.15,952.46,545.07
7613,862.72,1011.06,580.63
7614,931.3,1106.02,623.54
7615,1008.35,1198.35,677.19
7616,1068.7,1255.55,695.41
7617,1101.33,1282.27,711.54
7618,1108.49,1279.13,708.41
7619,1137.59,1308.51,704.86
7620,1146.63,1315.56,716.71
7621,1130.64,1297.72,709.6
7622,1127.25,1287.02,710.32
7623,1141.59,1301.56,722.29
7624,1161.82,1345.62,753.02
7625,1215.56,1379.06,784.73
7626,1262.97,1431.84,809.55
7627,1226.26,1427.36,799.59
7628,1170.72,1325.42,776.0
7629,1092.74,1242.94,726.42
7630,1021.12,1154.77,668.01
7631,914.43,1063.4,615.11
7632,860.75,1007.15,591.93
7633,814.98,952.59,563.17
7634,804.74,915.46,546.61
7635,794.42,883.42,551.6
7636,823.34,907.12,566.71
7637,873.28,962.37,603.29
7638,955.3,1072.26,658.01
7639,1044.72,1158.11,711.2
7640,1083.12,1216.53,723.72
7641,1115.81,1217.36,746.01
7642,1108.15,1215.99,753.01
7643,1107.91,1229.72,743.33
7644,1114.65,1239.47,753.88
7645,1120.53,1251.57,743.0
7646,1090.67,1246.35,740.64
7647,1120.68,1244.21,734.03
7648,1151.05,1265.41,760.04
7649,1177.65,1313.57,800.46
7650,1176.19,1397.54,828.42
7651,1146.95,1396.52,817.05
7652,1101.2,1351.37,806.31
7653,1034.16,1259.48,743.33
7654,965.09,1159.69,679.29
7655,880.31,1068.97,627.22
7656,822.48,996.8,582.8
7657,781.17,943.51,547.14
7658,764.44,910.88,540.81
7659,759.39,893.39,537.54
7660,764.29,905.35,547.63
7661,816.82,943.19,577.32
7662,893.99,1041.04,629.38
7663,967.51,1139.32,684.33
7664,1004.38,1183.83,712.08
7665,1042.51,1195.3,733.63
7666,1053.92,1208.88,744.14
7667,1057.73,1213.44,742.54
7668,1073.46,1214.73,749.39
7669,1094.17,1219.57,726.94
7670,1097.86,1201.03,724.39
7671,1125.86,1245.3,721.7
7672,1172.54,1279.11,735.6
7673,1217.63,1344.44,789.71
7674,1261.08,1378.84,803.7
7675,1230.67,1384.93,789.78
7676,1174.76,1321.34,761.56
7677,1092.25,1230.34,709.93
7678,1003.36,1126.28,657.09
7679,911.44,1027.82,613.21
7680,799.06,902.7,541.17
7681,766.33,860.12,511.88
7682,746.49,837.29,498.1
7683,720.69,818.94,494.88
7684,725.17,822.22,505.32
7685,750.74,861.1,531.86
7686,831.39,953.23,587.36
7687,915.76,1048.68,643.16
7688,959.63,1102.85,668.74
7689,971.5,1124.37,676.79
7690,986.87,1140.08,689.31
7691,993.05,1148.11,697.94
7692,981.43,1123.77,680.23
7693,984.44,1110.67,667.27
7694,997.21,1106.34,663.98
7695,1020.79,1103.88,669.58
7696,1043.7,1129.44,699.98
7697,1110.14,1186.28,761.44
7698,1143.75,1213.36,764.9
7699,1144.13,1194.86,761.13
7700,1088.22,1168.19,728.55
7701,1017.06,1073.79,680.61
7702,911.18,990.49,631.81
7703,833.33,895.95,579.42
7704,790.04,836.54,542.71
7705,749.38,796.42,516.31
7706,748.13,768.79,506.32
7707,728.64,767.23,502.13
7708,734.57,793.42,509.57
7709,766.15,845.8,532.25
7710,838.99,943.59,604.83
7711,929.89,1012.89,661.19
7712,988.51,1053.63,693.3
7713,1000.65,1082.77,701.33
7714,1002.86,1106.56,708.29
7715,999.84,1141.94,715.18
7716,1018.73,1156.04,697.97
7717,1024.39,1155.86,684.81
7718,1023.78,1189.65,678.53
7719,1016.91,1199.1,680.2
7720,1030.96,1226.26,691.04
7721,1083.96,1282.99,724.47
7722,1132.74,1311.69,763.88
7723,1096.06,1299.03,758.53
7724,1047.17,1215.51,715.25
7725,1003.61,1130.23,661.8
7726,924.78,1040.65,608.35
7727,864.11,963.56,548.2
7728,885.24,985.73,558.15
7729,831.31,925.79,540.94
7730,807.88,923.46,523.89
7731,796.88,911.11,518.18
7732,798.98,924.05,522.96
7733,832.33,952.63,546.99
7734,934.89,1039.26,604.16
7735,1008.81,1147.25,654.7
7736,1066.7,1196.09,676.4
7737,1083.25,1220.13,677.5
7738,1094.79,1233.93,686.95
7739,1114.28,1223.32,705.17
7740,1106.95,1221.5,712.96
7741,1105.08,1229.76,720.3
7742,1078.31,1244.13,714.83
7743,1096.8,1252.32,730.01
7744,1095.71,1309.98,741.35
7745,1147.11,1348.28,783.58
7746,1204.62,1378.57,828.23
7747,1206.34,1395.57,825.6
7748,1137.34,1341.31,804.68
7749,1051.97,1249.15,747.01
7750,964.83,1149.28,687.07
7751,888.79,1040.85,621.78
7752,820.38,980.27,585.12
7753,783.68,933.42,558.1
7754,769.88,908.49,543.62
7755,759.83,883.23,533.13
7756,778.06,897.34,536.92
7757,823.95,938.01,567.53
7758,902.72,1019.35,622.97
7759,963.52,1129.33,670.17
7760,1009.68,1206.14,682.43
7761,1021.21,1255.86,692.17
7762,1027.96,1274.12,688.33
7763,1049.18,1278.88,689.64
7764,1072.61,1274.49,688.17
7765,1064.75,1264.95,682.6
7766,1075.05,1255.65,679.05
7767,1068.21,1284.2,707.43
7768,1105.77,1287.05,717.81
7769,1159.67,1340.44,764.85
7770,1222.83,1399.45,791.94
7771,1206.16,1371.41,780.08
7772,1152.46,1306.58,753.21
7773,1095.49,1230.8,702.45
7774,1010.47,1153.94,642.57
7775,913.87,1038.86,602.98
7776,892.13,959.58,552.8
7777,837.73,902.15,525.45
7778,816.26,862.92,514.41
7779,809.57,837.22,517.67
7780,823.47,839.8,522.59
7781,865.14,900.02,568.84
7782,949.95,987.81,631.15
7783,1033.92,1079.91,668.73
7784,1063.1,1113.42,684.73
7785,1114.52,1147.16,701.54
7786,1122.4,1187.24,699.36
7787,1141.51,1186.37,712.36
7788,1136.62,1212.46,709.44
7789,1120.82,1205.82,693.4
7790,1114.84,1205.59,686.66
7791,1105.01,1222.64,702.86
7792,1136.18,1262.98,706.4
7793,1184.94,1349.95,751.87
7794,1246.99,1404.04,791.27
7795,1219.15,1397.81,782.57
7796,1159.54,1327.61,736.85
7797,1075.55,1252.84,696.65
7798,1012.19,1140.26,640.02
7799,918.17,1043.88,576.35
7800,874.71,1012.46,557.44
7801,843.01,932.94,525.38
7802,820.42,910.05,503.63
7803,796.6,899.45,500.38
7804,794.81,907.48,508.04
7805,847.57,951.54,546.28
7806,919.27,1046.45,599.03
7807,1010.13,1136.74,651.63
7808,1055.78,1185.91,682.91
7809,1083.87,1201.31,699.4
7810,1102.46,1241.05,709.23
7811,1101.62,1247.04,719.35
7812,1090.09,1253.16,721.47
7813,1091.6,1229.13,711.46
7814,1084.83,1240.69,719.43
7815,1059.93,1260.94,723.57
7816,1103.59,1300.66,752.19
7817,1143.4,1342.25,800.58
7818,1195.56,1375.73,821.93
7819,1209.89,1389.24,838.0
7820,1159.8,1314.44,793.61
7821,1101.47,1238.09,736.1
7822,1018.98,1127.38,682.79
7823,952.2,1043.4,627.93
7824,887.81,971.26,590.78
7825,844.92,912.33,566.69
7826,830.46,880.88,552.91
7827,817.77,863.39,557.82
7828,840.39,879.32,563.39
7829,879.67,926.3,585.76
7830,991.41,1005.45,638.98
7831,1106.85,1097.09,699.81
7832,1153.81,1127.57,731.8
7833,1181.33,1160.63,746.78
7834,1205.84,1184.71,745.24
7835,1197.41,1196.13,761.17
7836,1176.58,1200.31,776.71
7837,1180.44,1213.85,767.27
7838,1181.56,1210.4,780.89
7839,1187.26,1207.5,793.24
7840,1219.21,1250.61,833.0
7841,1238.6,1290.71,872.2
7842,1279.33,1333.58,900.33
7843,1256.51,1312.86,896.58
7844,1215.32,1245.82,849.39
7845,1150.99,1164.14,795.34
7846,1067.76,1086.76,740.99
7847,981.14,1009.07,681.28
7848,845.47,891.68,593.1
7849,809.49,850.94,562.67
7850,793.95,825.86,550.17
7851,794.06,791.68,544.55
7852,822.94,806.44,553.52
7853,847.19,825.85,581.79
7854,926.06,888.39,631.03
7855,1000.01,970.13,680.33
7856,1042.76,1017.0,709.53
7857,1062.67,1034.2,727.51
7858,1069.07,1067.64,737.23
7859,1091.66,1086.0,735.64
7860,1076.14,1084.08,731.6
7861,1051.95,1093.51,712.51
7862,1039.01,1114.74,699.29
7863,1045.14,1131.85,705.42
7864,1060.05,1152.93,735.83
7865,1110.62,1198.55,769.17
7866,1149.64,1219.85,812.07
7867,1130.37,1209.85,800.9
7868,1095.09,1143.46,763.98
7869,1025.97,1067.98,705.25
7870,959.84,989.86,646.4
7871,877.39,885.59,582.67
7872,828.87,821.35,537.82
7873,783.53,778.83,504.29
7874,764.07,761.01,492.09
7875,761.24,748.77,481.48
7876,767.86,758.78,485.32
7877,813.88,794.28,513.99
7878,886.73,860.68,555.16
7879,977.03,936.69,607.27
7880,1010.89,977.63,640.21
7881,1042.39,997.76,661.1
7882,1053.44,1013.67,671.98
7883,1083.1,1033.49,678.08
7884,1067.41,1046.47,673.03
7885,1038.31,1031.25,666.17
7886,1031.29,1013.91,679.79
7887,1024.76,1045.08,688.23
7888,1038.17,1083.93,706.69
7889,1098.19,1123.98,744.21
7890,1139.82,1172.02,770.54
7891,1125.55,1181.01,765.26
7892,1073.82,1156.34,729.15
7893,1000.35,1086.96,678.87
7894,944.36,1016.07,633.23
7895,858.24,916.97,566.01
7896,858.77,927.09,576.22
7897,827.23,878.87,544.9
7898,805.43,860.64,518.83
7899,816.65,866.44,506.54
7900,822.76,880.25,514.02
7901,875.8,915.78,542.73
7902,976.3,992.12,603.45
7903,1058.09,1104.93,665.55
7904,1092.35,1157.78,680.64
7905,1124.7,1186.61,698.51
7906,1143.54,1192.48,712.48
7907,1134.82,1207.28,721.77
7908,1119.87,1192.39,726.51
7909,1075.86,1186.37,702.9
7910,1086.94,1169.43,695.26
7911,1096.33,1176.2,715.28
7912,1128.23,1201.47,734.09
7913,1158.57,1208.73,790.14
7914,1187.03,1250.24,805.61
7915,1174.06,1229.17,814.14
7916,1117.7,1176.78,772.69
7917,1052.62,1105.84,730.89
7918,982.0,1046.48,671.34
7919,928.41,963.93,615.39
7920,877.94,911.46,583.05
7921,847.96,873.52,550.14
7922,818.51,861.09,540.93
7923,792.12,854.8,531.69
7924,800.96,869.26,539.56
7925,828.19,922.78,549.78
7926,914.22,985.3,602.81
7927,990.54,1103.5,668.5
7928,1009.54,1170.95,702.35
7929,1058.03,1195.98,723.86
7930,1064.52,1186.22,730.9
7931,1055.97,1214.55,752.11
7932,1072.97,1203.35,753.41
7933,1056.45,1198.6,739.18
7934,1075.38,1179.4,745.65
7935,1078.84,1222.5,759.68
7936,1105.88,1234.86,785.6
7937,1166.63,1293.0,816.59
7938,1221.05,1304.74,846.79
7939,1225.21,1293.89,851.2
7940,1172.77,1232.2,816.37
7941,1107.32,1171.02,749.45
7942,1032.09,1074.81,684.9
7943,948.27,998.39,621.36
7944,894.48,926.89,579.08
7945,836.49,879.04,536.73
7946,822.38,854.28,535.42
7947,812.89,848.72,522.64
7948,820.41,864.18,524.56
7949,878.23,917.68,539.48
7950,949.75,1012.35,600.9
7951,1058.35,1112.56,655.55
7952,1102.35,1145.69,680.72
7953,1128.9,1173.74,692.7
7954,1134.55,1207.35,705.58
7955,1122.8,1193.49,708.95
7956,1122.26,1200.05,692.5
7957,1117.45,1197.33,676.37
7958,1127.81,1216.76,666.94
7959,1136.62,1236.76,678.47
7960,1138.98,1271.27,708.87
7961,1171.62,1334.56,757.79
7962,1248.57,1367.57,770.23
7963,1222.85,1347.44,771.57
7964,1192.89,1267.01,733.88
7965,1105.33,1206.72,714.05
7966,1018.76,1117.34,669.87
7967,941.67,1010.77,625.59
7968,881.23,952.39,593.53
7969,856.08,917.32,566.05
7970,835.31,902.61,547.91
7971,829.26,879.34,536.07
7972,837.72,857.23,537.48
7973,889.06,907.02,569.53
7974,996.32,987.22,637.36
7975,1084.08,1085.85,691.16
7976,1151.21,1144.36,712.8
7977,1163.76,1182.37,713.62
7978,1183.96,1217.34,722.63
7979,1200.09,1244.38,740.15
7980,1182.94,1266.11,750.57
7981,1173.0,1269.18,754.01
7982,1171.53,1284.88,755.83
7983,1169.6,1291.04,762.08
7984,1207.56,1303.87,793.68
7985,1265.04,1398.17,817.89
7986,1307.88,1442.64,840.93
7987,1294.46,1443.36,848.6
7988,1235.92,1365.85,799.6
7989,1151.45,1287.09,746.91
7990,1063.33,1150.08,692.62
7991,965.86,1045.16,633.54
7992,940.96,978.88,602.98
7993,878.97,933.72,582.01
7994,849.88,918.48,568.26
7995,833.35,892.44,567.6
7996,865.1,909.04,566.99
7997,895.45,967.77,593.81
7998,989.59,1089.32,668.89
7999,1082.06,1192.6,742.26
8000,1130.75,1230.64,758.69
8001,1169.13,1232.67,770.6
8002,1195.44,1266.57,776.31
8003,1198.19,1284.34,784.51
8004,1198.71,1278.79,792.6
8005,1159.43,1238.87,797.46
8006,1160.0,1222.29,793.8
8007,1159.44,1240.36,807.42
8008,1189.99,1278.16,832.26
8009,1220.35,1304.84,866.42
8010,1271.4,1359.64,876.44
8011,1235.27,1321.19,875.3
8012,1185.73,1283.21,839.28
8013,1095.12,1202.81,785.82
8014,1001.54,1101.8,713.85
8015,933.03,1019.63,665.62
8016,826.74,893.76,581.06
8017,798.57,861.73,543.41
8018,793.22,838.41,519.91
8019,775.24,826.78,515.63
8020,799.75,833.16,525.15
8021,826.58,877.9,548.17
8022,917.45,982.57,604.47
8023,994.59,1062.71,662.5
8024,1024.4,1112.43,689.05
8025,1053.19,1120.27,695.14
8026,1075.7,1102.0,707.88
8027,1097.45,1114.5,719.44
8028,1099.15,1118.35,721.71
8029,1089.12,1104.97,705.69
8030,1094.68,1084.45,693.09
8031,1107.76,1098.94,699.1
8032,1145.26,1134.0,725.66
8033,1199.61,1173.99,766.89
8034,1252.47,1196.33,797.36
8035,1215.85,1183.55,784.16
8036,1159.94,1142.42,741.29
8037,1067.4,1075.84,692.61
8038,987.68,982.08,637.56
8039,922.02,901.68,590.32
8040,864.67,857.59,551.35
8041,823.02,804.38,521.04
8042,808.35,785.06,518.97
8043,777.41,788.01,519.8
8044,782.83,786.27,519.76
8045,827.91,839.9,554.73
8046,879.06,941.82,600.47
8047,949.11,1023.76,650.1
8048,1004.73,1061.26,673.17
8049,1039.16,1095.16,684.65
8050,1055.05,1102.24,695.04
8051,1077.33,1081.05,701.17
8052,1080.13,1080.28,704.68
8053,1076.74,1076.56,693.09
8054,1072.24,1086.38,694.72
8055,1083.9,1085.13,700.64
8056,1106.44,1113.13,707.87
8057,1175.87,1179.44,744.29
8058,1239.03,1220.49,770.69
8059,1246.25,1187.68,756.64
8060,1183.88,1154.11,719.48
8061,1094.27,1077.91,670.11
8062,1023.13,1007.39,616.06
8063,941.09,906.8,575.96
8064,957.01,915.78,596.58
8065,901.72,876.84,548.46
8066,881.42,853.52,537.15
8067,857.29,830.41,535.58
8068,874.16,817.69,540.59
8069,933.58,879.18,574.54
8070,1043.93,971.24,643.07
8071,1144.59,1075.73,688.8
8072,1169.96,1133.36,717.45
8073,1193.32,1163.87,747.24
8074,1231.78,1170.03,741.97
8075,1227.49,1187.75,746.81
8076,1223.34,1207.04,741.69
8077,1227.99,1194.8,742.6
8078,1232.59,1219.5,751.45
8079,1274.93,1207.25,758.31
8080,1295.33,1216.98,778.6
8081,1335.73,1288.16,797.07
8082,1398.03,1319.92,838.27
8083,1362.44,1339.6,826.03
8084,1296.54,1299.09,787.48
8085,1209.91,1235.67,744.59
8086,1126.35,1147.55,686.96
8087,1035.64,1036.51,635.13
8088,979.74,953.61,600.54
8089,924.75,921.26,571.04
8090,910.86,880.08,556.89
8091,936.38,883.21,541.08
8092,950.96,899.78,546.28
8093,996.75,943.89,581.23
8094,1075.48,1041.03,631.32
8095,1160.05,1138.82,681.84
8096,1201.0,1180.39,702.09
8097,1213.48,1220.68,716.98
8098,1221.47,1248.18,735.54
8099,1254.62,1257.87,746.33
8100,1267.43,1244.97,726.23
8101,1247.87,1247.33,724.55
8102,1226.36,1214.73,720.24
8103,1253.16,1229.83,731.34
8104,1283.96,1272.8,750.57
8105,1313.43,1316.05,777.17
8106,1368.26,1375.27,804.21
8107,1368.76,1359.42,793.05
8108,1269.48,1288.99,761.59
8109,1175.45,1217.83,705.59
8110,1081.65,1106.53,642.29
8111,998.25,1021.73,594.25
8112,935.54,936.82,567.4
8113,880.36,893.27,543.5
8114,864.89,869.88,525.3
8115,848.11,852.09,513.83
8116,864.54,866.84,516.65
8117,897.39,910.81,550.27
8118,971.06,1013.58,599.47
8119,1069.87,1111.46,661.56
8120,1118.12,1162.0,694.59
8121,1153.22,1187.13,718.86
8122,1156.61,1190.0,734.38
8123,1156.57,1195.53,745.13
8124,1176.0,1197.5,731.19
8125,1143.05,1181.99,728.84
8126,1160.9,1196.0,729.05
8127,1190.26,1206.81,732.11
8128,1235.65,1244.9,764.73
8129,1281.09,1279.55,797.81
8130,1312.73,1338.69,820.05
8131,1297.49,1316.24,822.89
8132,1221.48,1242.27,782.14
8133,1130.93,1185.57,726.45
8134,1052.36,1100.95,660.52
8135,971.87,1018.01,598.85
8136,906.02,960.28,558.94
8137,869.58,910.4,536.09
8138,852.2,882.33,516.08
8139,856.25,876.96,498.2
8140,872.73,898.25,507.79
8141,929.0,942.24,531.25
8142,1025.81,1058.3,585.47
8143,1129.63,1147.91,650.18
8144,1156.62,1173.15,678.59
8145,1176.31,1170.25,705.61
8146,1185.68,1156.89,711.94
8147,1192.25,1162.08,727.57
8148,1197.18,1158.88,722.43
8149,1192.96,1157.36,716.25
8150,1196.52,1156.67,708.08
8151,1203.58,1179.42,708.15
8152,1225.8,1213.22,727.16
8153,1298.29,1269.24,749.46
8154,1347.95,1304.7,779.07
8155,1318.25,1315.01,770.62
8156,1256.72,1233.84,740.44
8157,1151.51,1159.3,683.05
8158,1062.7,1066.58,636.89
8159,971.02,985.69,596.44
8160,910.54,926.12,571.86
8161,883.3,880.49,556.03
8162,848.47,854.69,541.2
8163,844.72,857.1,531.09
8164,878.28,867.51,540.59
8165,934.84,933.23,566.65
8166,1025.97,1027.51,609.85
8167,1102.53,1118.7,671.71
8168,1128.86,1160.88,697.31
8169,1145.51,1189.49,698.52
8170,1147.22,1190.43,701.34
8171,1148.78,1201.93,706.84
8172,1145.19,1199.95,707.53
8173,1133.91,1190.93,701.47
8174,1141.81,1193.66,713.67
8175,1136.32,1208.59,709.38
8176,1160.91,1242.32,728.97
8177,1214.91,1321.35,755.41
8178,1257.49,1371.37,795.42
8179,1277.4,1395.84,783.5
8180,1226.01,1330.48,746.83
8181,1126.04,1254.19,708.88
8182,1045.38,1142.7,664.38
8183,964.75,1058.98,618.69
8184,846.23,915.17,530.55
8185,793.63,871.79,507.36
8186,791.16,843.81,495.61
8187,770.88,834.1,488.4
8188,788.18,840.08,494.95
8189,832.05,873.64,528.54
8190,922.18,955.53,587.6
8191,1026.52,1058.35,646.4
8192,1075.21,1104.89,673.35
8193,1088.09,1107.1,703.05
8194,1112.02,1129.39,704.32
8195,1112.85,1125.64,696.03
8196,1113.76,1132.79,692.47
8197,1085.07,1126.2,685.03
8198,1071.35,1131.08,694.17
8199,1082.75,1162.73,695.15
8200,1119.22,1180.83,717.82
8201,1147.6,1240.67,737.0
8202,1197.1,1298.92,772.04
8203,1175.78,1273.67,764.62
8204,1143.66,1204.12,727.73
8205,1066.68,1120.76,697.31
8206,970.95,1035.03,649.3
8207,891.07,930.26,585.84
8208,832.59,879.12,549.58
8209,805.7,821.09,538.05
8210,785.63,811.47,533.97
8211,774.4,804.27,529.96
8212,790.97,831.51,523.74
8213,822.78,879.46,557.58
8214,891.65,961.17,606.58
8215,979.32,1036.19,669.18
8216,1007.69,1080.01,688.71
8217,1015.79,1098.83,703.89
8218,1039.28,1122.46,703.19
8219,1058.27,1118.43,704.95
8220,1043.45,1142.27,708.01
8221,1027.71,1144.2,688.71
8222,1018.59,1137.59,706.09
8223,1054.79,1168.09,702.41
8224,1099.22,1186.57,711.92
8225,1145.82,1240.61,749.22
8226,1196.6,1262.23,785.89
8227,1167.62,1274.5,774.15
8228,1109.35,1192.48,729.66
8229,1042.15,1095.57,674.77
8230,968.34,1001.55,614.17
8231,886.98,930.54,564.28
8232,904.26,949.89,570.45
8233,861.99,902.87,545.09
8234,839.1,888.15,533.02
8235,825.97,873.05,530.63
8236,833.63,886.84,534.41
8237,881.29,948.75,557.08
8238,975.51,1037.33,613.58
8239,1067.73,1118.46,668.51
8240,1097.08,1168.49,698.06
8241,1106.83,1198.83,705.54
8242,1125.49,1208.65,717.76
8243,1159.01,1230.88,714.17
8244,1161.89,1224.18,710.49
8245,1145.57,1210.62,713.54
8246,1149.54,1212.3,703.7
8247,1145.35,1224.48,719.84
8248,1198.82,1279.06,727.95
8249,1258.13,1339.46,747.76
8250,1292.85,1377.53,761.36
8251,1279.92,1369.18,757.76
8252,1217.28,1319.89,733.08
8253,1159.25,1241.79,698.57
8254,1066.75,1149.8,654.32
8255,979.0,1031.2,605.41
8256,930.58,939.66,564.08
8257,877.17,905.47,531.15
8258,856.89,884.6,522.74
8259,848.51,870.58,524.66
8260,843.76,887.11,524.74
8261,891.71,951.82,560.8
8262,981.03,1059.82,602.35
8263,1072.64,1163.72,660.36
8264,1118.47,1195.13,687.02
8265,1145.02,1204.24,699.08
8266,1175.33,1179.58,706.33
8267,1169.53,1197.74,705.97
8268,1165.0,1210.68,710.27
8269,1163.63,1212.32,704.2
8270,1170.38,1217.9,712.37
8271,1187.91,1223.62,732.74
8272,1261.49,1247.14,754.1
8273,1327.04,1289.81,780.83
8274,1389.06,1330.72,797.28
8275,1368.43,1301.96,806.56
8276,1290.84,1269.56,785.0
8277,1202.08,1168.48,741.26
8278,1116.14,1073.9,682.65
8279,1025.0,960.05,629.68
8280,969.97,906.38,600.22
8281,918.39,862.08,565.22
8282,889.25,836.33,549.49
8283,874.29,816.19,534.07
8284,892.13,827.69,539.44
8285,946.54,866.07,577.11
8286,1026.91,952.02,641.14
8287,1128.52,1064.51,698.5
8288,1164.52,1110.9,703.37
8289,1192.64,1139.95,711.1
8290,1199.72,1144.08,718.42
8291,1231.77,1144.03,723.01
8292,1223.13,1143.91,722.87
8293,1211.59,1167.27,717.57
8294,1217.78,1161.84,712.55
8295,1214.64,1176.84,719.16
8296,1246.68,1197.56,738.35
8297,1299.02,1211.79,766.19
8298,1335.69,1244.2,811.39
8299,1316.18,1271.53,799.17
8300,1274.87,1224.82,743.55
8301,1183.97,1168.77,711.95
8302,1098.48,1072.15,649.83
8303,1008.63,953.63,601.7
8304,935.25,885.35,561.76
8305,894.86,847.12,538.07
8306,856.77,828.38,523.84
8307,852.13,817.81,523.02
8308,858.15,823.82,528.25
8309,903.57,877.82,551.38
8310,978.61,959.97,608.26
8311,1070.2,1051.66,660.31
8312,1128.32,1098.37,671.86
8313,1139.95,1115.54,680.98
8314,1143.43,1114.89,712.97
8315,1162.17,1120.84,703.99
8316,1169.79,1147.84,706.55
8317,1124.88,1151.85,698.06
8318,1155.24,1164.89,714.09
8319,1174.54,1163.86,711.15
8320,1218.78,1176.17,732.69
8321,1273.23,1247.5,773.36
8322,1289.23,1305.22,799.03
8323,1289.93,1294.71,784.73
8324,1226.03,1231.7,750.63
8325,1156.6,1132.45,700.45
8326,1064.44,1055.49,643.9
8327,978.18,979.85,596.73
8328,914.9,913.41,564.62
8329,880.2,860.45,540.51
8330,845.57,850.69,528.44
8331,858.22,832.41,527.05
8332,892.47,860.95,541.59
8333,955.65,903.79,567.14
8334,1063.87,988.35,628.77
8335,1155.93,1077.64,674.31
8336,1216.52,1116.29,683.03
8337,1235.35,1152.92,712.16
8338,1221.74,1174.68,715.68
8339,1252.22,1198.89,724.31
8340,1264.61,1198.65,713.27
8341,1247.84,1178.2,695.63
8342,1226.71,1175.79,690.12
8343,1227.4,1179.18,703.15
8344,1233.84,1232.07,719.4
8345,1304.89,1301.55,750.67
8346,1324.41,1343.01,771.27
8347,1317.09,1314.02,776.86
8348,1246.62,1276.89,751.5
8349,1147.35,1194.34,699.71
8350,1062.32,1097.09,651.02
8351,969.63,1020.09,594.46
8352,860.52,884.6,518.55
8353,806.29,836.13,493.15
8354,779.19,810.6,484.43
8355,747.42,786.12,472.93
8356,738.62,798.49,482.4
8357,799.13,831.85,523.17
8358,904.84,908.04,575.97
8359,989.6,981.77,627.76
8360,1021.69,1015.39,652.44
8361,1040.05,1025.49,668.44
8362,1063.57,1039.45,661.37
8363,1068.37,1048.16,681.06
8364,1073.04,1049.44,687.94
8365,1063.84,1069.64,675.0
8366,1057.64,1066.76,674.31
8367,1062.53,1084.04,675.51
8368,1099.04,1123.58,696.78
8369,1138.18,1173.57,729.08
8370,1187.83,1217.8,756.35
8371,1172.6,1205.92,739.93
8372,1125.43,1154.68,703.36
8373,1073.63,1072.31,667.51
8374,988.9,982.3,611.27
8375,916.46,899.18,541.94
8376,846.35,825.68,509.96
8377,801.42,800.13,500.02
8378,782.3,799.43,491.96
8379,791.4,789.23,481.73
8380,783.15,804.67,487.64
8381,824.5,855.99,517.26
8382,924.44,925.09,556.74
8383,999.27,1018.53,601.26
8384,1039.07,1053.65,629.87
8385,1065.11,1101.51,655.23
8386,1078.69,1106.8,657.9
8387,1110.4,1126.19,676.62
8388,1115.82,1120.59,669.9
8389,1121.7,1134.46,636.43
8390,1115.4,1123.76,643.24
8391,1115.16,1145.73,654.41
8392,1143.5,1182.55,679.69
8393,1179.86,1238.51,717.49
8394,1229.39,1280.94,744.58
8395,1213.06,1255.61,735.58
8396,1151.11,1162.22,701.57
8397,1084.98,1099.85,653.24
8398,987.14,1006.42,599.71
8399,913.35,932.35,537.4
8400,921.78,944.7,536.81
8401,889.76,908.63,510.72
8402,862.81,890.62,484.75
8403,858.08,851.7,467.74
8404,871.2,867.6,474.18
8405,924.9,907.73,500.69
8406,1017.96,1010.15,551.05
8407,1087.83,1106.83,585.16
8408,1147.24,1157.89,626.0
8409,1168.55,1174.13,629.45
8410,1190.79,1170.34,632.14
8411,1211.28,1173.58,631.16
8412,1198.96,1147.2,646.24
8413,1173.84,1127.7,646.81
8414,1183.04,1107.85,645.69
8415,1189.73,1099.92,650.28
8416,1237.48,1135.21,673.75
8417,1291.61,1197.93,696.81
8418,1353.15,1241.62,728.9
8419,1346.56,1224.73,720.63
8420,1290.6,1159.38,697.13
8421,1201.45,1083.35,659.45
8422,1109.85,990.94,605.68
8423,1029.31,908.97,542.03
8424,968.88,840.92,511.27
8425,925.68,809.65,479.39
8426,900.67,785.29,470.19
8427,888.43,780.84,464.85
8428,916.52,802.01,469.79
8429,975.3,849.12,488.63
8430,1070.32,944.58,549.24
8431,1166.81,1005.34,598.44
8432,1202.07,1042.99,645.66
8433,1220.55,1081.08,660.78
8434,1233.99,1100.19,672.06
8435,1255.08,1137.28,680.51
8436,1262.3,1160.41,684.93
8437,1230.75,1152.06,688.84
8438,1241.72,1147.28,698.91
8439,1249.13,1144.21,690.88
8440,1267.46,1170.09,719.33
8441,1344.71,1218.68,758.12
8442,1412.47,1253.4,785.91
8443,1400.01,1229.4,795.61
8444,1345.58,1182.98,776.35
8445,1266.51,1131.44,733.43
8446,1182.05,1054.85,670.86
8447,1086.66,961.54,604.86
8448,1006.0,915.1,574.19
8449,975.09,872.98,554.19
8450,957.07,849.08,526.29
8451,934.83,835.87,525.67
8452,932.6,844.1,530.4
8453,983.8,894.51,545.85
8454,1074.96,984.32,603.84
8455,1173.19,1063.29,665.71
8456,1228.24,1096.55,690.03
8457,1240.48,1122.22,694.62
8458,1233.06,1138.47,715.97
8459,1247.65,1144.46,716.57
8460,1237.04,1128.52,726.12
8461,1224.75,1134.77,705.57
8462,1203.36,1148.15,708.96
8463,1210.07,1130.98,718.85
8464,1254.29,1182.48,746.79
8465,1320.5,1233.82,794.53
8466,1352.97,1280.09,813.62
8467,1321.48,1285.4,810.44
8468,1263.86,1251.76,761.67
8469,1190.98,1183.13,701.07
8470,1103.06,1091.44,642.22
8471,1003.22,981.32,591.34
8472,949.49,900.19,568.28
8473,918.67,864.84,552.0
8474,895.93,855.21,534.67
8475,866.0,834.58,528.7
8476,879.22,842.1,540.75
8477,947.37,879.81,573.05
8478,1024.75,960.57,627.63
8479,1117.28,1061.21,683.79
8480,1159.68,1107.41,709.87
8481,1183.37,1125.53,720.91
8482,1196.83,1171.52,723.83
8483,1223.73,1160.85,728.77
8484,1223.19,1166.84,724.34
8485,1227.77,1139.77,707.07
8486,1223.58,1136.7,714.11
8487,1228.13,1148.96,724.86
8488,1251.71,1193.01,761.41
8489,1280.79,1243.44,798.73
8490,1330.89,1281.02,821.49
8491,1351.57,1264.85,807.01
8492,1297.94,1193.7,771.27
8493,1223.15,1126.4,725.87
8494,1120.65,1042.15,666.52
8495,1021.77,958.95,599.07
8496,973.87,901.12,558.97
8497,946.18,854.72,531.82
8498,934.83,844.1,522.77
8499,927.61,842.08,506.55
8500,936.83,865.95,515.18
8501,984.9,913.29,543.89
8502,1070.46,1017.72,595.11
8503,1145.22,1101.67,644.85
8504,1175.03,1141.9,666.19
8505,1197.66,1177.81,681.47
8506,1203.73,1197.17,698.34
8507,1193.16,1200.91,715.5
8508,1192.47,1183.18,705.6
8509,1176.38,1166.43,697.4
8510,1159.9,1154.86,679.15
8511,1166.82,1187.65,687.83
8512,1196.96,1229.55,713.98
8513,1244.84,1272.31,762.54
8514,1305.96,1299.08,772.87
8515,1265.71,1274.29,756.85
8516,1183.09,1209.68,726.53
8517,1111.38,1129.78,667.75
8518,1029.41,1055.35,618.8
8519,950.19,954.45,572.44
8520,830.08,857.71,494.3
8521,782.5,805.52,472.17
8522,764.73,770.99,454.13
8523,752.64,775.97,457.34
8524,780.09,797.5,465.52
8525,819.39,836.09,486.97
8526,902.53,922.17,528.47
8527,1016.86,1008.86,580.93
8528,1057.04,1050.45,616.87
8529,1085.85,1053.34,624.06
8530,1105.04,1031.49,627.85
8531,1125.09,1031.26,629.24
8532,1128.08,1055.03,643.01
8533,1118.78,1067.74,622.66
8534,1119.02,1063.05,634.21
8535,1121.13,1060.1,638.31
8536,1157.24,1093.73,657.19
8537,1239.44,1150.05,686.07
8538,1299.26,1198.52,713.89
8539,1289.37,1151.61,702.39
8540,1242.27,1144.01,681.94
8541,1148.47,1083.73,647.84
8542,1053.74,995.23,590.63
8543,973.63,902.17,545.82
8544,931.97,857.74,512.1
8545,876.08,819.07,487.75
8546,846.75,797.3,484.34
8547,854.75,789.4,473.96
8548,864.29,797.18,485.67
8549,925.61,841.37,513.76
8550,1016.5,931.29,563.43
8551,1107.67,1017.5,616.98
8552,1145.54,1060.79,644.08
8553,1176.71,1096.47,647.42
8554,1201.64,1083.85,648.93
8555,1194.32,1082.02,647.12
8556,1185.36,1080.64,645.49
8557,1182.24,1059.53,650.44
8558,1176.33,1053.51,655.06
8559,1177.24,1079.13,649.94
8560,1221.51,1106.72,666.9
8561,1290.19,1132.17,700.59
8562,1324.62,1166.47,732.59
8563,1311.98,1157.33,720.67
8564,1233.82,1107.6,679.34
8565,1140.66,1044.08,636.46
8566,1051.62,968.14,591.85
8567,961.64,884.65,543.99
8568,962.87,882.22,545.35
8569,907.17,834.95,530.5
8570,872.18,807.83,516.28
8571,865.41,795.13,510.7
8572,856.11,813.38,513.37
8573,890.87,860.85,547.8
8574,958.88,956.6,606.48
8575,1054.37,1038.53,663.65
8576,1075.95,1101.38,681.34
8577,1101.57,1131.33,704.01
8578,1139.11,1142.51,716.75
8579,1176.3,1160.33,731.5
8580,1151.3,1149.44,730.61
8581,1146.55,1108.99,721.8
8582,1134.3,1101.14,719.2
8583,1130.63,1122.59,744.58
8584,1164.81,1156.21,759.4
8585,1241.49,1208.32,782.39
8586,1297.68,1238.88,805.72
8587,1276.83,1199.8,792.94
8588,1234.05,1170.1,769.25
8589,1125.02,1093.79,707.91
8590,1030.42,1004.49,648.24
8591,936.52,913.38,594.9
8592,887.3,874.4,568.66
8593,844.43,841.21,544.92
8594,823.81,810.18,540.26
8595,813.59,811.38,534.1
8596,827.1,820.72,538.72
8597,879.0,857.6,571.49
8598,970.91,940.38,617.29
8599,1057.59,1016.69,658.98
8600,1109.54,1043.0,694.05
8601,1145.34,1076.03,708.95
8602,1150.01,1084.94,723.21
8603,1161.99,1105.21,721.83
8604,1180.28,1110.0,731.97
8605,1153.98,1107.33,729.32
8606,1181.06,1080.28,727.59
8607,1173.44,1080.73,735.02
8608,1203.28,1122.01,757.8
8609,1246.19,1157.71,783.78
8610,1327.77,1207.38,806.96
8611,1308.57,1178.51,802.19
8612,1244.68,1130.56,762.51
8613,1161.09,1082.83,700.95
8614,1073.18,1009.65,648.75
8615,979.69,904.52,599.9
8616,923.61,862.14,571.8
8617,841.49,839.57,546.58
8618,823.2,845.67,536.82
8619,815.05,837.89,534.77
8620,839.2,834.19,541.11
8621,899.63,881.85,554.46
8622,988.42,987.2,617.61
8623,1090.36,1072.57,665.69
8624,1121.28,1128.86,683.49
8625,1155.96,1137.8,687.77
8626,1160.0,1152.05,715.62
8627,1155.48,1127.66,725.49
8628,1154.83,1114.59,715.71
8629,1165.64,1104.17,702.63
8630,1169.14,1099.68,702.47
8631,1202.72,1093.44,713.74
8632,1226.0,1119.54,736.38
8633,1299.69,1178.47,761.81
8634,1335.05,1220.82,791.96
8635,1327.04,1212.73,779.2
8636,1272.4,1171.78,754.8
8637,1200.46,1093.35,706.88
8638,1109.76,1025.98,645.76
8639,1006.63,928.4,596.24
8640,959.22,894.93,563.94
8641,930.33,861.97,533.06
8642,898.75,835.33,523.74
8643,866.72,820.73,520.3
8644,883.33,833.08,534.11
8645,925.7,882.38,565.89
8646,1016.39,981.97,619.68
8647,1115.95,1052.77,661.58
8648,1155.55,1101.34,690.15
8649,1174.62,1094.25,706.21
8650,1184.67,1102.87,712.86
8651,1217.3,1133.5,693.59
8652,1216.69,1113.8,699.95
8653,1186.43,1082.14,685.87
8654,1169.36,1086.48,692.28
8655,1183.51,1116.88,713.76
8656,1201.63,1153.81,731.74
8657,1235.17,1180.1,769.65
8658,1292.23,1198.4,796.96
8659,1294.07,1192.09,794.53
8660,1233.61,1125.74,760.25
8661,1160.78,1058.73,706.9
8662,1074.21,981.27,644.63
8663,991.85,895.08,601.63
8664,942.87,863.9,569.13
8665,868.86,828.61,546.03
8666,845.48,819.8,533.67
8667,841.19,817.85,531.71
8668,849.23,826.75,532.1
8669,895.69,867.8,559.77
8670,995.8,950.84,618.43
8671,1088.35,1045.54,683.59
8672,1155.43,1080.07,732.15
8673,1194.22,1124.22,747.43
8674,1203.25,1124.0,746.41
8675,1211.22,1137.03,741.13
8676,1169.57,1133.08,731.69
8677,1155.07,1115.52,716.87
8678,1137.36,1144.09,691.63
8679,1154.04,1147.52,692.99
8680,1191.83,1174.97,719.86
8681,1260.4,1219.06,754.5
8682,1329.32,1262.52,779.28
8683,1317.76,1249.45,757.76
8684,1295.44,1178.68,735.29
8685,1214.96,1098.28,693.3
8686,1102.06,1020.95,639.6
8687,1002.13,946.6,570.36
8688,875.13,828.64,497.5
8689,838.56,788.37,476.72
8690,807.67,764.45,465.07
8691,794.51,749.66,460.74
8692,804.0,751.29,471.44
8693,842.25,776.35,497.6
8694,936.49,847.87,552.06
8695,1029.91,937.12,596.27
8696,1087.77,972.27,612.34
8697,1104.36,988.9,629.2
8698,1130.55,995.65,641.39
8699,1121.94,1022.59,652.11
8700,1103.0,1011.88,653.33
8701,1076.89,1006.97,644.64
8702,1078.36,1007.28,646.53
8703,1106.2,1019.06,655.94
8704,1130.25,1052.68,678.4
8705,1177.07,1103.55,732.01
8706,1217.09,1154.86,748.73
8707,1216.36,1144.76,769.49
8708,1157.49,1118.27,723.45
8709,1077.77,1046.81,679.02
8710,978.82,945.31,616.33
8711,891.8,872.59,565.65
8712,855.48,825.34,538.15
8713,815.8,785.09,511.08
8714,788.66,762.32,502.62
8715,791.52,733.12,492.43
8716,797.0,725.98,486.21
8717,854.51,781.74,515.21
8718,956.05,854.7,566.33
8719,1042.99,944.85,613.69
8720,1066.46,965.75,635.71
8721,1118.15,973.96,651.28
8722,1133.03,994.17,650.89
8723,1138.26,1004.3,660.07
8724,1149.91,1012.74,669.19
8725,1146.45,1004.14,678.12
8726,1161.74,1002.82,687.61
8727,1161.27,1005.4,693.62
8728,1196.79,1020.82,713.75
8729,1233.05,1089.88,741.64
8730,1285.38,1152.1,762.19
8731,1271.91,1128.19,761.66
8732,1218.75,1065.57,724.22
8733,1137.42,995.03,679.54
8734,1044.5,923.19,618.44
8735,945.65,844.74,574.47
8736,967.36,861.82,578.45
8737,935.26,820.15,556.04
8738,903.71,798.83,536.08
8739,896.25,812.45,523.36
8740,911.19,817.77,537.77
8741,957.44,877.59,560.79
8742,1032.69,980.71,604.61
8743,1108.33,1074.12,651.0
8744,1143.67,1091.78,685.04
8745,1136.86,1113.08,704.66
8746,1170.12,1116.24,704.49
8747,1187.71,1126.8,705.64
8748,1187.89,1112.03,711.27
8749,1145.84,1111.58,715.11
8750,1121.96,1124.34,713.66
8751,1136.19,1149.97,724.46
8752,1201.45,1176.14,751.93
8753,1248.5,1214.36,805.24
8754,1309.24,1262.35,820.69
8755,1291.76,1276.61,805.63
8756,1238.13,1220.07,764.79
8757,1178.13,1146.58,722.13
8758,1082.55,1052.75,662.97
8759,983.7,956.94,608.45
