hour,Z00,Z01,Z02,Z03,Z04
0,629.5,593.88,875.13,733.87,629.5
1,600.94,562.03,824.31,702.79,590.74
2,583.5,552.9,808.92,682.16,572.88
3,569.67,546.92,784.09,686.59,572.95
4,574.39,539.96,773.64,691.29,584.02
5,597.79,566.75,801.96,728.74,596.01
6,658.96,628.8,885.06,796.85,648.96
7,731.62,689.77,985.07,870.5,711.58
8,757.85,718.17,1015.68,902.37,750.7
9,767.68,722.18,1032.93,902.87,762.62
10,780.63,732.79,1028.15,918.53,780.98
11,792.13,742.6,1041.88,929.65,752.0
12,793.45,748.48,1041.97,959.06,770.97
13,777.24,758.0,1044.86,952.12,783.92
14,777.64,758.24,1035.45,949.14,790.88
15,792.51,775.38,1039.1,970.81,799.21
16,802.42,801.63,1077.95,990.09,818.37
17,836.19,865.12,1120.34,1049.78,846.86
18,846.96,898.89,1152.39,1088.47,903.19
19,828.16,915.26,1161.47,1064.6,908.4
20,776.1,862.53,1107.0,1026.41,868.26
21,727.68,794.22,1051.16,943.31,807.1
22,662.98,734.8,954.63,849.7,721.69
23,612.36,670.22,880.64,787.8,662.62
24,581.19,639.27,839.38,744.98,613.36
25,553.81,611.87,786.5,714.51,594.26
26,524.18,599.8,766.04,694.93,562.01
27,516.5,584.83,738.86,681.96,556.25
28,526.06,590.82,767.12,687.0,561.97
29,557.61,626.23,806.21,700.12,593.42
30,604.09,682.54,879.89,769.67,659.32
31,658.69,742.92,950.54,855.04,717.59
32,681.21,782.68,1013.34,896.86,753.56
33,691.65,795.75,1040.33,928.02,780.29
34,713.13,803.58,1065.87,952.29,800.71
35,716.25,820.29,1082.36,967.46,821.01
36,720.06,821.82,1081.66,959.05,811.28
37,725.43,798.21,1076.44,937.21,797.77
38,723.17,797.5,1074.59,909.54,772.41
39,732.54,803.71,1090.02,930.06,784.45
40,758.17,828.32,1098.58,955.28,797.23
41,797.58,887.47,1152.46,1011.25,850.06
42,816.21,927.7,1203.62,1074.04,867.82
43,813.68,917.78,1190.46,1067.87,877.47
44,795.4,868.38,1144.84,1026.93,832.83
45,732.41,818.22,1078.57,956.72,794.59
46,685.75,753.7,981.37,881.13,731.42
47,630.97,697.87,894.89,823.32,670.34
48,591.82,657.23,855.41,783.77,633.33
49,579.15,629.59,784.25,743.36,589.21
50,570.62,605.61,771.91,722.88,566.27
51,555.47,594.37,775.19,707.21,568.58
52,564.45,600.67,789.45,705.41,577.78
53,599.44,624.55,849.73,749.76,612.92
54,658.68,688.22,939.9,824.6,665.87
55,725.55,745.63,1035.31,890.38,718.08
56,755.8,771.69,1092.76,915.83,753.09
57,777.82,779.3,1112.08,936.15,766.12
58,799.4,784.88,1097.14,957.89,776.07
59,800.27,776.53,1105.63,948.83,794.96
60,802.16,784.28,1120.11,949.91,785.05
61,789.89,779.64,1099.42,939.63,780.69
62,791.17,783.85,1085.27,926.56,772.74
63,787.47,801.67,1081.78,950.17,791.99
64,805.07,825.67,1137.61,974.69,812.84
65,841.55,859.51,1184.52,1004.01,846.49
66,882.19,901.98,1213.14,1061.44,889.78
67,887.17,888.14,1193.72,1051.32,888.88
68,835.0,849.19,1146.95,1011.02,836.55
69,774.79,774.05,1069.5,948.66,785.11
70,721.04,708.79,993.84,870.25,731.09
71,644.75,648.55,906.48,788.76,672.56
72,605.51,615.31,852.93,739.55,626.47
73,576.44,588.31,814.64,709.83,596.7
74,571.59,578.9,809.94,692.75,584.2
75,569.46,566.66,791.14,677.8,574.65
76,575.11,569.75,785.95,678.51,584.98
77,603.13,600.61,844.83,712.87,623.29
78,662.05,653.88,945.06,792.49,693.29
79,736.5,709.57,1026.07,854.21,745.66
80,763.31,739.37,1078.28,876.19,772.37
81,775.99,736.18,1100.86,900.96,787.01
82,787.34,729.78,1119.99,906.79,794.59
83,794.04,741.8,1109.87,895.17,787.57
84,792.41,736.27,1112.7,916.22,795.46
85,774.55,737.12,1126.48,918.01,781.54
86,775.29,733.55,1119.82,898.36,768.32
87,779.38,732.28,1116.78,902.72,771.52
88,814.39,760.53,1152.32,939.54,798.46
89,859.61,794.62,1193.58,1001.49,837.14
90,890.11,827.87,1253.94,1032.05,871.99
91,889.59,814.91,1225.37,1032.68,860.07
92,847.19,772.93,1138.27,977.49,813.48
93,803.19,722.14,1078.32,889.41,758.76
94,740.22,660.86,1001.8,821.94,699.37
95,682.1,605.22,932.35,740.82,652.95
96,632.7,564.34,870.65,694.51,621.89
97,604.22,540.66,821.65,662.71,581.09
98,576.67,533.21,797.56,644.17,573.35
99,555.37,530.17,802.4,630.55,567.24
100,561.71,529.64,806.07,632.0,573.65
101,585.82,567.22,849.25,683.37,616.12
102,647.34,611.4,939.98,761.99,671.28
103,727.66,670.24,1020.16,841.01,727.16
104,750.85,700.44,1073.29,862.74,746.94
105,760.9,722.49,1108.11,893.89,778.45
106,771.49,724.48,1091.96,897.62,763.49
107,784.73,728.16,1126.44,902.38,769.85
108,783.78,739.92,1126.52,890.79,765.7
109,775.07,743.67,1118.69,890.57,753.56
110,782.58,734.8,1136.38,889.44,756.53
111,795.63,740.05,1142.56,906.24,761.23
112,808.58,754.88,1190.27,939.81,785.08
113,846.27,766.1,1261.61,978.33,804.52
114,877.64,807.26,1295.16,1029.18,844.31
115,859.58,795.46,1300.78,1020.79,842.48
116,826.02,763.31,1259.74,974.32,815.96
117,766.22,718.6,1171.27,916.14,777.99
118,716.41,653.51,1084.87,839.14,720.76
119,658.26,606.92,997.24,783.46,655.15
120,578.25,528.47,851.04,679.43,563.27
121,546.48,494.71,798.99,656.27,535.87
122,532.24,485.6,777.68,641.47,516.77
123,512.94,481.54,759.08,639.94,514.75
124,513.59,485.87,775.7,637.93,516.47
125,544.68,512.49,804.87,683.57,552.39
126,584.58,577.19,882.86,754.28,610.6
127,647.14,635.92,953.05,819.89,665.36
128,661.17,663.09,1001.18,863.6,690.14
129,683.77,673.96,1029.49,879.16,710.71
130,685.31,696.51,1037.03,875.48,714.68
131,701.5,699.53,1051.66,881.97,734.11
132,704.79,683.27,1067.54,885.89,741.99
133,686.35,687.73,1054.49,883.17,735.99
134,699.91,683.95,1063.25,894.41,734.48
135,721.42,672.92,1086.29,914.21,757.14
136,742.78,681.72,1103.17,949.12,775.56
137,776.03,703.39,1137.83,991.43,820.51
138,803.44,710.64,1156.88,1022.62,843.45
139,788.18,701.03,1152.18,1007.44,833.03
140,765.92,668.79,1101.68,947.72,782.41
141,713.35,643.19,1052.9,892.76,719.62
142,658.6,594.91,965.83,827.94,671.15
143,598.17,542.8,891.15,758.06,629.55
144,560.66,512.37,839.96,719.6,590.48
145,525.99,490.49,788.8,682.82,563.47
146,522.26,485.68,765.39,661.32,547.95
147,515.45,488.49,768.28,639.65,544.14
148,529.69,483.87,759.42,644.52,559.71
149,558.4,501.3,811.83,679.38,581.58
150,609.75,553.36,888.92,751.15,630.02
151,663.57,620.65,968.95,816.57,681.59
152,687.61,643.87,1001.67,846.03,716.27
153,702.85,667.19,1026.86,858.09,739.71
154,707.77,670.08,1039.23,869.63,749.07
155,713.43,673.08,1048.98,872.32,766.34
156,702.65,672.28,1044.8,867.45,762.03
157,690.8,678.74,996.12,851.37,736.28
158,707.73,675.52,998.98,848.98,736.05
159,710.07,683.64,1009.98,852.36,740.59
160,722.62,707.1,1046.66,873.52,762.78
161,761.86,749.17,1112.53,933.91,816.61
162,805.12,776.8,1151.81,965.47,841.18
163,785.05,778.64,1150.03,933.73,826.29
164,750.74,759.68,1106.69,891.05,789.2
165,699.07,717.12,1046.74,834.93,748.95
166,632.15,657.55,980.93,780.12,695.48
167,586.58,600.47,910.1,730.71,628.23
168,596.25,609.71,925.14,733.02,655.01
169,569.33,577.49,870.79,697.93,619.09
170,550.95,554.76,863.46,677.42,602.91
171,548.51,541.23,858.7,667.57,590.06
172,553.49,544.95,882.45,680.67,589.44
173,583.2,560.37,916.14,723.17,627.86
174,634.3,639.73,994.19,795.53,683.79
175,683.51,704.98,1064.33,866.36,749.2
176,727.19,729.05,1113.53,897.81,787.89
177,739.11,736.89,1129.48,934.72,806.02
178,751.43,755.27,1160.75,937.97,828.27
179,760.47,749.53,1162.08,944.87,830.31
180,758.22,740.57,1167.37,958.25,827.43
181,748.17,743.45,1165.19,953.61,815.26
182,756.37,742.98,1162.67,953.74,815.24
183,762.64,757.46,1179.62,965.16,806.64
184,785.07,780.21,1215.57,1002.58,818.39
185,823.98,816.51,1268.96,1053.83,856.82
186,867.96,839.04,1320.34,1084.46,884.59
187,868.91,836.8,1292.44,1102.64,863.7
188,835.78,802.64,1249.45,1041.69,824.11
189,777.72,753.47,1174.23,976.05,779.26
190,705.87,691.19,1095.33,896.85,722.93
191,655.2,642.01,981.41,814.47,657.82
192,625.66,605.01,925.33,768.57,621.82
193,594.38,579.13,875.16,723.12,598.12
194,583.22,555.97,850.14,712.98,578.77
195,581.04,537.71,822.73,706.25,580.94
196,594.42,550.08,826.01,705.63,580.74
197,632.01,574.61,866.93,738.09,612.2
198,690.6,626.02,959.33,812.03,682.24
199,766.08,686.69,1039.48,874.62,748.21
200,785.06,727.44,1065.66,914.16,789.73
201,808.09,739.5,1085.31,938.69,812.54
202,819.54,744.2,1089.57,931.07,810.86
203,834.52,755.63,1095.59,936.97,830.8
204,850.85,760.59,1098.65,928.94,819.37
205,854.29,753.63,1097.6,914.26,809.57
206,840.31,737.21,1086.84,897.99,815.08
207,829.84,751.87,1105.66,912.75,826.51
208,860.33,766.56,1153.7,929.44,853.91
209,888.1,823.24,1205.69,974.93,895.05
210,918.32,845.2,1259.88,1046.86,926.03
211,918.05,840.01,1240.61,1053.04,894.55
212,859.85,802.77,1179.44,1008.19,860.2
213,784.44,753.32,1102.64,950.87,803.25
214,726.16,715.24,1003.84,889.99,726.39
215,665.59,651.97,913.51,804.59,665.12
216,625.77,620.75,852.26,751.14,624.31
217,595.77,589.35,809.52,712.74,582.59
218,574.68,570.85,790.62,693.46,564.54
219,557.14,567.41,791.35,687.11,553.12
220,564.42,576.1,800.03,690.62,559.14
221,588.02,603.93,839.62,718.83,598.73
222,634.99,655.7,934.97,790.68,659.19
223,699.5,717.99,1030.25,862.85,727.48
224,730.13,776.45,1064.55,919.18,763.4
225,750.58,788.31,1076.15,932.28,789.21
226,750.27,799.37,1081.29,924.97,812.57
227,753.37,799.37,1095.46,945.32,819.03
228,746.13,828.58,1100.0,945.42,816.76
229,733.21,804.31,1066.39,918.97,805.51
230,738.04,796.37,1068.14,913.69,794.5
231,740.45,784.78,1075.47,902.96,804.28
232,768.41,812.42,1120.64,925.82,822.87
233,810.71,850.15,1166.77,988.06,860.05
234,864.02,883.04,1188.82,1026.47,903.97
235,843.2,873.4,1192.21,1031.82,900.78
236,817.56,848.62,1162.08,999.06,871.59
237,766.05,804.7,1112.74,931.65,827.89
238,707.65,749.35,1021.81,852.31,765.82
239,637.49,663.29,936.93,767.9,694.63
240,598.97,617.19,880.55,721.71,647.49
241,576.64,586.86,825.1,684.05,612.34
242,562.43,576.75,813.42,668.21,590.19
243,556.7,550.12,826.46,662.94,574.89
244,563.13,567.76,845.0,681.45,578.69
245,602.45,599.24,880.37,729.85,607.26
246,663.26,670.48,975.35,785.42,671.82
247,704.81,720.07,1064.28,852.93,741.01
248,729.56,742.31,1119.13,876.51,754.63
249,727.65,747.16,1129.89,882.93,786.09
250,706.75,748.66,1125.27,883.46,779.78
251,712.87,748.95,1123.34,906.14,793.31
252,730.06,733.55,1129.38,903.67,790.05
253,726.98,739.28,1091.23,887.62,778.31
254,719.12,744.65,1063.65,879.33,778.38
255,720.78,744.66,1068.41,892.62,786.19
256,756.85,747.59,1104.36,928.02,818.69
257,797.35,795.42,1165.23,969.54,859.45
258,829.69,801.75,1202.94,983.23,889.12
259,825.1,785.8,1181.46,984.43,869.58
260,792.49,741.84,1143.31,972.24,831.89
261,752.26,690.69,1072.0,914.5,745.15
262,700.55,643.47,970.5,847.47,680.7
263,644.7,597.9,891.05,770.52,637.07
264,601.0,567.28,833.14,725.23,592.04
265,576.8,533.0,781.57,689.18,557.76
266,558.36,529.54,764.78,682.61,549.64
267,559.91,531.42,764.74,686.06,545.65
268,559.34,544.32,760.04,696.65,566.5
269,589.12,589.86,799.15,724.01,606.75
270,649.44,640.11,884.97,782.1,648.92
271,698.26,691.78,988.57,845.92,704.86
272,745.39,714.0,1019.2,860.93,738.16
273,775.3,723.31,1045.48,866.13,768.69
274,778.99,736.99,1054.08,880.69,780.55
275,794.67,746.49,1088.07,899.58,783.85
276,798.61,743.17,1103.39,915.07,805.33
277,766.16,746.89,1105.13,913.45,801.99
278,769.88,746.1,1098.41,908.22,810.33
279,777.93,748.24,1132.74,924.08,837.32
280,802.36,764.19,1168.04,928.18,859.2
281,829.83,787.69,1208.64,971.9,893.3
282,858.26,814.65,1227.59,993.32,924.36
283,850.69,800.13,1219.53,984.48,893.76
284,827.43,765.76,1159.79,934.66,869.99
285,778.87,721.76,1096.09,870.51,838.82
286,718.97,670.54,1019.76,803.28,760.47
287,671.28,611.36,943.3,732.44,694.81
288,584.49,549.2,842.51,654.08,605.15
289,553.49,515.19,793.45,624.81,577.4
290,527.68,506.75,767.88,631.02,562.0
291,531.66,500.41,745.17,618.38,550.86
292,545.32,508.99,745.88,633.69,537.53
293,580.26,531.44,779.24,677.7,573.82
294,642.94,579.32,841.87,735.41,636.61
295,701.59,637.55,938.9,824.13,698.88
296,731.94,650.49,967.67,858.48,741.44
297,743.56,665.64,993.2,875.92,764.51
298,748.38,660.89,998.26,883.78,781.26
299,755.58,653.36,996.55,887.75,793.67
300,768.54,656.17,1013.21,884.43,792.36
301,764.89,647.16,1001.08,851.82,776.31
302,763.0,665.49,1006.14,857.17,776.2
303,763.94,658.4,1024.13,880.78,776.28
304,779.15,680.66,1049.27,912.56,798.02
305,830.3,715.33,1111.69,936.51,841.3
306,863.53,744.3,1141.55,961.94,863.72
307,855.12,735.15,1137.7,948.28,842.4
308,813.16,690.49,1081.79,911.16,807.89
309,750.4,654.85,1020.61,850.67,749.04
310,690.97,611.37,936.49,777.01,688.75
311,638.82,563.78,860.11,706.51,631.75
312,598.64,534.09,809.11,651.58,594.44
313,567.37,516.36,778.51,626.37,562.36
314,550.94,509.47,751.44,608.57,540.08
315,544.07,506.98,746.46,606.87,537.02
316,540.56,509.67,750.22,608.21,531.77
317,567.59,543.06,787.55,641.1,556.77
318,618.18,590.8,866.74,688.0,611.19
319,682.32,647.5,936.21,762.52,664.78
320,704.4,666.2,983.37,794.91,687.85
321,724.14,678.42,983.65,817.85,696.62
322,745.04,691.95,1003.01,837.93,715.08
323,749.1,696.0,1022.02,846.18,743.55
324,743.5,704.08,1055.97,851.89,735.97
325,738.11,693.03,1038.39,828.36,734.7
326,738.06,706.82,1027.92,816.7,730.91
327,736.32,711.56,1042.63,812.39,756.05
328,762.23,753.92,1073.35,841.26,782.89
329,817.45,793.77,1125.72,889.98,812.7
330,843.27,819.56,1156.5,907.46,843.2
331,833.37,800.02,1155.93,893.5,830.14
332,786.79,760.14,1119.78,861.11,805.26
333,739.58,727.16,1056.54,808.6,762.67
334,671.87,659.43,973.93,747.99,707.09
335,607.4,591.87,890.95,688.42,642.6
336,626.09,601.56,915.18,694.52,647.73
337,589.28,580.28,890.59,669.8,623.68
338,582.31,562.05,877.9,651.76,617.13
339,585.36,548.37,864.6,647.35,608.42
340,594.58,553.84,881.28,657.51,614.32
341,629.47,581.2,922.6,714.14,649.97
342,707.55,647.7,1028.69,791.23,716.93
343,768.5,721.58,1106.73,876.8,768.11
344,793.51,748.86,1131.33,911.99,808.66
345,795.43,755.12,1174.55,915.67,819.63
346,803.12,750.81,1181.01,922.09,839.04
347,824.62,742.01,1215.02,930.44,843.76
348,832.65,741.76,1212.39,916.6,843.26
349,814.1,721.06,1178.48,911.23,841.56
350,804.91,728.51,1182.19,919.71,824.69
351,807.28,734.18,1189.14,910.24,847.67
352,833.13,749.59,1229.78,971.19,858.04
353,869.45,799.77,1278.2,1020.08,903.1
354,902.43,811.18,1319.91,1045.1,951.94
355,897.35,814.47,1302.27,1052.41,943.61
356,854.73,780.77,1227.13,998.41,917.47
357,799.59,733.95,1160.36,949.74,862.36
358,739.0,677.22,1070.36,862.82,779.45
359,675.75,611.91,992.32,786.13,717.31
360,640.46,581.78,931.25,754.36,678.47
361,622.27,561.94,893.09,716.61,650.58
362,609.42,534.14,877.69,693.67,631.2
363,600.59,528.42,857.57,697.33,608.85
364,595.59,535.27,864.69,709.57,615.54
365,629.26,562.0,921.96,744.51,653.61
366,675.62,622.1,989.52,814.3,706.28
367,724.65,677.61,1081.09,896.75,791.36
368,763.5,703.01,1117.44,919.53,817.0
369,785.76,728.52,1130.47,960.9,843.52
370,792.02,727.24,1152.62,977.44,861.99
371,783.33,731.29,1175.59,1002.44,867.05
372,780.63,728.28,1183.62,1003.04,858.2
373,767.67,715.03,1181.67,989.02,834.96
374,775.0,711.58,1159.7,982.25,820.72
375,805.13,732.63,1173.33,1008.95,832.42
376,830.28,746.72,1187.48,1011.14,855.27
377,860.68,807.19,1253.85,1052.31,909.55
378,878.96,819.88,1307.19,1088.72,922.95
379,871.49,789.12,1298.02,1094.89,895.3
380,832.48,749.82,1250.8,1028.3,860.93
381,769.22,692.53,1141.59,960.49,799.11
382,711.6,651.18,1059.11,880.58,750.89
383,643.33,601.19,981.06,814.49,678.57
384,616.03,560.07,883.04,753.66,639.51
385,594.37,532.69,843.14,729.92,604.57
386,587.05,518.23,829.02,725.07,591.75
387,575.95,529.91,824.22,708.64,583.38
388,587.32,538.31,828.55,715.53,585.87
389,617.14,568.85,864.77,754.29,614.51
390,675.63,630.07,954.87,825.36,683.32
391,734.15,689.29,1037.09,895.48,763.74
392,752.99,717.93,1055.14,934.78,803.7
393,755.31,724.54,1075.72,964.49,810.15
394,771.8,732.77,1095.98,958.44,833.57
395,778.53,742.03,1118.78,973.84,838.79
396,781.72,730.01,1118.87,962.71,840.96
397,784.68,724.44,1110.63,955.84,831.69
398,768.61,713.81,1100.47,958.05,816.99
399,769.77,706.71,1119.83,957.54,810.25
400,795.3,728.35,1162.71,981.4,820.6
401,838.02,769.43,1213.66,1026.21,846.78
402,865.17,808.07,1265.43,1062.58,896.62
403,870.04,796.58,1250.46,1075.49,895.48
404,835.09,749.13,1180.98,1022.2,858.72
405,770.95,695.18,1117.4,948.92,806.33
406,703.93,640.95,1038.75,874.54,731.0
407,652.38,587.88,939.09,804.58,652.3
408,619.21,559.15,887.42,749.49,610.05
409,575.89,531.93,835.37,708.83,589.82
410,571.79,526.57,818.56,692.38,563.27
411,569.07,516.3,807.91,672.93,556.83
412,586.52,527.32,798.76,675.53,554.19
413,614.48,560.42,841.08,711.29,586.76
414,673.61,620.12,905.52,783.3,653.34
415,725.07,681.5,979.14,854.93,710.69
416,779.45,700.66,1020.37,879.89,753.76
417,792.9,723.3,1033.42,897.97,780.28
418,815.4,726.14,1024.09,909.02,790.76
419,815.97,732.1,1024.06,903.82,796.12
420,816.79,723.52,1031.71,920.6,794.96
421,792.23,720.93,1036.76,913.2,784.11
422,788.63,717.78,1024.7,910.3,785.34
423,805.96,719.54,1042.03,918.18,799.91
424,816.57,747.99,1075.58,934.96,825.14
425,866.2,776.44,1112.16,965.72,855.74
426,900.56,809.19,1142.2,988.17,872.07
427,881.33,805.16,1117.65,972.49,868.03
428,838.11,776.19,1086.57,922.56,831.35
429,780.82,727.82,984.15,877.6,775.18
430,720.31,661.72,908.42,810.96,716.43
431,655.85,608.01,831.94,738.71,662.38
432,612.51,576.56,778.45,702.55,620.51
433,581.33,561.77,739.96,664.97,591.56
434,560.15,559.64,722.04,652.84,577.2
435,545.08,557.35,725.08,645.2,571.39
436,553.64,570.35,744.83,655.3,570.04
437,590.97,581.14,785.19,673.91,600.38
438,639.0,634.81,876.5,749.37,669.4
439,699.22,683.23,942.86,807.27,729.61
440,724.43,717.33,1004.72,849.6,763.09
441,732.03,736.55,1033.73,871.54,777.28
442,750.02,748.53,1036.01,870.02,792.36
443,754.49,760.74,1026.19,884.24,798.61
444,771.2,763.41,1039.89,868.86,790.91
445,757.82,754.34,1026.77,857.85,783.92
446,763.26,748.4,1061.03,857.98,781.07
447,769.99,761.77,1088.54,849.92,786.13
448,786.33,783.12,1103.07,878.31,801.62
449,831.11,829.45,1155.99,932.34,846.24
450,860.75,853.38,1189.77,970.39,849.07
451,861.34,842.38,1189.15,974.98,839.33
452,824.56,797.5,1135.16,930.98,789.24
453,762.8,752.42,1061.32,866.91,761.0
454,704.05,686.65,982.17,819.12,695.32
455,646.43,610.71,921.41,761.37,640.58
456,574.36,530.71,809.24,670.99,564.19
457,540.87,501.29,782.48,623.26,546.83
458,527.6,489.41,758.59,613.85,547.42
459,510.38,481.76,750.41,612.51,542.79
460,522.78,497.06,754.3,636.85,547.07
461,543.99,525.95,793.24,671.15,570.33
462,586.31,586.06,867.35,767.42,624.84
463,641.51,650.45,947.9,842.74,677.8
464,680.13,685.73,965.76,882.13,711.99
465,682.2,706.34,988.24,892.47,734.94
466,681.68,708.17,1012.2,895.6,748.36
467,684.47,717.94,1008.78,906.32,756.98
468,677.39,716.1,1006.42,907.13,752.74
469,677.56,714.82,1003.81,886.34,736.57
470,673.41,708.8,1004.41,894.88,726.88
471,676.73,720.42,1023.68,907.95,729.01
472,705.11,735.72,1057.56,924.07,754.95
473,733.97,776.03,1103.72,960.75,787.49
474,768.02,814.11,1149.58,982.76,817.45
475,754.9,816.9,1169.87,974.53,822.23
476,713.89,775.66,1121.06,916.37,788.06
477,655.67,735.73,1057.96,856.08,745.25
478,623.7,663.34,979.12,804.02,701.63
479,571.37,607.56,894.19,749.75,633.23
480,542.61,562.26,838.19,705.68,604.56
481,518.05,534.45,776.25,672.25,582.32
482,507.77,512.96,768.21,663.09,567.92
483,503.2,505.89,753.3,656.91,560.34
484,524.08,508.19,768.3,664.18,557.83
485,545.57,543.41,797.73,707.83,593.37
486,589.85,613.0,872.19,770.91,655.76
487,637.31,674.39,954.74,851.08,711.65
488,655.0,709.47,997.95,893.43,749.23
489,677.75,725.77,1032.18,921.32,766.68
490,694.3,730.27,1024.01,944.04,786.57
491,694.62,733.71,1023.85,946.94,789.76
492,684.7,722.28,1034.07,941.49,793.27
493,677.93,707.74,1002.32,929.85,802.6
494,693.21,713.81,1015.07,924.49,799.38
495,676.98,716.34,1031.7,937.65,810.05
496,704.82,739.66,1054.86,962.44,844.72
497,730.61,765.2,1094.71,993.21,871.56
498,770.75,813.78,1135.98,999.73,909.73
499,756.42,818.04,1116.71,981.22,905.25
500,724.03,779.77,1075.96,940.29,858.07
501,667.6,744.19,997.67,867.26,783.44
502,610.98,688.19,920.7,798.95,724.95
503,573.05,635.95,848.48,730.87,674.69
504,589.42,641.22,861.98,742.15,677.05
505,559.76,604.8,828.28,717.7,638.37
506,541.27,596.97,806.32,698.11,621.27
507,523.19,591.85,807.22,686.34,615.81
508,530.14,602.99,809.74,695.27,627.59
509,560.69,639.21,860.17,742.73,652.67
510,619.11,701.09,944.41,820.44,713.61
511,677.73,757.8,1002.89,899.73,778.63
512,698.79,789.75,1072.88,913.92,790.18
513,715.75,786.87,1079.2,920.69,809.45
514,725.9,793.27,1092.59,931.87,819.39
515,748.72,809.13,1096.08,927.8,826.08
516,769.23,804.6,1089.73,936.24,810.91
517,762.08,811.41,1068.4,920.97,801.14
518,756.32,805.35,1080.49,918.15,795.88
519,764.88,801.08,1069.41,928.07,773.38
520,782.76,827.52,1088.33,966.88,807.03
521,813.79,862.1,1138.74,1022.75,844.96
522,844.72,896.87,1175.9,1085.45,892.49
523,828.74,880.21,1129.04,1053.43,905.27
524,801.56,845.31,1078.24,993.06,865.69
525,751.67,790.59,1010.95,924.57,807.34
526,697.38,729.52,937.03,866.9,754.29
527,638.73,673.67,843.56,799.34,692.23
528,597.86,627.87,800.92,743.13,647.06
529,563.44,594.74,752.68,698.93,631.6
530,549.12,585.62,736.94,697.95,608.78
531,539.86,584.42,730.64,691.85,595.86
532,550.59,595.12,723.61,691.28,593.93
533,581.33,616.6,754.13,717.9,642.5
534,630.28,678.05,823.08,798.18,704.41
535,690.73,734.4,878.16,861.98,765.83
536,709.61,760.51,935.45,895.56,784.73
537,721.05,760.51,947.01,911.29,781.51
538,728.54,748.45,964.82,910.5,809.93
539,718.92,764.8,971.63,925.06,824.48
540,723.86,771.83,958.87,926.47,824.09
541,722.12,750.77,965.11,918.44,822.06
542,724.14,747.62,972.39,922.6,819.94
543,730.55,755.59,970.08,931.98,826.86
544,751.52,772.12,998.57,966.05,846.31
545,780.3,813.51,1059.12,989.59,892.33
546,809.5,838.79,1085.03,1050.16,914.26
547,800.78,817.99,1091.14,1055.17,931.43
548,770.91,779.38,1046.74,1008.87,885.99
549,713.94,734.83,999.72,938.12,826.13
550,664.18,670.87,944.73,866.9,755.72
551,612.46,621.02,854.42,800.55,696.64
552,578.76,593.61,816.12,743.82,655.63
553,549.84,568.95,781.09,701.76,624.95
554,542.07,558.03,752.69,698.13,620.31
555,525.51,549.87,755.33,685.68,618.02
556,538.36,560.61,756.1,694.81,618.09
557,570.93,584.67,799.63,726.47,655.28
558,632.77,625.1,879.36,798.69,716.4
559,696.11,676.91,932.8,864.55,779.0
560,721.29,718.85,975.17,889.73,806.64
561,735.72,742.81,1000.43,912.83,828.72
562,751.47,740.5,1018.39,914.9,826.58
563,764.96,746.08,1018.14,917.88,851.22
564,768.71,740.05,1015.79,924.89,850.48
565,748.47,723.09,1018.24,923.24,849.37
566,755.78,721.37,1030.16,936.96,844.65
567,776.2,736.82,1050.24,949.84,836.28
568,809.79,759.49,1097.71,976.53,838.02
569,850.75,793.43,1137.24,1019.96,881.5
570,865.02,800.92,1173.38,1059.28,914.7
571,868.93,817.83,1162.6,1039.24,894.09
572,830.41,771.94,1119.75,973.69,860.96
573,754.23,724.18,1057.13,924.61,800.44
574,700.72,675.68,987.74,849.46,732.68
575,631.1,620.7,908.32,772.44,678.36
576,586.69,591.65,857.18,743.06,636.97
577,555.59,547.17,805.56,695.56,602.22
578,552.43,528.2,786.19,684.22,587.25
579,544.18,517.92,766.52,667.11,566.72
580,554.99,517.21,768.14,678.19,582.27
581,598.67,535.18,804.64,714.95,610.81
582,672.4,597.79,891.37,790.86,670.75
583,732.85,643.61,991.33,849.34,733.94
584,761.45,682.57,1020.39,880.52,759.67
585,765.2,706.23,1029.33,905.63,773.99
586,767.08,711.62,1063.94,918.34,783.95
587,779.88,707.65,1109.38,921.35,807.69
588,784.68,704.53,1109.33,922.98,810.84
589,778.94,693.67,1110.12,917.52,800.23
590,789.06,690.35,1121.99,894.93,807.06
591,789.47,692.76,1140.68,894.09,817.32
592,812.22,716.22,1163.83,929.98,831.51
593,858.3,749.84,1224.44,979.34,875.33
594,895.37,779.12,1262.45,1017.35,913.35
595,898.87,775.06,1242.18,1013.16,911.31
596,863.13,755.66,1205.23,947.0,871.4
597,804.46,727.34,1123.38,892.13,792.04
598,744.59,671.76,1032.39,819.03,725.2
599,673.2,615.25,938.81,768.84,652.8
600,621.76,579.63,890.83,707.7,601.62
601,596.02,558.47,842.15,675.08,579.88
602,580.54,548.99,818.67,652.75,565.43
603,575.23,542.5,807.59,641.46,570.19
604,571.07,548.78,818.61,643.14,576.7
605,599.13,581.67,861.46,671.24,610.02
606,655.05,647.63,948.74,737.42,670.98
607,708.13,702.27,1034.39,801.88,723.22
608,718.39,734.83,1062.42,824.34,754.59
609,732.19,732.93,1095.9,862.67,756.42
610,750.53,734.39,1100.29,884.64,778.24
611,763.57,746.36,1107.57,903.72,774.6
612,759.61,732.41,1093.24,898.63,780.35
613,754.15,712.87,1075.9,909.88,781.31
614,763.23,716.7,1068.68,932.04,777.93
615,745.61,707.32,1079.8,920.82,777.6
616,768.67,727.03,1101.63,967.72,805.87
617,813.04,783.61,1152.76,995.25,835.39
618,851.87,816.47,1165.19,1038.31,848.46
619,864.56,828.01,1171.82,1030.17,847.15
620,839.44,807.04,1141.19,989.4,798.98
621,789.29,748.39,1057.14,933.27,754.75
622,730.76,688.47,960.65,849.65,708.35
623,675.53,633.26,893.32,778.46,657.87
624,587.89,562.47,781.76,676.27,580.72
625,558.87,543.55,720.31,647.55,551.05
626,550.39,533.47,715.13,619.14,537.3
627,555.39,527.41,694.03,623.38,535.55
628,560.79,526.86,712.59,642.58,546.88
629,589.05,560.57,770.05,675.8,575.41
630,648.51,611.34,850.44,750.74,640.96
631,717.48,673.54,924.32,835.7,689.21
632,745.49,710.98,954.54,880.8,731.4
633,771.7,711.42,956.53,903.24,755.82
634,768.58,733.92,970.03,899.84,755.24
635,772.76,737.43,975.58,904.94,759.36
636,769.53,744.67,963.75,923.39,761.66
637,767.79,743.2,963.04,914.79,750.25
638,775.46,756.21,964.51,919.0,759.79
639,767.54,770.39,967.96,924.3,753.29
640,780.05,803.19,1005.43,960.56,781.16
641,818.95,844.07,1033.39,1025.1,815.8
642,840.7,862.28,1074.8,1050.47,841.12
643,817.87,849.19,1058.75,1047.26,834.34
644,792.31,814.91,1010.33,1005.69,796.8
645,745.98,767.59,940.29,944.97,763.15
646,691.62,705.78,879.47,864.56,687.07
647,629.26,638.37,820.75,789.64,628.75
648,599.81,591.29,762.37,758.48,583.98
649,568.29,561.22,732.49,703.63,543.14
650,560.34,563.63,718.77,677.48,535.88
651,546.25,553.01,709.99,673.1,535.49
652,547.45,555.03,730.74,681.17,543.83
653,577.45,585.99,786.54,699.52,569.34
654,629.58,647.3,846.32,773.67,615.12
655,692.34,704.29,925.18,839.81,680.81
656,723.09,714.56,970.81,851.32,699.83
657,729.05,721.27,988.03,858.94,733.43
658,736.84,721.5,982.42,866.03,751.71
659,740.83,732.48,990.25,864.53,764.92
660,749.12,725.74,972.89,861.98,763.45
661,736.04,715.7,965.66,854.44,734.53
662,732.17,705.51,976.44,867.81,724.21
663,750.28,707.24,1007.9,886.44,723.23
664,792.11,746.53,1029.8,916.55,744.43
665,846.89,787.73,1083.58,950.58,793.55
666,875.37,818.3,1125.26,972.1,829.33
667,867.68,801.74,1113.89,987.65,840.83
668,842.24,754.88,1081.35,946.58,802.81
669,784.92,714.87,1003.92,878.38,737.29
670,713.75,658.43,930.94,819.09,680.98
671,652.92,606.46,866.99,755.78,617.27
672,663.33,616.2,883.46,761.89,618.85
673,623.43,586.08,824.74,725.48,588.34
674,594.73,553.78,801.09,718.79,585.17
675,576.43,552.38,797.04,693.62,573.91
676,588.77,571.06,807.17,696.94,589.23
677,613.91,600.73,843.55,729.5,612.29
678,674.19,658.5,922.22,799.69,671.32
679,737.46,719.24,996.37,850.06,721.36
680,773.9,745.97,1050.73,881.16,741.95
681,785.94,743.78,1064.39,904.67,762.25
682,798.27,747.83,1083.62,911.78,773.61
683,797.13,755.15,1101.52,915.08,778.56
684,793.76,764.89,1116.89,910.82,776.82
685,776.65,748.41,1129.44,906.12,766.13
686,788.13,745.72,1121.66,903.77,783.71
687,795.69,753.4,1114.78,936.26,782.1
688,811.52,779.74,1146.09,974.4,792.22
689,846.35,835.12,1221.55,1017.62,833.23
690,874.93,870.46,1271.81,1054.52,868.02
691,875.62,868.33,1256.17,1021.13,872.95
692,821.75,817.72,1223.94,974.52,844.23
693,760.7,779.32,1145.35,926.7,775.05
694,699.71,703.3,1053.59,850.03,724.14
695,662.48,653.85,986.66,796.82,667.67
696,631.68,621.99,919.03,753.86,638.61
697,599.98,591.25,870.83,709.7,618.65
698,589.53,568.09,856.52,687.47,586.12
699,595.71,563.5,841.66,685.2,576.97
700,601.01,567.12,850.85,695.01,581.35
701,629.03,605.78,895.03,724.1,623.48
702,700.96,642.77,975.98,795.62,693.13
703,767.68,701.94,1055.79,865.58,748.7
704,804.27,708.36,1116.89,874.52,782.27
705,813.73,724.34,1139.24,913.72,800.33
706,838.43,729.72,1123.84,920.95,807.79
707,860.57,745.58,1135.35,930.33,818.06
708,862.9,735.94,1121.7,906.84,814.07
709,857.92,721.18,1099.04,884.89,788.92
710,835.33,703.34,1119.81,894.36,795.51
711,847.31,708.54,1140.13,915.38,800.37
712,867.34,733.16,1175.67,948.73,823.08
713,909.96,767.47,1228.45,1005.07,848.04
714,947.17,787.59,1252.75,1034.1,883.38
715,932.6,781.47,1235.71,1017.53,874.32
716,872.55,755.59,1187.47,976.25,837.39
717,819.22,712.41,1118.2,915.77,793.04
718,747.8,642.56,1006.32,830.69,721.3
719,681.34,586.93,915.77,761.04,673.02
720,636.75,549.39,858.2,717.0,644.77
721,602.89,505.99,821.42,687.46,605.76
722,571.06,500.04,791.5,658.59,579.64
723,572.57,498.23,780.24,650.35,571.76
724,582.13,500.41,774.08,647.58,579.44
725,621.03,533.23,804.58,694.24,608.29
726,698.81,591.15,888.4,758.56,668.64
727,761.27,643.58,975.31,833.85,717.17
728,775.12,675.99,1019.18,867.14,743.26
729,781.84,690.28,1037.67,899.0,777.97
730,778.11,693.51,1030.25,902.14,804.02
731,781.5,712.48,1034.34,908.29,810.49
732,783.1,700.51,1033.62,922.3,810.73
733,757.33,713.72,1022.01,909.89,796.78
734,762.25,717.82,1018.69,909.89,803.77
735,756.62,722.62,1040.56,906.08,812.23
736,783.52,749.25,1065.69,929.93,837.41
737,820.99,776.68,1115.8,981.13,882.69
738,848.97,802.33,1162.32,1003.74,904.13
739,842.94,817.55,1165.76,1010.38,888.07
740,802.73,787.51,1131.06,958.79,843.61
741,747.78,736.61,1042.46,875.36,774.96
742,676.96,678.75,975.55,805.27,713.04
743,622.11,629.21,898.34,742.98,662.21
744,602.2,600.28,852.69,715.6,611.81
745,588.34,568.66,818.3,689.42,586.98
746,583.0,561.97,789.87,666.67,570.98
747,580.21,554.08,780.09,658.7,562.71
748,582.98,560.82,809.86,675.87,560.35
749,624.3,595.31,874.21,723.19,586.26
750,685.7,648.55,931.47,789.13,640.98
751,746.86,694.08,984.37,874.97,708.09
752,774.77,722.02,1048.92,924.72,737.21
753,790.75,744.7,1060.87,938.4,741.74
754,793.97,749.3,1066.63,949.9,757.89
755,800.69,764.7,1087.27,942.88,777.35
756,790.18,775.46,1094.34,930.73,787.21
757,779.42,764.09,1068.64,923.14,790.36
758,801.6,763.56,1077.99,921.98,782.84
759,808.15,769.15,1093.05,932.13,795.49
760,828.59,796.97,1097.36,946.01,822.73
761,872.41,838.22,1140.76,1005.43,880.27
762,910.46,869.06,1190.71,1047.89,907.93
763,889.81,874.31,1196.03,1037.04,895.34
764,848.67,838.5,1133.65,997.53,855.12
765,803.16,786.11,1066.77,910.94,807.51
766,742.55,717.45,983.84,836.32,746.04
767,680.38,656.58,889.23,760.15,679.91
768,652.12,627.95,844.52,716.54,651.56
769,614.34,600.85,801.6,683.4,617.07
770,598.39,584.78,781.4,676.47,603.81
771,586.16,575.11,758.32,665.92,588.93
772,603.85,575.35,757.57,663.34,601.76
773,620.16,599.61,802.29,699.12,631.08
774,676.38,666.75,879.98,761.45,691.76
775,733.12,726.44,979.55,845.32,741.92
776,769.94,756.34,1032.82,901.48,766.97
777,790.89,781.61,1062.39,929.68,770.75
778,811.44,783.88,1075.57,931.05,779.09
779,803.17,785.75,1092.97,951.21,781.41
780,810.08,797.57,1091.87,937.25,785.13
781,798.9,793.85,1084.47,933.49,776.02
782,792.14,777.78,1105.21,931.95,768.05
783,804.89,784.13,1140.91,911.46,799.72
784,818.68,798.44,1196.99,939.64,818.07
785,835.63,830.17,1240.38,1004.29,872.86
786,862.73,857.08,1265.58,1027.71,902.64
787,840.78,833.08,1249.28,1054.11,874.07
788,799.63,790.53,1204.61,985.16,833.73
789,754.33,757.37,1131.2,920.6,797.56
790,700.12,696.84,1044.9,850.46,752.95
791,655.18,634.61,972.8,775.67,683.3
792,573.16,563.28,840.54,690.89,597.28
793,535.51,527.08,805.67,670.18,569.22
794,517.87,512.47,782.1,647.38,537.27
795,506.34,513.94,767.35,626.91,541.58
796,506.61,520.81,782.54,635.25,548.04
797,538.11,550.38,813.9,663.47,578.2
798,588.84,603.71,895.13,737.03,630.21
799,628.24,661.24,965.74,804.89,685.42
800,663.31,694.27,992.55,844.57,709.51
801,678.13,706.28,1026.15,863.49,727.25
802,690.41,713.7,1030.55,890.11,738.49
803,700.27,722.32,1058.79,893.51,749.75
804,707.95,705.83,1045.26,878.07,755.85
805,703.14,706.97,1028.93,859.01,758.85
806,715.6,722.07,1023.95,848.24,749.84
807,727.28,735.18,1038.43,878.34,765.91
808,752.58,757.3,1045.49,903.84,776.53
809,792.22,788.13,1087.22,931.81,800.0
810,806.38,818.66,1104.04,954.91,855.7
811,798.83,828.68,1078.95,935.09,829.68
812,762.67,803.98,1035.02,888.77,804.47
813,716.98,744.76,971.87,843.87,745.79
814,651.05,696.87,914.7,786.71,692.38
815,609.59,631.26,856.38,726.45,623.14
816,575.51,589.61,809.93,678.68,573.95
817,539.78,558.72,769.42,652.95,552.9
818,515.62,547.17,760.7,632.24,538.8
819,508.31,537.41,750.74,627.79,531.3
820,515.83,549.61,767.92,637.3,540.12
821,539.42,579.13,803.06,690.41,579.97
822,595.75,646.66,859.58,745.81,646.83
823,646.36,692.5,942.05,812.48,708.2
824,679.97,720.66,969.5,850.02,722.86
825,688.92,738.92,994.05,885.34,727.12
826,697.25,757.11,1008.13,905.97,729.14
827,714.58,744.57,1024.5,910.62,746.41
828,738.78,741.21,1028.44,894.32,733.81
829,722.92,716.45,1023.64,892.56,716.06
830,719.39,719.74,1018.78,882.54,717.57
831,719.64,721.57,1040.48,885.11,723.06
832,748.68,744.99,1071.21,917.38,742.78
833,773.4,788.56,1105.56,961.18,764.0
834,797.5,824.02,1143.21,1010.24,807.31
835,791.78,813.84,1151.78,1002.6,800.35
836,749.47,782.95,1107.2,974.57,754.61
837,694.96,757.75,1045.6,918.08,695.63
838,638.92,693.03,968.54,835.18,632.7
839,571.23,636.98,878.31,766.14,565.06
840,570.2,640.77,910.69,779.64,573.59
841,542.18,613.73,870.86,743.08,544.83
842,532.0,591.08,864.07,717.8,528.36
843,526.19,585.96,836.17,704.48,522.31
844,523.26,582.6,829.66,710.64,524.76
845,550.49,613.72,869.26,745.61,559.68
846,615.42,693.29,970.28,822.83,620.56
847,679.46,744.75,1074.09,892.71,680.21
848,709.95,769.16,1128.68,927.59,696.95
849,718.69,791.45,1160.33,957.95,699.8
850,734.87,787.79,1172.2,963.56,720.96
851,739.19,773.36,1172.98,964.56,734.13
852,730.88,758.49,1174.79,969.98,738.08
853,719.51,753.75,1159.67,948.19,724.71
854,736.69,764.27,1164.94,973.92,742.1
855,748.58,772.69,1183.17,989.93,748.29
856,784.04,795.71,1204.61,1005.18,779.72
857,817.6,843.49,1249.89,1047.62,816.87
858,858.89,872.78,1317.55,1091.75,847.52
859,846.59,878.26,1285.65,1089.39,832.45
860,809.82,853.27,1231.55,1029.6,785.72
861,783.36,794.59,1137.97,959.42,750.25
862,729.46,742.14,1050.06,879.58,695.42
863,663.94,683.41,966.82,811.31,624.39
864,624.92,642.16,899.01,748.47,586.87
865,596.9,609.26,856.13,712.32,558.4
866,590.06,599.44,835.8,706.23,548.77
867,578.51,581.89,814.59,700.46,529.97
868,573.85,577.99,841.29,713.15,539.94
869,602.41,615.94,883.45,758.22,578.38
870,663.33,691.45,990.37,822.73,648.02
871,725.16,754.72,1059.74,883.82,706.04
872,767.97,793.16,1082.45,925.39,733.11
873,786.17,792.09,1097.67,948.09,749.22
874,801.3,786.35,1120.13,974.74,762.83
875,797.91,788.06,1134.32,969.04,772.89
876,806.11,784.14,1136.49,988.69,760.47
877,817.69,777.55,1113.44,967.6,753.96
878,823.54,772.72,1111.85,984.88,753.46
879,832.19,779.27,1130.49,998.76,769.92
880,855.85,799.68,1174.62,1026.66,787.86
881,912.31,842.86,1225.5,1059.58,845.87
882,932.16,883.3,1260.7,1095.78,873.72
883,920.76,883.51,1249.88,1094.22,873.82
884,883.44,857.18,1218.95,1055.23,845.6
885,832.32,799.09,1152.87,979.13,790.74
886,761.84,731.71,1062.16,906.98,736.5
887,698.55,654.66,959.35,835.97,671.33
888,654.4,605.18,903.22,779.3,624.25
889,622.06,581.36,854.43,727.31,592.47
890,603.95,569.56,825.78,727.35,563.32
891,587.03,562.09,776.53,727.56,559.46
892,594.04,567.22,803.47,736.34,558.42
893,631.09,588.28,834.86,770.46,582.29
894,685.33,630.47,920.19,861.49,640.01
895,744.85,684.07,1002.88,942.76,704.84
896,781.45,711.77,1048.69,950.43,735.11
897,786.22,704.51,1054.5,969.33,758.71
898,795.36,725.92,1058.9,962.62,765.8
899,792.59,728.67,1060.52,982.17,770.94
900,803.57,734.72,1080.32,965.23,745.67
901,817.32,741.21,1060.62,958.87,745.35
902,834.98,755.86,1043.03,962.82,742.2
903,838.62,760.75,1037.18,944.18,748.67
904,867.87,792.26,1081.11,986.22,777.3
905,907.09,838.22,1140.98,1027.31,818.92
906,937.97,868.3,1151.04,1061.52,850.58
907,943.72,863.6,1132.06,1043.8,841.83
908,886.31,816.97,1083.36,989.78,813.05
909,837.79,767.22,1001.94,933.32,751.21
910,770.0,701.91,933.4,870.47,703.38
911,714.43,641.18,860.81,796.16,646.26
912,672.08,605.78,831.39,743.5,602.44
913,632.33,582.79,784.93,702.73,570.52
914,616.3,566.01,770.98,684.93,552.7
915,611.52,556.65,786.88,674.03,536.28
916,617.99,561.22,804.01,683.67,546.38
917,652.16,610.12,848.64,721.32,572.12
918,710.93,666.92,948.72,765.21,627.22
919,754.69,730.7,1054.48,858.08,692.61
920,793.32,746.86,1095.29,900.33,723.82
921,814.26,761.93,1127.93,935.53,737.15
922,821.91,758.17,1162.63,952.18,746.87
923,828.8,760.6,1168.32,947.11,764.16
924,837.01,767.91,1160.29,949.55,779.19
925,822.57,776.29,1158.43,944.81,768.93
926,814.14,777.16,1162.64,942.32,774.34
927,818.9,789.55,1180.4,945.84,769.45
928,852.98,813.01,1212.85,978.52,784.1
929,876.76,845.54,1261.98,1018.34,820.58
930,919.7,875.75,1301.31,1065.79,830.13
931,903.4,877.27,1289.0,1047.59,809.75
932,851.86,839.87,1204.82,984.8,780.31
933,809.05,781.78,1134.74,916.92,735.52
934,744.37,716.21,1070.2,844.68,682.67
935,670.49,659.01,971.71,761.3,630.71
936,628.61,618.66,900.99,702.64,588.92
937,604.51,594.34,870.88,671.62,569.81
938,596.9,568.88,854.15,653.01,555.46
939,585.31,566.17,846.02,649.03,543.07
940,595.33,567.74,846.12,666.11,543.95
941,631.13,596.85,876.69,698.25,569.43
942,687.95,672.78,972.96,773.78,634.42
943,752.77,741.67,1072.98,847.81,692.75
944,782.84,766.47,1109.85,897.57,722.49
945,792.53,777.08,1141.06,909.16,723.82
946,794.99,791.81,1161.15,899.42,735.33
947,802.95,806.73,1172.3,888.73,737.48
948,802.82,804.72,1159.74,901.96,750.44
949,789.35,802.16,1140.9,890.9,741.99
950,785.22,796.45,1124.65,896.8,741.81
951,803.55,777.28,1106.4,902.51,759.85
952,828.37,809.74,1109.23,930.41,769.78
953,875.6,841.88,1166.87,986.4,799.84
954,918.63,877.5,1219.67,1020.46,836.13
955,915.32,867.34,1201.34,1009.9,820.66
956,896.68,826.19,1148.39,969.51,798.27
957,829.2,765.03,1100.09,923.13,753.06
958,769.89,711.98,1017.95,852.59,701.79
959,700.5,658.14,944.19,772.72,645.88
960,625.04,585.43,840.96,676.63,585.53
961,603.82,560.49,788.58,638.42,567.21
962,573.25,547.77,776.25,621.22,557.25
963,557.86,536.23,752.17,608.01,555.46
964,568.32,542.76,767.19,611.77,554.58
965,602.11,573.23,797.67,645.33,593.46
966,665.98,611.39,887.48,708.88,651.66
967,723.7,657.61,955.19,773.36,710.91
968,755.55,683.82,986.8,809.7,735.32
969,774.02,704.71,1018.44,816.41,739.72
970,778.42,723.51,1023.08,807.66,739.34
971,792.71,744.56,1029.46,830.0,745.51
972,769.98,736.74,1043.53,823.16,739.61
973,766.59,729.32,1042.18,839.74,732.28
974,755.75,724.03,1036.31,855.29,706.49
975,770.36,723.45,1053.73,879.01,717.87
976,788.86,740.91,1093.44,896.58,747.76
977,815.73,776.46,1141.81,954.45,782.28
978,847.5,811.77,1188.14,981.22,796.13
979,830.09,790.16,1182.64,965.44,794.89
980,784.8,754.77,1134.66,932.75,755.02
981,720.93,698.47,1071.44,883.03,701.4
982,665.21,655.76,1003.67,810.13,659.92
983,613.31,612.76,916.47,742.49,605.23
984,585.03,574.34,877.84,700.55,576.11
985,555.4,541.35,838.92,663.67,537.51
986,547.85,531.19,810.53,649.5,522.51
987,540.34,529.79,796.59,640.62,510.72
988,546.53,530.0,814.1,645.24,514.33
989,578.83,554.75,863.63,675.97,546.66
990,644.03,612.01,967.17,732.2,594.8
991,698.73,659.01,1048.39,794.44,636.71
992,724.86,698.97,1083.78,816.56,658.62
993,737.18,712.8,1085.6,836.39,674.18
994,744.46,719.83,1080.31,846.62,702.84
995,743.04,716.31,1079.19,852.93,715.84
996,751.89,726.82,1085.27,854.51,711.16
997,740.47,707.86,1064.29,845.02,700.74
998,744.05,701.76,1070.48,837.91,702.02
999,743.3,703.81,1071.78,848.86,711.55
1000,767.74,723.55,1095.69,880.76,736.85
1001,806.92,744.75,1162.34,935.17,763.32
1002,830.95,765.22,1211.85,958.95,797.9
1003,843.2,765.85,1195.78,951.72,787.49
1004,808.72,733.37,1158.86,899.65,741.2
1005,771.53,688.81,1069.98,851.24,700.08
1006,717.49,643.86,987.54,775.85,669.6
1007,650.18,593.29,890.31,710.29,618.56
1008,653.96,609.52,910.77,714.07,632.82
1009,623.81,579.83,870.68,682.47,600.93
1010,606.83,558.82,843.78,666.02,588.13
1011,597.84,562.69,827.92,665.84,583.18
1012,602.5,558.34,850.17,679.71,592.58
1013,619.77,578.19,894.31,712.22,627.07
1014,679.4,627.79,973.23,773.38,698.02
1015,721.22,706.27,1041.4,854.54,751.83
1016,755.24,736.63,1100.68,902.01,767.35
1017,763.94,761.31,1141.07,921.28,772.02
1018,765.39,754.19,1164.45,955.01,807.15
1019,771.74,751.77,1182.5,950.2,806.27
1020,775.4,755.58,1181.67,949.19,819.37
1021,755.33,744.79,1164.58,951.64,802.38
1022,740.35,746.71,1150.88,931.92,808.6
1023,739.67,760.33,1168.82,930.17,805.39
1024,743.76,783.62,1198.49,974.97,839.73
1025,772.39,821.55,1260.67,1017.07,897.37
1026,821.09,853.47,1303.62,1051.11,909.46
1027,806.04,844.27,1291.12,1036.32,888.8
1028,780.94,810.95,1245.32,1004.22,832.76
1029,721.03,768.37,1165.45,937.14,767.93
1030,670.6,700.63,1105.26,865.12,697.67
1031,614.05,643.9,1023.43,779.45,635.09
1032,580.22,614.06,956.93,735.09,607.97
1033,558.09,582.51,908.07,702.88,573.39
1034,557.76,566.77,894.43,685.64,557.12
1035,552.81,571.46,900.79,668.12,549.97
1036,561.99,585.88,894.87,681.87,559.89
1037,585.35,631.83,937.31,711.57,596.16
1038,649.92,707.5,1007.82,782.5,642.57
1039,707.97,766.04,1100.32,853.99,716.2
1040,746.3,789.04,1140.19,884.46,739.9
1041,761.62,799.86,1162.85,911.36,766.06
1042,786.28,813.51,1184.24,940.05,784.87
1043,774.98,787.46,1176.48,947.28,781.52
1044,773.04,787.17,1165.84,938.69,762.34
1045,774.87,789.93,1155.8,914.37,755.54
1046,772.07,789.14,1146.84,901.27,761.92
1047,772.68,798.63,1149.43,901.98,744.36
1048,793.38,818.17,1163.52,911.04,761.1
1049,817.48,838.62,1189.82,948.53,801.13
1050,849.8,878.02,1231.56,970.96,822.27
1051,869.83,866.79,1245.87,982.85,828.06
1052,843.84,833.18,1214.98,948.93,788.62
1053,779.43,779.66,1169.75,874.12,734.89
1054,711.56,734.91,1088.28,807.6,677.76
1055,648.98,675.37,991.62,743.87,619.4
1056,619.41,639.1,914.5,700.86,575.89
1057,583.58,605.93,872.06,666.27,539.79
1058,564.33,583.68,842.58,651.05,527.7
1059,563.68,577.83,826.27,648.9,515.22
1060,577.57,591.87,823.42,673.0,520.0
1061,605.3,621.72,854.46,700.61,548.46
1062,657.05,665.62,949.33,765.85,621.61
1063,703.9,718.96,1028.76,825.18,682.43
1064,728.25,765.9,1069.04,871.53,707.73
1065,723.72,775.09,1096.48,890.0,734.27
1066,740.55,783.6,1122.92,878.49,761.64
1067,743.96,772.84,1118.33,888.91,760.62
1068,750.93,767.64,1143.18,899.33,753.21
1069,763.33,752.75,1130.06,873.82,746.41
1070,775.41,760.75,1124.04,857.39,747.66
1071,772.45,774.26,1139.45,886.59,748.22
1072,804.23,801.83,1146.83,928.09,788.21
1073,854.22,849.13,1193.59,972.63,810.28
1074,876.74,873.73,1237.82,1012.16,832.56
1075,859.49,883.05,1221.72,983.28,828.21
1076,821.79,841.04,1159.18,929.99,801.92
1077,755.16,794.92,1092.45,858.5,757.92
1078,710.62,749.7,1008.95,796.49,709.39
1079,632.24,680.65,918.86,740.69,667.58
1080,588.58,643.5,859.61,713.59,625.7
1081,559.63,609.77,816.65,682.49,596.23
1082,545.36,593.64,790.13,655.1,574.52
1083,540.94,586.53,792.45,649.78,567.38
1084,551.54,592.5,809.8,656.71,571.4
1085,580.42,622.44,841.67,693.5,608.9
1086,649.15,688.8,922.02,774.8,674.97
1087,690.53,738.39,992.69,849.8,724.53
1088,721.37,761.45,1042.6,884.66,758.92
1089,731.16,771.39,1071.52,901.63,764.06
1090,741.84,765.86,1081.18,899.75,780.68
1091,753.26,776.59,1093.39,932.17,798.33
1092,746.5,772.33,1100.07,934.64,799.72
1093,735.51,757.23,1092.26,954.26,796.72
1094,745.38,745.34,1110.34,944.39,802.11
1095,757.86,745.55,1120.17,960.82,805.75
1096,774.8,772.76,1165.67,988.83,832.29
1097,833.92,797.58,1245.97,1036.64,875.37
1098,889.11,837.38,1270.32,1080.18,903.12
1099,865.77,837.9,1246.29,1083.97,875.21
1100,831.6,805.2,1172.72,1035.94,834.97
1101,802.52,739.28,1091.47,959.39,796.42
1102,746.12,676.72,1006.41,864.7,731.26
1103,683.98,629.19,926.36,788.84,650.25
1104,641.57,591.89,855.13,748.57,612.9
1105,605.56,558.68,813.89,715.59,584.16
1106,587.94,540.61,790.64,689.18,568.37
1107,575.94,537.31,791.62,665.2,565.34
1108,588.49,533.21,792.92,678.28,585.25
1109,616.0,570.29,839.02,713.36,613.17
1110,673.63,630.54,939.64,793.96,658.22
1111,724.09,680.45,1031.24,874.04,718.99
1112,754.11,716.03,1078.64,923.5,751.3
1113,761.18,707.32,1083.62,947.42,770.6
1114,767.67,705.65,1081.54,962.04,779.5
1115,785.78,718.43,1071.09,978.41,788.0
1116,789.5,735.01,1092.94,980.17,798.06
1117,786.71,719.03,1085.02,968.74,780.93
1118,789.87,708.48,1091.29,970.55,797.27
1119,797.76,717.68,1108.11,982.45,807.22
1120,819.17,742.16,1161.59,1007.68,832.03
1121,854.0,772.1,1210.67,1050.12,874.83
1122,892.41,794.7,1260.87,1069.56,914.6
1123,872.82,807.07,1234.6,1062.09,884.75
1124,848.39,765.2,1200.44,1017.5,834.27
1125,794.16,704.17,1118.07,935.05,789.28
1126,725.48,648.83,1015.68,853.68,724.54
1127,660.35,606.85,924.3,767.55,661.06
1128,573.7,539.01,788.0,664.81,587.68
1129,547.04,513.8,741.11,629.06,558.95
1130,528.59,493.75,721.67,625.93,535.51
1131,529.3,488.26,709.33,610.18,532.45
1132,531.35,514.27,719.26,608.33,533.8
1133,544.2,545.93,755.17,645.51,552.57
1134,594.32,608.53,822.38,719.72,611.57
1135,633.5,651.26,910.6,788.25,679.34
1136,661.88,675.63,933.99,820.68,718.92
1137,686.55,685.22,944.88,844.13,726.85
1138,700.66,707.68,949.29,864.09,741.22
1139,697.03,712.26,968.31,869.28,747.46
1140,692.2,712.03,972.98,873.85,755.35
1141,703.18,701.37,958.77,871.61,730.89
1142,707.18,677.66,955.27,863.18,723.46
1143,715.12,695.75,980.52,876.89,736.83
1144,746.34,700.23,1028.81,904.3,752.67
1145,805.0,729.62,1077.38,942.09,790.56
1146,845.79,742.83,1106.44,962.44,812.12
1147,838.55,733.59,1102.82,958.93,796.61
1148,804.15,700.38,1078.23,913.01,770.06
1149,757.1,654.19,1002.87,853.35,722.05
1150,692.01,617.34,929.89,786.91,677.31
1151,624.97,558.48,841.46,723.32,616.64
1152,588.43,526.9,792.29,679.29,570.07
1153,553.01,506.57,761.7,632.87,542.68
1154,538.32,492.55,745.43,617.7,523.76
1155,531.76,484.42,728.5,592.67,518.39
1156,553.8,504.8,735.83,586.23,525.45
1157,576.27,537.57,771.62,617.42,556.97
1158,632.35,586.04,855.15,685.57,617.42
1159,687.89,642.56,920.92,755.87,678.19
1160,719.72,662.94,959.0,796.23,707.95
1161,742.45,681.44,992.68,808.37,713.37
1162,744.32,677.09,1017.42,846.56,727.16
1163,743.44,692.31,1031.55,860.55,731.76
1164,728.52,696.84,1046.65,869.95,732.81
1165,713.71,694.1,1041.62,843.86,731.82
1166,719.06,694.91,1048.47,849.31,756.3
1167,726.84,704.41,1079.58,876.21,761.11
1168,738.98,717.72,1097.89,918.91,782.26
1169,770.83,752.92,1157.69,939.45,807.6
1170,799.69,786.58,1171.54,988.98,834.5
1171,798.65,784.63,1150.24,960.26,816.9
1172,759.02,742.44,1100.17,944.33,782.75
1173,709.35,700.81,1030.41,892.11,729.95
1174,640.44,637.39,965.42,820.32,676.27
1175,579.41,579.27,884.81,753.95,621.17
1176,600.53,582.64,911.98,762.66,626.64
1177,556.72,551.23,858.69,733.63,592.49
1178,541.8,537.6,835.44,704.49,579.18
1179,537.87,536.37,817.98,696.14,585.84
1180,544.02,551.76,807.19,708.95,610.03
1181,568.47,584.65,845.44,750.23,638.16
1182,626.93,637.81,931.53,835.07,699.99
1183,686.09,703.03,1008.83,930.07,752.54
1184,716.11,741.58,1042.19,974.54,786.48
1185,715.16,749.51,1055.03,977.07,786.99
1186,723.73,746.28,1054.06,983.43,788.95
1187,725.56,752.98,1059.24,972.42,797.2
1188,723.54,771.87,1041.33,966.46,774.44
1189,721.93,761.63,1036.32,950.47,763.44
1190,730.9,760.13,1005.81,946.98,744.04
1191,749.01,774.23,994.95,942.18,736.04
1192,767.83,785.16,1024.58,967.53,769.39
1193,815.41,811.45,1083.37,1025.64,795.71
1194,858.68,840.17,1122.01,1086.72,821.2
1195,864.21,842.55,1095.85,1082.92,829.72
1196,840.93,803.34,1049.84,1052.09,806.28
1197,785.73,746.82,969.1,989.44,763.91
1198,722.98,675.4,903.34,895.09,713.19
1199,668.52,632.13,849.19,811.32,650.12
1200,618.94,587.96,805.78,780.82,616.05
1201,590.34,569.4,759.17,744.99,582.6
1202,571.57,550.39,747.88,724.61,561.52
1203,561.74,551.49,752.57,721.82,543.5
1204,557.53,570.68,754.3,731.19,555.47
1205,581.36,594.09,803.98,768.43,579.21
1206,640.69,658.03,881.83,853.53,626.75
1207,708.12,723.87,969.11,931.28,691.22
1208,747.62,764.62,1020.01,950.08,726.76
1209,762.34,775.92,1030.0,974.02,742.14
1210,768.58,793.92,1024.75,975.47,736.9
1211,768.78,801.08,1068.68,975.83,734.33
1212,773.54,790.24,1091.25,963.89,727.04
1213,764.5,790.94,1099.81,951.51,701.96
1214,770.97,801.23,1104.91,960.7,714.4
1215,795.5,807.0,1118.51,960.29,727.9
1216,817.74,827.24,1157.82,998.12,740.18
1217,840.34,871.88,1206.1,1056.33,783.14
1218,861.7,918.37,1247.03,1106.6,795.39
1219,839.88,894.84,1242.59,1078.6,801.22
1220,792.89,864.38,1194.79,1019.39,757.73
1221,756.56,825.76,1114.77,943.78,709.05
1222,700.85,751.3,1021.58,887.0,650.13
1223,630.68,690.36,951.68,812.76,593.57
1224,600.1,649.89,891.43,750.9,562.26
1225,580.74,618.73,839.64,717.64,537.37
1226,563.84,609.44,818.35,704.2,528.42
1227,552.38,588.48,802.27,685.16,527.5
1228,558.19,591.27,795.61,702.46,544.91
1229,590.54,611.09,824.64,739.59,578.81
1230,655.54,668.77,878.73,800.74,645.59
1231,726.02,744.78,940.48,857.9,710.57
1232,767.32,764.75,996.61,910.13,736.7
1233,793.12,774.62,1015.69,919.18,754.31
1234,812.58,775.72,987.38,914.53,755.87
1235,825.06,786.43,992.12,922.43,760.43
1236,808.7,782.74,1013.5,951.51,753.16
1237,798.64,767.46,987.46,928.41,738.6
1238,800.63,760.22,1003.88,917.8,730.65
1239,803.73,766.32,1001.87,947.52,726.91
1240,834.92,776.95,1027.51,993.05,762.83
1241,868.97,790.0,1073.35,1062.4,793.07
1242,889.15,832.45,1126.93,1103.81,838.98
1243,896.03,828.0,1109.94,1108.55,838.98
1244,862.5,787.31,1060.93,1073.23,799.9
1245,808.27,737.06,984.48,1009.32,761.03
1246,752.17,687.27,922.33,915.8,699.27
1247,695.72,623.5,849.41,853.16,645.3
1248,655.91,589.73,787.52,806.47,618.15
1249,604.81,558.14,742.9,766.17,581.1
1250,583.92,553.22,722.15,731.13,558.29
1251,572.68,530.15,712.65,727.21,555.15
1252,573.25,529.03,723.04,738.9,565.19
1253,604.94,568.82,766.85,778.52,591.02
1254,674.96,617.69,845.88,850.24,659.74
1255,731.58,668.98,938.94,919.77,728.95
1256,751.48,688.18,969.48,957.16,752.77
1257,785.52,683.4,995.98,971.92,760.49
1258,788.29,692.9,1025.6,974.58,769.04
1259,783.84,709.57,1046.47,961.74,775.9
1260,786.21,715.56,1056.51,944.99,785.13
1261,782.65,700.02,1043.99,933.8,790.13
1262,775.87,698.3,1031.75,933.08,801.72
1263,791.02,723.72,1021.62,921.08,800.21
1264,808.88,745.23,1044.39,959.02,821.54
1265,837.31,773.22,1085.4,1017.18,850.09
1266,869.6,813.03,1147.29,1055.32,871.0
1267,870.53,805.29,1123.64,1038.48,855.86
1268,826.31,754.07,1084.81,1003.78,827.93
1269,777.08,701.04,1020.68,935.94,769.8
1270,716.01,657.27,966.1,838.43,718.11
1271,678.12,602.76,874.76,773.77,659.5
1272,632.32,570.19,838.88,723.69,628.74
1273,610.66,548.68,784.79,691.93,590.39
1274,593.6,530.77,771.75,668.35,579.04
1275,583.97,515.3,775.93,661.35,571.63
1276,595.85,524.13,780.95,658.25,578.84
1277,632.56,549.25,825.82,699.82,608.06
1278,704.38,606.52,919.74,784.23,667.94
1279,769.12,657.87,993.35,859.66,741.74
1280,793.44,681.36,1022.02,888.95,767.33
1281,802.41,685.09,1024.06,908.5,784.09
1282,813.43,698.04,1035.28,902.23,787.76
1283,825.03,726.27,1033.39,915.31,786.46
1284,836.25,717.01,1058.14,916.07,781.91
1285,829.61,723.5,1049.16,922.53,783.98
1286,836.94,731.83,1064.7,923.62,757.88
1287,856.41,734.55,1075.96,941.35,785.49
1288,879.08,747.9,1136.29,951.88,802.68
1289,901.37,790.68,1207.14,987.89,860.76
1290,918.3,817.36,1244.39,1018.34,894.82
1291,893.32,809.55,1232.49,1031.74,891.38
1292,869.19,771.96,1148.41,990.83,840.88
1293,804.18,742.61,1079.05,918.69,778.26
1294,751.13,672.22,982.83,841.94,704.9
1295,690.97,620.55,909.28,751.54,656.78
1296,615.45,558.86,803.32,670.52,577.61
1297,590.13,533.09,756.41,651.29,547.0
1298,572.26,533.39,745.54,632.81,527.54
1299,561.56,526.05,724.97,631.9,532.16
1300,567.81,533.81,726.61,636.76,535.2
1301,597.07,566.77,747.13,669.24,566.14
1302,650.89,617.47,816.5,751.81,624.54
1303,707.99,673.46,884.3,818.24,676.88
1304,749.27,705.94,929.75,851.79,695.43
1305,747.22,713.75,960.15,876.82,708.2
1306,755.21,724.45,966.72,899.65,717.9
1307,752.98,740.5,989.78,893.37,730.76
1308,753.47,729.42,1005.65,893.65,733.74
1309,752.35,721.0,969.14,886.38,728.89
1310,750.39,724.13,965.68,888.1,718.71
1311,763.06,724.46,973.4,888.29,736.51
1312,769.04,754.32,1024.75,908.3,774.9
1313,814.49,800.54,1082.68,946.13,799.88
1314,836.22,822.52,1125.24,1001.29,842.41
1315,833.95,817.0,1106.59,1000.58,826.62
1316,798.11,774.85,1065.02,949.55,777.94
1317,723.67,724.04,1012.78,876.6,732.48
1318,661.38,671.18,931.88,806.27,666.06
1319,607.56,613.07,842.14,740.6,603.63
1320,582.94,579.52,801.89,711.41,566.7
1321,556.01,547.96,748.08,683.04,543.19
1322,542.96,541.29,726.14,678.85,520.6
1323,526.41,539.47,725.07,667.38,526.86
1324,542.56,541.89,726.34,672.11,542.14
1325,582.77,573.53,763.23,707.71,566.47
1326,640.06,649.49,826.11,778.9,615.3
1327,695.23,702.9,920.97,835.37,685.26
1328,709.42,742.08,958.9,871.83,722.23
1329,730.78,777.54,984.91,910.12,722.98
1330,760.58,780.13,987.62,923.69,740.65
1331,772.31,791.69,1020.79,934.29,742.05
1332,781.22,769.4,1036.94,942.55,739.67
1333,775.84,771.82,1026.54,922.03,734.27
1334,764.62,774.88,1031.14,904.0,735.55
1335,781.61,787.0,1018.84,899.71,739.01
1336,790.35,808.43,1050.69,936.79,757.76
1337,823.2,852.21,1115.54,987.77,817.27
1338,853.37,890.02,1146.83,1027.24,846.17
1339,852.58,885.38,1131.75,1016.93,846.63
1340,817.15,840.57,1076.65,967.32,802.5
1341,766.36,782.43,1012.93,896.78,753.71
1342,698.72,719.18,935.7,820.31,689.97
1343,628.95,654.62,838.95,753.53,620.44
1344,636.27,656.03,856.5,755.27,630.58
1345,599.34,613.35,810.24,704.08,588.23
1346,574.42,595.74,788.87,683.68,568.44
1347,558.18,580.6,774.42,670.7,558.93
1348,562.6,585.11,779.09,674.88,569.7
1349,579.33,606.1,822.3,715.32,606.97
1350,627.83,655.77,891.31,789.58,663.98
1351,672.63,712.21,956.68,862.04,716.2
1352,704.93,740.42,995.79,895.22,747.69
1353,725.26,775.9,1032.23,915.6,761.27
1354,753.23,782.44,1038.59,919.38,764.44
1355,747.61,799.61,1046.52,921.55,766.13
1356,743.01,803.54,1045.31,927.25,766.44
1357,746.36,797.7,1037.51,906.44,750.87
1358,745.82,793.92,1033.13,897.91,746.19
1359,751.51,806.83,1064.11,925.02,763.43
1360,791.36,834.07,1099.5,952.89,794.46
1361,825.68,857.54,1152.17,988.16,839.24
1362,843.97,894.54,1199.13,1019.16,884.98
1363,824.49,883.77,1199.5,1026.84,879.05
1364,793.98,828.8,1162.79,994.99,862.61
1365,747.91,768.93,1086.02,901.73,815.89
1366,679.33,715.64,1002.52,833.77,746.95
1367,616.04,662.79,920.49,745.4,673.17
1368,585.83,624.49,859.55,711.02,631.91
1369,562.81,602.38,811.12,682.58,607.64
1370,545.14,591.75,788.77,656.95,589.41
1371,543.5,572.64,781.98,648.95,583.66
1372,555.73,572.47,791.61,659.1,590.3
1373,572.95,605.21,808.91,688.57,622.56
1374,629.36,658.55,877.82,753.22,678.49
1375,691.96,713.33,961.09,821.93,731.8
1376,717.2,746.36,997.29,864.56,761.96
1377,713.65,759.07,1018.82,875.16,781.61
1378,720.73,760.62,1024.1,891.56,799.0
1379,737.54,755.67,1049.62,891.03,803.78
1380,754.63,776.43,1056.57,899.3,807.11
1381,728.38,756.42,1057.05,885.78,810.19
1382,755.02,753.47,1042.08,895.7,795.4
1383,752.78,772.26,1067.55,930.72,793.66
1384,785.27,794.21,1089.8,943.81,831.92
1385,835.49,822.38,1168.07,994.86,863.09
1386,876.0,840.93,1203.37,1045.78,901.45
1387,869.85,847.37,1190.52,1043.96,895.65
1388,820.28,819.21,1113.34,1016.25,865.21
1389,774.26,749.33,1046.56,955.58,806.35
1390,708.02,680.48,955.43,866.19,744.14
1391,628.9,629.83,869.06,794.68,688.74
1392,614.25,607.85,827.53,757.42,652.34
1393,589.37,574.87,809.58,730.31,612.16
1394,586.58,567.39,783.3,725.29,592.76
1395,571.94,549.34,761.35,705.93,576.18
1396,589.21,545.96,751.53,730.77,578.61
1397,630.75,567.03,786.36,802.44,601.24
1398,704.55,629.74,870.95,878.82,665.58
1399,766.06,690.62,935.81,944.25,729.16
1400,784.82,727.69,965.16,969.48,767.68
1401,797.2,727.21,1005.43,991.33,786.18
1402,783.01,752.09,1031.99,1017.47,782.11
1403,774.2,756.77,1058.84,1007.58,771.69
1404,775.44,783.33,1046.04,1007.55,780.18
1405,759.08,778.27,1027.29,1014.12,747.48
1406,758.31,761.24,1015.06,1004.15,746.14
1407,765.46,769.04,1022.89,1013.37,761.67
1408,807.01,783.74,1051.09,1033.08,779.68
1409,857.69,837.33,1109.23,1079.43,814.83
1410,887.03,869.93,1161.11,1105.21,846.94
1411,891.18,875.77,1160.91,1095.51,850.19
1412,843.42,829.23,1122.93,1057.27,807.58
1413,785.84,769.22,1064.52,990.3,745.08
1414,732.07,711.07,978.09,907.83,674.89
1415,659.85,652.0,892.69,823.33,630.03
1416,618.91,608.68,833.37,791.86,587.2
1417,579.29,583.19,813.71,769.68,552.63
1418,565.55,576.63,791.28,761.99,549.17
1419,569.39,566.46,772.5,744.6,542.37
1420,571.52,570.51,775.17,751.85,552.8
1421,603.18,597.06,812.79,790.94,587.46
1422,656.25,661.43,894.73,868.94,631.01
1423,706.21,720.57,975.49,939.23,688.22
1424,725.26,754.77,1017.73,971.11,713.38
1425,754.44,780.2,1059.91,986.51,715.38
1426,784.34,784.4,1061.32,985.57,717.94
1427,795.93,788.96,1073.15,998.03,729.23
1428,788.46,785.83,1090.83,1009.62,735.63
1429,787.05,792.13,1062.54,986.35,726.87
1430,783.26,790.2,1049.46,979.24,719.57
1431,797.88,797.74,1074.81,974.33,739.53
1432,822.83,817.0,1091.37,1014.2,757.28
1433,863.08,863.75,1149.19,1085.5,804.14
1434,899.11,897.84,1177.93,1106.08,831.95
1435,883.96,876.7,1179.73,1096.93,824.88
1436,840.54,847.58,1153.82,1037.9,776.35
1437,770.39,796.54,1070.95,981.16,735.86
1438,706.91,744.15,976.45,891.34,680.85
1439,636.53,684.35,895.02,818.64,607.38
1440,599.0,644.2,831.83,786.66,574.49
1441,563.82,604.31,780.06,757.4,545.84
1442,551.09,594.9,753.67,737.61,523.21
1443,547.83,594.53,742.79,729.02,513.28
1444,546.16,594.83,769.46,734.45,516.73
1445,570.31,624.47,818.94,775.61,535.43
1446,621.5,689.48,913.35,869.89,595.83
1447,686.55,749.53,1007.56,956.8,645.44
1448,732.26,782.94,1045.39,1014.09,658.93
1449,755.63,793.51,1051.59,1029.64,661.54
1450,760.27,793.92,1070.98,1053.92,679.01
1451,781.99,812.32,1069.8,1048.11,691.25
1452,767.72,794.59,1087.47,1029.37,708.33
1453,774.84,792.4,1072.36,1037.08,695.08
1454,768.64,784.07,1062.55,1022.22,705.86
1455,750.28,791.53,1079.28,1010.7,704.83
1456,798.98,807.3,1114.75,1024.66,726.81
1457,852.41,846.47,1173.95,1082.74,758.03
1458,871.44,869.89,1207.95,1121.04,799.5
1459,865.6,865.39,1202.02,1109.3,805.1
1460,825.7,813.35,1130.08,1072.28,761.56
1461,774.07,752.1,1064.42,988.06,718.5
1462,701.19,693.5,964.09,908.85,656.13
1463,637.33,641.05,886.87,810.16,598.32
1464,561.89,557.5,780.2,700.31,522.43
1465,536.38,544.06,752.18,659.99,504.25
1466,530.59,527.72,737.0,648.01,497.84
1467,524.06,526.0,718.71,640.13,496.27
1468,545.9,521.13,725.93,641.57,493.84
1469,568.98,542.31,771.99,675.34,519.13
1470,627.15,589.93,857.49,743.19,575.1
1471,668.02,635.35,928.84,803.39,631.84
1472,685.42,650.19,972.81,832.29,664.37
1473,711.03,661.89,1008.85,852.03,672.89
1474,709.87,663.46,1008.96,845.0,694.12
1475,721.77,687.18,1024.16,858.86,705.64
1476,721.37,688.54,1029.26,851.32,702.03
1477,705.6,686.28,1016.75,862.47,702.24
1478,703.2,669.55,1019.51,851.49,701.72
1479,706.29,691.9,1045.95,856.63,709.75
1480,723.24,727.79,1079.69,886.16,732.21
1481,765.26,752.24,1130.45,932.41,761.23
1482,799.7,770.08,1167.07,1000.32,783.71
1483,787.68,757.9,1150.24,981.91,781.63
1484,745.73,740.49,1083.25,933.81,739.72
1485,701.68,682.95,1001.04,878.06,684.39
1486,647.12,623.25,906.81,811.21,630.59
1487,600.78,560.78,828.38,762.01,588.8
1488,584.04,533.6,770.97,712.74,549.9
1489,560.4,515.14,719.39,684.13,525.69
1490,544.96,497.09,712.31,686.85,511.67
1491,535.92,499.61,702.0,688.68,489.27
1492,536.92,508.57,720.72,691.18,492.18
1493,558.7,530.81,771.7,732.92,528.32
1494,607.08,589.7,864.19,807.71,585.57
1495,659.4,655.23,941.26,875.81,628.31
1496,683.76,694.38,952.27,919.89,647.02
1497,704.39,713.17,977.33,934.51,672.5
1498,708.14,731.93,986.45,915.58,679.73
1499,713.74,738.58,978.23,925.42,691.61
1500,703.66,740.94,949.37,914.72,685.28
1501,712.03,749.06,955.56,907.66,684.15
1502,716.63,746.74,970.17,912.77,689.39
1503,739.14,745.56,996.28,936.44,697.43
1504,766.79,755.08,1043.26,964.67,734.88
1505,815.39,785.14,1107.1,999.03,756.88
1506,840.24,794.59,1152.3,1021.0,782.93
1507,838.25,779.46,1145.99,1004.75,776.67
1508,824.85,736.05,1107.38,964.28,749.49
1509,759.06,689.27,1041.4,917.61,710.33
1510,707.48,626.1,960.19,859.27,658.97
1511,658.12,574.35,883.95,766.08,611.88
1512,666.63,584.84,887.39,790.8,625.22
1513,636.91,563.69,834.8,749.9,590.49
1514,626.68,557.79,830.97,721.78,573.17
1515,611.03,562.16,838.94,713.69,563.38
1516,619.47,568.14,859.08,725.84,568.76
1517,642.99,588.17,893.15,760.37,589.77
1518,699.36,654.23,975.18,834.43,647.99
1519,755.23,717.95,1072.58,908.55,712.33
1520,783.42,744.28,1119.88,928.34,749.34
1521,798.62,767.57,1136.69,959.94,761.12
1522,808.9,794.06,1166.82,940.2,778.99
1523,801.25,804.69,1174.69,954.05,785.04
1524,818.96,799.85,1170.64,950.51,769.33
1525,819.96,793.58,1155.63,960.74,765.51
1526,824.32,784.25,1143.62,958.66,746.55
1527,826.16,810.78,1163.8,982.07,757.64
1528,846.6,821.07,1171.23,1016.15,787.36
1529,889.35,848.36,1224.0,1053.13,809.89
1530,922.79,889.66,1275.48,1081.01,844.69
1531,894.32,879.46,1284.32,1066.7,837.56
1532,861.26,828.41,1233.54,1021.47,788.45
1533,832.23,784.91,1136.35,952.81,736.46
1534,748.58,733.94,1055.12,859.05,663.48
1535,691.74,658.45,971.97,791.8,618.98
1536,652.03,626.67,912.8,740.44,575.29
1537,617.53,603.13,860.17,707.11,547.42
1538,609.56,600.2,824.33,691.94,539.82
1539,591.3,594.53,808.92,676.15,534.87
1540,598.73,606.55,820.47,691.39,542.21
1541,639.36,637.79,889.8,725.8,571.3
1542,699.38,705.78,981.59,792.69,637.84
1543,756.96,783.31,1069.46,873.89,697.59
1544,787.46,819.86,1089.53,908.16,720.69
1545,796.95,827.49,1094.03,929.09,733.36
1546,817.63,832.35,1095.63,945.38,731.44
1547,814.43,856.91,1103.49,933.33,737.78
1548,820.89,841.65,1100.97,936.2,729.35
1549,798.92,825.38,1103.26,932.39,727.77
1550,803.76,817.01,1121.47,931.76,734.99
1551,808.8,835.95,1146.36,936.24,736.25
1552,805.02,849.1,1167.54,966.63,771.24
1553,842.25,882.64,1213.31,1003.5,802.67
1554,860.61,911.98,1242.45,1044.7,844.78
1555,848.75,908.64,1209.08,1017.47,837.35
1556,827.9,873.83,1138.18,974.62,808.47
1557,764.31,805.64,1071.35,910.16,754.87
1558,695.88,732.03,978.71,839.38,701.08
1559,649.43,658.46,903.68,760.78,650.67
1560,612.24,630.58,847.73,725.51,626.86
1561,593.4,597.75,801.86,704.85,588.37
1562,579.87,583.54,782.32,673.56,572.26
1563,565.5,575.66,773.37,677.82,571.49
1564,572.26,572.69,811.07,684.43,583.86
1565,611.13,590.99,845.97,715.07,605.74
1566,679.06,641.94,933.25,796.18,669.63
1567,739.55,719.16,1000.93,856.78,734.44
1568,769.58,746.16,1037.74,894.02,766.25
1569,782.69,766.61,1077.14,918.3,778.86
1570,783.77,764.99,1094.59,927.97,785.28
1571,809.06,798.43,1128.39,962.46,779.1
1572,807.45,798.99,1104.33,957.67,775.15
1573,787.38,775.99,1081.7,954.04,773.86
1574,781.9,771.76,1083.1,936.68,773.47
1575,795.73,783.01,1079.45,971.0,791.91
1576,823.96,815.98,1101.75,988.58,816.73
1577,859.68,850.38,1134.95,1014.95,839.09
1578,881.98,887.96,1186.88,1062.73,852.76
1579,873.78,883.14,1171.95,1055.03,847.8
1580,818.08,846.55,1120.99,1008.7,809.55
1581,753.78,788.31,1034.15,933.11,764.18
1582,702.87,730.25,950.67,867.65,713.05
1583,640.1,677.32,890.57,788.38,653.35
1584,605.8,638.73,846.17,742.04,611.29
1585,585.21,604.5,805.21,708.19,571.59
1586,574.53,608.08,776.66,686.19,559.99
1587,566.69,603.45,764.4,675.16,560.37
1588,588.69,614.51,775.95,684.21,554.37
1589,623.39,634.23,836.61,722.63,598.21
1590,681.34,705.19,922.13,787.09,649.41
1591,748.32,753.22,1002.69,856.73,701.21
1592,781.51,794.52,1041.85,900.87,731.48
1593,787.24,811.9,1048.86,903.7,743.64
1594,794.26,813.53,1062.6,905.29,752.67
1595,799.02,813.37,1059.84,907.49,765.47
1596,779.0,813.97,1051.27,908.58,761.85
1597,769.66,801.33,1036.98,896.06,747.64
1598,766.85,784.17,1066.16,891.09,754.91
1599,770.12,802.05,1098.96,923.47,765.65
1600,776.39,809.63,1126.87,947.7,792.02
1601,810.09,845.96,1190.17,1005.46,830.16
1602,839.84,871.39,1233.99,1029.79,863.04
1603,834.87,880.95,1230.89,1023.19,864.28
1604,788.12,826.84,1174.73,992.25,841.09
1605,745.41,784.18,1108.26,936.23,792.54
1606,677.9,727.34,1040.59,862.9,729.63
1607,620.38,642.64,950.12,791.85,661.99
1608,595.11,596.97,905.0,742.4,616.59
1609,561.83,564.15,858.53,717.09,585.58
1610,544.75,543.75,842.39,711.72,556.59
1611,545.98,539.83,818.94,710.73,542.6
1612,551.19,552.57,833.65,726.34,565.56
1613,578.76,590.77,867.26,770.51,601.72
1614,639.31,644.92,944.26,847.6,663.73
1615,707.5,709.56,1029.87,910.37,724.94
1616,717.11,738.09,1099.43,960.4,746.96
1617,725.06,758.86,1122.96,952.41,763.61
1618,724.35,766.6,1146.22,952.08,761.06
1619,723.15,774.72,1161.53,960.79,769.92
1620,717.52,772.39,1154.13,976.75,781.24
1621,705.47,770.8,1124.32,961.83,778.68
1622,711.35,772.56,1109.03,975.62,771.36
1623,712.55,771.32,1094.88,986.88,765.23
1624,737.44,774.01,1131.42,1022.92,808.16
1625,779.07,822.68,1182.6,1082.52,856.25
1626,801.94,861.83,1225.95,1123.92,889.77
1627,799.42,854.6,1221.43,1144.19,879.21
1628,783.81,830.4,1194.31,1098.86,839.68
1629,738.57,777.42,1111.87,1024.14,784.98
1630,676.94,716.31,1027.21,950.11,723.92
1631,620.77,652.93,944.78,886.32,665.87
1632,538.22,582.8,832.2,780.91,595.74
1633,515.11,566.5,787.81,733.66,555.75
1634,508.61,550.04,777.62,713.89,541.22
1635,497.52,538.26,760.17,697.24,532.28
1636,503.85,552.15,769.14,704.9,532.67
1637,539.03,586.76,791.52,728.01,556.56
1638,589.97,649.3,871.57,788.15,605.04
1639,646.11,695.23,947.94,868.44,662.54
1640,665.25,726.12,982.13,923.55,692.04
1641,672.79,741.58,992.63,950.56,706.72
1642,676.52,745.49,1008.19,951.18,703.64
1643,703.62,756.16,1027.07,949.74,691.69
1644,700.84,754.0,1056.56,965.04,698.46
1645,690.45,749.6,1037.03,973.96,681.0
1646,686.69,748.7,1042.46,978.07,692.37
1647,693.19,752.71,1057.47,965.95,708.03
1648,720.3,789.52,1102.12,994.66,717.17
1649,756.71,824.62,1143.43,1043.27,751.92
1650,804.41,858.85,1172.86,1073.33,761.5
1651,799.36,859.15,1160.34,1055.16,749.1
1652,777.57,810.98,1100.26,1027.96,730.72
1653,729.62,756.53,1029.18,966.45,693.06
1654,676.89,689.67,940.05,890.74,655.39
1655,608.53,629.78,860.93,809.22,586.88
1656,571.6,585.96,819.58,759.0,563.49
1657,543.0,563.22,779.18,724.23,537.92
1658,527.31,548.51,761.94,716.8,524.76
1659,506.86,533.09,757.44,707.63,513.97
1660,519.69,543.41,773.09,717.86,519.79
1661,544.73,565.15,815.33,758.88,552.13
1662,596.4,611.18,878.48,817.42,609.81
1663,649.18,671.16,944.41,886.9,651.63
1664,675.03,700.32,999.52,928.84,675.7
1665,692.73,708.69,1008.82,943.75,669.7
1666,689.24,722.97,1015.72,938.52,679.78
1667,688.99,734.73,1037.02,949.76,681.32
1668,692.92,736.71,1024.76,956.58,684.32
1669,688.72,738.95,989.17,946.47,664.83
1670,686.6,741.47,978.92,938.76,668.6
1671,689.54,759.56,998.73,957.37,664.51
1672,703.48,783.83,1039.64,981.2,688.58
1673,737.63,822.73,1095.71,1044.35,725.07
1674,777.13,822.92,1164.32,1081.88,770.38
1675,761.51,812.77,1168.25,1070.67,750.9
1676,743.8,795.93,1090.34,1019.46,738.58
1677,704.37,739.81,997.65,956.26,699.15
1678,646.39,681.14,917.81,880.21,654.05
1679,598.01,620.43,821.73,809.26,588.89
1680,594.7,616.38,841.42,814.79,596.76
1681,554.29,591.36,780.88,783.36,560.11
1682,532.52,589.92,762.02,769.32,552.08
1683,524.29,593.48,743.22,754.7,551.81
1684,530.67,599.01,759.88,752.96,562.54
1685,556.64,623.26,820.9,794.59,599.19
1686,615.07,680.77,903.73,878.98,658.82
1687,654.77,747.02,955.88,941.55,715.99
1688,689.4,774.12,988.46,992.54,744.98
1689,692.94,796.78,999.69,1035.54,752.11
1690,696.85,806.74,1012.18,1052.58,765.03
1691,703.15,802.1,1043.28,1078.76,765.75
1692,695.83,791.07,1038.46,1068.53,785.49
1693,680.28,791.98,1020.56,1064.83,782.65
1694,675.21,800.12,1003.85,1037.27,766.7
1695,686.09,807.71,995.17,1035.53,755.59
1696,715.84,845.19,1009.97,1079.54,762.25
1697,758.94,882.99,1058.95,1118.88,793.8
1698,779.46,910.39,1109.77,1147.78,827.96
1699,768.61,901.3,1106.43,1151.31,824.49
1700,730.18,866.99,1053.88,1093.49,791.8
1701,691.8,789.18,994.38,1016.69,727.99
1702,624.15,729.3,911.39,927.88,683.82
1703,584.82,669.21,848.3,855.41,636.88
1704,549.76,625.59,786.65,800.16,605.57
1705,520.22,589.3,734.52,743.57,577.73
1706,511.95,583.46,719.52,724.61,564.62
1707,514.57,572.7,706.69,709.22,554.68
1708,525.79,578.55,731.68,722.89,562.4
1709,562.87,616.26,766.33,784.27,589.56
1710,621.8,667.95,849.33,879.49,661.96
1711,690.41,751.15,933.09,949.08,716.5
1712,731.27,775.06,989.5,967.79,735.91
1713,745.44,784.39,1027.26,989.69,762.92
1714,766.37,778.46,1021.22,1003.55,775.56
1715,775.12,780.92,1007.03,1005.59,798.78
1716,775.64,772.79,999.8,1015.11,784.71
1717,759.45,762.37,1000.85,1014.85,786.92
1718,756.95,753.4,1014.04,1019.23,800.01
1719,771.74,739.74,1017.93,1055.53,797.31
1720,781.41,775.85,1074.78,1084.23,820.57
1721,824.93,822.42,1124.33,1133.96,855.21
1722,858.18,860.92,1185.39,1168.68,859.26
1723,853.62,860.84,1174.22,1144.91,876.25
1724,794.82,830.67,1104.29,1082.19,836.81
1725,744.19,771.87,1028.4,1017.39,772.9
1726,692.69,738.17,960.32,935.31,722.5
1727,628.93,670.91,891.53,838.6,674.28
1728,593.34,624.28,840.31,795.79,623.04
1729,548.55,608.93,819.85,758.06,589.97
1730,540.36,590.15,800.75,743.99,577.06
1731,529.89,582.55,795.73,727.79,570.37
1732,544.06,583.01,810.85,738.53,581.55
1733,560.55,611.92,849.7,770.17,623.0
1734,623.68,677.27,921.22,853.22,666.77
1735,679.82,741.79,1006.18,935.68,733.58
1736,716.84,761.3,1046.55,972.52,762.7
1737,723.93,784.14,1062.03,989.82,781.82
1738,726.88,784.51,1076.71,1001.1,786.47
1739,756.35,777.56,1083.63,993.77,794.7
1740,749.3,787.45,1097.66,1002.0,800.21
1741,736.6,783.72,1098.05,993.2,782.78
1742,735.3,782.03,1091.39,984.71,787.83
1743,734.31,782.72,1120.59,980.87,806.97
1744,768.54,813.83,1151.21,989.37,839.55
1745,822.74,849.63,1182.59,1047.61,865.45
1746,845.13,873.21,1206.53,1108.65,897.11
1747,820.84,872.65,1190.56,1108.43,891.23
1748,797.97,838.23,1147.7,1059.14,865.91
1749,758.01,773.82,1067.89,985.24,812.02
1750,706.2,725.6,999.22,907.52,740.1
1751,655.46,651.33,938.62,829.95,674.86
1752,610.05,609.79,872.85,789.01,638.36
1753,578.89,583.75,831.3,751.27,603.24
1754,554.57,569.01,801.6,733.34,592.53
1755,538.17,567.91,803.0,716.45,580.62
1756,552.72,580.1,796.52,724.6,587.48
1757,577.47,593.38,847.16,771.03,615.95
1758,653.69,664.84,927.32,860.48,673.86
1759,713.51,721.61,1013.14,929.82,735.29
1760,737.31,752.67,1058.6,962.27,767.8
1761,759.29,761.51,1071.81,970.88,782.43
1762,782.83,759.96,1071.67,991.13,785.73
1763,793.76,775.27,1106.32,1005.87,793.05
1764,781.23,781.23,1113.26,1004.54,811.18
1765,776.42,777.2,1106.72,1016.11,798.83
1766,788.15,771.89,1124.59,1036.83,794.61
1767,789.84,795.72,1124.81,1024.32,804.04
1768,804.14,822.81,1167.8,1052.21,819.87
1769,851.03,867.59,1217.93,1118.5,836.0
1770,881.59,899.4,1236.62,1144.1,859.42
1771,861.5,894.7,1215.3,1116.75,849.14
1772,819.72,867.35,1164.36,1051.05,816.62
1773,760.29,821.36,1078.82,984.84,762.58
1774,703.72,766.21,983.85,919.45,713.12
1775,645.18,701.19,909.0,852.86,655.62
1776,615.45,661.85,856.73,806.86,620.55
1777,589.79,619.95,810.39,789.19,591.58
1778,563.43,601.96,775.21,761.06,582.15
1779,558.55,589.53,771.58,762.82,570.2
1780,571.73,591.15,793.19,773.11,571.53
1781,604.43,622.19,836.36,795.61,604.14
1782,672.07,684.93,927.01,870.75,658.77
1783,727.21,740.73,1009.11,945.41,715.62
1784,748.07,756.07,1065.54,986.43,756.67
1785,770.85,769.7,1099.22,1031.65,773.41
1786,767.74,778.35,1112.47,1035.67,781.91
1787,754.89,789.92,1134.22,1052.1,786.93
1788,764.89,782.16,1131.28,1049.06,786.12
1789,751.01,763.3,1137.74,1035.11,778.38
1790,748.63,747.43,1149.14,1044.24,785.38
1791,743.56,757.05,1155.41,1064.63,784.29
1792,753.64,775.46,1201.9,1086.17,795.62
1793,779.23,820.51,1258.16,1141.04,839.78
1794,805.75,836.84,1296.67,1177.8,876.54
1795,804.99,846.68,1285.12,1162.27,860.79
1796,749.67,809.92,1219.19,1113.16,830.58
1797,711.67,758.2,1146.38,1047.63,765.34
1798,648.65,702.3,1053.66,962.48,703.74
1799,588.17,650.24,963.32,883.72,656.36
1800,521.73,577.65,859.51,762.44,573.01
1801,497.67,537.64,793.3,732.67,549.83
1802,477.08,521.26,768.12,702.49,529.2
1803,484.29,518.51,768.08,687.83,503.6
1804,486.84,530.28,769.82,705.7,514.03
1805,515.84,560.57,797.31,746.48,529.95
1806,570.61,610.71,889.47,819.11,585.16
1807,635.34,670.92,987.29,887.99,637.09
1808,659.2,698.31,1021.5,914.68,662.11
1809,682.11,713.36,1042.9,913.0,670.39
1810,683.32,732.22,1046.43,920.0,667.81
1811,700.63,738.82,1043.84,928.11,671.0
1812,694.67,743.37,1049.25,916.41,668.31
1813,685.77,749.4,1045.26,917.75,645.65
1814,702.76,757.86,1043.86,916.44,655.24
1815,712.4,753.16,1039.8,921.97,679.88
1816,733.88,764.79,1070.57,927.08,678.22
1817,788.71,781.51,1111.8,973.45,709.77
1818,819.17,821.23,1143.24,994.22,733.44
1819,803.15,813.09,1135.57,969.46,724.29
1820,774.09,773.28,1085.97,957.16,687.65
1821,713.84,724.14,1000.03,887.49,637.12
1822,666.78,659.08,930.68,822.28,594.96
1823,618.49,608.91,847.73,772.37,545.92
1824,577.18,569.51,794.25,735.63,516.03
1825,544.21,548.81,745.51,687.71,499.08
1826,530.81,537.1,720.46,679.13,492.13
1827,523.35,530.14,699.05,673.54,479.42
1828,523.69,541.38,708.38,668.02,485.32
1829,554.75,568.5,739.62,700.27,513.3
1830,595.05,625.57,810.86,774.85,567.82
1831,646.08,692.89,898.86,845.79,633.11
1832,670.21,736.18,929.48,885.35,656.37
1833,682.0,754.99,959.75,910.81,670.91
1834,692.04,773.84,960.03,902.21,678.65
1835,688.88,765.67,970.25,912.41,688.8
1836,694.99,766.16,952.18,899.45,684.37
1837,687.57,757.87,946.18,882.61,678.19
1838,682.89,752.99,954.86,884.61,686.56
1839,678.92,764.62,928.86,887.76,692.28
1840,689.76,803.69,947.84,913.07,707.5
1841,727.47,844.64,1000.56,948.77,745.9
1842,746.25,884.21,1041.93,989.49,771.49
1843,742.73,888.04,1027.52,1006.29,739.4
1844,722.08,859.34,983.36,952.37,712.26
1845,686.24,802.4,929.83,883.4,664.77
1846,645.91,732.56,863.18,821.08,614.53
1847,589.55,677.43,776.12,759.51,567.01
1848,589.06,692.17,794.67,788.63,573.26
1849,567.94,652.72,750.58,751.34,535.66
1850,555.66,645.29,734.37,741.82,520.28
1851,555.87,628.57,727.77,756.01,514.18
1852,563.08,626.27,736.4,772.23,518.28
1853,600.85,657.14,788.66,804.66,540.8
1854,666.73,710.49,876.13,878.65,606.59
1855,732.25,772.54,962.08,955.41,653.61
1856,765.75,803.09,1023.81,979.22,686.72
1857,783.0,812.68,1038.61,991.36,713.23
1858,791.05,820.6,1047.35,999.44,726.59
1859,799.02,815.78,1069.36,1011.69,732.46
1860,806.29,794.0,1068.07,1033.72,740.55
1861,791.76,795.1,1046.21,1017.06,734.43
1862,805.7,804.44,1052.45,997.94,730.08
1863,810.03,820.54,1070.92,1010.3,735.68
1864,840.27,839.86,1084.45,1060.41,770.79
1865,875.76,883.68,1143.67,1114.23,812.3
1866,901.72,911.32,1175.71,1147.68,847.7
1867,912.02,915.86,1165.78,1134.13,827.38
1868,866.11,863.39,1117.68,1114.31,772.59
1869,796.65,811.08,1064.2,1035.62,727.85
1870,726.92,743.83,984.43,950.02,681.02
1871,661.91,686.86,912.35,854.58,619.58
1872,637.4,648.93,854.64,809.76,585.53
1873,605.98,604.25,815.04,775.11,566.35
1874,595.01,586.9,787.68,753.84,556.63
1875,578.7,572.89,788.61,739.48,542.28
1876,587.29,584.52,798.3,754.12,542.18
1877,621.32,622.22,833.76,792.44,568.95
1878,695.46,675.05,926.95,859.56,627.33
1879,750.04,741.02,1018.85,950.69,688.91
1880,784.17,763.24,1065.2,997.73,723.58
1881,799.95,774.89,1088.68,1038.7,735.03
1882,795.88,785.29,1101.19,1072.25,739.2
1883,801.35,805.69,1113.6,1097.05,738.93
1884,796.98,810.69,1111.0,1095.56,729.75
1885,766.52,809.31,1093.5,1100.73,729.13
1886,771.35,804.68,1096.28,1086.44,737.22
1887,782.94,811.3,1099.93,1090.7,733.23
1888,800.32,841.06,1148.58,1117.66,753.5
1889,823.68,881.99,1200.35,1144.2,796.35
1890,868.04,915.06,1239.73,1167.57,819.4
1891,862.35,911.18,1202.31,1131.9,804.06
1892,833.74,887.92,1143.91,1100.1,773.85
1893,792.16,843.26,1068.84,1024.75,730.71
1894,724.55,788.61,964.86,956.12,675.17
1895,668.45,723.4,877.18,879.72,624.09
1896,625.92,675.49,818.06,840.62,587.96
1897,593.72,632.74,777.9,813.37,557.81
1898,576.8,616.67,765.84,793.87,529.25
1899,568.18,600.86,740.23,789.57,532.06
1900,582.2,594.81,755.25,797.68,535.86
1901,612.34,624.12,806.29,829.47,567.09
1902,670.9,704.95,898.44,919.41,623.84
1903,728.08,768.58,978.89,993.05,674.79
1904,760.08,801.39,1000.93,1030.08,697.6
1905,765.82,816.21,1029.14,1041.26,703.93
1906,767.79,825.18,1041.08,1056.01,723.9
1907,774.05,819.88,1059.51,1061.22,742.16
1908,768.23,822.5,1068.29,1046.05,749.57
1909,759.41,822.09,1055.28,1027.35,748.03
1910,753.59,824.16,1037.67,1044.49,752.36
1911,779.21,834.47,1039.34,1046.73,759.85
1912,813.23,858.24,1051.46,1073.56,783.74
1913,854.07,905.15,1106.74,1127.25,824.1
1914,882.23,924.34,1142.44,1173.31,877.1
1915,895.08,895.09,1105.89,1150.57,883.23
1916,856.72,851.89,1033.47,1106.19,838.24
1917,798.98,798.28,977.18,1032.71,780.8
1918,737.36,742.35,887.72,941.49,734.67
1919,675.67,674.26,797.58,840.8,667.68
1920,644.19,638.69,763.69,793.35,619.17
1921,610.49,607.73,726.78,748.39,596.8
1922,606.85,597.69,704.03,722.39,577.06
1923,590.52,586.8,697.1,711.41,569.72
1924,600.86,599.35,721.44,722.97,575.99
1925,623.05,636.48,760.48,744.29,614.3
1926,697.25,697.71,852.27,822.33,657.11
1927,754.89,759.74,938.54,884.99,703.42
1928,783.05,787.16,977.45,932.62,737.07
1929,804.3,796.44,1007.99,937.52,751.98
1930,820.53,798.79,1005.11,967.77,765.02
1931,814.92,797.03,999.41,1006.87,764.47
1932,809.01,805.17,992.95,1010.54,751.99
1933,786.2,802.12,998.84,999.61,748.51
1934,785.75,801.54,991.5,995.5,731.58
1935,790.78,810.98,999.05,1021.7,747.46
1936,808.72,835.3,1018.13,1059.33,762.99
1937,838.38,890.29,1068.81,1137.99,790.9
1938,863.35,931.18,1101.44,1170.93,820.51
1939,847.6,918.94,1103.25,1151.67,818.17
1940,815.49,885.46,1046.95,1100.73,783.75
1941,776.73,812.8,982.01,1021.13,735.3
1942,699.2,745.41,917.47,962.24,675.35
1943,639.2,676.71,831.83,877.52,602.87
1944,598.4,641.99,773.05,834.45,569.57
1945,572.56,607.04,727.35,787.14,542.22
1946,551.37,586.45,694.71,758.52,526.4
1947,543.3,574.42,697.21,752.89,521.54
1948,543.82,572.99,709.57,745.62,533.04
1949,577.88,594.88,757.42,778.53,579.44
1950,636.75,648.47,830.1,860.68,650.44
1951,693.56,713.18,908.51,946.89,701.19
1952,726.05,747.61,960.32,962.55,717.71
1953,738.55,771.67,985.29,969.16,736.01
1954,732.06,796.71,1012.9,986.8,757.08
1955,745.56,813.9,1021.17,993.12,771.84
1956,748.84,796.87,996.97,980.62,774.62
1957,740.74,784.46,974.03,975.54,757.29
1958,750.15,800.14,964.57,989.46,772.55
1959,768.59,810.03,974.24,980.41,768.05
1960,780.01,837.6,994.38,1006.33,779.35
1961,808.83,879.26,1028.97,1053.95,810.17
1962,853.86,896.16,1061.96,1078.07,840.45
1963,860.4,893.67,1037.3,1068.73,820.24
1964,814.85,853.88,996.97,1025.64,785.61
1965,751.77,790.78,936.24,991.24,721.04
1966,688.06,733.53,873.55,919.81,671.92
1967,626.55,686.08,817.46,852.19,609.22
1968,538.17,601.24,715.56,751.17,531.81
1969,512.94,563.39,697.09,699.22,496.07
1970,492.63,548.55,675.73,667.49,478.0
1971,479.86,535.99,663.11,664.69,479.89
1972,493.35,528.11,668.78,682.22,486.22
1973,516.0,554.07,697.12,738.56,508.44
1974,568.52,614.08,780.46,806.51,555.0
1975,626.61,663.73,831.46,872.78,599.47
1976,660.57,692.56,872.67,919.73,638.58
1977,671.84,707.19,896.45,948.44,652.16
1978,679.76,712.03,909.28,965.25,650.94
1979,680.29,717.44,918.49,971.58,656.62
1980,696.27,716.7,927.55,953.31,650.63
1981,695.43,709.48,934.5,928.05,637.57
1982,686.3,710.4,931.38,928.4,652.46
1983,693.58,723.92,942.8,962.96,659.59
1984,720.35,742.11,984.08,982.06,671.63
1985,758.61,770.87,1005.1,997.3,712.54
1986,802.96,805.65,1053.81,1033.73,744.23
1987,808.01,794.13,1034.12,1032.02,736.79
1988,766.67,781.73,985.69,987.92,701.4
1989,716.13,730.76,935.18,909.81,671.23
1990,649.76,690.98,870.35,827.72,619.28
1991,596.52,634.78,797.79,760.5,575.18
1992,562.05,601.64,746.94,722.74,548.36
1993,551.4,578.18,705.35,693.11,511.93
1994,536.7,565.73,688.47,670.42,507.52
1995,515.78,556.96,685.72,668.86,504.11
1996,518.08,561.73,703.76,677.02,504.49
1997,545.86,584.7,742.97,716.35,521.56
1998,591.21,636.01,818.49,793.38,569.44
1999,638.42,701.17,903.68,865.51,610.23
2000,662.62,709.79,935.35,907.7,615.7
2001,679.41,739.95,952.32,931.44,622.85
2002,685.21,755.65,963.63,937.58,650.5
2003,684.94,760.07,969.18,934.55,668.77
2004,692.51,775.4,977.79,928.72,661.77
2005,681.88,783.63,964.78,920.78,664.26
2006,678.45,791.83,960.65,945.46,673.07
2007,674.31,776.07,997.4,960.04,681.27
2008,688.43,779.25,1015.53,1003.37,707.7
2009,728.37,821.92,1071.53,1038.43,736.4
2010,740.66,839.14,1111.72,1084.7,759.24
2011,735.79,836.12,1090.48,1069.35,759.88
2012,712.22,795.9,1046.27,1008.8,727.12
2013,665.23,748.85,965.04,966.02,677.46
2014,616.86,688.02,877.22,890.29,617.41
2015,558.2,630.19,806.34,821.16,570.33
2016,575.75,627.24,794.35,812.41,579.12
2017,556.09,596.95,738.77,770.89,555.86
2018,543.89,576.03,714.86,760.39,540.41
2019,525.66,576.49,700.75,752.92,544.38
2020,526.7,579.87,713.9,770.68,554.54
2021,562.55,614.36,734.81,818.91,586.13
2022,632.96,681.0,814.48,883.58,641.21
2023,693.31,741.8,884.32,958.48,697.25
2024,733.27,765.34,921.87,982.61,723.21
2025,742.17,782.58,930.11,1012.41,737.26
2026,747.67,789.5,930.22,1012.71,732.06
2027,754.95,805.14,976.16,1043.17,729.58
2028,758.8,796.37,981.74,1054.47,729.59
2029,737.6,778.18,972.63,1070.15,729.39
2030,746.56,785.84,996.39,1057.71,731.36
2031,765.87,796.47,1021.91,1087.62,728.95
2032,776.7,831.64,1011.9,1107.85,752.53
2033,799.78,884.37,1060.09,1154.4,790.27
2034,832.59,895.27,1110.13,1184.98,817.97
2035,819.34,890.39,1092.54,1184.59,817.31
2036,761.74,853.22,1039.66,1130.48,787.83
2037,722.26,799.58,983.36,1056.91,749.42
2038,668.63,745.56,903.75,979.2,696.01
2039,609.69,697.86,825.38,909.29,634.68
2040,589.88,656.53,765.89,852.51,590.29
2041,562.27,622.55,727.57,811.94,568.67
2042,543.03,610.31,707.47,770.0,555.03
2043,536.94,606.42,699.98,766.66,554.19
2044,537.56,612.35,719.03,778.96,575.24
2045,561.26,649.72,754.58,818.58,604.01
2046,621.38,724.11,807.14,886.36,667.19
2047,674.15,782.92,867.44,973.03,729.58
2048,699.46,825.12,916.2,1001.42,751.14
2049,729.56,831.68,927.38,1012.29,762.23
2050,744.92,849.9,934.58,1012.36,762.87
2051,759.51,846.87,957.27,1047.27,784.5
2052,764.02,836.56,988.55,1036.05,790.4
2053,760.52,813.86,957.03,1004.31,791.48
2054,772.89,809.94,977.3,992.77,799.99
2055,778.9,816.57,993.01,1011.74,801.2
2056,817.36,837.91,1021.03,1047.77,822.39
2057,844.11,872.51,1045.35,1094.0,873.68
2058,870.02,900.49,1066.87,1166.12,906.08
2059,847.29,887.05,1074.56,1133.95,894.31
2060,806.52,844.43,1004.06,1074.7,829.3
2061,759.42,792.06,969.28,1020.74,778.46
2062,711.85,725.57,899.33,939.02,714.94
2063,645.83,665.89,823.53,856.64,651.28
2064,607.09,620.78,753.92,809.84,614.85
2065,574.4,581.32,718.82,757.79,581.3
2066,554.32,572.68,711.09,740.75,567.36
2067,539.07,560.18,706.89,717.98,566.02
2068,546.86,569.13,721.41,714.68,568.3
2069,563.78,592.42,762.67,759.44,597.18
2070,621.84,640.65,844.49,840.56,652.31
2071,679.38,688.66,931.86,904.25,703.7
2072,702.78,711.65,994.4,958.99,737.44
2073,708.96,740.91,1003.98,995.07,751.48
2074,705.01,743.45,1011.02,1006.03,777.24
2075,730.81,755.2,1031.48,1005.04,786.96
2076,719.79,753.5,1024.1,995.98,790.15
2077,728.45,749.41,992.44,992.56,776.52
2078,734.67,739.79,994.12,998.39,776.65
2079,739.07,759.89,996.15,1002.17,796.75
2080,750.35,785.67,1040.73,1001.98,825.12
2081,796.82,819.37,1107.64,1060.41,853.85
2082,843.43,859.22,1162.65,1115.61,879.78
2083,826.64,836.87,1171.22,1113.9,873.99
2084,788.13,795.21,1133.88,1091.81,849.93
2085,747.77,750.11,1056.83,1018.47,795.51
2086,692.36,707.46,959.93,953.51,732.34
2087,648.96,644.73,883.84,867.79,666.33
2088,605.75,623.73,850.77,818.19,626.38
2089,579.24,602.15,811.85,779.24,602.55
2090,555.39,580.3,802.02,748.8,590.86
2091,561.42,576.44,796.86,739.31,580.06
2092,563.11,592.13,808.42,728.74,571.84
2093,576.7,615.7,836.29,761.9,610.33
2094,633.49,689.42,918.62,834.9,664.72
2095,690.06,737.58,1012.78,903.04,713.66
2096,735.63,781.22,1049.73,946.82,750.22
2097,746.69,807.15,1066.32,959.23,773.14
2098,753.42,829.94,1060.94,971.19,782.97
2099,765.63,844.37,1051.12,982.21,778.8
2100,779.24,844.94,1040.19,991.08,772.31
2101,769.82,819.53,1011.51,981.73,763.1
2102,777.84,835.24,1023.79,989.06,759.44
2103,788.38,847.66,1051.37,998.81,776.36
2104,806.48,878.24,1061.95,1034.9,809.93
2105,843.19,910.6,1120.65,1109.65,857.34
2106,871.85,916.71,1163.85,1146.56,891.78
2107,853.54,913.04,1145.02,1134.6,872.76
2108,826.94,863.11,1094.74,1072.25,826.26
2109,760.44,807.29,1045.46,1013.42,777.33
2110,710.29,749.05,960.77,934.31,719.91
2111,656.6,674.79,884.13,842.25,654.63
2112,615.92,640.67,824.13,809.41,619.39
2113,579.55,603.62,781.6,764.67,586.67
2114,562.39,584.11,739.26,747.62,567.85
2115,557.37,581.97,728.15,736.48,550.53
2116,568.87,579.27,742.67,768.29,548.59
2117,599.73,605.97,764.47,789.56,590.91
2118,666.03,665.31,839.21,873.9,642.31
2119,720.25,735.75,892.08,950.81,705.56
2120,750.86,765.99,938.86,1010.85,747.81
2121,750.53,788.06,955.58,1029.22,757.95
2122,763.97,785.25,971.33,1046.96,775.07
2123,771.72,778.86,959.97,1079.52,776.07
2124,766.92,778.58,964.3,1085.92,777.88
2125,769.09,787.39,959.32,1100.73,777.13
2126,773.97,792.81,945.42,1079.61,781.43
2127,754.57,796.46,968.2,1062.67,780.09
2128,776.5,813.53,1019.38,1090.59,795.22
2129,798.44,866.3,1063.18,1136.61,838.82
2130,838.18,904.07,1091.41,1146.77,880.35
2131,855.69,880.5,1090.29,1147.55,880.13
2132,812.31,822.41,1071.75,1094.7,827.86
2133,760.42,789.99,999.45,1015.91,777.81
2134,698.5,730.33,910.0,952.75,720.73
2135,641.73,669.14,833.67,891.14,660.75
2136,565.25,590.48,719.96,775.11,575.4
2137,545.0,561.1,684.63,751.39,538.19
2138,523.9,545.78,657.33,714.76,524.75
2139,525.76,538.27,640.03,705.56,518.52
2140,525.9,532.34,665.09,720.4,521.9
2141,554.49,558.84,704.92,765.54,549.11
2142,617.12,612.08,769.9,850.99,604.09
2143,677.23,677.85,835.02,927.24,666.01
2144,696.13,715.35,888.86,970.62,682.3
2145,702.97,726.53,901.34,990.36,685.84
2146,705.04,732.91,921.59,988.25,687.39
2147,710.71,741.19,935.74,993.25,695.07
2148,719.61,759.42,946.85,978.56,694.25
2149,700.86,761.2,943.29,984.43,695.26
2150,704.19,754.21,933.04,992.21,688.96
2151,715.42,774.02,929.93,1006.06,702.73
2152,739.91,786.37,957.44,1008.52,725.52
2153,777.48,833.33,999.2,1046.55,758.56
2154,818.01,862.78,1047.36,1066.99,791.07
2155,813.45,842.25,1032.92,1061.91,789.53
2156,783.61,800.79,968.3,1003.99,745.73
2157,736.23,747.76,904.36,938.19,694.39
2158,690.62,698.32,855.17,882.6,650.14
2159,616.69,648.82,768.76,804.73,594.39
2160,587.17,599.22,721.87,757.43,559.93
2161,555.06,566.32,694.19,723.12,535.38
2162,537.49,558.81,690.39,714.59,503.96
2163,523.15,554.27,683.3,709.16,495.79
2164,517.64,564.46,705.16,710.47,507.73
2165,541.95,597.91,737.79,732.89,530.33
2166,590.91,662.46,814.13,789.12,580.84
2167,648.32,732.13,883.64,836.52,642.49
2168,663.2,757.22,900.7,904.16,677.5
2169,688.48,750.66,921.59,917.38,685.71
2170,697.17,761.67,906.04,938.97,687.29
2171,701.45,762.36,936.49,959.17,694.49
2172,695.25,746.7,961.75,976.77,707.92
2173,682.08,740.18,964.91,969.74,710.12
2174,673.08,733.59,953.42,976.45,710.38
2175,675.88,740.6,957.85,955.15,724.68
2176,696.45,743.26,990.06,1020.9,742.45
2177,728.41,784.62,1049.61,1092.86,782.09
2178,742.33,813.25,1081.39,1137.4,805.33
2179,735.15,809.25,1064.8,1141.93,782.64
2180,696.93,767.96,1019.95,1084.79,739.01
2181,655.73,712.96,969.55,1019.46,701.4
2182,620.55,666.84,887.33,957.51,641.83
2183,573.35,616.31,826.07,887.66,582.81
2184,578.36,624.41,834.55,894.23,587.64
2185,539.72,585.68,786.95,845.65,557.09
2186,517.61,575.24,763.43,826.57,539.94
2187,501.29,564.86,746.61,806.08,526.18
2188,514.62,579.27,757.87,810.37,534.4
2189,538.08,605.04,793.75,857.01,565.57
2190,594.36,667.87,863.42,929.33,630.06
2191,645.3,732.61,944.18,1016.53,682.57
2192,675.27,758.6,975.3,1057.65,700.4
2193,703.29,779.76,993.41,1077.94,721.6
2194,705.58,774.74,1014.53,1080.83,733.38
2195,711.1,796.25,1034.7,1083.09,729.9
2196,705.66,792.67,1033.81,1069.19,739.69
2197,708.68,781.63,1023.71,1077.55,743.45
2198,701.13,780.72,1021.86,1063.43,734.27
2199,699.73,785.69,991.82,1084.54,736.59
2200,709.54,802.35,1014.34,1098.51,752.1
2201,732.19,843.24,1058.45,1172.65,800.81
2202,766.78,867.89,1108.4,1205.62,835.17
2203,788.92,858.71,1116.58,1208.22,834.07
2204,746.95,824.64,1062.14,1133.64,798.18
2205,709.88,771.47,984.48,1036.85,745.12
2206,658.17,705.66,893.52,953.79,685.65
2207,595.59,654.08,823.8,866.98,629.83
2208,559.87,633.72,781.38,818.58,597.03
2209,532.33,598.58,737.96,774.34,571.83
2210,515.48,589.78,729.38,762.66,553.82
2211,522.6,577.07,728.99,758.42,547.14
2212,517.88,583.11,736.99,788.92,551.57
2213,549.18,606.05,772.39,823.05,586.52
2214,607.95,662.71,845.15,897.65,649.63
2215,659.69,717.3,923.35,973.01,698.91
2216,689.95,747.7,936.14,1031.02,723.67
2217,712.83,760.98,935.04,1062.54,750.78
2218,722.11,790.94,943.78,1074.88,752.67
2219,733.68,790.63,958.9,1081.15,754.19
2220,740.48,797.53,973.75,1072.83,744.91
2221,715.61,798.36,937.42,1053.96,734.38
2222,729.86,781.54,957.25,1069.39,733.04
2223,757.77,773.53,945.39,1081.09,726.57
2224,788.03,806.35,981.16,1097.1,747.35
2225,833.53,833.14,1032.37,1143.69,770.54
2226,847.67,861.49,1052.76,1200.36,813.29
2227,838.4,827.75,1050.7,1197.74,815.47
2228,793.6,783.93,1004.47,1168.09,768.95
2229,737.66,735.08,940.3,1101.7,712.47
2230,688.31,691.11,871.5,1013.94,664.83
2231,624.0,651.74,787.19,930.01,604.52
2232,586.25,612.09,731.67,867.05,567.25
2233,544.9,594.27,682.34,833.03,543.01
2234,530.55,579.84,673.02,815.68,531.05
2235,524.82,571.36,671.2,794.3,512.51
2236,527.82,578.28,673.64,804.22,516.9
2237,551.51,607.88,701.55,855.74,548.16
2238,622.08,657.25,775.17,954.23,604.42
2239,669.09,718.13,839.04,1023.74,664.05
2240,688.89,739.32,882.35,1058.16,697.02
2241,696.95,759.72,911.97,1068.47,715.18
2242,716.06,795.41,909.02,1079.89,722.68
2243,742.86,791.12,922.86,1101.51,718.37
2244,745.91,808.53,919.84,1096.7,709.64
2245,732.32,790.36,925.03,1081.17,696.95
2246,728.78,788.09,905.39,1093.38,700.18
2247,745.8,806.85,931.9,1102.6,701.72
2248,758.87,835.79,959.32,1117.43,723.87
2249,808.68,887.64,1008.62,1165.97,738.54
2250,851.32,933.64,1040.86,1193.06,757.01
2251,843.63,921.53,1007.85,1194.08,753.09
2252,812.08,875.21,971.51,1141.91,728.61
2253,765.88,825.13,925.52,1071.79,679.79
2254,717.76,764.9,865.82,988.45,633.28
2255,647.73,713.61,794.19,925.49,576.98
2256,616.64,656.16,735.8,868.76,555.27
2257,582.59,631.21,688.42,820.64,532.53
2258,561.42,617.82,680.48,789.02,518.42
2259,553.79,606.73,672.78,799.88,512.6
2260,558.88,608.28,686.23,813.41,517.34
2261,580.69,633.91,720.3,847.17,546.04
2262,626.21,690.7,786.72,927.04,609.01
2263,675.53,768.25,865.86,997.97,671.34
2264,716.68,799.98,889.57,1045.46,693.19
2265,748.08,812.89,921.56,1079.32,700.86
2266,760.19,821.04,937.36,1087.84,721.58
2267,776.93,834.15,957.93,1094.95,744.64
2268,770.64,840.88,966.51,1085.43,738.81
2269,761.19,831.74,974.08,1076.07,733.01
2270,762.43,828.91,973.57,1076.26,732.21
2271,758.86,828.65,992.38,1082.15,749.44
2272,770.86,851.78,1027.25,1103.65,763.85
2273,807.49,889.85,1080.72,1153.55,791.87
2274,832.78,914.68,1119.04,1212.9,826.99
2275,814.92,903.57,1091.42,1196.93,818.88
2276,783.47,877.49,1057.76,1146.17,786.89
2277,731.41,828.98,1010.71,1077.28,726.11
2278,683.14,766.45,935.69,986.63,698.92
2279,625.38,711.02,866.79,901.1,629.44
2280,586.19,671.43,810.74,861.54,594.67
2281,558.39,646.18,757.28,819.1,579.66
2282,542.86,628.18,754.6,788.18,567.29
2283,531.4,628.89,743.67,768.94,545.58
2284,536.06,639.44,744.29,770.56,575.77
2285,569.73,668.86,787.19,822.27,591.36
2286,631.63,724.04,855.23,894.36,638.65
2287,699.42,789.69,941.46,986.4,699.2
2288,713.31,822.5,988.02,1023.43,733.26
2289,724.15,827.02,1004.03,1047.21,730.14
2290,727.77,832.17,1019.14,1058.67,739.01
2291,736.73,833.66,1011.83,1068.67,751.17
2292,732.97,835.93,1021.1,1079.99,751.86
2293,721.84,814.95,1009.39,1061.33,736.41
2294,729.4,814.92,997.9,1064.07,744.83
2295,738.34,841.7,1009.87,1073.78,743.2
2296,749.14,874.93,1035.51,1100.17,770.11
2297,797.69,914.23,1086.78,1188.98,813.13
2298,836.15,962.31,1136.2,1217.24,840.1
2299,822.87,947.89,1130.88,1216.7,831.55
2300,794.81,913.64,1079.26,1169.72,798.71
2301,737.28,856.59,1007.79,1098.22,756.22
2302,689.06,784.43,928.17,1011.97,684.65
2303,628.9,721.08,858.89,908.93,639.25
2304,544.75,649.1,736.5,809.49,548.84
2305,515.79,609.57,705.25,784.17,516.44
2306,497.99,586.48,689.34,743.2,506.81
2307,492.85,588.78,665.08,734.3,497.48
2308,500.68,590.64,669.77,735.5,509.91
2309,527.4,619.46,705.52,780.94,537.57
2310,576.39,676.39,789.81,860.89,584.7
2311,601.21,730.24,863.6,925.64,635.8
2312,628.8,763.91,892.94,968.14,651.15
2313,627.72,768.99,914.92,1007.57,664.65
2314,638.29,766.47,929.25,1020.25,664.28
2315,656.06,771.44,942.72,1057.38,677.6
2316,659.97,776.37,970.66,1056.83,676.72
2317,651.87,781.59,962.44,1025.54,675.29
2318,651.92,780.39,945.75,1031.75,665.25
2319,658.68,795.5,966.19,1008.27,690.04
2320,674.56,830.05,982.69,1048.42,710.86
2321,702.68,871.5,1050.17,1084.83,761.13
2322,721.29,909.06,1092.74,1140.17,802.92
2323,728.27,896.71,1078.84,1147.25,796.21
2324,698.07,840.04,1030.11,1108.84,775.25
2325,662.91,792.5,965.08,1034.96,729.68
2326,610.43,720.11,900.67,949.23,669.85
2327,560.39,663.04,830.16,868.28,599.12
2328,526.94,619.4,780.19,822.57,558.81
2329,504.83,580.59,731.48,788.59,531.39
2330,497.41,564.82,712.77,771.41,516.83
2331,492.55,548.96,708.64,773.59,512.94
2332,495.22,557.19,717.94,777.82,520.44
2333,516.73,585.52,751.64,807.44,554.21
2334,580.66,642.82,814.43,886.27,604.66
2335,631.39,714.71,907.47,951.0,657.78
2336,655.57,751.56,943.54,992.82,688.72
2337,680.83,763.95,960.83,1019.21,704.85
2338,696.08,778.52,968.35,1045.33,716.79
2339,706.49,789.04,970.55,1029.59,726.36
2340,702.26,785.16,961.0,1038.75,725.83
2341,714.02,764.75,976.79,1040.27,720.22
2342,715.59,758.15,963.57,1047.87,711.85
2343,725.32,783.79,965.95,1049.51,716.5
2344,742.86,806.27,976.23,1075.15,740.6
2345,763.15,848.88,1017.79,1091.82,761.8
2346,776.96,895.82,1057.82,1127.04,804.0
2347,773.49,879.02,1043.01,1136.04,793.01
2348,742.66,850.13,1016.1,1081.52,756.65
2349,692.72,771.27,960.84,1003.28,716.35
2350,629.55,702.41,878.77,929.69,671.29
2351,566.53,626.65,794.97,856.23,613.82
2352,571.35,637.28,820.84,849.89,627.7
2353,534.32,607.2,776.13,817.3,600.49
2354,527.38,587.1,753.56,806.18,573.31
2355,528.41,575.76,753.71,796.49,567.57
2356,553.97,605.87,771.31,796.52,572.98
2357,588.36,640.97,810.27,841.68,600.71
2358,641.62,709.45,891.8,926.02,657.38
2359,691.9,765.48,971.28,1017.97,701.03
2360,690.78,789.97,1010.5,1061.95,730.13
2361,700.41,808.2,1022.93,1061.01,755.14
2362,706.92,813.35,1041.92,1079.33,764.59
2363,723.58,820.06,1052.01,1108.71,770.37
2364,729.74,817.74,1053.84,1100.06,773.07
2365,728.31,793.52,1037.97,1074.9,756.27
2366,730.33,798.68,1023.39,1076.17,754.56
2367,743.32,809.87,1044.31,1081.67,763.82
2368,777.69,840.02,1076.14,1117.46,797.78
2369,802.93,887.59,1116.29,1155.99,831.12
2370,826.68,939.87,1156.45,1175.05,867.05
2371,805.79,926.82,1121.29,1163.55,861.46
2372,786.43,888.36,1070.96,1110.12,834.73
2373,747.51,844.83,1014.43,1034.42,768.17
2374,694.79,774.9,939.47,962.4,715.61
2375,626.46,718.54,856.02,885.72,659.21
2376,590.25,673.77,802.76,824.49,613.89
2377,559.47,636.79,759.78,777.53,572.88
2378,545.32,612.05,738.04,748.6,556.15
2379,536.62,602.9,726.77,758.05,541.29
2380,546.88,625.97,723.93,775.22,556.68
2381,572.54,672.12,753.9,794.28,586.33
2382,635.88,738.46,830.11,871.84,651.96
2383,694.99,808.6,907.19,955.66,712.43
2384,720.7,851.36,954.98,1021.35,741.76
2385,733.53,855.52,978.9,1033.8,763.0
2386,736.32,857.98,990.25,1046.36,754.4
2387,750.35,862.87,985.55,1075.64,766.3
2388,747.29,842.79,994.91,1081.64,768.61
2389,742.18,826.51,967.05,1053.41,755.62
2390,738.13,820.35,961.98,1041.74,762.01
2391,731.75,825.31,974.26,1046.2,775.2
2392,761.38,847.34,993.1,1090.75,801.4
2393,786.72,863.03,1054.54,1163.69,843.81
2394,821.88,900.49,1108.43,1210.87,858.07
2395,818.91,888.59,1085.5,1222.68,849.51
2396,767.63,856.36,1026.56,1158.19,807.28
2397,711.06,808.8,965.87,1080.26,754.97
2398,652.56,745.01,891.65,991.5,681.27
2399,592.48,697.79,838.51,920.59,623.54
2400,550.39,645.47,795.34,853.31,591.66
2401,529.86,614.11,776.53,809.41,552.33
2402,515.8,599.37,743.38,792.78,545.43
2403,512.55,602.2,723.25,784.25,535.58
2404,517.52,609.35,725.25,795.91,530.03
2405,547.9,645.48,751.75,838.6,552.4
2406,598.07,711.25,815.52,913.73,610.94
2407,653.56,794.35,909.8,1010.89,677.99
2408,687.07,822.81,952.98,1029.59,711.97
2409,702.25,829.26,983.45,1041.88,709.73
2410,706.11,831.74,1000.72,1025.81,714.13
2411,704.52,843.55,1010.01,1034.89,714.03
2412,707.56,857.18,1002.34,1029.07,723.76
2413,705.17,824.22,1003.6,1002.38,714.3
2414,704.09,811.35,1022.61,1020.14,705.75
2415,705.38,833.98,1011.03,996.78,722.82
2416,732.22,853.49,1055.59,1033.39,727.52
2417,791.34,885.48,1111.08,1090.61,754.16
2418,816.68,912.42,1138.17,1138.68,784.98
2419,813.12,895.41,1111.19,1159.96,773.47
2420,781.32,846.23,1062.53,1113.8,736.07
2421,709.01,794.73,990.92,1050.17,704.19
2422,655.85,727.25,920.07,980.31,660.03
2423,596.15,681.84,841.17,901.91,610.41
2424,571.47,624.8,779.2,838.29,573.25
2425,542.28,599.86,742.32,794.43,537.21
2426,523.79,580.47,719.22,777.95,524.23
2427,516.15,586.38,719.48,769.62,513.16
2428,524.8,587.63,738.61,780.83,522.53
2429,549.25,623.51,780.63,824.22,554.13
2430,604.65,700.66,868.49,888.8,602.42
2431,649.53,769.75,946.14,970.01,652.81
2432,676.17,795.62,982.35,1022.21,691.12
2433,697.93,809.95,1025.23,1040.38,704.11
2434,723.1,820.17,1012.28,1066.58,711.29
2435,736.57,843.12,1032.69,1081.99,729.97
2436,738.87,844.01,1054.79,1067.59,726.37
2437,741.89,841.51,1057.44,1066.84,719.52
2438,750.07,829.6,1046.37,1093.18,713.84
2439,770.88,838.02,1066.53,1107.7,710.47
2440,801.06,874.86,1095.5,1128.11,744.93
2441,835.01,911.69,1149.99,1161.85,777.17
2442,865.09,937.99,1181.06,1224.35,805.07
2443,857.11,925.19,1163.14,1233.76,800.26
2444,820.52,897.05,1124.95,1179.88,768.55
2445,768.01,844.3,1041.74,1111.4,742.53
2446,700.19,781.49,946.26,1023.35,688.5
2447,624.38,708.56,855.84,941.12,627.15
2448,582.37,654.59,791.65,895.11,576.13
2449,540.39,630.8,757.28,855.62,546.45
2450,527.44,611.13,750.75,839.77,523.56
2451,520.95,609.19,755.22,835.77,523.26
2452,517.52,620.72,746.07,844.85,530.16
2453,550.38,648.23,778.33,882.45,564.87
2454,612.63,703.26,862.27,972.27,623.26
2455,669.53,775.95,945.69,1048.17,680.01
2456,711.92,787.32,982.95,1102.15,703.85
2457,741.97,780.64,1015.21,1127.33,719.02
2458,737.58,805.78,1034.22,1135.06,716.02
2459,753.29,806.2,1038.61,1142.19,723.51
2460,756.18,809.36,1014.72,1123.82,735.6
2461,751.42,813.4,1001.81,1132.79,710.8
2462,758.3,834.88,1009.77,1123.32,711.57
2463,757.72,832.23,1025.49,1137.26,712.89
2464,772.96,854.36,1064.58,1170.45,730.16
2465,800.28,904.25,1119.64,1224.76,769.2
2466,820.9,935.99,1130.08,1264.54,801.65
2467,812.72,918.63,1103.82,1218.11,800.47
2468,763.78,888.86,1075.99,1169.98,777.97
2469,706.62,814.8,1017.89,1088.58,724.98
2470,657.29,761.01,949.21,1004.16,668.75
2471,601.99,696.46,878.81,923.14,609.23
2472,529.74,611.67,765.17,825.09,528.69
2473,492.66,576.89,734.85,785.98,499.55
2474,476.22,560.57,708.19,762.66,485.2
2475,467.74,560.58,702.7,739.54,488.56
2476,475.35,569.66,710.43,740.72,495.67
2477,497.85,607.57,734.93,763.64,514.7
2478,555.5,672.3,790.78,849.9,561.21
2479,606.69,729.14,850.56,936.17,628.49
2480,633.23,756.27,891.48,991.25,650.46
2481,647.1,771.21,911.4,1011.16,671.05
2482,660.21,773.94,918.58,1028.47,689.22
2483,663.48,794.24,926.39,1036.54,706.6
2484,673.52,782.33,927.42,1019.0,699.64
2485,671.13,790.39,937.16,986.63,694.23
2486,672.53,782.67,932.48,1002.61,703.98
2487,679.49,781.06,930.15,1013.35,689.98
2488,703.53,802.93,954.69,1033.82,701.45
2489,745.18,826.98,987.97,1088.75,728.84
2490,779.79,874.29,1033.75,1109.08,749.43
2491,775.45,883.25,1028.5,1085.56,750.69
2492,748.23,857.79,986.73,1045.24,714.7
2493,700.26,817.81,933.47,977.27,666.19
2494,654.02,762.68,848.34,919.73,605.42
2495,597.29,681.46,769.36,847.68,552.6
2496,547.35,647.0,720.99,808.13,528.8
2497,528.29,608.66,677.28,764.01,496.82
2498,514.48,597.67,661.5,744.4,489.69
2499,499.95,586.37,644.52,754.8,493.0
2500,504.93,589.71,645.12,768.42,509.15
2501,525.53,612.83,672.06,808.23,540.63
2502,592.43,677.83,751.15,908.02,598.35
2503,649.09,747.83,831.45,1003.25,640.69
2504,662.7,767.45,879.1,1042.19,675.86
2505,679.85,785.15,903.38,1058.72,680.55
2506,682.63,795.83,917.64,1043.04,696.5
2507,704.41,801.09,923.14,1041.81,707.42
2508,694.59,797.92,920.63,1047.0,697.88
2509,669.02,800.21,912.9,1014.08,689.95
2510,669.76,810.92,923.63,1013.33,676.49
2511,673.59,823.57,910.82,1055.9,694.9
2512,689.84,851.71,949.59,1091.84,712.88
2513,703.76,896.43,1005.87,1164.74,748.43
2514,734.23,919.17,1041.23,1204.25,777.25
2515,744.18,907.87,1053.44,1165.94,780.86
2516,695.71,866.39,1014.6,1114.8,753.18
2517,661.98,800.47,951.0,1043.2,695.08
2518,606.84,743.68,877.45,947.43,627.87
2519,572.41,694.34,809.76,884.06,566.31
2520,581.94,719.19,808.9,890.56,587.57
2521,552.0,679.55,781.53,846.52,560.66
2522,544.68,656.06,743.04,813.19,549.18
2523,540.27,639.31,726.7,805.16,536.38
2524,542.96,651.08,736.25,808.93,546.65
2525,575.81,682.65,768.46,836.57,579.93
2526,628.8,758.73,827.6,932.96,638.91
2527,670.89,814.66,914.65,1015.01,689.13
2528,716.08,847.92,923.42,1073.56,716.59
2529,726.65,856.64,953.04,1105.82,737.96
2530,727.93,865.81,961.21,1094.56,734.92
2531,737.7,870.11,975.12,1118.67,729.72
2532,723.63,849.64,982.45,1108.91,734.76
2533,705.23,849.11,957.75,1087.24,732.66
2534,701.77,848.61,950.95,1099.09,730.73
2535,705.08,857.52,932.22,1099.48,732.6
2536,727.33,880.29,936.32,1156.11,753.01
2537,773.12,910.03,987.06,1199.23,779.83
2538,796.75,942.41,1053.7,1240.25,806.69
2539,795.49,942.58,1050.72,1223.37,790.6
2540,767.01,918.67,999.02,1164.88,747.02
2541,709.02,860.79,947.46,1097.58,703.4
2542,656.4,787.5,881.0,1018.04,652.38
2543,594.68,730.1,819.12,927.68,592.13
2544,567.61,686.49,783.75,880.42,565.83
2545,543.22,650.02,752.1,852.53,535.82
2546,529.54,632.26,734.02,813.33,532.76
2547,514.26,627.49,710.28,793.18,524.71
2548,522.42,625.73,715.82,803.29,531.98
2549,545.27,658.88,750.2,827.99,559.22
2550,605.84,723.58,821.29,909.81,603.4
2551,660.53,784.56,901.84,996.0,677.21
2552,681.83,833.12,941.64,1045.47,714.79
2553,704.35,832.79,953.37,1064.26,727.26
2554,718.0,840.14,972.48,1085.12,728.96
2555,719.95,849.86,983.98,1108.65,725.07
2556,730.53,851.45,975.94,1108.93,727.75
2557,720.81,857.53,971.72,1073.88,729.7
2558,718.16,835.19,967.79,1074.32,726.08
2559,726.37,839.68,984.88,1086.2,736.82
2560,740.66,854.77,1030.48,1093.7,760.09
2561,771.56,879.76,1058.63,1151.83,804.29
2562,798.22,905.64,1099.3,1197.97,833.6
2563,806.83,903.89,1086.55,1172.57,823.07
2564,785.54,862.69,1044.61,1094.03,795.59
2565,732.6,828.37,993.7,1036.23,752.9
2566,688.03,750.09,937.51,957.96,693.3
2567,628.74,690.54,857.28,856.92,651.32
2568,593.28,655.19,798.09,800.96,609.76
2569,569.17,624.57,775.61,760.03,583.02
2570,555.28,613.67,762.18,754.72,563.63
2571,561.98,603.91,753.44,759.76,545.07
2572,569.12,615.96,771.77,774.97,538.8
2573,589.05,646.54,800.79,795.48,570.13
2574,655.95,707.24,887.2,879.17,622.28
2575,710.04,763.4,971.09,967.94,674.97
2576,735.05,792.02,1010.58,1015.81,694.71
2577,722.32,816.12,1016.36,1027.97,702.9
2578,737.58,819.96,1030.2,1049.64,707.25
2579,751.0,836.2,1067.34,1069.69,718.39
2580,756.77,834.89,1046.49,1090.19,705.24
2581,756.48,827.49,1051.99,1054.98,717.8
2582,769.27,841.11,1053.14,1056.1,710.96
2583,773.85,837.49,1068.26,1069.57,701.88
2584,802.19,861.42,1090.76,1098.55,718.09
2585,829.85,912.16,1167.96,1129.39,770.02
2586,853.62,951.33,1206.8,1159.34,796.63
2587,854.34,947.3,1185.19,1169.22,798.75
2588,818.39,920.75,1123.35,1151.83,763.76
2589,752.48,856.85,1061.12,1084.02,711.22
2590,695.42,790.89,988.51,1004.82,642.29
2591,634.09,738.67,883.89,920.43,588.88
2592,589.78,687.3,816.11,846.9,550.08
2593,563.01,657.41,770.0,808.1,535.11
2594,545.09,644.28,727.29,790.08,521.03
2595,527.33,637.33,710.68,791.67,519.53
2596,527.09,648.09,714.15,802.07,536.31
2597,566.86,674.68,759.12,840.4,574.83
2598,611.91,742.74,847.39,928.57,627.12
2599,669.45,808.38,921.62,1016.39,678.35
2600,702.48,844.99,970.35,1060.02,700.06
2601,721.76,862.63,957.36,1101.44,718.23
2602,717.76,888.62,960.06,1128.74,729.39
2603,721.99,905.59,961.51,1123.02,732.69
2604,723.4,924.8,968.28,1122.83,723.91
2605,723.47,922.94,958.1,1090.3,716.68
2606,717.67,923.91,975.13,1092.89,725.35
2607,714.57,936.98,980.73,1114.4,737.86
2608,744.74,974.02,1007.92,1135.05,741.12
2609,790.01,1006.49,1036.73,1210.31,785.51
2610,821.39,1021.88,1092.7,1249.45,819.52
2611,807.86,994.4,1067.49,1263.3,808.03
2612,776.23,957.48,1043.67,1208.34,775.26
2613,727.38,891.2,978.36,1125.92,735.03
2614,677.15,817.77,923.69,1027.21,670.47
2615,610.38,748.64,854.29,936.07,622.91
2616,574.95,712.21,789.28,876.41,580.19
2617,545.69,673.17,747.43,839.94,551.9
2618,524.54,648.86,721.89,817.3,539.96
2619,519.23,636.0,705.7,794.87,531.48
2620,526.55,649.52,715.98,800.2,537.39
2621,551.67,681.43,755.26,843.19,560.81
2622,610.06,753.87,824.69,926.32,597.0
2623,654.3,830.7,892.01,1020.39,639.87
2624,681.87,861.14,938.07,1079.3,663.14
2625,699.94,868.86,955.23,1083.45,675.2
2626,709.79,864.18,961.91,1111.37,681.02
2627,726.43,866.89,996.52,1114.99,672.36
2628,715.9,856.37,997.93,1098.5,686.79
2629,696.46,850.48,982.95,1093.01,677.43
2630,699.57,837.75,987.23,1100.98,664.94
2631,711.23,848.44,1006.17,1109.26,676.02
2632,751.39,869.34,1044.32,1168.21,701.59
2633,791.97,919.37,1093.28,1241.5,742.02
2634,811.17,940.38,1113.53,1299.81,766.56
2635,811.78,934.32,1105.81,1292.79,779.47
2636,768.2,902.09,1081.21,1260.54,748.88
2637,706.44,829.19,1010.8,1204.83,721.26
2638,672.8,768.99,930.96,1100.14,659.58
2639,618.02,700.32,840.43,995.6,598.09
2640,544.82,609.1,728.8,882.84,531.49
2641,520.97,569.82,690.49,822.03,503.9
2642,517.49,557.05,664.67,797.22,501.23
2643,511.06,546.97,660.65,800.62,492.72
2644,523.74,553.14,664.78,806.68,488.32
2645,543.23,589.12,688.57,852.23,502.75
2646,586.63,625.35,746.85,924.22,563.73
2647,649.64,692.54,814.11,996.8,612.51
2648,686.66,744.08,820.66,1011.12,648.75
2649,702.4,759.4,857.46,1049.1,653.02
2650,708.94,764.22,877.41,1073.08,662.32
2651,715.01,771.82,889.35,1088.23,679.8
2652,707.34,781.38,880.28,1079.38,682.3
2653,711.12,797.32,863.1,1068.46,669.14
2654,714.14,789.23,859.73,1063.15,661.36
2655,722.74,768.26,888.33,1058.47,674.04
2656,744.13,794.68,920.58,1095.22,684.09
2657,785.29,832.21,975.15,1143.04,727.65
2658,814.73,861.45,1024.33,1159.82,768.65
2659,811.17,852.94,1002.11,1158.28,763.98
2660,762.7,795.41,939.2,1093.32,721.31
2661,715.84,749.76,877.62,1015.5,670.36
2662,674.08,687.01,797.8,935.55,625.31
2663,611.09,633.18,735.82,853.48,568.22
2664,571.88,595.87,692.24,806.82,525.14
2665,547.35,561.91,660.44,789.13,493.91
2666,536.83,536.64,641.38,773.4,486.17
2667,531.12,541.19,626.36,764.69,480.02
2668,526.3,549.48,640.23,788.74,482.16
2669,555.24,582.61,667.47,832.48,506.7
2670,600.56,654.76,737.9,914.67,573.12
2671,647.26,719.65,791.72,980.21,632.79
2672,677.05,752.59,817.05,1020.69,657.02
2673,686.65,746.94,829.49,1043.7,673.35
2674,698.43,766.59,851.96,1052.53,678.6
2675,728.89,783.39,880.81,1061.11,683.41
2676,732.28,773.43,884.7,1060.55,690.63
2677,728.0,752.82,888.77,1062.94,690.11
2678,717.71,758.11,891.88,1056.63,693.98
2679,716.83,765.31,918.91,1078.08,713.54
2680,726.36,802.87,927.98,1128.23,747.07
2681,753.83,827.74,969.67,1179.44,783.45
2682,769.35,858.01,1011.15,1220.76,819.85
2683,755.83,858.67,1017.08,1205.24,803.21
2684,720.55,826.75,965.62,1152.99,760.06
2685,666.23,763.19,894.07,1060.89,703.66
2686,603.98,692.67,823.62,991.01,646.24
2687,544.38,632.17,747.24,891.21,592.21
2688,554.73,660.67,744.07,907.24,594.47
2689,528.7,622.95,696.01,852.84,564.47
2690,522.21,604.48,673.77,830.65,551.12
2691,522.08,603.88,672.68,835.22,552.35
2692,526.77,615.96,686.84,826.5,552.95
2693,558.95,659.57,726.51,868.48,580.95
2694,604.06,719.57,804.76,964.74,639.06
2695,677.52,778.97,873.28,1037.65,698.11
2696,715.06,820.0,924.88,1099.18,731.01
2697,726.42,834.23,930.53,1110.18,734.0
2698,722.59,842.51,932.99,1129.77,744.59
2699,732.45,840.55,942.99,1149.58,738.96
2700,715.7,833.43,921.6,1142.04,745.35
2701,702.39,818.6,915.67,1148.6,739.86
2702,709.38,813.7,937.49,1161.34,734.72
2703,717.15,816.07,947.89,1174.38,749.03
2704,733.65,838.27,986.34,1203.2,778.84
2705,777.21,875.8,1024.29,1249.18,812.26
2706,794.9,921.54,1060.1,1282.8,838.41
2707,791.22,934.99,1040.37,1273.79,819.2
2708,752.54,891.26,988.74,1206.43,779.77
2709,697.85,850.82,901.92,1147.84,731.78
2710,648.05,789.07,846.71,1060.27,678.31
2711,586.77,703.27,788.24,983.61,612.92
2712,565.8,666.93,744.79,916.49,588.38
2713,534.49,623.85,712.46,866.74,558.03
2714,533.59,616.87,696.67,833.87,532.99
2715,519.38,605.39,692.69,838.69,516.74
2716,530.1,625.76,709.69,849.97,528.76
2717,549.81,669.8,757.94,894.36,561.25
2718,595.19,731.98,830.82,984.25,630.96
2719,651.32,789.02,905.09,1064.66,700.66
2720,684.76,832.48,953.82,1121.58,738.43
2721,688.02,840.0,974.84,1155.19,745.58
2722,705.79,847.44,992.21,1166.58,752.78
2723,706.1,865.79,1005.51,1174.75,790.25
2724,707.91,864.12,1012.73,1165.65,793.96
2725,704.92,862.71,994.83,1164.27,772.49
2726,710.4,881.5,990.32,1152.5,777.63
2727,701.88,892.0,995.65,1154.09,788.45
2728,737.42,923.35,1021.93,1175.12,815.45
2729,777.25,958.1,1083.23,1220.01,822.78
2730,800.79,960.27,1121.25,1283.8,832.34
2731,784.2,953.7,1118.46,1265.42,833.68
2732,735.18,912.3,1074.62,1201.6,789.77
2733,677.97,859.56,1014.04,1124.93,757.06
2734,631.2,792.82,957.55,1029.77,701.08
2735,576.78,720.56,873.2,920.08,636.6
2736,536.19,675.65,810.18,862.59,603.4
2737,508.06,643.46,762.01,829.19,571.61
2738,506.38,620.46,740.18,812.3,547.69
2739,498.58,602.69,737.52,806.74,542.36
2740,502.53,613.58,739.97,824.52,551.08
2741,539.11,646.5,779.54,864.92,577.51
2742,597.13,716.93,853.49,926.63,630.34
2743,652.35,777.7,915.91,1011.23,704.15
2744,675.05,809.66,937.12,1074.01,733.33
2745,676.23,817.62,941.8,1089.83,750.34
2746,674.29,823.05,947.35,1104.4,754.05
2747,678.57,841.09,962.29,1110.76,761.9
2748,678.66,859.52,957.14,1100.94,781.26
2749,677.14,848.53,967.86,1100.32,776.6
2750,683.57,853.27,964.33,1084.59,778.91
2751,693.53,854.11,968.93,1101.68,781.08
2752,716.77,863.9,984.02,1137.15,799.74
2753,742.07,899.28,1031.1,1208.0,847.33
2754,749.49,930.2,1073.31,1275.05,857.48
2755,740.63,920.27,1075.54,1264.48,833.91
2756,702.29,873.23,1030.54,1194.46,792.96
2757,654.72,821.24,964.95,1114.82,736.4
2758,604.32,769.44,889.05,1022.98,667.66
2759,546.84,700.91,824.65,938.24,615.3
2760,509.53,666.14,766.17,878.59,556.82
2761,486.68,638.73,717.56,835.8,529.34
2762,477.42,630.21,689.48,813.4,519.53
2763,469.37,626.79,675.88,802.72,512.16
2764,481.18,642.33,695.67,808.78,514.75
2765,507.31,676.17,736.6,842.88,544.56
2766,553.05,732.25,818.8,939.94,619.91
2767,606.58,788.68,900.74,1010.48,673.39
2768,650.31,817.7,936.59,1058.4,703.4
2769,659.62,825.13,971.67,1095.15,713.96
2770,678.23,826.76,968.23,1105.89,727.18
2771,698.28,834.31,977.19,1105.75,729.13
2772,712.11,835.55,973.02,1128.72,734.23
2773,698.5,824.85,953.11,1132.84,711.28
2774,716.26,829.93,949.07,1136.64,694.26
2775,723.91,858.89,962.1,1141.35,707.0
2776,742.19,873.77,996.18,1170.06,730.13
2777,774.51,909.51,1059.06,1220.51,759.19
2778,807.82,930.07,1081.64,1281.89,776.01
2779,800.95,936.41,1066.1,1278.07,774.11
2780,764.13,906.05,1028.17,1210.41,732.72
2781,726.18,835.58,962.26,1116.6,682.99
2782,663.36,776.1,896.02,1008.75,650.7
2783,599.6,699.67,804.49,934.65,591.41
2784,569.55,665.04,761.42,879.77,557.37
2785,546.06,633.67,723.29,831.99,524.76
2786,538.48,618.74,705.12,815.9,506.18
2787,523.99,598.49,702.04,805.35,508.91
2788,537.37,609.31,708.72,817.53,511.88
2789,568.09,644.2,733.53,874.25,542.13
2790,636.75,721.26,802.2,961.07,607.79
2791,683.05,788.81,863.77,1033.06,663.48
2792,712.15,821.96,922.88,1085.67,705.37
2793,722.84,832.19,920.43,1116.8,714.83
2794,715.35,846.83,935.27,1134.05,723.97
2795,715.83,864.1,930.01,1145.31,721.81
2796,725.51,872.04,937.56,1177.72,721.52
2797,714.07,872.67,921.1,1158.71,715.68
2798,707.67,870.56,903.94,1167.83,707.62
2799,722.06,864.41,909.01,1183.99,702.44
2800,751.31,890.54,947.08,1214.68,727.39
2801,794.77,948.35,1012.97,1301.75,769.51
2802,814.35,995.79,1073.24,1336.12,801.79
2803,805.99,978.47,1091.42,1326.13,800.45
2804,779.62,957.36,1045.33,1294.33,770.53
2805,723.38,908.68,984.03,1220.12,712.99
2806,660.65,843.86,909.49,1137.24,649.52
2807,610.66,762.37,831.67,1037.39,600.3
2808,543.66,673.28,720.71,914.13,517.37
2809,509.31,645.66,683.23,874.27,484.53
2810,480.58,642.62,666.37,864.9,466.06
2811,466.17,628.91,649.27,846.15,469.97
2812,467.15,633.35,652.74,852.08,479.46
2813,491.86,673.39,679.67,897.42,511.74
2814,546.27,747.4,750.7,992.79,553.96
2815,595.73,820.01,819.59,1072.72,613.94
2816,616.1,846.13,857.21,1129.66,648.19
2817,630.79,854.05,877.02,1128.84,660.9
2818,630.44,862.18,892.44,1119.59,650.28
2819,637.59,872.34,886.97,1135.7,646.36
2820,633.82,878.18,882.28,1111.99,660.29
2821,650.42,859.95,874.58,1088.13,655.98
2822,657.26,842.65,894.85,1100.36,651.95
2823,657.03,859.52,886.58,1104.59,677.69
2824,668.19,881.23,911.33,1137.52,699.44
2825,696.47,918.87,934.54,1207.46,723.54
2826,707.71,959.78,983.75,1235.95,744.7
2827,696.83,934.11,970.94,1239.06,741.66
2828,662.12,891.83,930.19,1176.18,717.11
2829,628.88,830.51,873.33,1089.49,665.14
2830,578.28,768.99,806.88,1003.17,612.73
2831,525.63,702.87,745.69,936.33,559.94
2832,487.58,667.88,709.58,872.65,529.67
2833,458.46,625.11,683.11,831.48,516.45
2834,448.22,605.57,654.24,805.43,509.56
2835,442.89,591.28,635.74,785.82,507.8
2836,457.2,606.57,645.18,796.89,515.33
2837,478.86,647.33,680.62,832.32,548.33
2838,535.62,711.8,754.78,913.96,602.72
2839,587.6,781.61,813.3,1003.15,659.87
2840,613.34,810.92,846.1,1048.35,697.83
2841,611.18,820.08,857.43,1070.8,709.18
2842,609.0,840.15,870.91,1057.32,706.87
2843,623.24,845.97,874.82,1052.58,713.56
2844,636.38,857.55,895.34,1040.57,700.7
2845,633.23,869.95,888.33,1025.85,679.81
2846,640.43,856.13,885.08,1029.06,680.38
2847,644.24,867.8,895.85,1023.75,693.17
2848,660.77,887.27,936.46,1048.82,722.24
2849,687.1,930.61,974.01,1085.24,756.13
2850,721.72,937.03,994.38,1129.73,774.82
2851,719.42,934.26,990.07,1104.27,761.71
2852,686.85,883.81,949.93,1029.24,727.14
2853,641.24,829.65,885.71,980.31,681.42
2854,596.22,768.27,822.45,914.38,620.75
2855,548.61,709.39,761.49,859.56,568.18
2856,549.76,719.38,770.31,886.16,562.5
2857,534.5,685.71,752.97,831.76,541.24
2858,522.38,664.92,728.26,820.87,529.68
2859,515.48,644.16,715.46,813.97,524.47
2860,531.48,647.9,710.81,833.96,537.69
2861,565.6,678.08,761.74,894.09,575.16
2862,620.55,743.2,845.77,955.1,635.21
2863,680.21,812.57,929.57,1050.32,684.9
2864,698.57,848.97,956.34,1093.58,707.41
2865,706.46,876.75,996.58,1138.82,707.99
2866,693.85,904.96,1030.2,1161.31,727.22
2867,711.6,901.79,1035.78,1148.06,726.25
2868,695.4,902.55,1011.68,1129.43,739.91
2869,695.31,897.48,1004.85,1126.4,729.48
2870,688.78,894.01,990.62,1133.53,732.34
2871,687.94,908.82,994.97,1144.16,724.0
2872,707.31,910.23,1037.1,1171.11,743.37
2873,744.14,960.21,1078.17,1190.95,773.41
2874,777.73,991.83,1123.72,1233.99,793.05
2875,788.59,961.82,1117.35,1207.73,784.35
2876,757.49,918.05,1075.29,1173.19,734.58
2877,716.55,880.04,1012.27,1091.91,699.45
2878,655.7,810.58,931.54,1021.68,643.14
2879,605.35,759.9,848.52,939.32,586.64
2880,570.16,734.66,794.53,893.61,555.76
2881,538.93,699.51,739.11,853.38,522.35
2882,524.23,677.72,726.46,824.25,513.38
2883,516.72,672.59,709.36,820.11,508.43
2884,524.6,690.92,713.16,832.15,528.98
2885,554.57,739.38,737.98,887.84,564.87
2886,605.93,813.37,809.8,978.24,605.17
2887,654.95,875.85,874.06,1084.66,668.43
2888,688.44,924.67,915.17,1119.91,699.24
2889,687.76,921.41,925.7,1145.38,693.88
2890,689.76,925.82,940.86,1166.05,708.72
2891,710.43,933.37,947.83,1146.2,713.86
2892,687.36,936.52,950.77,1148.52,709.19
2893,676.06,919.23,927.85,1142.65,708.79
2894,683.27,919.02,930.38,1146.38,700.88
2895,676.88,935.52,924.43,1168.92,713.79
2896,720.96,960.77,952.76,1188.43,746.88
2897,731.42,994.18,976.63,1238.26,773.45
2898,772.98,1037.02,1013.47,1282.6,812.65
2899,782.0,1027.94,1006.78,1255.08,796.86
2900,756.46,970.66,973.92,1200.63,758.47
2901,706.24,900.38,914.84,1128.05,712.28
2902,654.07,847.37,851.58,1030.05,665.01
2903,592.37,773.08,786.33,951.12,610.79
2904,562.92,733.22,732.05,879.32,583.12
2905,528.15,692.42,693.21,827.24,550.22
2906,513.1,672.48,654.99,807.87,537.58
2907,512.74,662.39,654.24,811.22,534.13
2908,512.6,666.57,676.72,807.84,539.16
2909,537.51,707.06,701.17,859.59,563.67
2910,592.91,786.05,771.6,940.55,619.77
2911,636.67,863.76,842.8,1033.42,673.3
2912,673.7,893.84,869.99,1041.22,693.45
2913,690.46,903.62,881.63,1088.92,708.77
2914,684.73,890.7,903.15,1111.26,708.13
2915,691.9,910.28,908.85,1147.01,736.39
2916,686.18,906.31,914.45,1162.15,732.68
2917,675.2,884.6,899.8,1135.93,725.25
2918,677.24,872.93,892.97,1143.66,720.67
2919,679.06,890.33,917.73,1156.68,724.03
2920,708.68,913.22,933.13,1162.85,749.2
2921,736.46,964.69,979.16,1226.46,789.5
2922,773.53,1001.24,1019.71,1257.5,813.21
2923,767.34,1003.2,1011.72,1281.26,809.02
2924,742.52,961.75,1000.44,1206.8,779.57
2925,691.09,870.55,928.39,1157.69,730.19
2926,634.02,816.49,858.26,1039.03,667.18
2927,573.07,736.62,775.95,951.6,618.83
2928,544.06,708.53,731.51,898.93,592.22
2929,524.2,675.0,676.77,857.96,566.91
2930,524.27,651.68,652.07,835.88,550.76
2931,524.96,639.41,635.01,817.24,537.72
2932,532.8,642.04,650.45,816.46,551.91
2933,558.68,679.46,681.87,864.85,576.3
2934,616.59,752.48,763.26,945.98,636.96
2935,671.49,808.46,803.91,1034.71,697.11
2936,710.52,824.73,841.24,1077.36,712.27
2937,731.11,856.17,849.93,1093.9,710.56
2938,729.4,869.63,857.92,1113.81,714.49
2939,729.24,865.21,878.08,1105.5,728.58
2940,739.83,877.25,883.44,1132.5,713.0
2941,733.76,882.0,881.83,1128.34,718.92
2942,730.2,887.2,875.09,1119.49,717.29
2943,745.94,901.19,879.1,1138.87,716.81
2944,762.14,921.19,912.04,1167.01,737.1
2945,793.45,931.37,945.62,1246.06,780.64
2946,815.84,974.76,980.66,1276.88,807.58
2947,789.1,958.37,980.87,1275.64,797.14
2948,762.29,940.25,944.65,1212.53,763.3
2949,703.0,876.5,877.63,1155.16,714.75
2950,643.92,814.32,811.2,1059.34,655.91
2951,584.55,739.24,739.94,969.78,602.73
2952,555.27,686.57,690.88,898.55,566.46
2953,527.86,649.95,664.41,847.37,541.06
2954,514.55,650.53,649.4,828.88,523.59
2955,497.61,642.38,648.39,821.55,515.67
2956,504.34,636.05,673.59,836.42,525.32
2957,521.9,678.9,709.72,893.48,554.14
2958,577.52,757.9,795.31,996.84,605.26
2959,634.04,818.93,868.97,1076.68,665.27
2960,661.29,854.59,901.39,1133.49,686.8
2961,692.49,872.0,928.53,1167.16,708.55
2962,703.77,872.82,937.95,1189.87,720.37
2963,715.5,882.95,942.78,1199.72,740.74
2964,716.3,866.91,952.7,1189.21,734.91
2965,707.34,863.72,938.13,1181.04,710.16
2966,715.12,875.27,940.03,1162.47,700.85
2967,730.67,875.34,957.3,1167.34,704.19
2968,739.19,908.82,976.11,1212.05,733.35
2969,782.76,960.64,1019.03,1242.14,771.19
2970,814.49,1001.76,1049.01,1299.03,815.27
2971,815.22,1009.8,1021.07,1305.03,803.16
2972,782.38,964.9,974.04,1271.85,775.06
2973,720.53,894.66,899.51,1181.4,715.65
2974,654.55,832.36,813.84,1058.98,649.44
2975,611.99,766.17,746.93,987.47,593.69
2976,536.21,655.35,649.98,872.41,524.61
2977,500.8,623.95,619.1,832.87,507.13
2978,489.56,602.52,603.69,799.6,497.86
2979,480.59,592.19,603.65,801.83,491.42
2980,476.02,601.15,622.83,816.12,497.84
2981,487.4,644.73,662.02,850.17,518.65
2982,526.43,712.39,730.2,930.54,557.36
2983,577.85,770.53,802.15,1014.11,604.09
2984,603.04,797.12,818.97,1042.44,636.84
2985,614.62,815.19,841.61,1075.84,650.18
2986,624.36,827.12,854.34,1079.65,657.6
2987,636.47,861.77,865.49,1080.14,667.6
2988,620.91,850.89,859.39,1075.34,667.65
2989,614.36,836.23,857.55,1076.77,660.68
2990,609.7,845.03,869.93,1095.29,656.34
2991,607.95,848.7,865.17,1093.79,657.26
2992,623.56,874.13,892.68,1131.42,681.3
2993,654.38,896.82,922.33,1188.28,727.28
2994,678.15,910.82,933.75,1241.02,740.17
2995,662.32,911.22,925.84,1243.37,735.49
2996,632.54,861.42,889.53,1190.0,704.11
2997,610.93,814.89,835.28,1087.26,660.92
2998,557.7,747.66,770.19,996.14,610.86
2999,501.55,687.8,709.39,914.1,557.36
3000,475.88,659.09,673.76,867.17,528.43
3001,458.14,620.91,632.24,835.36,499.87
3002,450.69,599.49,606.42,799.28,476.75
3003,439.81,600.19,599.43,785.25,472.41
3004,453.08,608.32,615.79,801.84,484.49
3005,473.54,639.22,658.41,845.03,504.85
3006,515.03,710.65,718.15,931.93,549.16
3007,559.6,765.96,777.92,997.98,597.5
3008,584.47,797.66,826.1,1045.23,624.03
3009,604.01,801.55,852.59,1086.17,628.29
3010,616.75,797.16,863.02,1092.95,628.5
3011,624.21,812.72,870.08,1128.34,646.99
3012,633.11,825.62,870.84,1126.81,656.48
3013,628.77,819.82,854.72,1133.55,646.2
3014,636.78,805.73,883.51,1135.26,638.18
3015,632.55,813.19,886.08,1142.21,635.17
3016,639.24,840.88,900.66,1194.74,667.62
3017,677.52,880.61,940.72,1236.37,704.69
3018,691.0,925.6,985.21,1289.9,722.42
3019,684.41,908.72,973.21,1295.05,708.67
3020,655.77,872.97,912.37,1235.06,698.7
3021,612.0,814.28,864.09,1146.28,661.36
3022,562.93,750.65,794.42,1050.74,610.34
3023,526.33,684.97,735.06,966.04,569.12
3024,516.8,700.1,737.03,1006.93,581.37
3025,499.0,656.56,703.38,965.26,543.71
3026,501.77,638.08,696.12,941.51,530.82
3027,495.93,633.09,691.79,926.36,522.8
3028,503.01,648.83,709.48,944.26,533.21
3029,534.79,692.0,743.65,983.58,554.99
3030,601.7,762.66,821.48,1073.6,607.91
3031,646.8,842.86,896.14,1156.07,650.32
3032,674.61,890.08,925.43,1207.67,678.27
3033,686.66,905.08,954.28,1221.09,675.31
3034,698.25,933.24,965.06,1234.28,680.68
3035,706.31,956.17,956.29,1254.07,687.78
3036,711.75,950.04,941.96,1247.62,705.57
3037,700.98,936.9,943.8,1221.78,693.74
3038,701.19,929.43,946.82,1210.5,686.13
3039,702.12,935.03,948.19,1229.14,705.32
3040,716.69,963.76,983.44,1243.27,715.69
3041,749.27,1009.65,1023.11,1275.22,751.02
3042,775.14,1038.61,1055.5,1287.89,785.63
3043,757.99,1033.35,1051.72,1264.04,780.35
3044,740.03,999.83,1014.08,1205.26,731.97
3045,692.0,943.18,969.86,1137.24,690.13
3046,627.81,873.68,908.01,1082.45,639.28
3047,583.41,794.58,832.02,998.41,575.36
3048,544.24,745.59,774.6,942.4,551.81
3049,521.36,720.6,738.7,888.67,528.54
3050,508.16,700.13,718.98,862.05,519.69
3051,503.26,682.92,722.36,840.14,515.0
3052,511.19,697.18,737.11,854.36,520.28
3053,534.48,745.09,768.25,897.16,559.77
3054,588.55,803.11,833.84,974.47,611.7
3055,658.2,889.81,917.69,1077.12,654.89
3056,666.98,913.69,967.58,1115.67,681.99
3057,681.3,938.27,984.63,1155.22,692.05
3058,692.0,945.3,978.36,1161.74,696.82
3059,690.04,945.12,980.4,1173.01,700.58
3060,679.11,932.63,978.61,1149.0,692.38
3061,691.77,911.18,960.13,1142.97,676.3
3062,688.87,896.95,943.99,1137.89,679.02
3063,713.43,901.24,939.37,1141.94,691.34
3064,738.1,937.96,978.43,1176.8,712.93
3065,772.48,978.03,1007.75,1232.23,729.28
3066,803.72,1035.1,1050.28,1270.6,744.71
3067,801.72,1021.52,1025.39,1227.65,744.17
3068,776.19,967.86,959.78,1173.14,706.85
3069,728.88,905.23,887.58,1100.11,661.25
3070,671.86,850.03,826.28,1017.93,617.28
3071,615.15,770.48,771.42,945.32,568.52
3072,586.51,726.45,719.38,876.2,521.08
3073,561.46,698.12,668.0,841.44,490.86
3074,539.18,675.12,668.05,848.33,475.14
3075,526.91,669.17,665.62,836.86,476.43
3076,534.9,675.64,685.57,852.21,478.03
3077,557.84,708.49,710.81,893.42,501.21
3078,609.94,777.12,789.29,998.19,562.53
3079,657.06,844.32,850.33,1105.34,610.79
3080,681.82,886.29,900.53,1145.05,648.49
3081,698.57,886.46,914.87,1162.84,673.25
3082,713.18,881.34,915.63,1174.14,682.16
3083,719.24,885.15,912.44,1205.4,676.51
3084,735.81,869.43,923.61,1175.14,671.32
3085,726.4,852.33,905.19,1188.92,664.65
3086,751.43,841.27,894.28,1186.06,658.49
3087,764.29,850.29,900.84,1190.23,668.83
3088,787.4,858.55,925.0,1228.64,705.66
3089,816.23,898.37,958.8,1299.8,735.29
3090,815.71,925.89,1014.42,1330.36,764.69
3091,805.58,933.21,1020.18,1304.44,762.22
3092,770.7,877.15,988.06,1269.8,740.95
3093,736.33,806.99,902.83,1171.98,703.46
3094,666.61,732.45,815.46,1087.8,660.03
3095,622.71,664.37,733.62,984.81,601.21
3096,582.59,623.34,690.77,930.06,559.26
3097,557.28,601.24,658.4,895.29,533.82
3098,525.83,582.56,651.68,876.93,527.2
3099,519.06,576.42,642.89,851.04,516.5
3100,523.15,586.12,670.33,853.98,523.93
3101,554.5,624.52,704.74,879.63,558.23
3102,609.72,677.4,789.81,962.51,603.39
3103,655.35,734.7,854.38,1042.48,654.25
3104,689.84,769.15,876.32,1096.87,694.01
3105,708.52,802.53,896.55,1126.26,705.83
3106,719.33,806.41,910.83,1139.67,715.18
3107,733.49,809.69,921.55,1146.65,724.9
3108,741.07,820.88,928.02,1127.58,730.58
3109,731.74,816.79,926.8,1103.53,725.35
3110,718.53,819.52,928.44,1092.5,718.49
3111,712.61,849.27,933.43,1112.95,728.01
3112,744.19,867.4,973.77,1157.25,750.1
3113,784.15,918.51,1012.62,1198.71,785.32
3114,811.56,975.25,1046.73,1230.99,798.49
3115,799.01,962.03,1034.88,1216.56,807.06
3116,763.37,946.28,970.19,1188.67,766.42
3117,713.93,893.12,909.54,1118.35,712.7
3118,654.95,826.16,830.31,1057.52,658.67
3119,594.18,768.69,758.4,937.81,614.44
3120,573.03,726.39,711.04,897.76,570.23
3121,545.47,669.93,679.37,868.27,533.24
3122,526.74,654.65,674.07,842.76,515.76
3123,511.15,644.56,672.92,825.74,512.23
3124,513.16,641.77,683.84,835.56,519.54
3125,544.69,681.8,729.89,878.2,552.19
3126,604.16,745.27,789.05,969.74,597.4
3127,656.71,804.91,868.94,1049.08,644.19
3128,683.89,861.63,921.22,1099.03,667.56
3129,694.46,890.6,927.13,1144.44,679.79
3130,691.62,914.64,943.41,1167.09,678.41
3131,709.29,940.79,941.34,1173.38,691.31
3132,711.9,924.78,936.19,1182.81,688.73
3133,725.0,933.85,927.47,1159.15,690.51
3134,717.08,920.63,927.57,1184.55,670.9
3135,721.64,916.83,934.07,1187.64,662.0
3136,748.92,945.88,943.73,1210.83,685.08
3137,780.14,984.81,982.05,1272.85,721.64
3138,793.61,1039.08,1026.71,1326.19,761.45
3139,777.28,1023.92,1017.78,1319.05,747.47
3140,744.17,985.03,977.01,1259.14,712.07
3141,699.44,920.4,893.5,1171.62,675.38
3142,644.06,840.14,817.35,1068.87,639.17
3143,596.62,766.0,764.31,986.41,576.75
3144,527.69,668.56,681.09,880.57,501.66
3145,503.08,636.66,647.68,829.78,475.71
3146,489.54,618.77,620.57,815.56,466.05
3147,480.92,616.24,611.13,797.77,466.93
3148,489.82,621.72,628.52,797.12,477.03
3149,520.29,655.99,661.56,850.68,494.48
3150,571.57,734.47,734.59,925.61,550.92
3151,625.54,804.16,788.21,1030.06,593.75
3152,647.8,862.29,824.26,1057.09,618.28
3153,648.77,877.72,846.51,1082.89,619.25
3154,646.79,886.54,849.29,1100.97,639.13
3155,658.83,898.22,850.6,1117.95,649.96
3156,661.83,906.61,864.36,1104.31,658.45
3157,667.1,902.02,854.03,1089.22,655.85
3158,666.32,898.11,851.05,1074.92,648.06
3159,678.33,901.45,855.92,1064.65,667.46
3160,707.0,920.18,881.09,1083.25,687.98
3161,746.32,960.16,908.58,1159.23,708.04
3162,765.24,974.74,936.69,1191.46,718.0
3163,755.01,951.02,947.59,1164.27,721.79
3164,721.47,896.49,902.86,1108.89,678.97
3165,666.31,852.79,854.92,1046.4,629.98
3166,616.85,787.78,791.31,961.72,590.79
3167,570.48,728.84,723.94,888.5,544.44
3168,532.58,685.0,686.55,857.49,516.19
3169,517.07,652.89,658.66,817.03,485.26
3170,500.65,629.03,646.9,794.37,472.06
3171,491.58,606.13,633.58,787.31,463.4
3172,495.55,612.28,641.61,807.31,468.79
3173,516.24,640.68,680.65,858.21,499.99
3174,569.64,699.76,743.67,951.25,555.8
3175,620.4,751.21,830.2,1042.3,602.24
3176,657.52,789.17,847.23,1071.01,617.57
3177,673.54,813.27,852.66,1107.72,633.5
3178,682.37,826.89,849.85,1117.07,629.26
3179,685.22,845.63,863.4,1129.27,642.25
3180,672.36,837.07,858.55,1132.28,646.05
3181,664.0,834.76,859.47,1120.33,642.89
3182,656.34,833.83,855.47,1136.23,631.52
3183,669.38,836.9,857.41,1147.02,634.56
3184,687.35,861.2,875.93,1156.04,670.81
3185,732.33,891.35,919.47,1203.07,701.93
3186,763.08,920.04,969.17,1244.78,726.84
3187,761.69,912.53,956.84,1255.53,721.01
3188,728.31,855.04,918.34,1185.89,699.59
3189,681.56,816.62,853.04,1114.37,652.19
3190,631.43,762.47,783.5,1045.1,601.57
3191,582.45,704.88,722.36,959.55,555.58
3192,582.62,729.7,736.86,971.43,558.88
3193,555.66,698.51,693.76,919.62,535.33
3194,555.75,684.14,670.87,881.43,525.71
3195,545.56,686.42,673.54,888.95,512.6
3196,549.05,690.03,671.06,892.49,524.75
3197,571.36,713.84,710.51,924.05,550.3
3198,616.27,792.53,773.86,1010.7,606.25
3199,679.95,860.62,851.09,1065.43,664.3
3200,706.8,905.48,904.53,1117.44,697.68
3201,721.45,928.45,913.96,1132.25,702.35
3202,741.8,928.03,928.11,1145.25,706.61
3203,767.28,934.62,924.51,1155.22,702.05
3204,756.28,921.35,929.41,1139.51,703.73
3205,754.73,912.0,925.15,1154.62,693.71
3206,756.6,909.31,925.58,1138.41,710.36
3207,763.86,925.88,941.51,1154.5,714.79
3208,786.51,971.88,970.32,1186.62,721.2
3209,819.36,1018.13,1019.72,1251.14,752.07
3210,859.81,1048.84,1054.23,1298.04,777.06
3211,853.93,1039.11,1011.78,1298.01,766.79
3212,815.82,991.02,951.34,1203.96,716.17
3213,770.48,921.51,894.38,1128.1,669.0
3214,713.74,851.01,830.15,1054.14,611.48
3215,653.28,768.23,761.19,968.43,553.79
3216,613.55,717.73,727.89,899.78,532.62
3217,591.48,684.46,690.17,859.56,500.42
3218,575.99,673.93,668.16,830.71,486.45
3219,564.52,668.38,656.12,821.07,487.91
3220,563.61,674.35,674.64,855.26,493.69
3221,588.14,718.27,716.2,915.59,517.53
3222,636.61,791.75,807.46,1009.81,558.84
3223,692.66,879.21,888.41,1108.97,599.92
3224,720.92,918.73,938.94,1136.84,633.27
3225,715.89,934.54,947.45,1169.73,662.55
3226,721.33,928.73,969.25,1159.67,663.37
3227,732.08,949.58,972.29,1175.44,659.22
3228,731.61,957.81,973.43,1174.15,653.95
3229,714.88,960.39,963.15,1152.37,653.33
3230,724.02,951.47,963.8,1165.26,650.23
3231,723.45,946.5,970.49,1175.85,664.4
3232,732.32,986.61,994.08,1209.55,692.6
3233,755.93,1029.79,1029.17,1258.38,716.27
3234,782.4,1034.86,1064.61,1281.21,732.29
3235,784.36,1032.29,1069.39,1276.56,721.94
3236,759.77,971.65,1030.05,1196.85,702.89
3237,711.99,923.9,954.58,1136.43,645.72
3238,646.51,861.41,896.08,1048.06,598.33
3239,586.95,769.78,816.95,967.62,550.63
3240,546.18,728.98,752.61,919.83,519.96
3241,518.46,692.62,705.96,866.83,499.54
3242,494.46,678.98,670.91,846.48,481.25
3243,489.24,659.94,668.12,828.06,471.49
3244,500.24,657.33,677.42,847.68,477.35
3245,525.97,699.52,709.53,899.92,504.93
3246,582.22,751.58,782.2,979.36,558.65
3247,628.2,819.71,853.94,1089.48,602.9
3248,643.36,859.15,907.3,1147.36,643.45
3249,652.23,884.61,915.55,1181.01,650.21
3250,669.58,897.09,924.18,1189.17,670.21
3251,685.52,930.17,930.59,1182.89,666.62
3252,682.12,941.73,946.52,1194.03,659.09
3253,686.05,929.24,925.12,1166.54,658.36
3254,683.42,926.15,927.12,1167.63,666.27
3255,702.81,925.88,941.87,1182.75,674.93
3256,726.74,953.69,960.29,1230.12,698.92
3257,755.95,1021.38,1003.7,1288.83,717.37
3258,789.86,1063.88,1032.4,1322.52,741.5
3259,775.12,1050.95,1040.1,1292.19,737.27
3260,732.79,989.46,985.97,1233.4,703.22
3261,674.23,898.74,936.27,1153.29,648.32
3262,624.41,828.08,859.76,1067.34,599.06
3263,571.87,751.48,774.83,976.95,546.51
3264,538.03,712.9,729.6,931.27,516.6
3265,509.6,669.28,684.67,875.22,496.67
3266,505.74,658.46,659.12,853.01,489.47
3267,496.55,648.22,656.77,863.64,483.51
3268,498.92,652.33,670.81,888.63,496.28
3269,533.51,689.72,721.48,927.45,512.55
3270,596.8,754.82,792.32,994.84,553.99
3271,653.06,823.67,861.05,1099.42,608.26
3272,665.64,851.04,889.14,1154.83,613.65
3273,674.07,873.97,917.52,1165.79,621.03
3274,685.97,865.43,919.8,1197.7,624.93
3275,692.76,874.34,926.7,1234.06,633.71
3276,705.65,881.92,928.33,1232.35,642.07
3277,686.96,883.8,899.23,1207.84,638.48
3278,692.47,890.23,897.85,1224.78,644.61
3279,693.64,913.1,909.09,1240.98,658.91
3280,724.89,941.79,941.27,1297.49,677.59
3281,757.44,1014.94,976.07,1361.13,718.3
3282,793.42,1042.97,1016.73,1425.13,736.18
3283,779.58,1008.45,978.03,1419.53,725.21
3284,732.63,939.59,932.1,1376.79,700.72
3285,676.86,860.6,877.45,1262.13,654.23
3286,620.09,795.11,819.44,1168.7,605.14
3287,561.31,714.26,765.92,1080.78,559.62
3288,536.91,663.87,726.21,1032.55,530.04
3289,519.44,639.4,689.76,976.52,505.21
3290,507.72,610.87,677.4,940.17,495.22
3291,494.73,605.8,681.1,927.35,492.08
3292,500.8,623.02,691.63,938.44,492.61
3293,523.01,667.47,734.57,992.63,516.98
3294,585.99,737.87,817.02,1086.88,567.54
3295,641.63,792.61,878.03,1180.74,619.88
3296,672.08,817.58,909.09,1233.76,642.9
3297,681.89,851.64,926.65,1226.72,657.24
3298,671.85,878.61,922.42,1242.05,660.4
3299,672.62,883.38,927.87,1241.54,668.68
3300,664.29,893.75,941.97,1255.03,665.09
3301,662.28,893.67,934.05,1258.92,664.89
3302,664.19,890.06,931.73,1250.35,673.0
3303,665.02,910.19,935.74,1251.21,678.25
3304,682.23,926.27,966.29,1295.1,703.29
3305,729.62,976.55,1009.17,1342.8,737.81
3306,747.57,1018.52,1031.76,1419.98,759.69
3307,733.87,1007.45,1027.39,1430.01,747.47
3308,701.41,956.88,966.19,1365.09,717.33
3309,652.43,912.45,894.82,1267.38,661.49
3310,599.99,833.0,837.66,1148.2,614.61
3311,554.59,754.54,766.94,1043.09,570.54
3312,496.92,651.51,675.98,913.44,497.97
3313,462.84,618.66,641.47,857.91,470.83
3314,451.77,602.07,614.69,836.27,460.57
3315,446.91,588.95,606.96,813.51,458.76
3316,453.21,605.97,602.47,819.74,467.6
3317,476.78,639.36,653.55,849.79,486.11
3318,523.18,708.78,706.58,926.54,536.17
3319,578.96,760.67,776.22,1015.91,588.67
3320,600.35,790.22,807.04,1050.49,626.8
3321,612.25,822.52,811.26,1080.2,640.33
3322,619.12,841.41,828.97,1086.43,646.2
3323,626.8,854.06,835.09,1100.51,640.53
3324,626.23,865.21,826.34,1102.74,626.77
3325,628.61,863.29,795.25,1078.14,634.71
3326,628.9,865.2,794.39,1081.61,649.94
3327,636.68,876.42,822.95,1099.4,651.04
3328,654.91,905.28,862.41,1111.28,660.56
3329,677.48,941.63,887.1,1148.05,696.14
3330,695.25,993.61,933.52,1204.89,732.06
3331,681.34,1009.7,928.72,1216.34,727.77
3332,654.65,964.34,893.76,1159.72,687.66
3333,608.68,899.77,848.5,1096.84,631.06
3334,555.18,848.99,771.06,994.08,565.71
3335,511.39,778.18,700.63,910.73,516.79
3336,485.64,736.33,673.76,863.83,489.43
3337,452.73,701.11,637.92,819.73,470.32
3338,451.98,681.03,619.27,789.05,455.93
3339,447.01,666.97,601.62,787.86,449.48
3340,453.15,679.31,609.46,775.91,449.66
3341,484.11,701.02,648.45,827.75,470.91
3342,533.46,777.96,729.04,908.57,518.42
3343,578.15,859.96,801.88,995.21,575.86
3344,619.17,890.19,834.26,1043.44,595.84
3345,623.3,901.08,847.54,1051.51,612.03
3346,628.93,926.69,864.41,1075.07,628.6
3347,641.84,930.27,871.43,1083.86,637.07
3348,633.57,921.26,867.52,1080.58,638.44
3349,627.06,918.83,839.22,1050.94,641.9
3350,630.39,904.6,831.72,1062.17,650.32
3351,655.19,889.86,838.3,1085.8,663.82
3352,666.29,914.14,860.71,1123.25,684.74
3353,696.67,949.8,900.54,1140.0,717.58
3354,726.86,973.82,946.12,1215.63,728.41
3355,720.69,956.56,913.65,1208.66,721.48
3356,678.99,908.19,879.21,1156.64,698.51
3357,638.84,847.52,823.05,1090.77,646.34
3358,589.79,760.95,743.94,989.47,588.26
3359,542.79,704.63,685.44,905.1,552.26
3360,556.28,713.17,693.91,932.62,557.21
3361,534.77,676.15,646.84,892.09,534.79
3362,522.6,657.25,632.61,862.79,520.37
3363,516.6,656.0,629.2,863.75,509.55
3364,515.82,667.75,636.57,885.15,509.97
3365,541.43,721.92,676.38,924.85,532.45
3366,596.45,773.68,739.37,1021.26,579.22
3367,646.84,852.81,809.56,1111.12,626.6
3368,673.95,898.61,844.9,1140.38,655.59
3369,680.12,885.16,869.21,1166.42,663.53
3370,699.06,901.04,867.12,1192.56,682.58
3371,722.73,909.22,903.39,1192.47,702.53
3372,717.78,908.47,888.13,1204.19,687.0
3373,712.68,900.34,896.48,1196.75,681.07
3374,709.2,905.31,898.44,1202.33,665.92
3375,725.11,910.35,908.32,1216.04,657.98
3376,747.82,929.12,947.25,1258.99,669.31
3377,781.36,984.93,982.59,1335.72,708.26
3378,805.11,1020.53,1001.06,1357.47,754.2
3379,797.46,1022.23,1006.66,1338.87,745.86
3380,752.3,1008.42,986.2,1290.34,723.67
3381,708.8,928.02,950.74,1216.55,668.78
3382,647.1,846.28,881.53,1124.99,614.51
3383,595.45,768.31,782.78,1032.52,550.84
3384,560.28,724.49,740.03,997.91,512.44
3385,538.84,702.99,710.41,954.28,479.05
3386,523.77,687.98,694.12,919.5,467.81
3387,521.89,686.85,689.7,901.82,469.31
3388,521.95,710.03,705.44,909.9,468.48
3389,552.24,728.76,746.58,969.1,500.57
3390,604.59,797.26,817.83,1043.92,552.48
3391,659.76,861.88,876.73,1133.6,609.59
3392,686.49,901.63,905.25,1212.44,623.13
3393,706.47,907.78,929.59,1242.17,633.11
3394,695.25,934.06,950.57,1233.19,631.39
3395,703.92,936.52,973.4,1223.21,635.08
3396,690.75,927.3,976.09,1218.78,645.09
3397,693.78,906.68,953.81,1217.64,644.22
3398,677.0,892.68,958.56,1242.39,644.35
3399,675.47,901.77,953.97,1266.13,661.5
3400,681.35,922.02,986.86,1311.07,674.83
3401,729.08,970.05,1019.63,1354.33,706.93
3402,743.82,999.84,1064.17,1399.0,728.74
3403,739.56,998.01,1061.64,1386.14,722.23
3404,703.69,957.91,1007.08,1308.18,694.16
3405,645.29,909.42,946.87,1234.95,652.94
3406,594.25,846.1,877.61,1115.48,606.29
3407,550.3,769.62,799.26,1011.94,558.72
3408,517.85,737.16,752.11,940.56,525.73
3409,499.5,695.97,713.98,906.53,500.74
3410,485.24,670.6,681.35,880.9,492.21
3411,479.69,668.79,668.57,883.6,495.4
3412,484.53,667.35,696.63,912.04,494.74
3413,513.09,696.94,736.5,949.25,528.38
3414,578.43,753.05,792.5,1030.15,584.85
3415,633.87,807.68,868.14,1148.38,630.65
3416,661.79,846.48,909.72,1175.59,647.94
3417,669.92,855.27,929.34,1200.83,674.59
3418,670.47,884.03,945.11,1243.77,683.15
3419,689.48,909.7,964.84,1252.25,698.4
3420,680.15,913.89,984.92,1267.74,700.98
3421,666.46,898.01,988.03,1259.4,691.17
3422,666.31,898.24,987.0,1252.29,691.05
3423,669.93,904.62,974.71,1262.04,701.62
3424,706.65,943.98,981.66,1303.21,724.14
3425,718.64,965.6,1035.02,1372.2,760.57
3426,748.67,999.08,1073.76,1419.12,783.42
3427,749.52,992.5,1062.26,1393.69,752.76
3428,707.6,954.94,1030.42,1313.32,720.11
3429,658.16,902.32,950.42,1239.7,686.3
3430,611.27,828.48,863.24,1131.8,634.24
3431,571.72,764.68,782.95,1044.96,580.23
3432,532.2,711.65,737.46,980.54,560.38
3433,496.88,686.66,692.35,935.97,538.88
3434,490.8,672.09,674.89,909.96,522.62
3435,493.85,662.14,663.51,900.9,518.86
3436,498.43,679.83,671.24,930.8,524.59
3437,510.78,709.02,704.67,961.35,547.09
3438,572.84,763.98,761.37,1028.03,592.64
3439,623.78,839.09,837.95,1096.24,646.81
3440,659.09,875.3,882.99,1151.89,676.79
3441,671.9,889.41,881.94,1161.42,691.52
3442,675.42,891.15,885.76,1157.86,688.58
3443,678.41,905.63,900.29,1174.54,702.19
3444,690.85,915.74,903.5,1151.83,702.56
3445,695.59,896.98,878.85,1141.69,704.29
3446,677.33,882.29,880.41,1157.27,707.51
3447,676.26,899.53,882.41,1160.28,719.38
3448,711.25,914.09,924.02,1183.03,718.78
3449,740.89,973.22,976.6,1260.6,742.31
3450,754.71,1025.95,1029.84,1303.11,747.78
3451,748.7,1009.91,1011.76,1285.39,724.42
3452,715.62,992.94,975.12,1215.83,683.95
3453,669.71,925.79,905.53,1142.88,639.47
3454,614.49,852.15,841.97,1076.67,591.35
3455,561.12,778.73,769.77,994.18,541.49
3456,525.71,738.34,715.29,934.22,506.22
3457,502.76,708.48,675.23,895.29,483.17
3458,485.49,692.12,657.04,862.56,471.93
3459,478.1,676.44,655.21,850.96,462.6
3460,484.38,682.14,653.47,874.49,461.56
3461,518.93,704.39,709.07,944.35,495.96
3462,573.81,765.45,783.46,1036.27,538.27
3463,625.41,837.37,856.04,1152.54,598.93
3464,656.01,872.78,894.6,1212.37,612.88
3465,672.48,884.63,907.74,1236.03,617.99
3466,687.83,896.52,915.44,1242.13,630.1
3467,698.14,897.66,938.47,1260.09,652.07
3468,712.15,898.22,922.25,1263.77,643.76
3469,714.84,891.14,916.99,1244.77,634.6
3470,712.63,902.75,926.95,1231.96,636.8
3471,714.37,922.98,948.91,1259.48,637.18
3472,740.86,937.96,956.97,1301.02,674.47
3473,778.1,977.47,1005.23,1362.1,705.56
3474,802.88,991.41,1018.88,1423.39,725.98
3475,780.57,1008.56,1004.05,1392.63,715.25
3476,729.56,940.33,962.29,1316.26,675.78
3477,685.68,881.02,902.06,1241.07,639.7
3478,637.82,798.22,829.49,1126.13,583.52
3479,589.03,733.17,765.53,1024.21,531.69
3480,507.09,646.77,676.69,894.68,458.19
3481,487.98,621.07,645.13,854.01,432.87
3482,471.93,601.4,622.66,818.51,425.35
3483,467.47,599.71,611.77,829.67,416.47
3484,475.55,603.27,622.83,830.65,428.44
3485,495.27,628.61,660.71,865.11,450.66
3486,540.62,686.0,727.7,958.04,495.54
3487,575.01,742.96,782.01,1033.9,530.37
3488,592.83,792.61,809.93,1068.88,560.83
3489,592.13,818.7,828.65,1100.22,577.45
3490,602.79,833.92,823.58,1106.07,587.95
3491,610.44,821.91,829.79,1128.71,588.85
3492,618.64,822.44,826.22,1127.73,588.36
3493,616.2,822.4,827.86,1120.55,576.06
3494,612.05,805.61,839.22,1121.77,579.37
3495,621.49,825.24,837.55,1150.13,585.6
3496,637.06,838.99,877.01,1187.27,618.23
3497,672.69,879.92,934.93,1242.69,647.07
3498,699.98,916.07,962.09,1273.54,672.46
3499,686.03,908.52,951.12,1233.8,668.22
3500,657.0,870.36,903.11,1181.75,638.86
3501,616.3,821.1,838.14,1112.9,610.19
3502,566.88,769.21,759.59,1029.0,566.98
3503,525.46,717.86,673.91,943.05,526.8
3504,505.11,688.34,636.67,872.14,484.92
3505,478.13,655.07,619.22,834.51,469.49
3506,463.8,622.55,595.49,796.0,460.4
3507,445.34,606.19,593.0,794.66,448.25
3508,451.17,611.13,596.97,819.84,452.57
3509,473.01,648.94,630.52,867.29,481.82
3510,507.21,724.48,692.81,940.55,525.65
3511,556.96,786.61,761.47,1046.21,577.03
3512,585.97,812.86,799.22,1078.5,610.8
3513,593.43,830.46,821.98,1096.17,627.43
3514,597.89,841.0,838.42,1094.52,624.04
3515,597.86,856.46,859.74,1105.7,627.99
3516,605.49,864.17,848.57,1130.57,625.54
3517,589.65,853.21,834.82,1105.91,617.93
3518,589.21,827.71,846.1,1118.06,621.12
3519,611.75,832.35,844.85,1143.36,621.09
3520,630.96,826.17,879.79,1184.02,635.49
3521,665.41,865.64,922.09,1236.13,652.07
3522,688.84,930.07,967.62,1277.74,675.8
3523,673.94,937.12,960.92,1249.26,689.68
3524,645.68,900.66,917.31,1188.58,648.89
3525,608.83,866.07,858.77,1103.65,608.03
3526,555.33,788.09,776.36,1017.0,560.25
3527,511.84,724.86,715.04,932.99,507.4
3528,526.97,739.84,723.93,952.75,510.8
3529,508.3,697.37,696.61,885.04,486.73
3530,485.93,674.53,682.25,869.57,479.28
3531,474.37,671.1,665.17,849.26,474.21
3532,471.9,681.73,673.79,858.74,470.51
3533,504.83,712.3,713.05,901.05,502.75
3534,560.58,782.14,784.38,993.72,555.35
3535,617.7,859.89,864.52,1091.64,596.41
3536,637.11,893.04,900.34,1140.84,623.53
3537,641.4,902.57,919.16,1156.57,641.5
3538,649.65,915.71,911.72,1158.6,646.79
3539,658.04,923.03,928.35,1181.3,664.67
3540,652.2,924.36,940.47,1190.06,655.67
3541,648.51,902.47,923.8,1182.12,651.09
3542,655.03,902.4,912.98,1175.22,645.91
3543,664.23,907.58,918.48,1176.46,666.98
3544,675.52,918.01,965.32,1236.1,673.2
3545,689.8,980.76,1030.32,1312.06,705.2
3546,714.34,1018.15,1066.77,1359.4,734.49
3547,711.91,1012.88,1043.91,1379.72,724.19
3548,680.68,979.27,989.37,1341.87,696.03
3549,635.75,931.98,912.51,1269.44,655.74
3550,582.99,869.02,832.29,1167.35,612.61
3551,540.58,788.34,767.23,1082.51,562.17
3552,509.84,745.25,723.91,1023.23,524.81
3553,486.98,703.14,684.73,959.68,497.11
3554,469.82,682.76,670.41,918.04,483.75
3555,461.33,676.48,665.19,902.08,485.61
3556,469.93,694.61,687.46,929.56,483.06
3557,489.77,721.07,716.47,980.01,508.5
3558,531.89,799.84,802.68,1077.36,551.94
3559,580.14,875.5,885.73,1192.43,611.44
3560,616.22,899.88,914.03,1232.53,645.12
3561,631.99,948.86,937.17,1242.13,657.69
3562,651.75,954.84,939.77,1268.37,665.59
3563,658.1,975.43,960.34,1264.82,654.63
3564,656.67,972.32,963.06,1267.11,648.26
3565,640.26,964.72,947.43,1255.77,645.94
3566,637.27,972.07,958.2,1229.31,645.03
3567,657.0,979.32,968.35,1229.04,664.72
3568,679.89,1004.95,984.99,1260.94,683.87
3569,719.14,1064.13,1028.69,1329.45,725.06
3570,751.93,1112.36,1076.05,1357.0,751.92
3571,745.69,1129.08,1067.76,1336.29,761.36
3572,711.8,1078.57,1013.28,1281.78,737.87
3573,667.82,985.86,945.21,1178.37,684.65
3574,621.22,891.63,877.56,1059.96,624.79
3575,572.03,819.38,815.21,974.24,578.12
3576,541.43,762.51,760.65,926.44,549.54
3577,515.67,711.91,726.83,875.83,521.1
3578,497.56,702.21,712.72,867.97,508.45
3579,489.41,678.77,709.77,872.37,508.76
3580,490.35,674.08,728.75,891.62,523.89
3581,522.77,711.23,756.17,939.09,550.23
3582,560.53,793.75,829.39,1043.48,608.39
3583,610.62,873.75,905.04,1124.89,671.64
3584,655.61,897.0,946.65,1166.19,699.42
3585,665.86,922.98,973.03,1189.17,708.17
3586,663.24,920.21,988.06,1213.75,717.12
3587,670.01,932.43,985.42,1202.01,720.24
3588,680.97,898.04,970.43,1210.52,709.05
3589,673.04,876.84,958.9,1183.34,697.38
3590,677.97,882.88,962.67,1191.7,688.32
3591,685.09,891.44,954.16,1201.92,705.88
3592,701.42,923.51,976.59,1237.86,737.25
3593,761.71,921.62,1023.84,1275.81,776.45
3594,787.98,975.69,1059.76,1300.87,802.62
3595,774.84,980.81,1060.53,1292.78,802.38
3596,735.79,964.86,1001.34,1251.78,762.57
3597,691.22,898.03,939.96,1169.88,714.87
3598,639.72,838.66,863.9,1075.8,655.04
3599,590.22,774.07,807.81,974.24,597.01
3600,555.41,728.86,744.15,927.83,568.39
3601,518.6,697.75,715.94,874.85,543.85
3602,507.98,680.57,684.1,868.55,528.93
3603,498.87,677.05,678.0,850.08,526.16
3604,503.33,684.24,687.43,856.61,525.3
3605,520.13,720.7,712.58,913.63,544.39
3606,568.28,785.3,776.07,985.75,600.84
3607,614.79,852.47,848.54,1087.41,648.87
3608,640.7,890.54,892.58,1163.17,670.16
3609,642.5,911.96,913.06,1198.81,685.93
3610,650.35,925.15,908.28,1208.51,687.44
3611,658.75,943.91,911.87,1230.77,681.52
3612,650.61,934.93,928.84,1260.09,673.3
3613,640.69,917.23,916.83,1245.83,643.5
3614,635.33,898.95,893.64,1210.97,650.57
3615,650.72,923.24,894.2,1213.38,651.93
3616,649.73,972.5,905.35,1235.04,686.34
3617,679.6,1021.66,934.11,1281.89,714.16
3618,691.43,1065.08,983.05,1309.6,717.46
3619,684.8,1045.07,968.89,1301.59,702.71
3620,665.43,1000.42,921.98,1265.22,680.27
3621,620.44,951.74,865.97,1205.07,646.8
3622,575.64,879.7,796.6,1128.21,596.95
3623,523.42,791.04,725.78,1022.06,539.16
3624,507.18,748.65,670.67,965.72,513.24
3625,489.28,711.54,633.43,931.36,484.8
3626,484.34,699.91,623.31,914.02,478.75
3627,470.71,703.18,620.37,894.96,476.57
3628,471.34,711.49,625.84,894.94,488.38
3629,504.14,751.77,650.46,941.93,518.21
3630,554.15,834.52,709.57,1030.29,564.63
3631,603.62,899.06,781.19,1132.04,610.65
3632,632.51,932.32,811.03,1216.05,636.62
3633,636.11,931.06,828.33,1240.88,657.79
3634,649.99,942.35,848.13,1231.64,659.74
3635,657.5,958.81,844.76,1246.93,671.89
3636,662.38,961.66,838.19,1215.77,676.96
3637,651.35,956.19,824.32,1232.07,674.24
3638,656.46,946.36,842.37,1229.09,665.76
3639,657.83,945.27,848.81,1234.11,682.98
3640,685.78,986.91,872.09,1257.36,685.58
3641,728.3,1039.84,897.75,1307.56,720.7
3642,762.63,1070.9,942.24,1360.92,755.3
3643,760.34,1067.87,938.95,1354.29,757.2
3644,732.19,1010.93,901.87,1299.92,722.98
3645,663.07,934.71,844.64,1218.47,674.02
3646,618.13,865.37,763.51,1125.04,615.3
3647,564.24,791.24,705.08,1024.88,563.65
3648,494.6,696.62,627.33,912.87,489.97
3649,468.93,680.77,594.74,866.06,470.38
3650,449.37,665.24,581.43,835.83,456.09
3651,441.04,656.45,579.58,841.11,443.48
3652,451.19,679.51,583.2,858.66,441.61
3653,483.62,706.76,615.93,884.61,460.98
3654,528.01,774.26,690.31,979.75,508.12
3655,569.95,838.11,742.64,1072.76,553.97
3656,604.79,870.52,792.55,1115.05,585.12
3657,610.36,909.73,818.39,1153.36,595.64
3658,632.18,895.93,812.02,1192.88,592.79
3659,638.24,916.33,807.34,1201.82,604.2
3660,631.11,900.36,813.02,1205.06,595.96
3661,632.3,873.92,807.96,1187.12,595.65
3662,644.49,871.87,801.77,1178.34,588.22
3663,638.84,878.99,824.11,1207.27,597.62
3664,668.87,900.74,858.99,1246.44,636.7
3665,696.7,930.18,909.07,1299.81,657.0
3666,733.1,971.7,922.85,1337.45,678.05
3667,722.05,948.54,911.34,1330.24,687.72
3668,676.8,915.02,894.57,1264.8,658.75
3669,636.95,886.47,822.98,1190.31,604.21
3670,593.22,804.15,761.8,1071.83,562.32
3671,555.65,738.51,702.35,1007.85,510.88
3672,531.9,697.64,666.84,941.28,486.39
3673,508.14,651.19,630.74,881.91,455.7
3674,492.0,634.88,602.45,863.65,446.69
3675,481.08,634.2,591.59,843.17,443.25
3676,484.45,649.76,607.71,867.2,444.67
3677,503.79,689.01,646.23,918.75,470.97
3678,551.29,752.0,706.45,1015.7,512.42
3679,582.63,818.7,775.88,1080.78,551.78
3680,608.06,843.46,816.16,1136.83,583.01
3681,619.8,872.41,824.81,1149.6,603.12
3682,644.85,872.7,825.19,1180.47,607.91
3683,655.69,869.69,831.97,1172.56,617.12
3684,650.7,863.98,834.04,1180.77,613.11
3685,647.55,874.01,844.21,1171.35,600.66
3686,637.13,857.12,847.17,1185.33,604.73
3687,638.02,875.42,852.34,1193.58,606.67
3688,641.43,909.08,889.62,1213.95,627.03
3689,683.33,945.13,923.92,1268.17,659.4
3690,712.37,981.42,944.88,1321.4,694.8
3691,695.85,955.6,936.16,1308.5,693.32
3692,665.06,919.12,883.41,1240.89,668.05
3693,629.8,865.99,804.15,1154.48,634.61
3694,583.95,791.65,745.72,1064.03,586.33
3695,536.72,727.11,674.76,972.22,540.14
3696,537.22,738.55,675.72,988.34,551.32
3697,506.89,707.79,644.96,951.6,531.12
3698,494.41,695.58,639.0,939.93,511.23
3699,493.21,695.07,631.92,921.05,501.12
3700,494.55,702.88,638.43,926.57,504.4
3701,513.51,744.47,661.2,984.81,518.59
3702,573.0,826.64,724.23,1090.59,568.59
3703,618.03,917.89,792.12,1197.38,616.07
3704,652.41,955.15,836.56,1253.56,658.15
3705,667.2,966.91,864.58,1294.94,680.34
3706,680.53,967.27,882.8,1297.43,683.73
3707,700.63,974.18,888.02,1303.98,685.91
3708,704.91,953.44,879.03,1302.93,692.15
3709,702.86,932.1,861.32,1245.52,678.5
3710,693.77,940.11,865.98,1247.01,670.5
3711,693.58,972.14,862.12,1257.39,678.33
3712,717.98,1015.05,885.88,1254.19,692.17
3713,763.66,1053.06,936.64,1300.84,721.8
3714,801.58,1104.57,975.34,1372.37,756.17
3715,812.98,1097.27,968.33,1330.27,728.83
3716,777.09,1041.23,915.1,1303.4,699.42
3717,726.3,988.26,862.25,1219.22,647.94
3718,674.65,918.86,800.18,1107.18,585.24
3719,615.29,847.76,739.28,1028.4,535.09
3720,576.41,802.82,693.59,957.75,519.68
3721,539.79,769.6,657.07,921.07,488.5
3722,530.13,744.83,631.91,897.31,477.57
3723,515.04,730.27,613.8,898.06,467.74
3724,523.46,733.0,624.22,915.75,483.6
3725,540.55,777.58,658.2,963.16,516.42
3726,600.89,857.57,723.22,1040.76,579.2
3727,646.16,943.09,782.15,1121.1,630.57
3728,678.38,975.67,831.59,1167.68,650.84
3729,677.79,989.24,835.8,1174.27,661.09
3730,680.06,996.19,851.45,1205.77,675.59
3731,695.55,1003.58,856.57,1215.09,673.67
3732,687.95,998.62,859.12,1219.93,674.49
3733,681.17,1002.9,852.87,1185.89,678.34
3734,676.65,1002.24,846.32,1204.76,658.94
3735,664.08,979.63,864.58,1244.5,670.65
3736,686.3,999.57,891.37,1272.75,683.01
3737,722.5,1048.55,935.47,1312.39,709.18
3738,738.47,1087.05,969.71,1372.79,746.66
3739,737.89,1077.46,952.87,1365.0,733.62
3740,699.34,1027.15,941.09,1318.52,703.73
3741,647.43,978.16,877.17,1244.22,641.38
3742,598.11,892.54,803.98,1132.91,607.21
3743,543.93,823.78,757.1,1049.86,550.21
3744,527.57,784.7,702.72,980.43,526.15
3745,492.56,753.39,673.55,913.31,499.74
3746,484.88,750.62,673.48,897.61,493.04
3747,484.61,731.18,666.53,875.08,466.23
3748,479.42,733.7,677.27,915.49,478.83
3749,494.54,774.04,714.41,957.04,513.14
3750,549.12,854.69,770.4,1039.36,570.18
3751,596.56,936.18,847.2,1126.19,631.33
3752,625.68,965.42,892.77,1152.09,654.37
3753,648.31,978.5,909.68,1149.84,652.58
3754,652.28,1003.98,907.87,1167.4,655.89
3755,650.74,1018.87,921.42,1188.85,647.89
3756,629.81,1023.74,934.15,1195.78,651.73
3757,627.53,1020.42,925.53,1172.64,650.13
3758,622.05,1037.33,915.43,1172.07,664.74
3759,632.87,1041.66,925.26,1181.33,660.23
3760,655.11,1071.44,941.88,1222.59,685.5
3761,675.64,1098.13,965.41,1280.06,714.15
3762,717.84,1129.99,1006.14,1332.61,745.35
3763,722.95,1121.52,987.65,1315.31,730.11
3764,699.78,1077.77,924.8,1257.87,696.63
3765,646.34,998.42,869.9,1184.98,646.88
3766,594.06,904.87,802.1,1090.88,605.01
3767,541.29,819.61,736.18,999.35,551.98
3768,507.95,754.06,699.27,937.93,513.85
3769,477.42,708.5,662.0,885.76,491.65
3770,469.04,689.84,646.83,857.26,467.94
3771,465.3,685.26,641.71,839.64,461.84
3772,474.64,706.92,656.09,862.17,470.78
3773,497.35,745.33,683.03,912.8,496.74
3774,556.98,812.21,744.74,1015.15,540.12
3775,609.66,888.26,822.27,1112.12,584.12
3776,614.39,921.15,874.75,1168.42,604.78
3777,623.25,951.32,893.77,1204.89,609.65
3778,630.72,972.1,903.54,1243.91,621.07
3779,646.4,961.71,893.15,1248.51,638.99
3780,645.26,958.52,905.87,1260.93,659.76
3781,638.39,972.53,899.23,1245.6,644.17
3782,634.46,984.98,891.24,1231.93,640.85
3783,647.57,990.47,905.39,1264.04,639.73
3784,663.8,981.57,925.49,1326.02,654.28
3785,691.03,1036.07,965.62,1394.16,685.39
3786,710.74,1077.74,999.81,1469.55,712.21
3787,711.51,1066.09,997.42,1447.66,692.08
3788,677.54,1029.08,974.45,1406.68,669.07
3789,622.6,965.96,912.07,1313.64,630.02
3790,580.82,896.07,831.66,1192.56,594.25
3791,528.7,817.24,763.51,1088.59,540.19
3792,501.57,768.83,712.02,1030.2,501.51
3793,480.69,733.92,668.7,962.21,471.2
3794,476.56,711.58,643.29,932.38,461.02
3795,477.05,691.85,630.79,923.54,456.24
3796,480.39,690.58,623.02,935.81,450.21
3797,505.18,729.68,657.78,977.98,475.37
3798,547.52,794.84,718.41,1075.94,533.63
3799,610.89,858.58,794.78,1170.82,601.58
3800,640.23,887.98,815.98,1207.6,609.59
3801,664.33,914.66,830.75,1249.03,627.44
3802,668.0,900.82,827.45,1300.79,633.64
3803,657.82,883.51,836.06,1287.23,640.25
3804,670.84,888.9,833.87,1276.18,643.71
3805,665.16,880.86,836.1,1270.24,643.58
3806,666.21,900.35,840.54,1245.36,638.9
3807,673.06,907.48,854.33,1248.92,652.96
3808,697.73,918.51,871.76,1301.5,667.9
3809,734.6,967.56,911.94,1382.09,710.23
3810,745.94,1008.62,936.73,1416.45,731.51
3811,749.34,1006.43,922.02,1389.93,734.47
3812,711.92,968.7,873.56,1323.16,691.32
3813,662.81,932.65,814.4,1227.47,647.57
3814,624.14,856.63,751.04,1157.06,598.21
3815,577.29,788.42,675.19,1077.77,546.6
3816,502.75,691.47,595.17,937.41,481.64
3817,467.28,644.14,565.56,892.78,455.51
3818,456.21,618.97,552.02,878.03,451.38
3819,453.09,604.92,557.21,869.78,450.09
3820,458.52,611.83,588.47,870.15,450.58
3821,475.34,635.61,604.98,917.96,472.14
3822,518.11,713.71,661.05,1008.65,511.79
3823,557.06,778.99,719.76,1098.79,561.68
3824,582.79,802.97,742.33,1136.11,588.31
3825,601.32,813.26,761.65,1164.35,593.17
3826,615.34,823.83,769.76,1175.55,601.15
3827,615.95,827.16,781.38,1172.69,609.53
3828,618.1,818.02,787.22,1170.68,606.58
3829,616.54,799.88,788.0,1129.37,605.55
3830,612.81,802.65,792.56,1133.14,595.07
3831,617.89,831.63,802.91,1142.85,600.32
3832,652.36,827.59,821.91,1160.89,630.91
3833,683.94,865.29,864.13,1208.61,660.03
3834,715.1,900.11,904.6,1274.87,674.11
3835,704.37,886.07,894.05,1280.63,672.76
3836,673.37,875.56,856.03,1208.51,645.41
3837,617.17,823.47,803.32,1131.77,615.56
3838,569.09,744.71,743.35,1032.79,569.0
3839,528.66,686.33,669.08,976.64,523.79
3840,509.75,639.49,630.2,930.16,485.62
3841,490.71,616.56,601.36,873.09,460.7
3842,480.74,602.4,576.15,846.21,456.04
3843,473.44,604.9,569.38,848.25,445.07
3844,475.25,606.54,579.01,833.55,446.65
3845,498.29,642.86,597.26,869.13,469.59
3846,550.94,722.84,674.22,970.58,527.88
3847,594.31,786.55,739.28,1061.21,579.69
3848,624.78,809.58,781.97,1129.51,604.17
3849,628.74,823.16,795.21,1141.24,618.77
3850,620.84,834.73,804.92,1127.04,635.82
3851,619.1,839.98,803.69,1149.71,635.82
3852,606.85,845.85,801.41,1145.25,630.74
3853,591.65,850.44,792.58,1137.03,626.41
3854,601.3,841.97,798.46,1131.8,625.25
3855,606.43,834.49,821.1,1164.69,623.81
3856,626.46,850.25,827.15,1192.2,637.25
3857,665.81,873.74,863.81,1237.48,668.77
3858,700.35,898.68,907.82,1255.67,684.09
3859,689.87,890.94,897.59,1245.7,686.04
3860,670.33,836.1,845.0,1195.66,660.89
3861,629.98,786.64,805.48,1115.6,627.04
3862,580.48,727.8,757.49,1042.71,583.05
3863,533.84,654.91,700.09,958.99,531.6
3864,530.76,663.55,709.73,967.23,541.67
3865,499.98,620.03,674.75,913.85,507.61
3866,486.62,612.17,654.46,902.42,491.87
3867,483.86,604.4,650.72,896.89,487.8
3868,488.06,618.89,665.9,917.9,488.55
3869,513.01,665.87,690.05,978.86,522.54
3870,570.99,740.5,769.24,1092.56,574.46
3871,633.1,809.14,834.08,1174.38,626.92
3872,664.59,847.45,870.42,1208.4,659.41
3873,686.79,860.32,885.18,1235.98,674.62
3874,688.77,869.64,896.51,1263.81,679.28
3875,691.68,898.91,905.26,1267.66,679.39
3876,693.1,892.58,919.8,1281.93,683.18
3877,682.86,883.24,904.09,1252.87,676.23
3878,677.81,886.28,906.41,1250.22,659.68
3879,696.9,899.22,924.0,1253.56,661.39
3880,713.91,933.75,962.02,1298.13,688.17
3881,737.58,963.09,986.05,1355.72,721.27
3882,767.41,991.49,1036.91,1386.65,740.11
3883,776.04,982.42,1038.19,1375.56,720.27
3884,741.26,943.67,998.88,1304.95,695.0
3885,702.31,890.91,926.2,1217.92,669.76
3886,642.72,825.9,834.2,1129.13,620.53
3887,583.85,756.79,763.23,1023.51,570.67
3888,544.2,705.76,719.87,976.48,540.36
3889,515.97,661.92,670.29,929.78,527.57
3890,512.79,635.93,650.51,901.14,509.62
3891,498.16,635.26,639.44,891.42,503.94
3892,513.58,657.15,646.93,934.45,507.82
3893,533.06,684.48,690.82,955.63,535.34
3894,583.74,740.21,743.73,1051.33,588.81
3895,642.0,804.81,808.61,1169.66,639.69
3896,672.31,841.94,835.04,1201.89,679.68
3897,686.46,853.9,859.86,1217.87,688.59
3898,678.53,861.0,883.73,1259.66,693.01
3899,687.19,878.14,908.02,1261.08,698.68
3900,678.05,883.08,904.11,1258.36,691.64
3901,691.45,870.24,917.62,1257.62,693.41
3902,688.28,856.87,918.22,1262.37,695.66
3903,695.15,865.08,949.44,1263.57,706.78
3904,704.36,903.92,960.87,1321.28,717.58
3905,732.27,926.91,992.16,1379.76,737.35
3906,746.22,980.97,1023.3,1406.65,744.68
3907,748.46,975.59,1007.02,1425.37,738.98
3908,713.25,951.66,939.48,1345.33,713.01
3909,672.03,883.71,879.98,1284.67,658.54
3910,614.35,807.22,789.84,1174.52,606.47
3911,559.08,727.32,717.48,1070.29,557.46
3912,534.53,689.33,678.61,994.44,523.64
3913,502.23,657.66,635.65,936.6,496.12
3914,478.73,639.87,619.57,905.87,478.39
3915,475.23,632.97,608.75,889.29,471.45
3916,475.21,645.78,613.14,900.33,491.54
3917,498.18,673.55,651.63,942.36,522.98
3918,555.02,750.59,708.58,1030.97,574.26
3919,599.97,803.11,784.25,1119.2,619.45
3920,632.58,832.89,803.94,1160.93,655.82
3921,640.36,854.86,826.39,1169.59,670.12
3922,659.2,861.68,831.18,1168.82,669.89
3923,676.32,873.27,841.37,1193.91,662.14
3924,672.11,857.03,832.08,1200.25,661.96
3925,663.73,847.36,821.24,1177.13,653.46
3926,657.01,848.84,819.46,1168.11,660.79
3927,665.2,843.32,828.61,1188.21,670.01
3928,693.99,876.88,852.95,1217.75,694.2
3929,713.57,905.33,914.05,1272.99,732.01
3930,747.53,930.41,949.7,1340.98,760.36
3931,729.22,909.78,927.39,1327.35,752.19
3932,690.66,876.25,900.59,1256.17,723.39
3933,633.25,815.16,852.52,1177.88,684.32
3934,600.76,761.09,771.21,1078.82,628.0
3935,550.98,707.28,721.55,969.76,573.82
3936,520.68,666.1,679.45,934.15,551.68
3937,491.47,639.98,648.43,873.78,520.39
3938,485.54,639.38,629.05,849.38,501.97
3939,467.1,618.34,619.0,861.55,496.46
3940,474.19,613.97,627.31,886.98,507.0
3941,513.43,663.47,663.45,935.84,527.66
3942,562.16,722.89,741.93,1048.88,574.92
3943,613.51,819.98,816.52,1159.43,633.74
3944,644.36,863.77,854.87,1229.42,656.22
3945,650.72,855.85,870.38,1251.05,674.05
3946,657.46,875.12,867.55,1264.15,675.12
3947,671.69,882.86,869.7,1308.61,695.95
3948,673.01,884.77,879.18,1283.54,701.15
3949,669.18,886.25,874.54,1287.49,696.04
3950,665.98,879.84,866.89,1283.94,697.74
3951,674.7,885.41,874.78,1281.21,708.3
3952,694.22,913.36,916.66,1317.09,726.39
3953,738.78,936.12,965.49,1367.44,768.86
3954,770.57,967.73,1003.88,1394.39,808.04
3955,760.45,964.42,1009.51,1390.43,790.2
3956,705.58,924.41,965.07,1332.11,764.06
3957,666.35,868.5,889.24,1237.18,698.22
3958,619.85,802.2,817.66,1157.56,650.51
3959,561.03,717.44,745.35,1062.4,599.72
3960,515.51,670.88,706.25,1027.13,569.59
3961,483.98,623.86,669.14,964.46,526.25
3962,477.75,613.1,649.24,945.79,505.45
3963,465.78,615.17,639.76,909.65,491.83
3964,470.05,626.55,642.51,929.93,497.65
3965,497.03,644.01,668.53,981.45,533.98
3966,555.87,707.77,722.13,1096.01,575.91
3967,606.7,783.56,793.93,1180.76,632.23
3968,631.64,824.13,828.01,1245.15,654.4
3969,640.43,851.41,842.64,1281.61,666.98
3970,660.28,870.84,856.16,1274.63,657.49
3971,675.2,868.82,868.47,1277.67,664.36
3972,673.99,873.56,845.72,1274.35,642.67
3973,656.07,870.37,835.27,1241.91,634.67
3974,650.0,860.75,816.29,1224.56,634.98
3975,661.45,864.7,843.37,1260.28,640.71
3976,674.84,890.62,857.22,1294.06,656.74
3977,714.62,958.05,913.47,1351.5,690.29
3978,743.51,1006.58,938.94,1421.82,732.49
3979,739.68,998.77,926.49,1425.46,731.96
3980,712.9,956.56,876.7,1367.58,703.18
3981,671.1,878.53,803.18,1289.9,677.44
3982,612.22,811.92,755.86,1175.39,634.18
3983,558.32,753.99,679.51,1046.41,574.06
3984,502.58,658.71,593.63,921.32,503.71
3985,470.64,631.37,562.73,883.74,481.71
3986,455.69,626.03,549.58,884.67,465.79
3987,455.24,615.35,552.48,864.03,465.56
3988,460.0,611.88,548.64,867.78,471.53
3989,479.17,643.86,580.03,902.13,492.14
3990,518.6,707.59,634.64,1020.87,535.65
3991,569.71,798.6,696.8,1106.84,583.61
3992,600.82,830.38,726.47,1158.03,620.15
3993,622.75,845.34,736.45,1172.29,624.3
3994,628.46,863.59,758.26,1163.05,629.67
3995,641.55,863.3,768.59,1157.05,643.82
3996,632.75,859.28,767.69,1161.68,645.12
3997,627.23,849.11,760.82,1153.86,633.34
3998,621.54,846.97,758.68,1156.22,640.36
3999,628.44,858.96,772.48,1178.35,634.75
4000,651.82,885.16,797.77,1215.63,663.33
4001,690.06,899.91,833.04,1272.9,692.17
4002,705.29,945.93,858.23,1335.11,725.04
4003,708.88,932.77,831.81,1329.79,715.47
4004,673.17,900.33,787.71,1257.05,692.9
4005,621.92,843.99,741.74,1150.25,643.56
4006,572.05,784.21,687.76,1078.45,586.78
4007,514.49,729.44,626.07,989.8,532.89
4008,484.64,685.84,602.95,946.49,497.29
4009,462.76,648.34,582.25,897.85,464.12
4010,449.86,634.29,563.57,876.12,454.49
4011,446.91,624.74,562.99,854.06,461.54
4012,451.12,646.23,562.98,887.53,478.92
4013,474.93,677.36,596.88,926.42,503.18
4014,513.42,738.91,656.58,1015.04,543.18
4015,560.92,824.4,701.84,1081.81,584.67
4016,578.74,850.18,744.02,1127.1,614.05
4017,587.85,873.89,743.51,1162.63,623.84
4018,593.87,874.65,756.17,1168.25,624.05
4019,602.0,888.8,764.0,1174.76,624.19
4020,590.6,903.85,775.22,1168.96,623.93
4021,574.81,907.25,777.78,1157.44,609.41
4022,574.47,900.4,780.8,1163.99,605.01
4023,585.49,912.62,759.73,1158.9,596.64
4024,606.83,949.19,772.65,1192.75,600.67
4025,643.86,991.75,837.63,1232.75,617.07
4026,678.78,1045.62,876.65,1295.0,648.79
4027,677.54,1050.59,860.27,1252.37,644.86
4028,648.23,1019.31,836.07,1175.01,613.47
4029,599.68,949.89,795.99,1107.71,570.81
4030,547.28,875.73,733.16,1038.87,522.6
4031,499.1,787.59,675.26,960.3,490.22
4032,507.96,787.91,690.64,943.01,500.61
4033,485.26,751.91,671.25,896.08,488.88
4034,473.47,724.23,646.99,878.18,479.7
4035,466.96,712.99,639.9,866.8,470.24
4036,477.48,711.73,636.6,889.03,471.31
4037,504.31,741.61,676.03,930.12,506.54
4038,557.12,802.95,739.71,1039.59,555.6
4039,610.31,878.45,784.55,1139.02,585.19
4040,631.71,906.32,826.17,1205.32,605.7
4041,636.64,925.58,852.71,1221.43,619.08
4042,647.52,940.79,880.34,1239.79,626.32
4043,657.66,945.17,890.79,1264.39,627.61
4044,656.24,944.89,872.05,1246.47,629.96
4045,647.05,960.93,848.36,1244.76,624.16
4046,665.59,965.36,862.11,1262.48,628.66
4047,665.61,990.7,870.93,1262.26,638.65
4048,682.97,1033.85,883.12,1297.04,659.06
4049,717.19,1089.09,921.91,1331.25,691.63
4050,732.45,1130.48,949.2,1390.82,697.67
4051,727.6,1096.33,955.87,1380.72,692.2
4052,711.46,1051.64,923.56,1316.03,661.53
4053,673.15,970.8,853.31,1227.92,626.42
4054,624.77,879.65,790.6,1131.62,583.77
4055,575.29,803.84,733.28,1053.1,531.11
4056,541.52,767.51,685.35,973.68,499.61
4057,519.97,733.76,650.57,913.57,473.39
4058,504.65,719.47,625.71,901.32,464.96
4059,494.62,714.69,622.31,902.83,454.87
4060,501.0,728.71,619.21,888.98,457.39
4061,532.08,755.68,649.6,940.27,490.2
4062,586.33,818.93,714.55,1037.01,543.6
4063,643.25,892.92,776.93,1158.63,592.8
4064,652.96,940.05,815.19,1212.1,635.82
4065,674.59,956.5,833.23,1228.09,658.67
4066,698.48,955.69,848.39,1229.81,665.06
4067,713.82,957.54,868.15,1233.47,661.9
4068,708.79,951.2,879.31,1216.26,652.81
4069,693.05,934.12,896.3,1201.27,641.91
4070,693.46,921.72,888.84,1176.51,640.48
4071,690.51,949.15,908.46,1193.53,649.95
4072,715.0,978.11,924.39,1232.9,666.97
4073,742.23,1003.1,958.73,1271.76,687.87
4074,775.85,1041.62,983.84,1322.86,695.03
4075,779.4,1039.46,980.71,1347.08,698.26
4076,726.22,1004.27,930.08,1291.81,667.57
4077,681.19,928.37,865.31,1212.19,635.66
4078,622.1,837.09,795.38,1158.52,567.98
4079,559.6,789.19,727.1,1068.05,524.95
4080,522.9,732.68,700.43,998.0,498.43
4081,496.09,685.29,665.08,946.7,488.24
4082,489.44,670.12,644.51,923.75,475.52
4083,474.03,671.13,635.58,908.41,472.26
4084,486.68,688.6,637.31,921.04,486.52
4085,524.54,717.51,663.56,974.61,496.91
4086,580.23,789.72,730.42,1085.25,550.26
4087,635.95,854.01,802.27,1201.97,607.42
4088,661.11,890.17,830.91,1267.34,631.18
4089,663.96,901.0,841.74,1296.96,650.77
4090,674.0,938.86,859.69,1306.33,660.17
4091,682.74,960.93,850.59,1313.2,662.42
4092,687.58,957.61,837.74,1318.68,661.23
4093,700.01,945.84,830.73,1308.42,659.17
4094,703.59,960.56,852.18,1299.91,656.69
4095,711.45,960.42,856.25,1319.2,669.13
4096,742.28,983.87,897.58,1337.4,672.17
4097,762.3,1023.15,937.42,1396.76,698.94
4098,776.89,1059.32,945.65,1469.88,718.88
4099,765.05,1070.87,956.09,1440.69,713.11
4100,724.76,1014.93,923.27,1356.38,673.6
4101,683.01,935.25,857.47,1288.88,628.26
4102,626.45,850.57,786.21,1195.39,575.95
4103,584.33,773.27,731.23,1082.08,529.97
4104,558.43,717.45,688.18,1044.86,498.69
4105,534.07,672.89,662.3,1026.34,475.86
4106,516.33,650.09,650.53,992.09,460.22
4107,511.49,647.34,638.83,964.5,452.76
4108,521.32,659.52,644.36,982.23,457.2
4109,540.28,692.43,684.2,1041.12,490.45
4110,594.97,766.8,770.05,1137.64,541.32
4111,652.37,838.36,839.94,1220.36,584.94
4112,679.09,873.44,859.02,1255.16,612.83
4113,702.79,882.41,877.43,1261.3,620.9
4114,716.57,901.88,871.06,1281.07,629.63
4115,713.92,911.58,878.52,1273.79,629.01
4116,712.34,910.46,881.41,1255.55,626.33
4117,696.45,898.89,867.52,1240.53,618.81
4118,699.01,901.98,860.95,1235.36,632.16
4119,696.74,910.99,863.1,1230.41,637.24
4120,722.64,924.21,892.4,1256.8,649.87
4121,757.59,962.1,940.13,1292.45,658.91
4122,790.98,983.74,972.18,1352.72,690.63
4123,780.32,941.48,958.95,1360.69,671.95
4124,731.87,889.36,899.14,1307.76,661.61
4125,697.75,866.36,821.1,1255.86,625.53
4126,640.39,783.44,755.81,1147.8,595.69
4127,594.01,719.67,699.94,1053.24,550.5
4128,560.24,688.57,645.07,995.56,516.06
4129,535.11,655.84,616.54,922.16,495.98
4130,530.14,640.36,603.76,885.29,481.51
4131,522.83,625.7,602.56,872.31,480.29
4132,535.63,630.49,618.31,882.15,487.04
4133,552.02,660.21,651.5,927.46,521.78
4134,610.73,718.21,731.11,1018.98,567.19
4135,661.73,785.93,799.1,1130.88,617.7
4136,685.64,829.66,819.11,1163.48,642.16
4137,696.92,859.99,833.09,1187.58,654.3
4138,704.08,890.73,842.18,1200.44,653.05
4139,721.64,908.04,861.1,1237.0,652.02
4140,703.94,946.88,862.79,1226.96,655.88
4141,695.44,939.43,856.77,1205.39,644.32
4142,687.82,926.56,844.63,1205.3,666.88
4143,702.14,919.35,849.61,1199.75,668.24
4144,716.88,950.06,880.03,1232.23,680.93
4145,752.42,1005.89,901.65,1313.14,695.5
4146,773.73,1054.25,942.88,1382.65,726.92
4147,771.18,1045.53,942.33,1360.65,701.43
4148,744.31,1016.11,895.51,1308.62,681.34
4149,691.76,951.35,843.76,1231.04,628.76
4150,636.72,872.72,786.42,1143.66,580.91
4151,572.2,797.31,726.9,1048.3,522.49
4152,502.14,699.91,643.83,915.82,463.19
4153,481.58,670.45,606.66,872.14,441.18
4154,465.26,643.26,587.66,842.68,434.31
4155,464.33,626.72,572.57,830.65,436.91
4156,458.29,644.61,567.1,840.72,436.87
4157,471.44,675.52,602.78,896.94,465.87
4158,510.01,753.81,666.09,993.12,513.09
4159,553.65,828.29,715.19,1084.89,558.81
4160,577.59,865.22,752.19,1136.92,573.65
4161,589.29,894.26,772.49,1160.82,602.02
4162,595.29,899.97,776.88,1176.73,615.24
4163,607.12,914.43,751.17,1208.6,621.24
4164,604.04,921.55,751.35,1192.53,620.85
4165,589.55,921.9,742.29,1205.6,613.66
4166,581.45,909.52,752.84,1195.4,591.87
4167,604.1,916.31,760.89,1230.2,603.03
4168,604.23,957.64,778.28,1282.46,602.93
4169,632.57,1008.13,823.54,1335.97,644.36
4170,668.72,1057.49,863.4,1395.05,664.49
4171,667.78,1063.08,870.61,1375.78,671.33
4172,632.86,1006.23,842.05,1297.25,636.51
4173,593.45,938.73,774.33,1194.2,587.44
4174,553.91,877.12,712.79,1117.24,551.0
4175,515.1,804.97,657.42,1013.08,505.41
4176,479.88,748.87,608.09,963.99,485.77
4177,460.91,713.6,572.91,933.01,462.41
4178,450.46,696.1,552.48,903.82,454.98
4179,450.35,680.53,549.46,896.97,451.16
4180,463.5,684.54,550.29,905.38,455.16
4181,485.2,726.19,588.8,943.82,477.33
4182,523.99,802.81,653.26,1035.2,518.02
4183,574.12,862.12,724.44,1138.72,562.0
4184,610.3,886.38,754.47,1195.29,594.75
4185,626.49,899.14,776.14,1206.78,611.59
4186,633.12,906.6,774.06,1234.72,624.14
4187,655.76,913.12,775.52,1236.15,625.36
4188,646.04,902.84,779.67,1222.27,639.09
4189,644.88,896.68,773.88,1213.02,627.71
4190,638.91,874.26,781.1,1199.86,641.33
4191,643.97,873.77,793.75,1220.79,638.22
4192,661.72,899.73,819.81,1258.01,650.64
4193,703.15,942.19,835.07,1299.62,672.81
4194,718.43,974.96,883.09,1345.94,698.81
4195,706.25,971.23,867.23,1304.35,675.41
4196,661.85,931.24,840.27,1247.39,639.59
4197,622.75,868.73,777.21,1180.7,604.19
4198,570.66,817.04,724.31,1091.51,555.36
4199,524.79,746.84,670.89,973.85,505.07
4200,524.23,780.63,675.39,966.79,511.73
4201,496.36,726.65,639.04,903.72,484.52
4202,489.61,714.76,613.37,904.62,474.0
4203,481.83,693.87,602.16,902.55,472.71
4204,491.6,688.37,609.46,900.09,466.2
4205,520.23,716.22,636.27,958.67,492.24
4206,569.22,760.32,690.87,1045.07,539.35
4207,609.0,826.23,734.01,1160.02,587.03
4208,641.92,862.14,761.86,1224.36,615.4
4209,655.75,870.43,780.44,1259.34,624.35
4210,669.5,876.61,806.76,1280.33,618.91
4211,659.27,893.42,806.44,1290.9,630.59
4212,646.22,888.83,794.12,1296.54,634.6
4213,623.9,893.8,788.22,1272.93,625.19
4214,618.53,887.64,790.16,1270.93,625.29
4215,634.6,920.2,815.38,1262.51,624.04
4216,658.86,947.84,851.32,1303.7,635.94
4217,690.44,976.98,895.17,1338.87,667.07
4218,717.35,1023.28,931.7,1380.32,682.52
4219,718.8,1019.16,924.47,1367.48,671.1
4220,685.57,958.04,891.71,1294.71,645.25
4221,645.67,921.38,848.07,1216.63,607.16
4222,596.93,846.01,757.44,1114.35,566.67
4223,532.45,781.18,691.33,1029.4,531.55
4224,500.05,761.85,658.67,963.76,510.25
4225,484.7,718.14,618.17,894.86,481.74
4226,470.49,693.37,591.07,884.21,469.13
4227,464.07,688.1,589.28,876.86,463.96
4228,467.35,677.07,589.98,899.4,469.01
4229,489.78,723.29,617.4,972.5,485.64
4230,547.29,787.52,683.58,1041.38,544.06
4231,595.7,875.24,760.21,1137.62,601.12
4232,613.44,925.47,780.78,1177.93,625.98
4233,602.63,930.72,806.22,1182.63,636.6
4234,606.3,924.87,814.96,1214.16,630.4
4235,599.01,949.22,815.71,1230.24,641.69
4236,587.62,935.11,821.34,1254.11,635.18
4237,591.79,927.22,809.75,1259.36,630.66
4238,600.45,933.37,808.83,1247.7,630.38
4239,593.79,952.96,839.61,1265.99,632.63
4240,621.27,980.96,868.36,1299.2,650.22
4241,657.25,1016.74,912.37,1329.91,667.68
4242,676.58,1064.31,957.82,1358.94,697.61
4243,680.14,1061.07,927.58,1353.66,688.87
4244,639.32,1028.03,903.87,1309.76,658.53
4245,591.94,949.76,850.02,1247.44,617.6
4246,538.4,892.17,784.82,1152.37,581.79
4247,488.66,821.14,711.46,1061.56,530.63
4248,468.74,770.41,677.05,998.01,504.88
4249,440.4,737.29,640.08,951.81,471.81
4250,425.1,716.54,617.85,923.75,454.3
4251,416.88,690.7,598.79,893.01,446.95
4252,426.55,694.18,616.53,884.7,462.01
4253,449.86,733.89,643.27,921.71,507.24
4254,503.79,809.99,703.8,1020.47,560.87
4255,547.36,885.83,772.17,1129.69,607.03
4256,563.56,913.86,810.5,1184.02,619.82
4257,574.52,920.39,842.53,1210.96,624.97
4258,584.09,925.05,844.54,1259.37,640.56
4259,585.86,937.0,840.15,1258.46,637.6
4260,591.72,936.41,836.52,1251.45,641.53
4261,603.6,931.99,820.25,1216.24,625.94
4262,601.47,924.63,813.3,1217.4,628.04
4263,610.22,927.62,812.08,1238.77,635.22
4264,641.31,948.24,841.2,1298.82,645.03
4265,667.62,990.42,892.16,1333.97,674.19
4266,686.11,1019.62,931.56,1374.43,701.47
4267,672.98,1011.97,900.58,1327.18,694.46
4268,649.65,964.06,842.49,1270.81,691.57
4269,614.48,919.86,802.03,1198.44,654.72
4270,567.37,841.77,727.91,1112.98,609.95
4271,521.38,762.87,676.11,1030.39,544.41
4272,500.38,724.74,630.63,989.47,522.84
4273,481.93,704.89,598.85,945.31,504.05
4274,461.97,685.83,603.79,929.65,484.71
4275,456.7,667.1,600.97,926.57,477.44
4276,464.23,683.31,606.36,945.83,481.74
4277,493.83,710.45,654.1,970.28,504.01
4278,542.3,781.96,715.64,1069.6,558.03
4279,587.56,851.27,774.48,1156.19,612.08
4280,609.46,874.84,812.0,1202.91,649.19
4281,608.9,903.44,842.43,1228.4,671.31
4282,616.36,917.52,856.94,1237.22,673.06
4283,619.25,925.7,881.69,1233.83,684.89
4284,624.72,930.03,893.36,1205.82,680.65
4285,612.16,908.46,895.72,1172.4,673.28
4286,610.55,906.47,895.92,1185.91,682.81
4287,610.63,920.64,898.66,1198.46,697.46
4288,621.81,956.91,914.71,1236.65,716.54
4289,659.51,979.53,954.25,1285.95,734.57
4290,681.28,1022.54,979.44,1327.57,750.26
4291,681.67,1001.84,966.43,1283.14,751.79
4292,644.64,934.49,904.51,1240.78,724.94
4293,606.57,887.39,827.76,1150.39,677.75
4294,549.13,832.38,788.51,1072.0,624.85
4295,501.9,753.74,735.0,1002.7,554.03
4296,471.74,719.99,691.79,931.63,524.84
4297,454.22,686.68,664.2,889.58,495.09
4298,445.33,676.95,651.57,881.84,486.59
4299,440.03,684.6,640.89,888.66,482.44
4300,452.28,704.15,639.15,923.29,487.91
4301,478.53,742.12,680.67,971.36,503.09
4302,531.26,804.36,751.74,1058.61,547.86
4303,586.27,869.7,807.74,1149.14,595.18
4304,611.01,902.67,846.64,1224.26,621.82
4305,621.77,914.16,859.99,1260.27,632.07
4306,631.32,928.11,888.95,1283.73,632.38
4307,634.88,944.71,870.97,1286.18,642.03
4308,638.8,966.36,874.76,1272.48,652.74
4309,641.97,969.56,855.66,1269.01,642.54
4310,648.83,953.36,854.94,1272.42,643.56
4311,651.95,990.82,844.01,1313.77,651.97
4312,660.31,1017.2,870.73,1381.14,680.07
4313,691.22,1057.43,909.51,1412.62,720.46
4314,715.35,1070.47,923.48,1474.7,745.13
4315,719.41,1062.48,920.68,1443.27,731.69
4316,684.99,1044.06,883.08,1377.4,701.55
4317,639.96,975.81,816.64,1270.36,661.11
4318,595.8,904.4,764.24,1166.92,603.1
4319,542.45,830.83,698.39,1055.86,547.99
4320,474.4,736.11,612.34,930.39,482.9
4321,460.83,692.55,590.91,886.12,464.59
4322,456.68,667.1,566.29,889.38,446.18
4323,453.3,662.5,559.89,869.71,444.79
4324,459.94,677.87,572.75,878.19,451.24
4325,477.76,706.51,592.77,922.87,475.63
4326,528.34,779.6,665.93,1013.39,521.99
4327,575.89,859.02,732.23,1122.82,578.15
4328,600.55,896.69,754.56,1169.83,593.4
4329,607.9,908.0,783.61,1183.48,602.66
4330,613.06,937.8,787.87,1189.4,618.43
4331,616.98,959.95,789.48,1204.59,618.4
4332,618.72,963.42,779.98,1221.21,637.25
4333,622.48,948.94,778.4,1230.07,628.5
4334,623.97,931.96,777.16,1229.06,635.32
4335,616.63,933.6,787.13,1235.49,638.39
4336,626.52,958.72,812.66,1248.69,647.06
4337,643.1,989.92,847.88,1300.03,670.32
4338,660.04,1036.16,877.92,1341.14,683.92
4339,659.63,1010.08,867.88,1327.08,667.86
4340,634.53,983.76,836.17,1251.21,639.33
4341,590.07,914.83,786.18,1187.52,605.3
4342,546.46,834.43,716.3,1090.12,548.06
4343,496.1,760.56,651.91,995.37,500.27
4344,459.61,720.73,606.63,926.48,478.6
4345,430.29,693.19,578.72,880.87,456.03
4346,415.8,665.42,573.82,844.01,437.74
4347,419.13,661.0,566.06,823.1,440.4
4348,418.41,665.2,584.43,836.06,447.04
4349,448.68,688.13,602.88,876.37,471.49
4350,502.7,746.01,664.54,993.01,528.02
4351,547.67,826.2,734.34,1085.21,583.13
4352,570.7,846.0,755.32,1152.42,603.02
4353,578.26,856.5,768.23,1186.64,613.24
4354,584.5,865.91,774.58,1209.24,611.43
4355,595.73,891.28,779.76,1221.79,619.89
4356,596.24,867.74,774.19,1221.8,618.93
4357,598.17,861.85,802.43,1189.29,626.67
4358,606.81,864.36,786.91,1226.57,630.75
4359,614.82,855.17,796.8,1263.35,641.88
4360,634.49,876.3,811.16,1321.93,656.55
4361,663.0,915.1,850.78,1369.74,687.8
4362,688.89,956.46,881.14,1380.09,708.48
4363,673.2,945.78,876.09,1370.71,708.52
4364,646.85,899.87,833.78,1305.0,676.96
4365,606.82,846.39,781.13,1256.44,631.89
4366,553.54,792.69,716.86,1146.95,576.42
4367,520.06,714.54,656.29,1056.46,530.84
4368,520.03,726.14,661.96,1064.01,540.33
4369,489.15,689.75,629.62,1019.85,515.67
4370,478.12,672.63,623.32,996.47,503.75
4371,460.65,672.62,621.45,986.96,505.44
4372,462.63,676.96,613.64,1011.25,507.55
4373,478.37,699.93,643.17,1037.54,535.23
4374,520.93,769.35,694.4,1139.05,579.55
4375,568.89,827.13,772.13,1216.67,625.33
4376,596.6,882.54,800.19,1269.9,646.9
4377,618.48,917.61,837.41,1262.89,657.82
4378,631.77,914.68,844.32,1245.63,663.21
4379,647.81,924.74,843.14,1243.0,665.1
4380,652.52,906.7,853.28,1218.06,674.14
4381,642.43,897.88,817.59,1234.29,664.31
4382,651.17,894.34,829.79,1227.58,658.86
4383,653.23,927.56,847.7,1256.04,673.57
4384,666.89,961.24,871.1,1284.03,690.3
4385,711.09,1009.83,895.7,1372.6,715.96
4386,742.8,1061.19,914.44,1452.89,742.45
4387,737.38,1046.67,905.78,1439.24,741.62
4388,710.66,1009.75,844.81,1367.6,706.27
4389,671.17,937.2,792.13,1286.35,656.84
4390,607.92,858.13,738.45,1182.43,597.91
4391,555.43,805.33,667.02,1110.65,550.95
4392,515.34,732.65,620.35,1036.0,527.15
4393,490.74,703.06,602.26,974.96,499.86
4394,474.1,679.0,586.95,942.55,487.08
4395,475.58,678.75,577.53,943.66,475.45
4396,484.51,681.49,588.64,952.45,491.3
4397,504.54,719.5,608.75,996.39,525.94
4398,554.57,778.57,671.18,1103.35,573.85
4399,595.87,862.64,738.01,1209.4,627.18
4400,621.16,890.86,785.25,1249.81,652.3
4401,637.94,893.03,807.51,1298.01,657.57
4402,646.16,865.99,800.19,1310.65,668.58
4403,637.04,856.45,820.17,1337.99,678.91
4404,634.98,869.44,812.06,1346.77,688.17
4405,633.52,850.01,803.69,1323.18,677.35
4406,636.35,838.85,814.76,1326.83,664.89
4407,651.97,852.14,831.78,1348.44,681.8
4408,660.18,879.46,849.33,1364.8,699.07
4409,695.84,927.01,873.25,1441.82,748.15
4410,715.11,960.84,918.45,1462.09,768.54
4411,711.05,981.2,912.57,1472.5,758.44
4412,683.81,927.06,876.86,1399.26,724.1
4413,645.76,863.45,826.72,1318.32,682.29
4414,591.28,796.9,763.35,1216.2,624.37
4415,542.76,738.23,714.61,1126.21,575.53
4416,504.06,712.43,673.03,1069.04,548.5
4417,471.46,679.55,648.52,1012.63,515.07
4418,463.29,670.58,636.82,993.69,499.3
4419,457.39,666.3,622.01,976.88,498.17
4420,454.67,701.83,631.74,974.41,501.02
4421,474.45,732.26,662.31,1029.81,524.32
4422,523.34,819.23,726.69,1132.67,570.91
4423,583.6,892.45,797.79,1247.1,619.27
4424,616.59,931.55,829.92,1287.82,648.78
4425,635.43,957.16,836.46,1347.6,657.14
4426,627.73,979.94,858.05,1344.05,672.26
4427,633.77,979.43,862.53,1372.0,667.84
4428,638.24,976.24,877.47,1350.6,672.67
4429,635.66,954.4,870.84,1316.61,659.78
4430,639.21,921.87,878.0,1319.12,662.51
4431,643.71,956.85,884.49,1323.06,672.3
4432,676.75,985.91,894.11,1333.24,685.38
4433,720.38,1030.65,933.8,1402.79,721.14
4434,744.11,1056.07,965.13,1416.78,752.72
4435,728.1,1043.82,952.37,1406.07,734.93
4436,713.01,1003.24,889.49,1336.31,686.97
4437,662.03,953.72,836.07,1262.46,656.64
4438,618.29,882.1,766.92,1139.84,622.59
4439,577.6,808.42,697.42,1040.0,573.0
4440,536.64,751.37,663.38,996.84,535.45
4441,510.94,708.98,637.75,938.72,511.6
4442,494.61,690.97,614.65,923.1,492.05
4443,489.98,665.86,600.48,911.93,492.2
4444,497.2,671.14,612.96,925.92,495.53
4445,533.9,707.86,650.29,990.59,516.43
4446,589.26,795.88,720.02,1102.93,562.88
4447,640.52,849.56,783.95,1192.06,609.62
4448,673.52,870.69,832.77,1221.33,628.22
4449,682.29,899.35,849.28,1228.63,636.93
4450,683.75,880.83,851.97,1220.06,642.23
4451,705.9,918.75,848.6,1224.71,653.59
4452,696.51,922.64,856.13,1194.63,656.6
4453,683.58,925.62,842.88,1184.75,633.07
4454,681.82,933.2,846.94,1156.12,628.07
4455,678.07,922.51,863.48,1154.07,639.73
4456,678.96,957.66,883.6,1191.41,663.71
4457,718.98,991.02,934.2,1252.39,702.75
4458,736.65,1025.06,979.23,1317.17,721.23
4459,724.87,1017.85,968.58,1325.99,707.2
4460,689.83,977.72,913.64,1277.05,677.46
4461,638.05,925.9,839.57,1215.87,634.07
4462,580.91,854.98,764.3,1140.5,597.29
4463,533.54,794.65,691.55,1032.78,543.63
4464,517.96,752.02,648.29,963.19,522.58
4465,496.69,710.2,621.85,914.42,495.62
4466,487.71,695.9,608.43,893.41,490.41
4467,472.02,682.88,598.04,873.76,474.6
4468,477.91,699.04,613.63,906.48,480.1
4469,495.63,732.05,644.91,951.87,501.33
4470,550.47,801.68,726.2,1054.9,543.64
4471,598.71,885.28,789.17,1142.48,585.78
4472,623.88,900.9,825.76,1190.55,606.64
4473,635.6,924.83,831.82,1206.36,614.45
4474,637.25,928.26,845.65,1211.81,607.74
4475,631.64,946.08,858.88,1216.52,621.44
4476,636.99,953.56,862.35,1215.8,623.1
4477,620.59,933.01,858.74,1201.75,610.7
4478,612.4,938.73,872.63,1196.49,610.55
4479,617.45,966.95,892.78,1200.56,627.05
4480,631.07,989.11,912.88,1250.25,638.48
4481,664.61,1044.34,942.88,1320.72,669.92
4482,698.91,1112.26,970.98,1362.43,692.79
4483,696.2,1074.97,958.69,1342.23,665.9
4484,668.51,1024.18,928.69,1278.21,629.34
4485,626.91,979.72,857.71,1178.71,591.01
4486,585.05,900.03,781.56,1078.63,544.98
4487,523.9,821.29,718.64,989.49,496.59
4488,461.95,709.85,624.4,859.19,438.2
4489,434.89,651.89,591.8,828.51,414.71
4490,417.94,641.71,571.65,800.9,409.45
4491,413.54,638.5,574.37,774.57,398.79
4492,418.02,657.2,583.03,773.55,405.21
4493,444.45,695.98,607.36,821.0,432.39
4494,496.74,755.16,672.99,899.77,469.2
4495,526.85,803.78,737.95,978.96,520.29
4496,549.78,840.41,777.26,1052.51,545.42
4497,576.32,873.3,790.04,1080.01,559.4
4498,588.97,885.86,798.35,1097.78,565.66
4499,605.64,899.7,796.23,1079.43,562.9
4500,606.19,917.99,800.58,1081.55,566.23
4501,589.73,901.82,780.46,1086.91,567.45
4502,581.88,898.43,782.61,1075.95,574.02
4503,593.46,916.29,800.78,1103.44,587.52
4504,618.23,936.1,832.07,1114.0,595.35
4505,641.4,969.49,854.05,1174.39,616.13
4506,662.46,997.82,885.2,1220.54,636.02
4507,659.31,996.5,878.33,1208.68,630.45
4508,617.37,943.13,839.89,1183.69,598.95
4509,576.44,878.78,791.54,1133.79,558.8
4510,543.4,813.15,743.04,1040.72,516.07
4511,511.33,736.26,683.92,951.65,471.48
4512,480.78,689.3,653.11,910.53,444.84
4513,467.08,657.54,612.06,866.86,432.1
4514,451.53,642.74,603.39,868.48,414.23
4515,440.72,628.12,602.46,852.96,412.36
4516,434.27,632.31,602.03,867.94,417.98
4517,462.8,673.88,628.28,900.81,445.57
4518,506.76,737.06,676.01,974.97,499.09
4519,568.77,804.16,736.05,1070.55,559.94
4520,594.11,836.64,768.44,1116.95,583.8
4521,606.55,846.7,800.27,1155.35,587.99
4522,598.57,863.47,800.43,1179.02,585.81
4523,615.23,869.07,802.05,1200.38,603.95
4524,611.9,850.48,798.83,1211.64,602.0
4525,604.34,861.43,800.44,1205.36,601.6
4526,587.92,859.16,798.33,1196.98,595.15
4527,600.82,869.58,805.06,1194.35,598.19
4528,625.65,898.56,817.68,1257.68,622.0
4529,649.77,935.68,861.14,1315.82,652.69
4530,673.64,956.22,887.32,1360.13,663.6
4531,670.9,937.69,871.78,1320.46,644.76
4532,648.93,891.5,831.54,1256.98,616.78
4533,607.82,843.78,776.04,1144.82,577.78
4534,571.59,776.11,716.67,1051.21,530.63
4535,520.97,716.22,663.05,948.96,486.5
4536,523.19,705.18,681.2,951.71,498.42
4537,494.3,663.73,665.24,908.24,476.95
4538,466.59,649.68,648.47,867.5,466.37
4539,456.18,633.46,643.11,859.58,457.57
4540,468.58,650.5,659.87,881.06,458.02
4541,495.08,684.74,686.93,932.89,485.86
4542,539.28,752.39,755.1,1034.57,534.81
4543,591.31,812.2,822.97,1109.81,582.19
4544,600.99,846.83,874.66,1178.09,603.25
4545,611.9,849.52,897.41,1213.01,610.55
4546,623.15,872.14,892.56,1220.36,613.88
4547,635.6,887.17,875.76,1251.6,618.65
4548,630.09,886.14,876.74,1277.53,633.67
4549,632.01,867.6,853.44,1260.86,632.0
4550,647.04,875.75,843.05,1236.5,628.46
4551,649.67,877.03,838.56,1257.7,650.49
4552,674.29,917.86,860.64,1296.52,669.06
4553,692.17,971.84,894.29,1380.84,701.63
4554,699.93,999.23,946.55,1432.72,734.56
4555,700.33,990.28,936.36,1434.97,737.17
4556,670.99,971.48,903.92,1368.2,704.15
4557,630.5,917.95,826.9,1304.49,681.63
4558,577.84,857.68,773.8,1190.49,618.14
4559,527.88,780.3,699.75,1090.82,567.55
4560,503.1,742.94,659.17,1021.96,536.18
4561,489.05,695.19,625.74,974.97,504.34
4562,475.1,683.38,617.06,946.28,491.61
4563,459.39,682.62,606.23,923.99,477.59
4564,473.23,689.54,619.68,930.43,482.67
4565,501.79,729.66,651.07,985.36,520.56
4566,556.31,798.54,718.56,1083.36,581.46
4567,607.75,867.94,797.29,1178.1,650.44
4568,650.15,906.82,846.75,1242.87,685.36
4569,662.34,929.81,855.06,1259.09,693.17
4570,671.47,940.29,863.15,1277.61,700.51
4571,661.89,954.41,874.6,1304.83,706.89
4572,656.62,941.82,869.47,1307.19,703.58
4573,644.51,915.72,880.41,1282.87,704.16
4574,644.13,921.62,873.54,1286.59,705.23
4575,652.99,902.96,878.63,1272.06,708.07
4576,665.49,911.02,906.13,1270.55,735.88
4577,711.31,939.56,955.95,1318.21,769.07
4578,726.65,986.55,978.33,1377.39,787.85
4579,716.25,989.53,954.26,1377.24,756.94
4580,687.1,986.7,913.5,1301.41,722.22
4581,633.53,920.76,864.23,1192.58,679.34
4582,588.79,846.07,786.09,1099.27,624.88
4583,543.51,774.13,716.7,1018.82,564.38
4584,510.26,717.58,668.04,977.21,534.18
4585,496.66,692.39,627.84,923.99,506.1
4586,483.86,667.44,611.11,893.74,499.28
4587,478.57,652.89,594.94,889.82,490.64
4588,478.84,664.42,603.82,918.82,496.8
4589,493.61,695.92,643.04,966.72,525.51
4590,539.01,771.87,707.85,1067.9,571.7
4591,586.17,851.19,780.29,1174.16,621.3
4592,607.75,896.19,819.34,1228.54,639.93
4593,626.6,914.17,831.48,1228.77,649.11
4594,614.57,913.52,833.03,1221.74,662.9
4595,612.96,923.02,842.58,1241.37,668.75
4596,600.31,910.97,839.69,1229.57,652.45
4597,607.35,885.99,826.24,1242.06,649.64
4598,604.64,869.93,812.93,1256.75,652.12
4599,608.31,893.02,838.14,1265.1,653.77
4600,618.96,904.28,871.12,1290.38,667.12
4601,657.99,964.14,939.36,1340.36,709.39
4602,679.91,1000.03,972.8,1444.06,729.43
4603,678.09,989.13,969.5,1440.14,718.35
4604,633.49,949.11,932.38,1389.66,690.69
4605,604.72,909.23,847.11,1273.26,661.75
4606,562.29,824.3,777.2,1186.61,601.02
4607,519.92,760.76,723.55,1096.29,546.63
4608,498.65,713.88,683.22,1045.24,516.88
4609,473.75,671.01,656.18,990.28,492.22
4610,461.23,637.52,640.35,964.21,482.37
4611,459.83,623.3,634.24,943.53,480.38
4612,468.78,626.01,638.81,956.57,492.92
4613,492.21,662.23,667.85,1003.94,527.37
4614,542.06,740.22,719.83,1098.58,578.56
4615,588.0,814.77,768.69,1191.04,625.81
4616,618.43,848.44,812.69,1253.57,657.48
4617,638.23,887.76,821.75,1276.19,671.22
4618,644.39,890.98,823.89,1268.74,679.1
4619,665.3,902.11,837.25,1260.06,677.47
4620,652.31,900.05,846.1,1260.77,668.24
4621,643.99,901.06,840.43,1274.99,663.42
4622,657.23,908.1,847.02,1253.06,656.43
4623,659.5,917.92,859.15,1282.48,662.34
4624,664.95,952.99,874.31,1313.9,691.43
4625,707.95,1001.95,938.08,1390.62,717.31
4626,737.51,1029.8,981.91,1424.31,727.32
4627,720.01,1034.24,960.69,1412.88,721.96
4628,694.99,983.53,911.37,1301.58,678.07
4629,642.33,914.28,839.88,1215.76,610.86
4630,582.76,851.89,777.72,1094.1,563.14
4631,533.1,775.89,707.94,1014.57,515.53
4632,499.81,732.35,649.16,969.28,490.33
4633,469.47,719.69,632.87,924.21,472.15
4634,456.13,708.14,621.5,901.06,461.16
4635,445.27,693.63,613.07,882.54,457.82
4636,452.67,697.78,629.44,907.13,462.54
4637,477.45,743.02,661.17,949.77,492.21
4638,531.31,820.05,733.3,1034.4,547.11
4639,577.23,883.76,792.73,1140.16,596.34
4640,592.27,927.49,834.69,1171.59,629.86
4641,595.48,926.93,837.66,1229.4,639.48
4642,601.42,951.11,865.68,1258.01,639.17
4643,621.41,974.49,876.55,1303.77,644.33
4644,629.43,992.35,882.69,1315.99,655.04
4645,619.28,965.75,881.22,1312.49,649.78
4646,627.76,971.61,878.92,1299.25,663.23
4647,625.42,1002.53,885.09,1278.71,667.37
4648,652.84,1033.99,903.21,1320.94,690.63
4649,680.82,1077.24,941.57,1402.21,718.47
4650,712.78,1130.2,975.73,1403.47,735.27
4651,712.56,1098.8,970.68,1404.55,728.48
4652,679.46,1047.71,921.84,1326.37,692.2
4653,639.06,984.15,855.1,1260.56,650.57
4654,581.86,900.96,796.21,1161.0,608.34
4655,532.84,824.25,714.12,1056.07,559.52
4656,473.67,729.17,638.68,918.57,488.35
4657,473.17,698.82,602.93,874.88,462.64
4658,463.77,678.79,589.15,858.53,459.05
4659,456.98,658.97,587.33,829.52,455.35
4660,456.51,654.71,609.77,856.29,455.8
4661,485.66,681.18,635.3,894.68,476.74
4662,522.73,744.47,684.96,984.29,519.24
4663,564.12,804.81,742.1,1085.67,576.17
4664,589.75,868.2,755.1,1134.52,604.66
4665,592.35,882.57,758.11,1195.01,619.12
4666,609.28,889.02,747.32,1209.83,619.26
4667,622.59,903.85,761.48,1215.16,625.16
4668,617.42,888.86,761.05,1209.45,616.92
4669,606.72,873.89,753.68,1206.83,623.89
4670,596.65,880.35,760.82,1165.88,628.29
4671,592.18,881.0,773.07,1183.99,632.08
4672,613.15,917.75,782.23,1235.92,653.88
4673,647.09,952.86,826.65,1302.31,690.36
4674,673.18,989.67,850.58,1368.08,713.75
4675,669.48,998.31,830.6,1313.89,707.45
4676,635.88,966.48,791.78,1240.61,673.49
4677,598.11,905.07,730.93,1156.41,638.39
4678,541.73,834.88,668.75,1077.23,586.34
4679,496.57,770.0,600.58,980.54,543.9
4680,476.87,720.96,562.52,927.93,506.23
4681,460.81,675.96,535.82,876.97,488.02
4682,446.08,665.89,520.7,855.54,478.17
4683,438.16,665.04,521.84,832.89,465.74
4684,451.21,674.82,527.67,833.37,467.85
4685,484.48,707.04,554.15,886.3,491.35
4686,522.49,766.13,618.59,985.05,546.54
4687,566.41,828.77,682.83,1073.62,587.51
4688,591.14,859.21,715.08,1122.92,614.7
4689,611.14,878.86,729.9,1139.3,636.85
4690,610.03,895.98,731.29,1160.65,629.16
4691,620.0,904.41,726.45,1182.85,628.12
4692,616.93,907.8,731.76,1184.21,628.02
4693,627.57,884.39,736.77,1144.16,618.37
4694,629.16,885.4,749.26,1139.09,621.31
4695,632.65,906.13,779.45,1155.57,624.76
4696,646.84,923.84,802.45,1218.54,638.38
4697,684.01,944.64,842.3,1291.57,661.27
4698,712.19,987.04,874.09,1358.56,678.35
4699,695.29,996.29,870.63,1346.75,681.58
4700,665.37,960.46,819.7,1282.27,648.62
4701,611.99,893.11,760.66,1189.5,601.97
4702,558.69,828.91,702.67,1090.12,555.62
4703,503.33,739.58,639.56,984.94,514.19
4704,501.87,750.32,655.44,994.83,523.92
4705,473.76,707.35,614.17,917.5,494.58
4706,456.56,699.05,611.1,902.03,489.14
4707,454.4,681.51,592.93,878.48,483.37
4708,465.71,708.06,600.48,906.13,489.33
4709,489.19,766.02,617.5,954.18,518.41
4710,531.15,859.76,683.16,1037.94,567.88
4711,586.24,945.54,752.28,1127.07,616.58
4712,595.93,973.43,786.2,1156.3,648.75
4713,594.28,986.73,792.74,1209.25,659.68
4714,607.89,1004.94,811.54,1223.26,658.35
4715,620.69,1016.08,817.12,1240.52,666.66
4716,629.76,1005.7,806.82,1224.17,655.01
4717,622.93,990.84,803.86,1211.24,642.94
4718,614.02,979.21,810.73,1233.33,642.67
4719,617.37,991.47,830.18,1260.36,659.12
4720,641.36,1017.31,853.56,1291.63,687.83
4721,666.15,1078.85,886.05,1339.68,728.57
4722,685.41,1123.94,915.0,1398.88,769.14
4723,669.19,1106.71,895.81,1430.01,763.42
4724,632.65,1072.92,862.95,1359.56,727.22
4725,601.46,975.49,803.73,1296.21,673.73
4726,559.89,883.21,739.86,1157.77,614.43
4727,506.54,802.53,679.52,1071.13,562.27
4728,472.37,760.99,646.43,1027.99,531.52
4729,447.84,739.76,625.5,978.69,502.38
4730,441.39,726.3,613.38,948.44,483.87
4731,430.52,717.72,596.74,937.3,481.13
4732,437.15,725.69,614.19,940.89,479.19
4733,449.06,746.69,663.27,995.75,513.1
4734,488.29,814.84,729.72,1085.74,569.08
4735,539.02,899.92,793.38,1184.09,618.35
4736,571.39,939.98,813.43,1225.09,644.79
4737,576.51,950.94,825.93,1264.46,651.18
4738,579.1,959.11,822.3,1291.12,654.03
4739,594.19,960.12,842.14,1290.39,663.46
4740,593.81,937.72,823.86,1275.34,654.17
4741,586.56,926.91,810.32,1221.41,643.34
4742,593.39,920.46,816.72,1235.49,647.63
4743,603.15,916.28,813.38,1238.25,656.59
4744,631.9,942.21,829.15,1271.33,659.27
4745,670.02,984.26,887.05,1330.8,684.19
4746,690.33,1023.55,895.97,1356.08,696.11
4747,684.96,1016.85,882.77,1373.2,694.07
4748,656.21,976.47,868.75,1338.96,660.47
4749,605.23,913.06,822.76,1269.74,628.14
4750,552.9,835.67,744.3,1190.98,583.48
4751,514.56,765.77,675.64,1110.31,533.09
4752,476.42,723.0,624.99,1048.84,508.44
4753,460.72,697.24,600.23,997.04,487.98
4754,451.8,680.48,580.78,980.33,476.12
4755,446.15,666.49,570.5,966.63,466.55
4756,456.29,683.12,570.29,971.26,466.78
4757,484.12,719.36,609.24,1015.81,486.51
4758,541.42,799.88,646.32,1097.08,536.72
4759,588.12,895.59,691.93,1163.75,575.54
4760,611.44,940.8,728.6,1233.03,596.84
4761,622.38,943.88,732.61,1284.82,619.44
4762,643.88,941.97,754.99,1314.43,627.08
4763,657.52,956.92,764.03,1339.18,625.56
4764,649.78,937.55,776.18,1338.66,639.71
4765,640.87,923.73,771.57,1316.47,640.98
4766,635.43,926.96,775.74,1307.22,637.5
4767,642.06,930.86,783.53,1281.79,647.78
4768,662.66,948.43,812.48,1315.33,671.26
4769,713.35,993.49,833.77,1360.63,699.96
4770,722.01,1025.45,849.3,1398.85,724.94
4771,724.83,1011.51,853.41,1367.19,710.17
4772,696.61,975.5,831.12,1317.53,674.06
4773,646.31,907.15,781.32,1253.2,635.41
4774,594.86,835.62,712.36,1167.83,593.74
4775,541.4,778.53,650.83,1054.16,541.58
4776,510.68,742.23,622.69,998.41,518.22
4777,491.78,706.47,597.66,951.86,487.58
4778,470.17,686.93,574.96,914.98,476.75
4779,471.66,680.32,579.69,892.62,466.0
4780,475.62,691.47,575.67,897.14,485.42
4781,509.7,716.55,601.94,951.38,507.33
4782,562.85,781.4,645.52,1051.41,555.5
4783,622.26,865.28,709.98,1151.25,614.41
4784,651.29,891.28,762.9,1197.92,647.2
4785,671.34,928.7,778.7,1225.7,661.88
4786,676.62,945.74,783.71,1218.12,673.79
4787,674.95,954.32,788.96,1222.27,685.75
4788,678.97,948.67,789.08,1229.99,699.95
4789,676.54,940.99,788.34,1225.88,692.18
4790,691.27,950.09,796.98,1210.63,689.87
4791,679.76,964.22,807.82,1225.6,696.64
4792,696.22,1007.15,846.51,1255.51,708.51
4793,736.31,1058.67,867.59,1325.16,736.89
4794,749.69,1086.53,896.31,1356.25,759.05
4795,740.01,1083.14,892.29,1342.02,755.04
4796,724.46,1043.84,852.4,1321.74,713.77
4797,687.68,974.7,816.27,1230.73,663.57
4798,625.91,888.17,752.94,1152.65,619.65
4799,581.13,805.22,679.21,1048.01,567.33
4800,553.37,763.65,640.02,988.61,535.71
4801,529.03,718.28,616.99,934.39,514.59
4802,515.64,714.61,613.36,929.22,499.88
4803,508.21,710.6,606.27,920.95,497.94
4804,507.99,703.86,620.17,939.38,503.96
4805,529.87,731.05,654.52,965.25,528.01
4806,586.11,805.02,718.06,1049.09,579.99
4807,638.47,865.06,764.48,1130.62,631.22
4808,677.1,900.29,803.95,1189.61,641.54
4809,685.43,929.25,809.27,1195.99,660.27
4810,671.02,945.95,824.81,1225.76,669.18
4811,673.55,942.6,838.64,1230.38,668.27
4812,674.59,951.82,839.54,1223.16,660.33
4813,669.9,954.11,846.97,1231.82,657.74
4814,669.15,945.56,847.83,1241.77,658.01
4815,667.92,961.94,868.32,1265.68,670.54
4816,698.42,981.99,884.12,1304.76,694.54
4817,723.91,1011.46,922.77,1363.39,721.78
4818,754.82,1063.6,982.77,1416.15,747.73
4819,744.38,1068.92,981.22,1386.02,745.98
4820,700.86,1010.44,921.12,1333.01,709.5
4821,666.7,916.18,868.48,1245.44,672.58
4822,595.86,856.94,797.14,1158.86,631.88
4823,540.02,779.54,735.54,1046.78,571.5
4824,476.1,687.08,633.62,924.08,498.22
4825,450.99,643.53,606.55,903.53,468.35
4826,443.6,631.93,592.29,882.11,453.7
4827,437.19,632.69,584.07,849.52,455.42
4828,440.58,642.53,583.7,865.23,466.94
4829,476.05,683.2,612.78,927.65,486.61
4830,521.74,754.25,684.91,1030.2,536.27
4831,567.61,832.1,757.89,1138.57,583.83
4832,583.22,860.45,780.98,1163.19,594.91
4833,589.49,871.23,794.37,1206.05,599.66
4834,600.22,858.9,814.23,1220.38,599.36
4835,610.18,863.36,829.17,1232.86,610.71
4836,610.0,861.17,821.1,1222.78,612.33
4837,598.87,841.91,820.32,1207.09,603.5
4838,603.93,854.32,816.96,1208.8,601.79
4839,597.15,860.79,822.11,1200.4,606.5
4840,612.29,919.6,835.9,1264.67,627.18
4841,639.52,968.91,879.62,1324.9,650.06
4842,656.17,992.92,913.81,1368.07,669.85
4843,652.76,983.94,913.28,1323.7,655.07
4844,620.08,949.14,875.89,1241.42,638.8
4845,575.82,899.49,816.23,1180.59,603.81
4846,544.3,843.18,743.16,1075.11,557.11
4847,503.47,766.52,673.22,991.2,519.14
4848,481.72,729.5,637.14,933.63,488.25
4849,458.37,692.03,601.69,895.36,462.75
4850,451.63,680.31,588.07,887.54,447.45
4851,449.43,668.77,568.8,874.22,437.91
4852,461.34,675.81,575.71,901.13,436.12
4853,498.04,712.63,605.34,945.15,455.48
4854,544.76,776.34,661.79,1051.8,499.87
4855,594.37,845.43,718.07,1140.06,530.9
4856,617.04,883.17,740.86,1185.93,553.81
4857,602.5,880.15,740.61,1190.83,551.62
4858,597.98,882.68,765.97,1201.74,568.25
4859,604.14,885.89,771.07,1189.95,583.86
4860,608.98,896.63,777.44,1183.74,582.97
4861,598.92,888.98,787.53,1160.56,585.72
4862,607.33,888.21,784.54,1160.27,585.92
4863,622.38,888.44,799.09,1178.29,599.26
4864,636.51,918.72,841.0,1228.23,614.94
4865,676.93,957.78,887.71,1317.22,648.6
4866,714.29,1003.33,913.75,1350.1,669.29
4867,710.14,990.67,894.8,1332.92,680.67
4868,669.9,946.55,851.62,1279.28,651.78
4869,636.7,892.22,806.92,1184.8,611.52
4870,584.6,826.72,770.72,1107.14,563.98
4871,531.77,742.45,697.1,1001.87,515.39
4872,538.62,754.03,704.03,1016.74,523.6
4873,508.12,716.63,677.76,977.33,496.88
4874,500.44,682.58,654.44,949.17,487.52
4875,497.2,664.15,653.93,944.78,482.55
4876,509.59,682.07,670.51,944.17,494.95
4877,538.32,721.71,699.99,996.44,512.86
4878,584.99,789.91,770.63,1098.7,565.13
4879,635.35,872.49,845.79,1195.48,614.21
4880,666.87,890.04,864.51,1281.67,645.53
4881,675.21,924.62,875.85,1298.24,653.95
4882,702.94,927.66,874.8,1333.29,665.55
4883,705.15,954.57,871.11,1345.16,662.79
4884,698.06,949.85,882.09,1343.15,668.08
4885,698.19,935.03,867.96,1333.93,670.09
4886,701.57,938.78,865.15,1325.41,663.05
4887,705.52,945.17,878.3,1342.28,660.2
4888,721.43,984.9,911.58,1417.42,670.25
4889,756.3,1040.6,951.22,1463.58,695.13
4890,788.03,1072.63,984.18,1530.25,717.78
4891,785.05,1060.53,986.53,1503.37,716.39
4892,745.53,1014.12,938.88,1431.06,691.28
4893,699.01,968.93,883.07,1335.59,643.02
4894,648.49,892.2,810.56,1243.11,589.54
4895,596.64,825.99,745.45,1113.72,553.85
4896,541.04,776.7,702.8,1048.75,518.46
4897,508.25,730.46,675.62,1001.21,490.81
4898,489.95,697.25,657.4,982.57,477.61
4899,481.66,689.96,647.35,962.25,481.31
4900,488.67,703.07,643.72,975.4,472.48
4901,519.46,741.88,662.77,1021.11,493.86
4902,574.69,828.01,745.96,1105.57,559.75
4903,624.92,909.8,821.48,1201.23,619.93
4904,650.11,966.34,837.25,1252.14,640.8
4905,675.68,990.18,869.75,1275.36,644.29
4906,675.89,986.8,863.47,1278.18,657.47
4907,683.5,1007.17,872.54,1285.87,675.22
4908,694.43,992.32,882.55,1291.52,676.96
4909,688.53,979.26,891.96,1280.77,672.87
4910,670.64,962.83,906.74,1268.21,686.51
4911,679.03,981.79,915.47,1292.92,692.42
4912,694.28,1025.41,937.41,1358.73,717.34
4913,724.73,1054.06,973.59,1422.2,744.87
4914,758.87,1078.75,994.44,1460.98,762.88
4915,755.05,1059.55,973.82,1455.45,758.72
4916,718.59,989.96,914.37,1374.98,710.85
4917,678.64,926.12,859.97,1277.5,670.48
4918,627.7,851.83,791.97,1154.47,628.75
4919,574.22,767.22,715.69,1079.31,577.88
4920,542.0,703.27,686.52,1018.88,545.16
4921,515.87,657.97,634.58,970.56,523.27
4922,499.52,645.47,620.14,950.32,510.09
4923,489.34,626.26,610.65,951.2,499.61
4924,495.18,637.11,614.49,970.35,500.37
4925,514.62,675.14,629.0,1013.21,522.31
4926,557.14,751.9,697.21,1108.06,572.82
4927,617.12,821.63,765.94,1229.75,631.96
4928,640.41,860.51,789.11,1267.37,653.52
4929,652.53,896.32,816.7,1310.83,667.3
4930,657.4,899.46,821.04,1309.2,668.05
4931,663.57,909.81,836.41,1318.73,673.48
4932,663.36,925.71,831.67,1339.13,682.69
4933,657.12,904.05,820.1,1321.74,659.84
4934,650.46,912.39,817.62,1325.04,665.86
4935,664.06,892.14,830.74,1341.62,651.58
4936,677.19,901.11,852.0,1378.36,664.82
4937,717.48,926.71,909.0,1436.63,709.48
4938,725.68,961.52,944.68,1456.62,734.3
4939,710.47,957.15,930.79,1439.09,726.59
4940,688.54,891.27,879.58,1382.05,702.18
4941,643.81,860.31,807.08,1321.17,662.67
4942,589.24,818.8,758.51,1234.23,599.3
4943,542.54,763.82,709.78,1144.22,540.65
4944,505.29,719.0,672.92,1077.81,516.76
4945,481.67,689.16,641.45,999.26,495.52
4946,457.07,666.45,617.26,954.34,481.64
4947,449.59,654.12,613.63,955.54,471.74
4948,453.04,657.74,618.68,953.91,472.45
4949,481.54,696.69,656.76,1016.94,497.18
4950,536.79,762.89,716.75,1133.55,547.95
4951,580.38,829.29,807.56,1228.31,592.47
4952,618.05,885.71,843.39,1297.81,617.34
4953,626.48,900.81,855.36,1339.23,633.25
4954,617.45,917.88,870.57,1322.66,645.26
4955,606.34,932.28,872.26,1336.91,663.82
4956,620.94,927.79,860.87,1337.05,657.0
4957,616.02,915.01,851.35,1327.04,647.69
4958,612.65,929.1,846.4,1327.82,638.56
4959,614.58,932.55,867.12,1345.4,636.91
4960,625.6,968.16,904.24,1369.4,651.35
4961,668.87,1008.47,959.73,1430.75,688.42
4962,693.97,1040.35,998.2,1491.56,726.78
4963,705.44,1051.05,1010.02,1513.3,726.31
4964,674.06,984.14,977.52,1475.22,703.33
4965,613.77,914.32,920.12,1380.66,655.66
4966,573.83,838.08,856.83,1268.6,599.44
4967,524.24,772.76,786.58,1161.88,546.46
4968,493.94,722.8,748.09,1108.53,518.11
4969,480.22,689.59,697.87,1035.55,497.23
4970,466.97,678.51,672.87,1011.84,483.34
4971,468.04,686.45,679.6,1000.7,481.53
4972,474.51,703.47,683.7,996.26,482.14
4973,495.2,727.53,711.57,1023.77,504.62
4974,548.62,817.04,777.6,1113.23,561.52
4975,594.49,890.38,844.65,1236.35,602.29
4976,629.14,915.81,883.21,1285.63,628.73
4977,649.23,936.33,901.32,1280.89,645.81
4978,655.8,933.82,892.81,1272.18,648.43
4979,666.67,938.47,908.97,1267.03,654.54
4980,670.59,928.37,921.83,1282.09,663.68
4981,661.28,914.65,925.1,1251.66,654.31
4982,667.69,887.39,931.04,1237.25,671.86
4983,671.48,912.94,948.11,1270.88,673.81
4984,695.06,941.47,971.97,1274.9,686.74
4985,718.43,997.23,1010.09,1315.98,715.22
4986,744.38,1038.73,1041.88,1387.59,730.96
4987,740.96,1029.17,1015.38,1386.21,739.06
4988,701.44,1001.36,961.63,1324.14,719.6
4989,653.23,952.24,894.02,1242.25,661.41
4990,598.52,873.58,824.77,1131.82,621.97
4991,552.97,807.19,753.07,1038.18,564.15
4992,480.55,703.46,666.78,896.21,506.61
4993,459.57,664.58,637.4,860.62,474.4
4994,455.88,650.57,612.36,823.26,454.23
4995,451.31,642.06,599.17,819.72,447.41
4996,448.16,649.14,593.28,824.68,462.23
4997,472.38,666.11,630.88,846.13,484.13
4998,525.95,725.4,699.47,935.68,519.14
4999,571.36,793.09,769.18,1010.37,565.71
5000,602.61,833.99,797.2,1053.96,589.92
5001,618.35,857.84,802.29,1073.83,604.68
5002,626.53,860.36,804.47,1085.24,617.38
5003,629.65,874.01,818.26,1108.11,634.95
5004,624.99,860.69,823.18,1081.45,639.18
5005,616.46,857.74,824.37,1049.98,621.86
5006,616.38,877.76,818.48,1072.02,620.77
5007,625.67,883.2,831.54,1093.54,631.11
5008,646.17,896.97,873.14,1125.9,654.04
5009,673.12,951.06,890.29,1192.08,669.05
5010,696.96,983.02,916.04,1243.39,689.1
5011,693.38,974.2,906.29,1243.05,687.81
5012,649.85,937.6,872.13,1167.81,661.91
5013,602.81,873.83,809.67,1089.0,614.61
5014,550.8,812.54,754.39,1019.79,564.91
5015,503.55,737.11,677.76,931.75,524.69
5016,473.6,687.81,641.56,866.38,498.62
5017,449.52,656.6,609.97,830.18,487.95
5018,433.8,643.11,586.11,795.94,476.97
5019,432.33,636.12,579.65,805.49,469.94
5020,440.07,649.47,595.06,823.03,485.31
5021,454.37,682.63,622.81,856.81,506.6
5022,500.82,744.47,676.29,946.96,557.79
5023,539.7,816.48,738.94,1045.78,613.09
5024,575.53,833.89,764.14,1103.68,650.78
5025,584.47,850.87,775.13,1133.67,662.35
5026,588.18,869.64,796.17,1145.91,669.87
5027,595.46,883.84,808.51,1178.82,676.78
5028,594.87,895.5,817.06,1181.82,676.58
5029,589.62,883.28,786.88,1169.61,669.12
5030,601.73,879.88,776.22,1187.32,657.05
5031,609.5,882.66,775.0,1204.06,657.48
5032,633.56,902.28,792.59,1221.24,666.78
5033,671.91,946.74,822.1,1284.3,699.18
5034,687.34,991.99,853.1,1356.37,721.05
5035,694.93,982.24,856.63,1355.87,714.77
5036,669.24,956.52,833.88,1299.27,698.46
5037,632.63,899.22,779.02,1206.93,640.44
5038,576.55,808.17,718.42,1100.13,590.21
5039,532.26,745.65,672.2,1009.69,537.27
5040,541.23,750.54,669.97,1026.49,553.48
5041,510.65,714.42,642.84,981.07,515.87
5042,509.94,689.7,629.53,946.26,515.29
5043,505.08,676.22,626.07,926.43,512.25
5044,508.95,702.68,636.94,947.45,516.64
5045,535.5,748.18,670.0,1016.12,542.66
5046,593.58,818.41,745.71,1130.83,597.87
5047,653.84,883.88,809.21,1241.11,642.27
5048,683.16,916.01,844.74,1302.02,656.45
5049,703.76,927.02,842.58,1315.43,661.35
5050,719.28,943.19,862.04,1319.78,666.56
5051,713.21,965.13,870.51,1331.06,679.08
5052,706.72,946.55,850.75,1335.01,677.54
5053,690.27,942.6,854.89,1336.01,668.44
5054,689.19,941.63,847.93,1330.34,669.31
5055,705.47,947.58,861.14,1325.59,674.7
5056,728.77,984.23,888.45,1343.97,694.03
5057,751.35,1020.5,927.44,1399.37,732.81
5058,773.5,1046.24,972.17,1482.05,754.71
5059,773.95,1036.63,949.97,1464.32,765.53
5060,733.76,983.4,910.36,1433.53,736.82
5061,684.64,915.89,873.65,1313.16,690.17
5062,632.23,854.38,809.87,1229.26,629.77
5063,565.63,770.69,743.71,1130.12,584.67
5064,537.56,738.46,688.4,1083.58,529.87
5065,512.56,714.64,652.85,1029.73,494.33
5066,501.85,693.54,634.9,1005.78,471.42
5067,488.73,689.94,624.99,983.66,465.23
5068,490.18,690.2,630.88,995.05,469.37
5069,511.96,724.53,662.61,1048.92,493.81
5070,564.61,793.21,725.03,1139.05,556.05
5071,616.12,857.46,778.87,1233.4,612.08
5072,642.42,905.04,804.32,1272.95,638.1
5073,668.74,928.06,819.93,1286.93,662.18
5074,684.43,948.62,822.82,1284.4,674.78
5075,683.87,940.16,834.98,1299.56,672.72
5076,677.54,939.8,846.9,1306.34,670.0
5077,683.57,926.9,837.75,1314.44,667.16
5078,679.61,910.81,829.17,1335.28,670.95
5079,695.79,934.02,824.13,1338.63,668.36
5080,727.0,963.42,863.58,1377.22,677.25
5081,753.88,1014.38,900.15,1444.27,717.62
5082,776.22,1071.04,920.61,1474.61,749.38
5083,768.28,1055.25,911.19,1463.19,753.93
5084,725.85,1029.04,873.56,1388.4,717.75
5085,670.73,942.43,821.98,1282.12,666.59
5086,614.98,884.4,744.87,1197.63,619.33
5087,568.27,817.51,685.07,1093.33,581.62
5088,532.32,759.14,646.7,1031.93,542.9
5089,504.59,711.3,612.96,989.24,515.86
5090,488.52,715.1,599.76,963.9,499.85
5091,474.05,700.35,589.24,942.54,494.35
5092,489.04,719.6,611.91,948.79,493.7
5093,500.24,760.41,650.42,1013.1,526.64
5094,546.33,836.85,722.6,1090.16,590.28
5095,600.76,910.44,786.49,1188.09,644.16
5096,615.67,933.85,830.98,1247.95,654.89
5097,633.66,939.34,847.51,1256.57,669.95
5098,650.38,939.81,841.97,1293.47,668.49
5099,650.1,960.46,835.82,1306.03,674.43
5100,652.27,938.78,832.62,1308.64,675.32
5101,637.74,918.97,824.76,1327.37,653.7
5102,642.52,925.62,825.92,1346.09,651.68
5103,650.05,934.88,841.66,1372.59,665.61
5104,671.09,957.59,865.54,1417.42,687.17
5105,714.5,991.83,903.34,1505.89,726.15
5106,744.0,1007.21,938.98,1569.74,736.18
5107,748.97,991.92,916.94,1532.51,725.62
5108,720.81,937.98,883.46,1494.44,704.84
5109,664.53,876.0,830.23,1432.03,656.66
5110,614.32,801.25,767.44,1316.16,607.9
5111,565.31,722.41,707.61,1205.26,562.43
5112,523.49,696.3,649.61,1129.89,540.95
5113,505.73,647.07,603.91,1048.37,507.33
5114,492.66,640.38,575.63,1018.75,486.66
5115,487.79,631.12,579.87,997.48,489.16
5116,488.56,637.39,581.88,997.06,491.25
5117,514.41,663.1,613.64,1048.13,507.96
5118,567.52,723.84,691.59,1130.88,566.07
5119,616.28,789.22,737.83,1240.94,629.63
5120,642.25,803.63,758.82,1328.36,659.55
5121,638.33,836.51,775.45,1352.27,667.87
5122,655.73,851.07,790.46,1392.5,686.6
5123,653.24,863.28,812.23,1374.24,673.45
5124,636.39,866.74,802.92,1359.7,662.57
5125,623.97,874.74,802.69,1355.96,649.92
5126,618.97,877.52,791.99,1363.53,659.18
5127,631.06,897.66,798.98,1391.43,671.62
5128,643.37,918.19,819.44,1423.62,687.74
5129,677.75,985.3,854.52,1470.03,722.07
5130,695.26,1013.59,898.46,1523.15,746.72
5131,710.6,993.31,898.41,1495.99,728.5
5132,685.21,944.37,843.53,1416.89,686.02
5133,657.53,897.17,796.5,1334.31,646.79
5134,599.0,845.74,746.15,1230.48,589.4
5135,553.14,778.77,679.74,1132.49,536.73
5136,515.65,753.36,640.09,1057.54,501.17
5137,494.18,707.3,617.78,999.78,472.93
5138,485.49,682.92,597.29,976.48,471.57
5139,469.9,670.25,600.55,980.66,463.63
5140,469.94,690.65,602.63,978.21,471.47
5141,488.27,718.63,633.18,1044.89,495.98
5142,528.15,790.78,692.12,1152.19,543.33
5143,572.52,850.54,757.07,1272.62,585.65
5144,591.03,889.08,790.28,1335.18,608.49
5145,593.91,898.03,792.86,1354.31,621.99
5146,603.22,942.34,802.39,1374.02,632.3
5147,615.96,960.04,812.79,1404.18,634.94
5148,607.8,953.17,808.5,1400.55,642.36
5149,600.21,952.99,793.45,1392.33,619.28
5150,602.96,951.3,797.63,1385.58,612.69
5151,609.56,952.4,807.88,1390.23,617.08
5152,624.06,985.37,814.71,1398.49,651.76
5153,663.0,1012.2,860.27,1466.54,673.88
5154,696.63,1067.54,913.32,1519.67,719.51
5155,698.53,1073.34,907.82,1506.96,712.5
5156,667.92,1011.53,872.9,1433.12,689.42
5157,642.36,944.82,802.9,1341.31,651.86
5158,605.55,850.91,748.77,1235.78,587.85
5159,551.78,784.98,689.19,1144.42,545.49
5160,483.25,690.37,606.51,1010.94,482.65
5161,466.27,658.5,573.87,953.59,452.33
5162,449.74,637.31,566.02,929.53,439.01
5163,445.88,628.57,563.72,915.79,429.83
5164,451.92,631.71,576.55,933.81,441.58
5165,471.56,663.44,600.5,983.66,460.44
5166,517.31,724.15,670.78,1079.15,505.17
5167,553.8,784.41,737.12,1171.67,558.54
5168,573.71,811.18,785.12,1208.82,572.54
5169,571.64,802.05,788.86,1250.58,568.86
5170,595.38,804.15,796.0,1258.22,569.05
5171,612.85,824.37,801.31,1269.1,588.18
5172,621.93,842.26,806.43,1257.59,583.16
5173,617.74,829.6,802.5,1245.3,588.08
5174,624.51,831.91,797.11,1249.19,595.61
5175,639.07,855.42,803.58,1267.16,599.67
5176,663.88,863.21,808.12,1303.76,629.82
5177,700.46,909.82,857.65,1392.19,651.91
5178,715.94,923.51,887.53,1427.19,673.95
5179,711.68,922.72,876.67,1400.62,678.39
5180,674.99,882.12,835.98,1320.9,647.69
5181,622.21,826.68,780.28,1225.32,615.78
5182,565.54,761.85,722.29,1147.25,556.99
5183,520.3,716.63,657.91,1052.75,506.47
5184,496.45,653.19,619.15,990.38,474.79
5185,464.08,611.46,578.87,915.21,457.29
5186,461.37,599.59,567.17,882.57,449.87
5187,462.44,595.46,565.72,858.14,448.6
5188,465.55,599.27,572.87,848.72,456.32
5189,486.52,635.66,597.88,897.6,480.92
5190,533.91,701.09,658.01,967.47,520.83
5191,588.29,767.86,729.39,1072.46,566.9
5192,608.94,813.63,756.22,1137.65,599.25
5193,612.15,821.95,766.54,1154.39,598.4
5194,620.11,833.96,774.88,1169.08,593.17
5195,610.29,853.47,791.55,1183.85,597.27
5196,611.47,848.48,795.88,1174.72,588.39
5197,614.1,854.71,787.0,1175.98,597.11
5198,615.98,846.0,777.44,1152.28,594.1
5199,627.24,837.19,793.64,1168.74,608.65
5200,648.33,850.96,820.37,1222.12,626.74
5201,683.46,894.09,839.22,1266.95,663.19
5202,707.84,940.54,887.44,1313.18,701.62
5203,693.79,929.4,891.39,1281.23,688.99
5204,661.1,889.93,859.4,1218.93,663.11
5205,617.89,834.37,809.86,1134.01,626.42
5206,577.85,776.96,740.2,1056.84,573.55
5207,538.36,703.41,685.21,983.44,522.67
5208,547.26,712.49,702.78,1000.06,523.73
5209,514.79,670.86,678.33,958.6,498.01
5210,496.38,658.97,656.46,931.1,484.94
5211,488.06,658.49,642.25,913.68,477.37
5212,501.96,648.82,664.93,927.01,482.54
5213,529.35,686.65,699.31,980.8,514.72
5214,580.69,755.14,751.79,1088.85,564.13
5215,626.65,833.45,811.04,1183.98,615.24
5216,658.53,861.44,845.36,1214.13,644.81
5217,672.69,880.82,871.01,1250.42,649.34
5218,677.57,877.22,866.4,1258.63,657.59
5219,683.72,897.27,871.06,1258.75,659.41
5220,695.84,925.65,862.93,1259.05,659.42
5221,686.08,920.09,852.76,1243.55,639.42
5222,697.65,938.12,842.95,1247.41,643.7
5223,712.0,964.62,859.61,1245.99,652.65
5224,730.25,987.85,875.49,1282.25,677.16
5225,769.18,1033.81,913.95,1349.23,706.38
5226,792.49,1071.52,952.55,1405.62,721.88
5227,775.58,1074.35,938.8,1388.1,716.63
5228,737.39,1017.5,899.05,1345.8,683.1
5229,681.48,959.96,837.86,1257.04,643.3
5230,630.93,874.88,787.79,1150.75,599.09
5231,576.58,806.65,714.59,1050.73,547.39
5232,546.15,758.45,676.78,993.33,529.27
5233,523.18,705.61,640.46,960.71,497.4
5234,490.33,683.99,620.34,912.89,489.27
5235,485.25,679.05,602.16,889.26,486.81
5236,480.82,686.52,610.9,883.73,492.77
5237,507.21,724.71,641.63,921.0,506.94
5238,552.06,818.94,708.52,1017.4,550.52
5239,603.35,878.1,773.27,1121.88,607.7
5240,639.17,905.87,798.03,1160.04,624.61
5241,638.45,914.96,809.3,1185.75,635.49
5242,646.63,924.19,803.84,1202.21,628.32
5243,652.63,927.76,818.22,1215.76,638.7
5244,638.0,925.63,828.02,1217.3,626.19
5245,638.02,907.74,818.22,1224.32,624.56
5246,639.06,899.99,813.37,1229.32,622.53
5247,641.95,932.26,844.09,1276.67,623.09
5248,655.51,989.39,865.51,1308.64,642.46
5249,714.74,1032.21,917.16,1388.42,659.53
5250,736.56,1069.01,941.0,1443.54,678.18
5251,714.42,1037.16,930.49,1438.66,674.45
5252,676.28,987.07,879.47,1409.05,632.95
5253,631.38,933.03,823.85,1305.15,601.87
5254,580.57,864.73,756.79,1191.44,554.33
5255,532.17,789.46,695.14,1068.16,507.42
5256,496.31,759.97,658.94,991.74,476.72
5257,476.47,747.64,619.51,934.64,453.49
5258,462.36,724.69,619.01,920.87,438.48
5259,449.49,704.54,605.5,903.14,426.19
5260,452.11,717.69,616.45,918.45,430.29
5261,475.15,761.53,656.93,967.23,455.54
5262,530.15,827.03,727.39,1062.5,513.02
5263,583.44,899.76,787.99,1148.2,569.67
5264,606.52,947.66,814.62,1206.62,611.19
5265,620.25,968.83,827.33,1229.84,618.46
5266,629.39,966.01,809.19,1251.49,617.16
5267,652.88,983.9,826.94,1280.16,610.31
5268,648.35,972.05,843.42,1283.31,629.62
5269,646.36,978.74,847.21,1295.0,634.18
5270,652.43,976.25,867.34,1299.16,629.64
5271,651.29,961.52,867.7,1305.09,645.19
5272,672.07,977.74,892.39,1354.51,667.8
5273,705.24,1032.75,934.39,1421.31,704.59
5274,726.57,1092.05,974.23,1468.85,734.4
5275,725.76,1085.13,960.94,1476.52,724.77
5276,703.02,1032.16,896.19,1416.16,699.63
5277,666.93,991.14,844.03,1313.95,666.51
5278,613.13,897.38,794.36,1209.19,615.55
5279,562.3,830.07,715.2,1078.58,566.53
5280,544.57,765.68,659.51,995.38,541.42
5281,510.31,711.87,631.01,947.57,510.98
5282,497.79,684.03,606.15,930.11,495.57
5283,495.59,681.97,600.38,906.92,489.75
5284,502.09,692.95,611.84,921.87,491.45
5285,531.5,727.29,639.03,960.84,510.62
5286,584.52,803.87,694.06,1079.37,574.23
5287,641.78,868.78,759.78,1203.35,624.89
5288,676.63,921.82,785.95,1243.46,638.57
5289,686.33,940.45,807.23,1281.86,661.62
5290,692.67,954.84,819.55,1304.47,671.73
5291,697.01,947.66,839.16,1303.01,683.16
5292,691.99,946.38,845.47,1310.89,692.37
5293,683.63,922.93,843.93,1308.26,698.31
5294,673.28,931.09,823.22,1307.78,701.43
5295,684.75,921.14,824.87,1302.86,702.59
5296,717.15,957.4,874.25,1344.9,725.74
5297,763.25,1015.66,920.49,1417.84,757.86
5298,799.1,1059.02,945.15,1463.15,784.97
5299,780.68,1065.59,933.58,1455.02,783.06
5300,757.07,1036.83,913.42,1392.54,752.74
5301,700.55,965.41,860.88,1293.53,710.38
5302,643.62,883.65,795.48,1222.58,659.82
5303,599.82,803.46,725.37,1121.84,592.73
5304,556.83,755.77,682.69,1051.81,557.65
5305,532.98,716.28,663.92,1012.25,528.49
5306,519.13,695.33,635.94,977.3,499.31
5307,509.65,700.06,629.39,972.2,487.14
5308,509.7,708.78,622.13,948.11,484.12
5309,537.71,740.96,665.56,1007.48,518.98
5310,586.76,828.54,735.97,1114.28,572.83
5311,646.26,889.87,808.44,1202.21,621.66
5312,680.65,924.86,830.25,1255.03,662.35
5313,681.24,948.4,836.58,1307.48,676.74
5314,682.29,963.73,850.01,1319.37,682.8
5315,684.99,956.64,858.16,1347.81,694.64
5316,674.42,939.77,860.66,1358.93,696.95
5317,658.49,916.61,848.38,1321.62,690.66
5318,659.0,907.59,844.34,1318.08,681.75
5319,663.53,930.93,846.07,1305.78,683.84
5320,669.06,956.94,857.43,1317.44,700.52
5321,696.31,1006.17,892.04,1378.72,734.33
5322,726.58,1031.2,902.41,1441.67,760.47
5323,710.27,1016.11,904.91,1406.27,748.28
5324,672.63,980.62,868.14,1333.28,714.2
5325,643.54,922.59,822.04,1293.42,667.77
5326,603.62,848.03,759.09,1183.25,616.19
5327,542.04,786.26,677.27,1072.27,568.42
5328,468.11,683.47,601.69,915.46,498.6
5329,448.17,645.72,581.93,893.81,465.78
5330,430.9,626.01,559.67,868.96,458.79
5331,424.8,613.55,544.13,865.64,467.21
5332,428.99,628.69,562.51,878.27,467.71
5333,455.84,649.91,587.89,908.75,493.76
5334,486.58,719.76,647.78,1006.7,549.5
5335,517.66,767.6,697.54,1088.28,596.65
5336,533.15,783.4,730.45,1107.42,617.92
5337,554.13,801.58,742.31,1134.48,626.25
5338,560.93,814.96,764.74,1142.51,628.18
5339,556.2,823.52,776.45,1146.26,632.43
5340,562.8,803.81,753.33,1142.58,630.05
5341,565.16,811.65,735.63,1132.89,620.23
5342,565.57,825.56,740.69,1151.85,612.61
5343,570.83,826.18,752.17,1146.48,614.59
5344,592.91,866.51,761.47,1203.53,634.45
5345,632.33,901.37,798.95,1264.01,666.76
5346,657.74,935.73,840.99,1310.5,689.6
5347,657.83,920.0,841.14,1284.47,687.44
5348,629.93,870.33,794.02,1258.64,658.37
5349,588.03,800.96,749.97,1178.89,607.87
5350,537.16,738.59,702.55,1091.33,567.47
5351,494.65,684.76,639.7,1006.01,518.51
5352,465.79,643.68,594.4,936.11,497.38
5353,442.65,619.1,575.0,892.65,481.56
5354,437.26,611.4,567.32,856.07,473.7
5355,434.73,616.0,558.41,831.68,458.17
5356,445.7,632.68,562.16,856.4,458.08
5357,460.43,666.41,599.39,882.11,475.68
5358,510.69,735.5,662.47,969.88,529.14
5359,553.65,801.03,731.73,1056.08,584.24
5360,571.75,825.82,761.9,1134.73,612.4
5361,578.04,830.26,767.38,1155.93,634.17
5362,593.88,857.47,772.07,1181.57,635.54
5363,606.57,856.49,788.73,1193.46,649.29
5364,601.73,863.1,788.98,1202.74,641.82
5365,588.32,870.66,776.24,1210.03,627.53
5366,589.49,872.45,771.97,1208.69,625.71
5367,592.85,874.48,792.56,1220.94,642.5
5368,623.74,903.76,822.58,1234.52,648.2
5369,641.77,963.4,864.66,1258.7,664.98
5370,650.72,985.27,889.77,1286.68,699.64
5371,644.81,965.6,861.5,1264.66,694.47
5372,618.58,917.82,829.57,1228.58,659.33
5373,581.72,867.72,756.08,1155.39,614.19
5374,542.92,807.92,708.77,1057.36,564.16
5375,510.91,734.3,661.86,970.74,513.43
5376,516.28,743.99,678.69,978.71,514.49
5377,488.15,715.1,641.24,926.34,495.34
5378,465.84,686.25,628.29,920.16,482.17
5379,462.01,676.03,614.93,922.19,474.36
5380,473.93,688.57,616.79,935.01,483.44
5381,497.83,730.66,647.64,996.99,507.0
5382,556.21,809.75,716.48,1106.99,554.56
5383,607.24,867.54,809.8,1221.24,609.49
5384,644.36,902.74,845.42,1273.13,636.73
5385,659.47,914.23,866.58,1275.24,653.98
5386,657.13,926.03,862.37,1284.93,649.41
5387,658.4,940.03,873.47,1269.63,664.13
5388,646.42,938.69,881.74,1268.05,669.93
5389,627.33,932.24,881.62,1234.19,660.69
5390,630.88,956.64,883.95,1249.48,661.94
5391,645.2,985.52,883.48,1243.8,668.77
5392,680.7,1022.62,926.73,1261.66,688.81
5393,712.09,1068.05,973.28,1325.39,727.73
5394,735.5,1129.17,1026.51,1386.71,748.32
5395,719.58,1107.27,1021.84,1359.57,749.34
5396,697.23,1034.39,988.28,1286.36,716.01
5397,656.1,964.36,905.68,1208.35,664.4
5398,600.82,878.03,825.01,1095.89,610.03
5399,555.01,780.91,757.36,1009.46,554.66
5400,527.05,725.71,719.82,950.65,510.71
5401,489.98,687.37,676.66,912.15,480.36
5402,482.1,666.62,644.86,896.74,472.39
5403,476.66,661.65,646.77,894.06,469.42
5404,480.82,676.19,647.38,904.85,483.15
5405,503.78,717.44,689.3,964.57,514.18
5406,566.28,778.14,774.95,1050.27,561.53
5407,628.76,857.2,839.19,1157.24,608.22
5408,668.07,910.75,861.33,1197.21,635.62
5409,670.92,925.56,875.66,1229.56,639.88
5410,671.3,931.56,894.33,1237.52,636.17
5411,684.3,945.61,886.18,1260.48,647.13
5412,673.63,951.91,888.35,1276.78,657.02
5413,660.96,942.12,866.42,1261.72,645.35
5414,646.53,945.84,851.25,1291.1,649.3
5415,668.07,943.15,846.86,1291.92,651.11
5416,695.8,948.95,868.42,1331.71,662.94
5417,731.53,986.48,894.83,1388.24,699.45
5418,758.71,1017.41,929.29,1437.99,713.75
5419,747.56,1008.68,909.11,1408.71,688.99
5420,711.03,959.26,859.19,1367.51,669.36
5421,670.18,888.76,790.38,1290.08,638.98
5422,612.34,823.31,736.37,1188.31,588.26
5423,568.65,759.82,669.59,1094.9,540.09
5424,532.69,713.93,634.33,1037.8,518.88
5425,501.04,676.66,611.14,991.04,489.23
5426,495.6,660.81,597.95,947.44,480.01
5427,487.73,648.47,589.9,921.1,483.78
5428,497.0,662.19,595.14,942.02,488.85
5429,519.99,693.19,618.42,998.76,515.87
5430,556.31,744.96,687.68,1107.88,561.21
5431,611.2,833.96,751.64,1198.53,608.89
5432,626.43,874.23,765.64,1271.31,642.1
5433,648.02,902.74,776.37,1289.23,646.49
5434,642.29,909.95,799.56,1321.66,642.33
5435,634.43,917.71,814.1,1314.3,656.28
5436,638.35,919.24,819.48,1310.24,656.83
5437,636.83,912.5,823.51,1315.96,656.85
5438,638.7,911.51,806.39,1325.72,654.65
5439,636.18,911.29,812.07,1317.12,659.37
5440,663.23,945.71,833.08,1353.15,691.68
5441,682.69,991.34,873.56,1384.94,731.96
5442,704.61,1052.07,916.63,1436.93,762.37
5443,693.37,1032.4,906.8,1431.3,757.44
5444,661.98,983.04,854.18,1382.98,714.78
5445,628.46,920.08,797.21,1312.32,674.13
5446,576.37,828.92,732.28,1211.02,631.72
5447,532.97,752.04,692.65,1117.32,577.67
5448,508.21,691.78,663.89,1072.3,557.58
5449,473.93,654.56,641.72,1008.64,519.88
5450,456.17,641.14,638.24,974.0,494.64
5451,449.41,635.71,631.29,939.86,488.98
5452,453.46,654.7,647.18,940.28,492.96
5453,480.9,692.54,686.44,981.97,523.21
5454,517.61,772.84,757.91,1082.89,573.64
5455,572.4,849.58,815.24,1195.98,625.45
5456,604.09,861.51,867.64,1252.9,645.95
5457,616.63,882.25,884.9,1282.32,658.7
5458,613.52,875.38,890.96,1283.5,665.57
5459,621.77,893.72,906.81,1315.23,668.14
5460,619.61,910.13,909.69,1297.91,666.87
5461,620.35,917.84,911.83,1275.82,642.28
5462,621.55,922.02,903.24,1266.58,651.77
5463,635.23,931.37,886.82,1268.88,651.45
5464,651.5,942.44,895.6,1302.31,669.29
5465,696.01,996.55,936.57,1380.84,693.27
5466,701.38,1035.53,975.32,1411.28,717.75
5467,688.34,1023.52,987.5,1418.71,709.47
5468,664.77,963.76,936.65,1339.72,688.56
5469,612.31,888.25,877.12,1264.56,630.23
5470,572.22,815.9,799.37,1146.22,586.24
5471,517.51,756.67,736.53,1052.37,532.55
5472,490.61,713.41,704.53,991.39,510.94
5473,462.81,672.22,677.88,941.0,477.37
5474,450.12,662.8,654.19,920.91,469.0
5475,446.97,663.76,636.84,927.92,465.33
5476,453.97,675.05,637.29,935.94,461.11
5477,477.21,708.86,672.63,989.36,484.42
5478,541.35,782.8,724.74,1090.29,539.52
5479,591.8,852.9,805.58,1168.14,587.84
5480,610.16,894.92,848.62,1195.09,628.91
5481,631.12,900.81,874.76,1205.82,648.99
5482,644.85,924.13,877.29,1206.26,667.1
5483,661.57,933.64,889.43,1218.59,670.49
5484,676.0,959.75,906.59,1192.54,671.97
5485,661.53,925.72,898.45,1197.63,666.9
5486,669.76,915.91,906.45,1176.27,673.93
5487,684.8,908.18,917.76,1176.32,666.59
5488,703.53,936.04,961.25,1227.92,677.16
5489,737.5,985.85,999.72,1290.48,717.39
5490,736.01,1014.57,1002.16,1336.28,744.08
5491,724.89,1009.34,997.76,1341.52,731.78
5492,708.96,968.89,948.08,1291.66,713.07
5493,649.46,899.18,871.48,1198.06,678.0
5494,595.53,830.04,797.99,1099.18,616.68
5495,547.85,750.12,723.36,1003.89,571.41
5496,484.42,654.43,637.69,883.55,502.96
5497,470.06,619.22,610.56,849.33,480.18
5498,448.15,599.35,587.54,848.17,466.24
5499,442.69,584.84,573.04,832.4,461.06
5500,453.45,597.12,588.93,851.43,465.92
5501,469.76,630.05,611.79,886.51,496.18
5502,516.84,710.87,680.09,970.3,539.2
5503,577.13,756.05,739.39,1066.51,597.69
5504,610.28,788.56,761.19,1103.59,629.61
5505,625.65,807.26,779.89,1125.58,647.6
5506,611.62,822.84,785.4,1128.91,651.85
5507,616.66,835.07,766.46,1158.56,677.65
5508,619.65,860.9,768.11,1153.45,664.94
5509,611.39,844.9,749.05,1151.81,651.37
5510,611.0,828.39,741.34,1134.2,646.61
5511,639.94,843.67,723.27,1147.04,655.08
5512,655.69,859.92,761.55,1187.44,669.98
5513,677.59,903.27,801.83,1227.83,700.72
5514,703.23,933.38,824.78,1267.16,703.82
5515,693.94,950.87,827.05,1227.36,685.25
5516,660.89,898.71,794.8,1177.62,647.7
5517,617.9,858.83,743.62,1090.02,604.86
5518,574.94,796.23,680.64,1000.03,556.74
5519,527.57,730.51,624.06,912.55,502.96
5520,490.24,688.43,593.81,839.68,477.81
5521,465.5,646.38,572.94,793.03,438.93
5522,456.11,630.16,557.14,761.6,438.8
5523,447.44,622.93,551.46,755.28,427.85
5524,459.62,628.47,564.45,781.22,444.81
5525,487.9,651.63,601.99,832.01,473.18
5526,529.83,712.66,667.09,930.3,521.8
5527,579.89,776.1,724.57,1033.86,568.06
5528,617.83,807.73,758.03,1085.78,583.41
5529,640.44,810.32,773.88,1090.47,583.01
5530,644.66,821.64,793.99,1093.34,585.11
5531,656.03,843.24,793.54,1076.36,596.99
5532,649.2,842.58,799.81,1065.16,600.93
5533,630.83,850.47,794.87,1063.93,587.9
5534,634.05,853.59,793.52,1087.08,582.54
5535,641.01,857.27,804.28,1072.05,589.16
5536,662.34,871.4,822.35,1119.32,611.55
5537,691.79,899.25,847.67,1163.81,639.44
5538,717.94,924.52,897.71,1222.36,661.57
5539,706.2,916.27,903.21,1219.89,665.47
5540,678.22,866.34,862.23,1163.56,634.94
5541,640.13,810.56,822.11,1098.19,598.0
5542,588.79,766.38,765.91,1011.84,549.15
5543,543.23,685.78,693.76,931.36,496.89
5544,538.67,698.46,708.01,941.08,513.34
5545,507.07,667.19,672.56,881.42,485.18
5546,502.18,654.52,650.5,858.46,475.3
5547,505.01,649.7,639.05,840.02,475.91
5548,511.99,659.23,649.14,859.77,481.63
5549,537.01,691.91,687.61,924.04,509.15
5550,580.81,760.17,757.98,1023.9,556.74
5551,635.4,821.3,824.01,1127.11,607.32
5552,666.83,849.73,844.66,1160.18,631.73
5553,667.24,869.89,854.8,1184.82,652.08
5554,677.55,881.31,869.14,1194.27,669.97
5555,687.2,893.72,875.76,1188.98,679.16
5556,689.71,887.34,872.64,1210.9,682.0
5557,673.02,867.45,859.56,1181.64,672.39
5558,676.69,893.6,860.05,1172.16,671.81
5559,670.46,909.25,857.06,1191.97,670.65
5560,701.88,946.81,877.4,1237.69,684.56
5561,735.02,994.51,902.68,1307.88,726.67
5562,750.01,1039.71,956.83,1369.13,762.48
5563,755.15,1043.23,953.03,1359.72,768.1
5564,731.25,1013.6,904.77,1309.06,732.58
5565,678.35,947.15,848.67,1206.61,691.82
5566,640.96,877.98,790.43,1115.64,641.61
5567,578.81,810.89,742.02,1004.22,580.32
5568,547.1,748.33,707.41,955.68,554.19
5569,526.54,711.25,662.94,898.9,520.09
5570,498.48,695.47,648.86,871.61,515.17
5571,497.19,678.3,648.22,873.11,508.26
5572,502.65,682.13,657.57,871.65,514.32
5573,528.23,727.79,678.35,930.54,542.09
5574,572.95,804.14,733.96,1031.35,599.79
5575,627.05,875.85,822.81,1119.77,643.96
5576,644.06,905.84,860.08,1139.41,665.46
5577,649.23,925.45,866.08,1198.47,674.7
5578,652.32,971.3,861.43,1194.7,678.15
5579,649.27,979.86,851.06,1192.33,676.11
5580,662.8,966.38,845.84,1167.35,682.27
5581,646.12,937.16,831.07,1193.49,677.2
5582,640.89,948.51,823.68,1180.4,678.74
5583,645.6,962.19,850.56,1173.27,689.91
5584,665.39,977.72,895.89,1206.41,697.48
5585,704.45,1039.44,933.07,1252.65,729.15
5586,737.67,1090.92,940.21,1299.98,757.44
5587,728.98,1069.68,915.93,1295.88,748.69
5588,694.47,1012.84,882.85,1221.35,722.13
5589,651.11,951.83,842.34,1184.85,675.39
5590,607.02,876.42,766.24,1085.92,625.97
5591,560.71,806.27,698.91,1007.46,567.96
5592,525.68,767.56,659.8,945.19,535.48
5593,487.71,723.65,636.45,889.7,508.95
5594,488.43,706.29,623.16,832.2,489.72
5595,487.5,685.28,614.03,840.38,488.14
5596,495.27,699.03,614.35,835.92,494.48
5597,523.07,744.19,654.03,883.25,517.58
5598,571.35,790.84,722.85,983.87,585.9
5599,615.56,850.17,778.42,1080.51,635.44
5600,638.72,889.85,794.81,1140.99,659.3
5601,649.95,890.27,834.29,1181.6,672.97
5602,651.63,900.57,823.49,1188.39,670.56
5603,646.79,917.0,836.89,1186.75,693.96
5604,645.37,919.13,830.23,1198.37,698.43
5605,644.88,918.69,816.02,1157.04,702.75
5606,641.8,917.93,816.75,1198.0,713.72
5607,649.23,939.2,843.38,1209.8,729.5
5608,651.85,962.45,873.39,1242.91,756.3
5609,682.39,1001.42,909.5,1283.21,784.55
5610,707.61,1025.57,960.68,1339.88,794.55
5611,692.51,995.3,938.27,1325.99,788.67
5612,649.96,952.08,908.64,1292.57,755.39
5613,614.54,893.32,862.37,1204.71,710.19
5614,563.06,823.15,794.76,1122.38,655.3
5615,521.1,745.83,729.34,1032.89,596.66
5616,490.82,699.91,693.97,977.35,563.05
5617,472.37,675.52,673.96,944.35,535.32
5618,459.71,660.82,664.0,931.79,517.25
5619,446.38,662.83,649.83,908.86,500.69
5620,453.66,675.59,654.58,936.23,499.88
5621,477.36,707.59,682.37,996.85,529.13
5622,531.62,799.76,738.56,1099.18,581.76
5623,578.49,862.28,799.37,1187.88,623.27
5624,601.6,880.09,822.91,1257.86,634.92
5625,622.53,891.45,829.34,1264.24,643.84
5626,639.61,903.85,844.0,1290.42,637.42
5627,653.08,922.27,856.09,1306.04,641.17
5628,662.22,925.59,860.0,1312.98,630.6
5629,659.8,910.7,857.64,1297.16,620.86
5630,666.07,926.93,864.23,1283.17,620.34
5631,679.42,939.88,873.68,1308.08,635.45
5632,701.82,968.88,904.81,1319.35,659.8
5633,734.46,1007.85,929.59,1374.21,691.29
5634,761.24,1065.04,963.23,1439.25,719.63
5635,775.29,1070.45,952.34,1397.8,709.68
5636,740.01,1012.03,922.04,1334.77,694.29
5637,689.52,960.03,862.89,1244.44,643.21
5638,632.06,886.68,785.01,1140.5,589.54
5639,577.65,808.13,730.32,1052.37,535.83
5640,545.76,769.94,685.89,992.24,518.0
5641,511.48,725.57,657.77,918.91,487.98
5642,486.29,706.65,645.88,885.16,475.57
5643,481.76,706.38,641.84,883.45,468.01
5644,478.82,715.9,656.35,894.42,480.87
5645,506.18,740.13,683.21,946.35,507.26
5646,558.25,806.86,739.34,1053.82,562.21
5647,618.03,881.94,804.46,1177.15,612.63
5648,656.7,910.14,818.83,1232.1,630.94
5649,672.09,928.12,847.26,1246.16,642.29
5650,673.51,944.53,858.77,1258.62,653.06
5651,670.09,946.58,864.24,1269.01,673.33
5652,663.72,932.11,854.39,1256.2,662.33
5653,657.96,927.21,830.05,1205.71,662.59
5654,641.75,945.76,846.56,1189.2,670.96
5655,649.68,952.67,861.23,1209.49,676.98
5656,669.36,984.49,876.6,1237.39,702.26
5657,707.26,1036.22,908.64,1293.53,723.04
5658,730.25,1076.26,957.87,1358.38,753.16
5659,725.69,1050.35,953.35,1353.85,732.52
5660,688.6,1009.74,909.14,1284.43,709.01
5661,642.02,951.03,855.59,1192.2,656.16
5662,580.12,868.35,790.02,1104.23,598.92
5663,533.55,798.84,713.23,1011.84,543.89
5664,478.53,692.39,638.97,890.63,478.32
5665,456.73,650.11,615.04,840.57,454.39
5666,447.56,627.16,599.98,827.41,448.74
5667,436.78,627.78,578.66,803.52,442.22
5668,451.09,643.17,591.56,827.76,453.66
5669,470.66,678.11,619.18,857.81,481.98
5670,523.3,760.18,685.61,971.58,543.96
5671,571.86,821.04,752.03,1042.73,598.99
5672,588.98,863.49,770.07,1091.16,635.87
5673,608.85,874.98,789.85,1106.21,648.54
5674,615.07,861.26,794.79,1125.41,639.77
5675,622.51,878.4,794.35,1158.31,659.21
5676,625.95,881.18,801.54,1165.12,653.92
5677,619.66,857.56,792.21,1173.15,651.1
5678,616.76,853.96,804.6,1129.9,646.92
5679,626.28,867.79,817.05,1137.94,658.88
5680,641.09,889.2,828.37,1173.95,678.7
5681,671.61,939.84,869.03,1252.63,712.45
5682,690.02,955.5,890.19,1333.16,730.79
5683,672.02,973.19,887.49,1296.3,724.55
5684,638.32,928.89,849.12,1240.93,706.15
5685,595.02,861.8,806.77,1131.55,666.65
5686,549.95,789.84,741.72,1036.68,625.9
5687,511.96,717.72,669.41,950.04,566.35
5688,473.58,662.88,628.74,886.04,540.96
5689,452.09,622.75,592.71,838.76,514.37
5690,429.18,609.51,562.2,814.27,502.93
5691,419.22,608.74,549.89,795.0,492.06
5692,423.6,608.58,567.7,798.59,492.92
5693,434.63,645.02,587.69,856.94,512.08
5694,468.83,707.08,652.04,969.44,561.8
5695,515.76,794.16,706.76,1054.48,612.93
5696,540.97,833.89,743.5,1102.86,647.23
5697,553.98,858.39,761.37,1126.71,661.13
5698,556.4,870.04,767.21,1142.77,669.46
5699,581.07,883.0,760.46,1154.56,672.79
5700,582.03,880.0,751.15,1127.21,669.76
5701,572.13,862.89,739.84,1121.13,670.38
5702,586.9,879.74,760.94,1126.27,675.5
5703,598.79,902.02,785.96,1124.44,687.16
5704,614.52,937.98,794.86,1166.55,695.9
5705,654.32,967.83,834.53,1229.99,728.93
5706,679.94,1000.65,849.6,1260.13,750.01
5707,680.22,998.52,840.61,1236.8,759.07
5708,653.0,954.39,822.18,1191.68,727.11
5709,604.16,873.8,780.45,1102.31,679.68
5710,564.54,805.03,723.78,1009.34,628.69
5711,518.27,725.04,648.75,922.82,579.29
5712,519.66,724.09,652.77,953.34,589.73
5713,490.19,693.83,613.86,906.6,557.02
5714,483.93,650.45,616.79,894.54,532.14
5715,475.77,652.56,608.84,874.83,525.28
5716,482.84,653.68,627.4,869.8,530.57
5717,512.76,685.24,663.79,932.68,546.64
5718,565.15,753.73,729.13,1029.87,602.47
5719,605.36,819.86,789.77,1114.02,654.61
5720,636.31,853.23,838.3,1166.99,679.99
5721,656.97,863.93,853.77,1196.58,685.43
5722,670.45,876.23,866.82,1196.64,698.84
5723,689.76,874.78,875.93,1194.54,688.23
5724,691.82,876.44,867.56,1212.46,696.04
5725,690.41,870.66,866.44,1199.78,694.48
5726,701.87,870.23,857.05,1195.91,695.1
5727,704.51,894.6,867.34,1203.91,701.96
5728,737.58,920.22,881.84,1230.77,727.85
5729,784.71,958.38,901.98,1299.07,771.79
5730,816.63,1021.64,948.55,1317.49,806.95
5731,822.68,1031.46,951.75,1319.9,789.22
5732,790.39,993.36,912.22,1248.38,755.36
5733,729.34,926.66,837.19,1171.99,692.9
5734,678.14,870.11,761.82,1070.64,633.89
5735,620.3,799.09,702.01,957.66,588.01
5736,585.25,750.01,652.0,898.16,547.6
5737,555.04,711.5,645.16,851.44,525.15
5738,546.38,700.2,621.06,827.42,511.96
5739,539.72,692.41,609.92,804.35,500.37
5740,540.05,695.67,628.73,839.88,512.84
5741,568.95,713.01,669.83,873.3,537.75
5742,628.01,791.62,742.37,976.33,592.53
5743,676.5,864.09,817.48,1074.3,638.59
5744,698.44,908.83,861.03,1106.57,656.24
5745,706.76,928.9,878.96,1127.86,678.8
5746,706.47,948.11,882.42,1156.65,688.29
5747,714.13,961.75,888.83,1190.13,700.91
5748,720.29,959.86,891.22,1180.75,708.69
5749,726.16,947.26,886.23,1189.26,710.69
5750,732.73,925.01,896.8,1191.53,708.34
5751,744.76,916.64,910.42,1196.29,725.69
5752,772.05,967.47,945.64,1230.31,745.48
5753,815.57,1001.63,983.49,1294.49,771.53
5754,836.61,1028.85,1009.09,1355.59,794.37
5755,831.33,1045.69,991.3,1374.06,793.64
5756,793.77,1002.62,945.18,1303.51,753.93
5757,738.38,915.84,869.68,1240.98,714.29
5758,674.36,818.84,795.58,1146.02,673.65
5759,611.43,735.16,732.58,1051.67,621.46
5760,573.01,690.16,687.5,993.79,576.0
5761,535.58,665.3,645.19,941.64,550.55
5762,523.46,653.18,619.25,913.71,529.43
5763,514.91,641.4,604.96,893.62,523.11
5764,520.94,658.0,607.1,886.14,532.31
5765,548.96,681.36,653.59,925.57,554.59
5766,607.13,747.67,732.95,1023.03,601.08
5767,655.89,828.98,817.42,1110.65,657.08
5768,680.63,894.41,847.57,1163.93,675.86
5769,679.82,904.55,854.19,1188.15,685.24
5770,667.75,901.95,855.55,1223.05,674.94
5771,658.52,913.84,850.78,1236.48,691.86
5772,671.71,917.23,852.78,1220.9,687.66
5773,650.73,917.38,837.61,1245.07,681.34
5774,655.35,923.73,848.11,1246.58,675.51
5775,674.26,950.74,847.48,1264.87,675.58
5776,689.88,999.13,875.18,1286.71,713.89
5777,736.49,1051.87,885.4,1327.42,759.38
5778,778.89,1074.64,915.91,1405.28,767.32
5779,779.27,1060.42,909.76,1404.21,764.03
5780,764.05,1015.01,873.32,1330.81,726.99
5781,718.01,946.67,814.6,1248.5,683.81
5782,654.53,884.46,753.75,1178.73,628.16
5783,601.17,814.89,692.8,1089.58,571.18
5784,562.75,767.94,656.65,1028.67,535.04
5785,525.94,729.24,637.38,960.57,518.11
5786,503.95,716.91,619.55,920.55,501.37
5787,510.31,699.69,619.03,884.37,499.8
5788,512.73,697.83,638.77,885.01,512.07
5789,538.57,729.9,680.96,931.11,538.45
5790,586.85,792.56,753.8,1028.42,597.05
5791,640.41,859.02,826.95,1115.28,643.86
5792,664.38,868.44,873.73,1137.42,671.27
5793,673.69,886.39,903.86,1157.75,673.12
5794,670.05,888.84,905.25,1184.78,679.53
5795,665.11,907.38,911.61,1181.08,682.64
5796,659.65,919.47,926.3,1179.24,676.25
5797,656.49,917.75,919.98,1181.16,665.2
5798,673.83,900.42,905.64,1171.49,677.22
5799,688.71,912.42,914.75,1184.84,693.58
5800,723.16,943.0,948.19,1196.26,714.19
5801,759.79,974.49,996.62,1244.56,748.14
5802,784.55,1016.65,1031.1,1288.35,764.32
5803,764.47,998.6,1018.42,1295.4,759.13
5804,730.51,938.64,969.14,1291.05,737.67
5805,666.16,885.69,894.19,1200.33,696.75
5806,612.42,813.31,828.9,1099.42,658.88
5807,572.17,766.22,761.46,1005.49,587.23
5808,541.82,723.62,712.16,938.35,543.05
5809,521.93,684.33,670.89,880.25,511.27
5810,505.65,668.57,648.07,847.65,490.87
5811,490.47,660.35,637.1,840.49,487.98
5812,494.13,668.42,659.45,863.86,500.39
5813,517.76,696.33,694.75,897.12,533.27
5814,578.05,759.47,768.43,1007.87,588.55
5815,645.19,845.89,837.98,1090.89,649.96
5816,665.35,873.16,873.41,1155.03,681.3
5817,675.17,909.61,888.79,1215.16,687.56
5818,680.17,909.77,878.91,1238.12,673.06
5819,683.57,928.19,899.1,1223.02,683.95
5820,673.27,928.21,905.53,1211.62,675.92
5821,667.85,934.66,902.11,1180.38,672.3
5822,671.01,935.23,906.66,1193.8,674.39
5823,680.75,944.11,925.5,1203.42,696.44
5824,690.26,964.68,945.91,1230.61,721.31
5825,721.99,1012.21,997.07,1301.98,750.77
5826,732.56,1055.39,1061.22,1356.54,772.62
5827,735.7,1056.44,1066.81,1369.72,752.51
5828,695.74,1006.93,1020.4,1313.26,699.48
5829,650.35,941.38,936.03,1209.35,664.54
5830,597.57,865.83,836.88,1106.49,622.45
5831,544.37,772.89,761.31,989.69,582.12
5832,472.56,678.53,672.67,870.43,516.29
5833,440.77,636.1,636.27,851.09,494.04
5834,440.7,620.53,622.34,844.07,479.02
5835,437.38,608.57,617.68,854.23,470.3
5836,445.66,613.55,632.06,854.4,472.27
5837,482.22,646.12,674.5,906.72,503.42
5838,530.08,700.68,743.73,1011.44,547.64
5839,582.44,765.99,806.3,1099.05,592.95
5840,606.99,815.09,835.98,1142.67,607.02
5841,628.04,848.26,843.6,1138.2,615.39
5842,637.61,874.92,878.94,1150.38,614.85
5843,645.67,894.56,894.73,1195.04,622.72
5844,643.15,897.67,899.89,1201.15,621.79
5845,638.59,907.37,875.32,1205.95,627.81
5846,646.75,904.67,861.33,1188.04,622.33
5847,636.39,920.62,870.68,1202.86,630.34
5848,653.61,950.65,901.01,1216.14,630.81
5849,680.68,994.22,948.55,1277.11,672.07
5850,702.57,1016.94,996.81,1314.15,699.7
5851,680.24,1009.36,992.02,1326.41,706.7
5852,657.49,983.69,943.97,1272.42,670.74
5853,609.94,921.7,880.56,1203.99,626.13
5854,561.83,844.38,817.33,1088.12,577.63
5855,512.13,772.89,756.54,990.92,525.76
5856,474.24,722.43,722.78,929.82,479.65
5857,449.83,684.92,689.96,864.87,457.47
5858,429.4,659.62,685.27,831.96,443.47
5859,420.31,655.31,669.62,822.87,442.44
5860,426.08,660.0,678.33,831.5,450.53
5861,450.47,692.15,705.28,870.36,475.92
5862,497.95,759.5,770.86,959.01,521.32
5863,544.4,811.97,854.32,1067.95,563.08
5864,584.79,859.68,874.68,1118.26,580.86
5865,601.02,893.02,888.05,1166.75,605.68
5866,598.86,892.98,892.06,1156.62,607.14
5867,601.56,926.49,899.87,1145.84,617.09
5868,598.26,924.41,903.4,1158.18,617.54
5869,592.99,908.31,883.99,1142.81,602.04
5870,590.27,908.95,876.25,1126.68,603.69
5871,591.48,919.86,876.1,1136.61,618.38
5872,623.6,937.99,888.82,1177.39,631.96
5873,654.65,984.09,927.76,1243.17,659.46
5874,676.69,1001.87,952.96,1277.15,684.35
5875,670.31,1000.2,938.2,1249.83,679.19
5876,640.95,947.83,886.03,1179.96,657.02
5877,612.03,870.93,816.27,1070.28,616.03
5878,568.57,802.29,742.58,984.01,565.63
5879,528.32,723.25,671.06,910.78,519.63
5880,516.29,740.14,674.58,914.75,516.11
5881,494.18,716.46,631.91,852.84,490.92
5882,488.72,687.86,608.9,839.21,476.48
5883,494.41,674.29,616.17,828.98,467.08
5884,501.11,673.42,616.27,840.56,478.59
5885,516.67,698.9,655.39,910.14,490.24
5886,572.91,761.09,748.52,1007.15,541.91
5887,620.8,830.44,829.48,1113.07,599.72
5888,633.19,850.88,870.28,1170.01,619.02
5889,642.16,878.38,884.4,1205.43,630.11
5890,658.42,913.05,915.61,1203.76,647.4
5891,675.55,911.02,922.61,1200.47,644.4
5892,681.84,911.95,922.84,1200.62,642.95
5893,666.95,897.77,895.31,1184.99,635.04
5894,687.76,870.63,897.82,1184.64,635.14
5895,684.4,859.49,911.67,1218.88,645.26
5896,703.48,907.94,918.4,1262.21,665.44
5897,723.71,951.92,964.63,1315.33,678.44
5898,762.19,1008.02,1004.78,1350.59,686.34
5899,759.69,1001.49,1000.05,1355.04,692.75
5900,734.16,969.27,942.16,1272.73,682.26
5901,687.68,920.29,878.32,1193.31,632.83
5902,633.31,843.65,823.26,1108.8,584.05
5903,580.79,785.75,759.82,1002.58,532.88
5904,535.64,750.67,706.14,924.2,503.21
5905,515.81,710.9,674.03,872.1,477.45
5906,507.94,692.51,642.47,867.78,471.82
5907,498.61,673.44,639.14,861.04,463.2
5908,504.97,695.22,658.06,853.87,473.9
5909,533.22,722.91,711.35,928.24,496.4
5910,597.05,795.3,777.0,1022.36,552.55
5911,653.66,861.4,846.3,1129.88,607.69
5912,680.16,892.51,879.32,1177.74,628.74
5913,688.64,920.59,886.89,1211.87,648.48
5914,682.45,931.17,885.57,1227.45,649.56
5915,684.06,952.43,899.74,1254.72,657.61
5916,684.74,951.31,893.22,1277.2,673.1
5917,676.19,953.53,883.63,1270.56,682.95
5918,676.97,940.19,878.17,1245.66,680.06
5919,689.75,940.15,880.82,1241.5,675.31
5920,713.12,927.45,895.61,1289.74,700.16
5921,748.49,986.7,933.63,1343.28,743.96
5922,780.71,1035.32,980.06,1416.87,771.27
5923,774.91,1009.82,988.45,1417.41,771.57
5924,740.19,955.3,967.85,1380.25,723.3
5925,696.22,894.6,888.22,1283.58,692.68
5926,628.54,815.59,806.99,1192.32,631.33
5927,584.09,760.48,746.91,1087.05,575.61
5928,542.52,731.78,710.45,1010.81,546.81
5929,521.17,698.12,670.09,965.47,514.36
5930,507.62,682.51,658.19,943.07,515.69
5931,507.21,671.35,649.81,928.9,505.93
5932,513.62,669.31,646.55,938.45,502.44
5933,534.15,691.73,684.92,998.71,518.5
5934,594.7,755.0,755.84,1083.2,577.63
5935,649.48,823.86,825.11,1167.51,625.32
5936,676.72,872.31,862.71,1215.16,660.78
5937,690.14,882.91,862.5,1230.94,679.53
5938,704.23,897.18,881.02,1234.25,686.61
5939,716.59,928.39,890.5,1228.29,689.78
5940,717.06,949.06,904.97,1211.95,698.06
5941,696.21,949.95,898.7,1208.51,679.71
5942,692.22,958.73,901.47,1208.5,683.25
5943,699.28,939.25,901.74,1209.59,690.32
5944,733.96,960.34,914.03,1258.55,706.8
5945,770.3,1008.02,961.18,1310.36,740.82
5946,795.49,1043.51,984.46,1368.99,752.31
5947,798.07,1043.55,981.32,1367.19,743.86
5948,760.66,1009.18,937.57,1316.8,720.09
5949,710.52,949.53,855.87,1234.01,680.15
5950,655.2,863.7,794.55,1125.88,627.57
5951,588.61,785.73,736.58,1030.36,583.69
5952,561.14,730.71,689.15,982.84,550.27
5953,535.56,704.02,648.38,924.83,520.9
5954,519.25,688.59,634.65,906.31,504.4
5955,504.94,689.1,623.34,892.39,495.25
5956,512.58,698.43,632.17,895.22,501.67
5957,547.91,724.95,656.18,936.71,538.68
5958,597.33,795.41,718.37,1043.18,596.39
5959,642.89,856.75,781.8,1103.75,654.35
5960,672.67,876.71,812.09,1141.79,672.02
5961,672.86,877.03,844.36,1147.57,671.84
5962,661.68,897.26,845.9,1147.28,681.76
5963,665.57,903.25,838.52,1170.35,695.81
5964,661.16,892.11,828.52,1168.87,695.96
5965,654.0,878.06,813.99,1172.31,699.52
5966,651.01,879.27,822.0,1181.26,684.33
5967,661.7,887.41,847.54,1197.63,679.53
5968,680.4,911.07,874.52,1224.79,715.03
5969,708.48,948.52,929.86,1266.85,759.45
5970,731.42,994.04,955.03,1320.56,787.37
5971,732.74,982.19,958.97,1295.05,774.92
5972,710.63,962.15,917.66,1268.52,732.51
5973,673.65,891.59,859.56,1169.03,685.36
5974,627.0,794.98,788.74,1119.43,639.21
5975,551.82,721.79,721.79,1023.26,578.87
5976,515.6,686.19,691.36,975.04,544.34
5977,489.93,656.97,654.98,919.68,529.11
5978,479.99,647.04,642.21,897.6,518.77
5979,465.39,645.86,632.34,878.03,511.39
5980,481.79,669.5,637.95,892.92,524.77
5981,510.3,700.3,672.22,962.07,548.32
5982,558.22,781.29,721.66,1054.33,611.3
5983,611.68,854.28,791.35,1153.76,658.3
5984,635.84,887.49,829.24,1221.5,692.88
5985,643.95,922.47,833.85,1234.89,710.92
5986,656.11,946.83,841.84,1241.14,720.96
5987,660.23,937.09,853.36,1237.06,728.06
5988,650.26,946.97,843.34,1208.07,724.1
5989,640.92,946.05,837.91,1189.77,707.34
5990,642.2,930.89,848.12,1221.65,709.88
5991,641.77,930.99,865.84,1260.34,710.73
5992,673.48,954.86,893.07,1300.83,725.65
5993,697.37,996.96,954.98,1355.1,747.55
5994,740.79,1045.03,1000.62,1404.01,784.41
5995,744.04,1049.87,984.53,1403.5,773.16
5996,704.56,987.3,943.01,1361.15,747.87
5997,662.06,894.36,899.94,1250.01,711.23
5998,620.56,817.32,835.04,1141.08,656.23
5999,567.53,753.12,762.61,1046.82,597.43
6000,491.53,662.69,676.03,894.97,516.97
6001,468.99,641.69,643.36,840.43,492.77
6002,468.76,635.13,621.48,821.45,490.54
6003,454.53,635.17,608.37,793.18,480.07
6004,464.21,634.66,613.49,805.81,476.86
6005,489.08,678.71,630.75,839.69,500.72
6006,537.62,737.78,691.13,916.01,552.68
6007,584.2,820.24,746.42,989.59,610.35
6008,606.8,862.95,775.09,1037.72,642.91
6009,627.39,884.34,787.89,1059.2,656.72
6010,638.32,898.92,800.5,1055.07,668.4
6011,636.96,911.65,808.27,1074.48,680.72
6012,649.26,907.8,806.56,1062.49,683.19
6013,633.04,883.25,800.73,1079.39,677.7
6014,638.36,891.0,804.42,1069.06,676.08
6015,646.01,903.91,807.28,1061.16,681.6
6016,674.02,934.42,826.07,1101.62,693.68
6017,707.94,972.72,865.08,1138.54,716.57
6018,741.55,1016.47,900.59,1213.34,746.26
6019,733.9,998.21,898.29,1190.45,737.5
6020,708.89,938.5,842.86,1139.27,700.5
6021,665.17,888.83,783.81,1071.48,667.15
6022,627.3,815.94,720.71,989.65,603.61
6023,568.33,740.54,648.06,893.71,549.91
6024,542.31,692.45,613.48,857.1,517.15
6025,516.99,670.02,591.55,813.01,495.83
6026,503.17,654.34,570.88,792.42,486.23
6027,491.94,641.18,560.33,783.77,471.64
6028,499.71,641.16,577.28,787.88,481.71
6029,515.94,667.54,604.87,854.31,510.13
6030,557.7,732.87,664.22,941.38,561.26
6031,612.87,785.18,727.09,1034.69,612.85
6032,626.19,814.92,757.92,1054.58,632.35
6033,649.27,828.57,779.79,1071.26,652.66
6034,652.84,825.0,792.16,1092.27,664.5
6035,660.49,830.12,788.68,1114.1,669.41
6036,660.41,822.17,797.14,1107.84,666.52
6037,656.59,816.84,792.65,1095.28,653.78
6038,653.71,834.22,807.76,1108.72,663.17
6039,656.62,861.61,821.92,1130.09,669.62
6040,674.1,875.38,840.28,1159.84,687.15
6041,713.81,915.11,892.08,1200.03,707.31
6042,748.1,954.6,920.59,1244.77,720.52
6043,751.13,942.36,907.54,1242.94,700.98
6044,719.74,885.32,868.15,1194.73,675.2
6045,670.79,822.61,812.57,1128.81,642.29
6046,605.63,750.85,745.75,1043.15,591.65
6047,558.09,679.33,683.83,943.77,552.07
6048,571.06,690.57,689.0,951.27,554.89
6049,539.71,657.87,650.14,921.13,522.08
6050,529.91,635.41,648.25,881.07,501.4
6051,529.58,641.14,629.01,871.8,491.98
6052,535.86,648.7,646.77,898.92,500.73
6053,569.37,698.16,682.88,955.08,530.29
6054,626.64,765.08,739.77,1085.54,588.18
6055,668.45,837.38,800.56,1149.13,661.31
6056,691.29,868.57,815.81,1202.47,685.7
6057,700.76,883.73,826.23,1209.55,705.0
6058,711.1,881.99,848.72,1219.24,718.56
6059,709.89,877.38,830.13,1239.51,726.59
6060,705.66,868.39,839.0,1253.57,719.73
6061,690.64,869.87,833.21,1235.56,726.48
6062,690.34,880.32,822.47,1244.29,718.3
6063,697.64,899.17,826.9,1210.65,732.94
6064,726.0,910.86,867.35,1256.31,756.42
6065,766.55,971.98,903.06,1323.64,777.55
6066,794.64,1012.34,938.85,1365.49,804.08
6067,789.16,991.95,921.93,1340.64,792.83
6068,754.95,946.31,880.09,1253.95,761.03
6069,707.02,885.51,829.37,1182.25,700.72
6070,662.98,819.55,773.67,1070.51,639.0
6071,588.87,732.48,698.3,987.53,600.8
6072,554.46,677.43,667.64,918.61,565.41
6073,529.18,651.23,644.7,882.89,546.19
6074,522.15,640.14,625.14,858.11,531.33
6075,508.21,625.29,622.9,862.55,517.96
6076,516.85,634.4,625.93,872.52,531.37
6077,549.18,676.89,665.13,926.49,555.41
6078,600.35,746.1,734.59,1026.61,604.0
6079,639.93,811.95,801.25,1125.36,643.39
6080,664.0,828.91,844.69,1153.23,669.08
6081,667.99,835.62,871.73,1188.08,690.36
6082,680.71,851.32,882.66,1177.13,691.39
6083,680.88,862.25,889.8,1187.96,708.44
6084,696.43,868.78,899.42,1194.45,707.42
6085,691.0,850.51,890.01,1191.2,696.26
6086,684.48,826.53,914.78,1166.93,696.48
6087,687.35,831.09,895.74,1188.24,705.95
6088,698.51,853.65,932.66,1228.53,741.75
6089,735.67,893.9,991.25,1271.35,753.59
6090,776.5,946.92,1025.58,1321.88,787.2
6091,767.98,957.85,994.16,1276.02,796.23
6092,742.86,922.0,958.02,1198.37,750.85
6093,687.73,865.68,896.69,1143.37,701.14
6094,636.82,802.91,832.84,1036.49,635.36
6095,599.12,734.72,774.21,962.66,584.06
6096,555.71,701.81,729.8,879.74,549.24
6097,536.03,654.85,691.24,852.36,524.38
6098,528.81,645.55,678.06,829.68,509.43
6099,509.81,640.48,664.28,800.07,513.6
6100,507.7,647.29,668.22,816.59,526.02
6101,528.43,668.87,704.31,866.38,544.99
6102,588.56,740.03,775.91,948.11,596.96
6103,639.0,797.44,854.67,1045.18,657.32
6104,664.65,819.88,902.0,1076.56,684.77
6105,684.08,837.14,920.2,1140.64,680.28
6106,691.86,845.27,919.74,1161.05,702.14
6107,700.49,855.48,949.4,1179.86,707.23
6108,697.8,849.46,971.25,1167.77,688.6
6109,700.36,843.02,969.19,1172.7,676.13
6110,693.63,863.81,949.8,1196.62,674.54
6111,714.14,873.4,938.98,1191.04,694.5
6112,731.12,889.47,966.38,1213.92,706.1
6113,757.6,923.19,992.7,1285.59,732.13
6114,790.39,950.79,1035.85,1346.61,755.38
6115,787.18,962.83,1029.58,1336.15,747.44
6116,735.03,928.31,991.52,1316.1,720.94
6117,690.28,885.93,927.96,1222.48,671.75
6118,626.61,821.4,851.87,1130.29,597.93
6119,568.68,767.54,768.55,1029.58,554.02
6120,542.71,706.1,709.99,945.41,519.26
6121,511.34,658.77,688.37,893.97,497.58
6122,501.05,644.24,676.81,876.57,487.52
6123,492.72,640.34,652.77,843.47,489.15
6124,511.58,640.03,663.49,868.03,493.37
6125,537.89,671.3,694.91,918.24,525.48
6126,583.51,735.08,770.09,1028.64,574.8
6127,628.61,809.88,844.57,1129.86,625.22
6128,648.53,835.68,898.16,1176.0,651.97
6129,663.77,842.21,901.53,1212.99,670.24
6130,671.39,845.94,903.46,1234.85,685.22
6131,687.0,847.07,926.77,1238.72,688.86
6132,689.0,850.75,920.92,1231.06,704.2
6133,683.95,844.03,921.62,1221.26,674.02
6134,687.03,855.08,932.63,1214.86,680.08
6135,692.91,858.7,937.12,1209.92,695.06
6136,715.71,881.0,960.39,1250.59,721.19
6137,756.3,914.16,1013.44,1339.18,745.76
6138,790.35,975.02,1033.7,1379.94,774.76
6139,778.03,958.42,999.88,1357.94,791.12
6140,728.52,925.43,960.11,1289.48,777.49
6141,676.05,873.51,885.67,1210.71,728.76
6142,626.41,796.3,814.12,1133.48,668.41
6143,557.01,737.45,755.12,1040.33,605.42
6144,524.0,698.27,722.1,962.73,566.85
6145,502.54,658.48,701.38,907.55,539.95
6146,487.33,630.07,686.35,887.93,523.93
6147,475.42,619.89,678.35,877.53,510.0
6148,493.83,625.39,679.45,880.6,509.04
6149,529.54,651.29,707.97,922.18,528.02
6150,581.14,710.24,751.19,1014.49,572.89
6151,644.64,782.0,835.34,1085.74,636.7
6152,681.87,808.66,864.21,1133.45,672.49
6153,685.85,815.93,874.17,1150.84,681.01
6154,714.51,828.36,868.67,1166.42,685.48
6155,712.57,853.94,872.48,1172.12,692.87
6156,709.71,844.5,869.97,1166.17,700.06
6157,693.38,826.24,852.2,1178.93,698.84
6158,693.94,843.71,856.8,1173.56,696.43
6159,689.71,831.35,862.92,1176.19,708.79
6160,710.0,855.02,885.67,1202.48,723.73
6161,753.26,913.5,905.6,1245.03,767.83
6162,782.08,947.15,928.97,1299.53,794.61
6163,772.76,934.07,935.59,1288.33,779.57
6164,752.65,896.34,890.62,1221.55,755.87
6165,696.74,848.79,816.23,1139.12,716.49
6166,649.69,777.4,742.85,1054.12,666.1
6167,592.34,713.4,695.62,976.91,608.99
6168,520.96,621.78,619.55,854.63,542.17
6169,495.32,596.39,590.45,808.37,511.03
6170,482.96,584.46,582.62,772.3,489.96
6171,475.91,572.93,571.3,757.51,484.61
6172,477.48,581.14,584.22,764.12,488.84
6173,499.1,614.55,618.16,796.63,506.52
6174,551.92,687.98,676.06,880.15,556.0
6175,601.2,751.07,733.49,950.89,603.2
6176,617.54,775.41,767.41,1018.13,627.19
6177,624.91,793.13,770.33,1047.67,650.93
6178,626.35,822.35,790.45,1084.33,643.77
6179,632.84,843.6,803.64,1096.62,638.87
6180,635.01,857.16,788.05,1097.95,643.48
6181,630.28,834.16,768.25,1114.3,638.22
6182,625.91,853.54,750.4,1116.17,640.99
6183,632.95,865.64,749.98,1140.08,649.22
6184,641.16,892.35,776.63,1171.17,660.12
6185,648.55,933.28,797.76,1222.57,693.62
6186,673.81,971.02,819.01,1282.98,710.43
6187,656.35,938.66,813.32,1262.4,699.53
6188,622.98,907.86,779.18,1180.17,668.15
6189,577.05,835.25,731.32,1092.93,628.62
6190,539.62,785.71,672.25,1011.64,578.95
6191,488.76,721.15,632.55,920.97,526.4
6192,465.55,672.3,594.56,874.42,511.17
6193,442.18,631.27,573.7,829.11,488.95
6194,426.0,612.98,552.21,814.55,477.3
6195,413.97,615.92,550.68,808.09,476.06
6196,424.78,623.33,572.98,790.02,482.72
6197,451.97,656.3,608.76,843.66,501.19
6198,504.74,714.22,652.46,912.88,541.18
6199,566.0,793.22,722.01,1017.0,595.39
6200,593.22,822.37,759.5,1076.39,623.49
6201,608.67,831.21,770.22,1087.47,619.23
6202,614.98,842.21,788.46,1093.44,626.04
6203,623.04,843.36,806.63,1116.34,624.27
6204,621.5,840.5,802.81,1091.78,623.12
6205,609.91,815.37,802.36,1088.77,618.32
6206,626.63,799.68,804.81,1105.21,624.13
6207,619.01,814.11,819.61,1111.89,637.04
6208,640.25,830.13,845.35,1148.53,661.57
6209,675.09,875.93,865.62,1208.54,685.24
6210,701.53,913.17,900.89,1241.32,706.55
6211,688.18,913.77,880.99,1233.1,701.66
6212,657.9,881.35,831.63,1187.22,672.4
6213,613.64,836.02,794.32,1101.13,628.16
6214,559.55,769.16,733.42,1009.65,583.31
6215,513.47,701.05,670.77,922.62,539.71
6216,519.84,718.1,658.32,933.46,551.06
6217,492.33,673.21,624.51,891.28,515.68
6218,485.21,648.42,613.31,854.54,497.98
6219,473.54,630.18,602.84,859.55,492.79
6220,483.87,632.97,606.8,869.47,508.18
6221,506.62,677.63,642.85,906.11,547.08
6222,561.73,758.33,704.07,1007.4,604.78
6223,614.66,822.65,761.25,1070.2,659.6
6224,643.48,841.89,781.75,1107.6,682.78
6225,649.51,851.47,789.65,1117.86,695.27
6226,651.0,863.13,801.96,1106.8,703.57
6227,651.95,889.57,827.41,1147.95,713.69
6228,655.4,887.44,826.41,1166.88,719.47
6229,657.05,889.35,810.99,1146.52,710.51
6230,667.32,897.67,813.29,1169.09,713.81
6231,670.54,890.14,809.2,1196.84,724.83
6232,691.69,928.9,829.18,1229.65,753.42
6233,710.6,987.09,865.62,1289.14,790.94
6234,717.22,1028.07,905.21,1333.39,812.03
6235,705.76,1016.77,904.29,1289.08,802.42
6236,672.03,985.25,872.49,1221.23,762.11
6237,619.27,926.98,813.14,1153.46,702.19
6238,560.69,854.99,767.28,1094.89,624.87
6239,520.4,785.51,705.13,1018.28,580.38
6240,488.72,749.98,662.44,950.1,545.56
6241,457.1,703.55,633.43,906.87,523.88
6242,462.46,682.41,614.03,886.5,499.84
6243,459.52,668.4,612.59,894.11,487.88
6244,465.68,678.29,617.11,905.13,481.56
6245,496.59,714.12,652.1,957.09,508.14
6246,542.83,780.81,735.04,1066.9,551.36
6247,606.61,853.19,814.41,1161.22,592.51
6248,621.2,886.2,856.84,1226.92,614.26
6249,625.16,916.3,871.45,1253.91,635.29
6250,632.78,935.32,873.66,1262.29,645.54
6251,635.13,941.63,879.09,1256.57,654.11
6252,649.57,940.49,888.23,1268.27,649.99
6253,632.14,925.99,890.22,1232.58,644.05
6254,628.68,915.12,893.57,1248.85,653.1
6255,639.49,927.43,912.59,1257.67,676.29
6256,665.3,963.6,926.71,1273.28,700.93
6257,707.63,984.57,982.2,1347.99,741.0
6258,737.85,1006.83,990.83,1385.16,767.53
6259,753.22,1010.88,970.41,1367.91,757.87
6260,716.71,982.04,922.02,1289.79,719.43
6261,673.08,908.13,858.56,1201.47,678.67
6262,627.69,825.62,793.6,1098.83,634.41
6263,572.69,742.84,755.56,1001.21,579.62
6264,538.86,708.16,710.51,948.14,557.53
6265,509.89,674.78,690.54,905.05,524.11
6266,493.24,656.33,666.3,895.46,510.37
6267,480.49,641.11,667.39,879.76,507.77
6268,484.34,655.61,670.25,902.2,507.3
6269,500.93,686.22,712.48,945.84,535.64
6270,555.26,767.42,785.19,1042.19,579.49
6271,595.01,834.52,863.08,1116.66,639.54
6272,638.39,877.39,897.73,1171.42,669.09
6273,666.18,899.6,898.66,1207.9,685.16
6274,682.23,908.72,897.4,1231.51,688.61
6275,687.05,913.08,906.53,1253.89,693.67
6276,682.2,930.68,915.1,1219.72,709.5
6277,685.98,933.55,900.58,1190.7,699.86
6278,687.21,920.72,897.1,1223.41,704.91
6279,698.2,946.01,913.68,1220.06,706.92
6280,711.63,956.37,929.92,1233.27,726.63
6281,754.17,1005.79,975.3,1298.71,765.54
6282,772.96,1047.96,1010.15,1339.73,784.28
6283,766.95,1036.61,1010.37,1338.42,779.8
6284,718.05,977.95,945.79,1301.62,740.89
6285,667.36,904.47,882.48,1212.46,686.87
6286,619.92,842.17,829.93,1113.16,632.9
6287,564.92,763.29,744.42,993.29,582.64
6288,530.83,717.58,701.69,938.09,552.76
6289,510.39,683.71,665.75,892.41,526.97
6290,497.12,660.46,643.17,863.49,506.53
6291,498.28,643.13,629.79,854.57,495.95
6292,490.11,641.88,631.99,869.84,499.99
6293,520.19,672.91,682.54,925.9,527.22
6294,576.24,750.39,752.76,1031.91,579.72
6295,617.06,817.78,827.73,1135.41,626.9
6296,633.29,849.37,856.29,1189.04,656.07
6297,654.52,885.0,857.92,1220.18,675.17
6298,653.13,908.06,878.01,1231.88,687.32
6299,655.56,924.95,896.24,1238.36,694.29
6300,662.11,928.1,886.9,1263.75,707.48
6301,654.24,923.63,867.04,1244.67,696.44
6302,659.47,932.39,885.25,1241.57,684.18
6303,659.71,942.26,901.39,1263.55,680.09
6304,682.68,977.71,926.53,1310.69,698.52
6305,725.53,1023.24,978.53,1366.96,726.84
6306,755.19,1068.79,1035.06,1391.33,729.19
6307,729.05,1039.99,1035.79,1344.33,733.38
6308,704.54,980.3,1002.48,1279.29,709.78
6309,661.21,932.17,945.8,1174.7,655.68
6310,603.85,870.56,869.41,1091.1,601.17
6311,563.76,787.39,787.95,991.05,545.51
6312,521.28,730.04,759.35,923.4,513.41
6313,508.56,701.68,701.47,864.35,494.03
6314,492.03,680.3,677.66,821.2,486.53
6315,495.53,670.66,670.65,804.29,477.8
6316,501.89,688.92,673.82,800.92,484.44
6317,519.83,727.99,708.34,854.05,514.56
6318,572.99,799.43,779.1,953.09,559.29
6319,628.12,882.67,851.97,1026.24,604.02
6320,658.98,899.29,893.93,1061.38,635.44
6321,680.94,908.75,926.16,1086.31,673.48
6322,679.9,948.21,955.61,1101.18,687.17
6323,690.66,962.32,968.98,1111.07,710.2
6324,696.65,975.97,968.95,1132.85,700.04
6325,687.27,953.69,960.43,1129.63,688.0
6326,679.24,971.44,952.25,1128.26,682.55
6327,677.96,962.89,954.46,1156.74,694.9
6328,704.44,993.68,981.29,1207.8,710.39
6329,744.68,1040.15,1033.91,1255.74,757.24
6330,763.37,1062.45,1081.74,1295.72,789.67
6331,744.64,1057.04,1062.77,1264.07,783.08
6332,723.92,973.07,1020.22,1231.04,764.03
6333,665.21,918.29,956.83,1157.66,726.75
6334,615.48,845.22,900.28,1053.94,678.11
6335,558.62,766.86,831.55,973.47,615.74
6336,480.45,658.65,736.86,855.05,529.89
6337,458.9,616.35,689.57,806.08,502.77
6338,447.1,592.4,661.89,783.07,494.55
6339,450.3,577.64,651.56,770.83,483.75
6340,469.76,586.11,663.22,780.57,491.77
6341,493.27,606.35,685.08,835.39,506.93
6342,549.29,662.41,755.71,902.75,552.81
6343,606.29,707.97,827.02,1001.63,595.44
6344,626.86,759.76,865.03,1036.5,615.6
6345,632.24,781.34,895.65,1049.67,617.49
6346,650.6,764.41,887.33,1059.88,625.84
6347,653.25,781.0,883.53,1072.18,629.71
6348,652.41,809.83,887.68,1073.2,624.24
6349,643.3,805.56,873.08,1056.94,607.83
6350,641.83,810.98,876.75,1054.74,612.61
6351,642.99,824.48,891.49,1068.02,606.92
6352,667.37,867.91,896.73,1091.74,631.27
6353,708.59,931.04,958.18,1133.95,649.47
6354,729.69,965.41,1009.61,1175.42,690.89
6355,710.8,932.95,981.59,1196.12,699.68
6356,680.18,890.49,931.58,1132.25,677.98
6357,625.34,816.45,880.36,1063.74,641.18
6358,572.65,739.94,806.83,979.61,595.61
6359,532.97,686.76,741.94,902.44,542.47
6360,517.5,644.77,692.74,831.51,508.88
6361,493.88,610.75,668.22,775.52,483.77
6362,474.55,599.22,640.31,756.4,486.51
6363,472.38,597.45,630.22,770.41,478.17
6364,465.44,599.13,639.82,771.63,488.21
6365,485.96,642.47,661.94,807.43,513.49
6366,544.97,699.03,730.31,885.31,566.78
6367,599.73,768.85,798.77,965.16,628.66
6368,614.01,797.88,838.49,999.99,660.06
6369,613.76,812.15,839.84,1032.8,675.84
6370,627.13,816.86,861.94,1059.03,691.5
6371,633.26,835.15,861.27,1067.43,703.63
6372,629.05,843.44,853.21,1079.24,694.39
6373,626.79,834.7,840.06,1064.12,691.51
6374,622.79,845.61,847.11,1057.89,700.72
6375,614.55,838.87,852.69,1091.69,703.89
6376,640.11,867.0,875.05,1140.4,718.41
6377,665.64,892.1,921.94,1201.4,734.8
6378,682.03,892.94,952.32,1244.36,752.76
6379,666.35,868.63,937.91,1211.25,728.02
6380,641.48,841.74,890.25,1158.4,706.45
6381,596.2,788.41,831.12,1069.97,668.53
6382,556.12,729.56,769.06,995.95,606.85
6383,508.92,661.86,715.26,902.5,562.25
6384,525.15,664.79,727.42,900.94,578.08
6385,498.04,624.35,700.83,872.15,552.11
6386,482.25,609.23,688.79,855.06,548.63
6387,465.14,604.45,690.87,832.9,540.32
6388,466.31,614.1,700.93,843.69,547.38
6389,497.51,647.58,733.61,877.17,576.8
6390,570.74,712.2,786.33,981.85,624.24
6391,613.72,779.87,855.61,1072.67,675.2
6392,632.2,821.3,896.08,1116.46,698.97
6393,649.25,830.38,920.62,1142.28,711.69
6394,661.0,845.82,912.04,1184.59,716.28
6395,662.93,867.42,912.74,1196.08,717.67
6396,664.98,853.72,903.96,1175.11,719.11
6397,646.56,838.89,891.03,1192.56,728.43
6398,645.98,836.95,900.8,1204.47,714.6
6399,661.71,835.77,916.61,1216.89,711.97
6400,696.36,857.08,957.19,1258.65,731.56
6401,728.15,892.83,984.1,1302.19,748.36
6402,752.56,947.25,1000.06,1347.88,769.3
6403,751.16,944.62,992.71,1330.83,760.04
6404,728.9,922.71,942.59,1272.77,723.09
6405,686.64,862.97,884.15,1198.25,670.21
6406,627.47,796.65,817.0,1123.8,621.47
6407,577.3,728.88,756.9,1029.06,565.02
6408,551.45,684.46,725.33,976.26,530.07
6409,519.8,673.16,685.68,946.1,495.28
6410,498.26,665.24,671.49,919.53,486.39
6411,495.16,656.85,667.12,904.68,482.16
6412,504.2,648.41,687.61,914.45,490.92
6413,537.06,678.81,726.0,978.74,519.61
6414,591.14,755.52,782.37,1072.7,571.79
6415,639.61,827.07,857.47,1168.46,613.6
6416,662.71,858.13,889.76,1217.55,638.45
6417,667.67,883.69,892.54,1239.7,660.38
6418,666.94,894.71,913.47,1230.27,671.3
6419,669.67,894.53,916.12,1218.62,678.9
6420,666.76,896.25,917.23,1179.35,684.18
6421,670.87,895.11,902.85,1174.19,673.83
6422,661.45,902.34,904.39,1152.22,656.8
6423,668.71,908.12,917.67,1157.89,665.11
6424,684.16,926.88,950.18,1173.92,675.79
6425,731.04,968.63,1019.01,1218.39,710.07
6426,760.37,1009.71,1077.58,1276.54,732.25
6427,750.97,1003.56,1059.61,1251.22,747.1
6428,726.26,971.79,1023.42,1194.42,706.06
6429,680.91,904.65,971.33,1106.51,666.4
6430,624.63,832.74,902.54,1031.7,621.42
6431,583.17,759.96,829.35,962.78,579.78
6432,555.11,717.47,782.41,920.63,539.51
6433,538.54,672.81,739.73,882.8,522.42
6434,530.95,665.2,712.81,862.11,504.06
6435,527.49,653.47,696.56,857.25,504.17
6436,533.99,672.46,709.52,866.37,517.12
6437,553.7,718.52,741.08,909.5,549.22
6438,613.04,776.03,823.03,986.96,605.91
6439,667.95,847.66,886.56,1068.35,649.52
6440,699.84,887.36,932.65,1102.35,692.59
6441,712.14,902.98,940.44,1114.87,699.24
6442,711.85,916.35,937.8,1156.57,711.17
6443,709.13,914.16,941.21,1160.66,717.16
6444,714.28,923.19,959.93,1142.39,696.63
6445,717.18,915.33,961.65,1142.15,692.75
6446,713.35,911.18,944.35,1180.9,694.97
6447,722.82,891.67,969.31,1178.83,696.48
6448,754.18,925.96,992.32,1216.25,712.69
6449,779.85,952.06,1016.11,1261.21,740.18
6450,802.9,1003.22,1075.5,1298.8,764.56
6451,784.25,1006.35,1061.21,1286.05,753.91
6452,759.86,946.37,1003.97,1244.21,721.0
6453,712.54,869.98,950.82,1176.34,689.0
6454,652.56,806.94,888.2,1103.34,624.4
6455,585.21,750.64,798.09,998.29,561.48
6456,551.15,707.76,760.32,941.75,523.99
6457,530.45,675.05,714.55,892.52,495.79
6458,514.65,658.47,685.44,880.86,480.55
6459,505.04,662.25,674.79,872.69,474.11
6460,515.57,674.06,684.67,893.71,473.88
6461,534.42,698.04,716.39,918.09,507.03
6462,588.32,779.43,778.55,1000.49,555.84
6463,646.51,858.82,849.31,1085.12,599.13
6464,667.0,892.34,899.21,1148.19,615.1
6465,673.68,906.45,913.25,1147.68,629.41
6466,682.84,929.0,936.22,1140.98,634.19
6467,689.02,942.13,938.73,1137.41,633.92
6468,687.44,937.09,940.83,1149.28,650.75
6469,683.03,938.71,933.47,1164.83,668.06
6470,685.25,932.17,922.73,1152.01,674.36
6471,684.41,936.46,950.27,1162.54,694.96
6472,699.06,941.81,982.27,1214.71,742.92
6473,736.73,980.1,1030.04,1257.69,789.0
6474,774.27,1046.0,1067.11,1291.86,813.83
6475,780.32,1015.11,1060.34,1300.75,817.27
6476,738.45,954.37,1023.04,1260.8,792.8
6477,700.51,903.26,971.82,1180.07,744.01
6478,651.46,824.42,897.46,1111.44,688.61
6479,595.73,762.63,822.93,1002.03,626.31
6480,565.1,730.73,773.19,946.78,597.94
6481,542.08,690.83,725.3,898.56,553.75
6482,538.28,667.35,710.09,865.19,535.13
6483,523.45,665.97,688.55,860.65,529.31
6484,533.13,678.01,705.38,878.59,547.77
6485,559.12,724.57,742.51,901.94,582.9
6486,612.39,792.99,805.75,986.81,633.0
6487,675.81,867.41,880.18,1072.2,673.67
6488,708.98,894.5,900.82,1093.32,705.6
6489,712.94,898.48,910.24,1079.0,715.55
6490,716.21,894.95,897.55,1101.53,731.71
6491,723.88,892.35,925.39,1113.03,724.14
6492,710.8,909.24,922.74,1106.15,719.87
6493,710.57,909.01,900.84,1078.31,715.25
6494,709.06,908.63,907.66,1062.41,718.97
6495,716.48,914.65,907.84,1068.23,737.05
6496,739.16,937.87,926.73,1116.37,749.97
6497,788.99,994.68,973.42,1157.93,772.81
6498,815.67,1027.93,1023.27,1199.56,804.48
6499,803.57,996.99,1027.75,1177.23,796.63
6500,782.61,951.17,985.86,1164.0,757.53
6501,726.65,870.42,916.08,1082.28,702.57
6502,664.64,798.27,840.77,997.23,653.5
6503,597.78,724.02,765.51,912.89,599.73
6504,530.97,620.08,675.03,796.92,515.9
6505,505.85,578.15,639.18,765.35,486.41
6506,494.74,564.94,615.89,781.04,480.03
6507,488.26,562.74,613.32,775.24,474.84
6508,493.08,574.98,617.11,801.09,486.98
6509,513.44,599.61,639.33,835.97,507.54
6510,558.98,653.32,715.96,928.4,556.46
6511,612.51,716.05,792.06,994.85,613.87
6512,638.4,757.01,809.72,1003.03,633.59
6513,663.07,783.01,825.15,1010.79,643.88
6514,662.51,792.3,825.6,1028.55,663.12
6515,664.3,791.31,847.37,1046.87,671.79
6516,655.73,799.18,845.9,1041.26,665.78
6517,659.89,795.46,843.89,1019.65,656.93
6518,649.67,790.7,830.98,997.83,658.46
6519,661.81,788.68,844.38,1007.1,668.81
6520,691.94,807.42,898.26,1049.89,688.84
6521,722.0,859.21,957.06,1110.06,720.59
6522,753.08,905.4,1004.88,1144.88,736.02
6523,726.98,894.28,1012.13,1112.09,729.37
6524,691.91,857.89,963.18,1081.86,683.02
6525,634.99,819.16,906.0,1005.61,633.0
6526,587.41,742.58,836.63,924.74,588.05
6527,538.39,676.05,761.01,844.62,540.44
6528,503.92,634.53,717.57,788.69,516.6
6529,485.41,606.57,693.64,744.37,497.08
6530,475.22,579.2,682.24,738.19,491.06
6531,466.14,575.43,670.39,749.06,481.02
6532,469.69,572.95,685.03,772.27,476.88
6533,486.01,611.07,736.93,817.22,507.49
6534,534.3,672.28,801.73,891.35,553.81
6535,599.17,729.77,869.51,955.7,601.53
6536,619.02,769.44,897.05,999.61,610.3
6537,635.1,785.8,930.76,1009.88,618.51
6538,637.39,784.88,930.8,988.92,630.01
6539,650.36,802.53,934.2,991.19,642.84
6540,653.96,800.32,917.38,988.26,644.94
6541,645.86,796.15,903.99,983.77,642.14
6542,632.16,809.48,906.77,1002.35,651.32
6543,635.06,802.95,906.36,1002.92,680.96
6544,663.97,833.86,922.71,1026.99,698.61
6545,693.41,882.4,956.23,1077.35,711.1
6546,724.2,937.91,1006.33,1111.15,751.02
6547,714.06,908.02,1014.55,1099.9,740.87
6548,668.04,876.57,1004.54,1041.6,709.18
6549,629.92,841.72,922.59,991.04,681.54
6550,584.09,778.11,856.04,917.03,620.37
6551,531.73,711.38,768.05,840.0,569.3
6552,538.13,715.1,774.79,865.07,575.96
6553,514.53,665.42,730.36,841.15,546.31
6554,498.36,658.16,707.59,830.22,540.43
6555,494.71,638.82,683.27,820.61,527.44
6556,500.73,632.51,707.23,829.31,536.67
6557,512.58,672.49,748.32,884.47,570.04
6558,564.42,748.95,821.78,986.85,629.86
6559,612.82,824.94,893.3,1090.13,696.59
6560,633.55,866.85,923.77,1153.0,723.72
6561,651.77,872.76,958.69,1172.61,741.02
6562,656.07,879.65,970.49,1176.65,742.11
6563,669.08,883.57,972.62,1181.95,752.06
6564,680.04,873.7,987.01,1178.66,761.29
6565,675.9,869.02,988.95,1148.64,744.82
6566,664.11,857.59,1000.72,1144.0,745.34
6567,666.12,864.36,1004.41,1156.03,761.17
6568,695.2,905.47,1033.94,1193.93,777.1
6569,726.91,946.12,1078.4,1239.66,803.59
6570,746.96,977.54,1137.44,1291.72,825.49
6571,741.62,978.09,1143.59,1255.16,821.69
6572,715.65,920.84,1112.16,1168.82,780.24
6573,673.66,865.71,1042.43,1130.63,737.85
6574,627.42,809.64,961.46,1032.05,671.62
6575,569.53,746.09,883.71,936.32,620.89
6576,536.84,694.66,817.72,870.12,576.91
6577,510.01,667.09,783.41,821.43,550.79
6578,497.75,645.93,758.08,812.68,533.99
6579,479.38,642.97,748.82,793.78,528.79
6580,485.83,642.97,751.35,799.4,538.9
6581,504.31,667.29,791.17,838.01,571.99
6582,566.78,747.98,882.52,934.08,621.18
6583,632.08,813.31,964.05,1020.41,666.64
6584,673.06,844.63,985.13,1081.36,687.46
6585,693.51,847.53,997.16,1090.11,685.7
6586,696.22,850.57,1007.13,1106.0,687.46
6587,711.23,874.8,1019.83,1134.45,696.7
6588,709.3,879.77,1014.7,1132.98,696.27
6589,707.43,870.37,996.87,1113.68,681.74
6590,699.52,849.98,1002.68,1124.29,670.63
6591,701.38,867.32,1009.21,1130.08,666.44
6592,725.9,896.94,1034.03,1174.48,685.16
6593,775.95,951.82,1086.6,1219.07,720.77
6594,802.65,979.67,1123.37,1266.46,746.86
6595,815.99,976.88,1103.91,1238.8,740.09
6596,803.4,926.79,1040.29,1190.75,725.99
6597,738.96,851.9,982.25,1115.38,683.3
6598,679.56,767.33,895.79,1008.81,640.06
6599,614.07,710.15,828.06,911.1,586.66
6600,577.77,665.63,773.39,859.74,534.89
6601,545.27,633.07,738.65,821.21,505.97
6602,530.18,604.87,718.33,805.8,498.28
6603,528.44,610.93,699.8,798.72,497.27
6604,540.38,615.05,693.56,791.68,503.15
6605,569.3,633.46,734.93,837.56,526.61
6606,624.89,686.25,802.03,931.72,589.45
6607,681.23,744.86,882.12,1009.11,639.06
6608,709.21,788.23,929.35,1029.79,670.9
6609,726.7,810.52,962.4,1050.41,684.87
6610,732.25,825.22,967.94,1087.66,704.44
6611,742.04,827.11,981.47,1100.15,704.97
6612,729.31,837.53,967.81,1093.74,710.03
6613,727.88,830.14,965.24,1095.93,696.01
6614,741.16,842.14,970.78,1129.64,699.91
6615,747.9,842.22,986.74,1151.44,715.13
6616,755.18,860.38,1005.08,1184.29,743.11
6617,801.36,891.77,1060.69,1233.58,779.66
6618,824.89,917.65,1080.58,1283.43,812.22
6619,788.18,901.73,1079.62,1278.84,815.2
6620,751.73,870.47,1038.61,1225.75,786.74
6621,708.84,812.06,985.55,1140.86,752.46
6622,656.42,735.57,899.85,1039.39,691.11
6623,609.48,671.68,836.73,948.42,637.02
6624,578.78,628.14,774.21,888.03,589.31
6625,550.43,586.17,744.05,850.79,559.05
6626,523.23,574.99,730.84,830.49,554.55
6627,509.33,570.93,721.67,807.63,549.74
6628,517.36,580.59,743.68,809.52,562.08
6629,549.07,625.38,786.2,853.96,587.69
6630,596.47,675.89,842.63,962.46,646.3
6631,646.14,746.09,926.44,1060.3,702.67
6632,677.36,782.05,972.54,1086.35,738.43
6633,675.34,789.42,992.3,1116.75,750.33
6634,666.72,813.11,1000.22,1133.36,763.96
6635,673.09,810.09,1001.86,1139.86,766.23
6636,677.06,814.11,1008.49,1110.79,755.77
6637,668.17,814.46,999.45,1120.72,750.99
6638,650.71,812.41,987.98,1108.66,750.01
6639,659.87,814.77,999.85,1124.1,744.41
6640,669.93,850.16,1028.93,1146.63,769.25
6641,710.35,904.63,1059.06,1175.5,791.94
6642,737.58,931.77,1092.28,1219.7,808.23
6643,736.39,940.08,1075.28,1214.23,792.67
6644,712.44,903.18,1023.54,1177.06,755.73
6645,664.5,833.51,962.55,1115.16,718.88
6646,621.06,777.12,865.16,1029.85,649.64
6647,578.82,710.99,805.9,957.65,595.41
6648,549.86,665.45,761.02,896.28,562.32
6649,532.01,636.55,725.98,851.72,539.77
6650,514.56,623.36,694.63,835.85,525.21
6651,513.64,609.43,684.57,810.35,518.31
6652,522.12,613.77,688.7,819.97,519.35
6653,543.05,652.0,733.57,874.39,536.65
6654,597.02,724.34,812.32,953.12,604.36
6655,647.41,807.45,882.81,1043.27,655.92
6656,670.37,839.96,911.03,1082.64,685.01
6657,685.19,857.79,934.49,1082.11,706.49
6658,701.45,857.3,938.81,1105.28,708.93
6659,705.73,886.3,938.42,1134.69,710.87
6660,707.07,887.73,955.4,1135.76,708.49
6661,688.16,882.81,949.82,1131.1,707.84
6662,689.88,894.92,965.78,1133.35,693.05
6663,707.09,909.37,978.44,1174.16,708.15
6664,734.78,925.0,1009.08,1203.13,739.96
6665,773.3,962.76,1057.15,1266.91,791.92
6666,795.57,1009.05,1091.89,1304.15,817.3
6667,779.47,1002.01,1076.7,1268.9,807.61
6668,745.08,950.74,1048.01,1201.95,773.71
6669,686.78,886.19,972.91,1125.69,733.42
6670,624.71,826.32,895.94,1026.65,690.59
6671,579.93,744.51,828.03,926.0,639.86
6672,504.18,649.22,740.31,792.92,568.95
6673,491.09,625.04,716.49,746.86,543.37
6674,470.55,615.35,691.01,722.57,523.62
6675,467.48,598.54,683.61,725.88,510.47
6676,467.49,604.72,691.8,744.09,519.54
6677,494.04,638.32,717.57,782.35,541.28
6678,537.36,703.17,790.18,851.04,588.82
6679,587.79,763.7,846.68,938.39,645.09
6680,612.34,788.97,869.66,962.94,667.32
6681,622.36,801.3,880.09,982.16,666.85
6682,633.86,809.91,904.98,988.87,678.73
6683,653.07,817.28,896.79,997.61,678.52
6684,648.89,832.83,910.24,995.25,668.5
6685,650.25,826.97,868.12,996.69,664.87
6686,651.22,832.64,871.01,1008.52,668.12
6687,657.57,844.88,876.37,1026.9,659.98
6688,694.62,864.06,905.12,1053.38,675.21
6689,707.95,911.52,947.57,1101.51,709.49
6690,727.54,935.56,972.64,1139.71,729.67
6691,706.03,936.99,960.92,1140.47,720.59
6692,674.0,900.81,914.74,1104.98,680.75
6693,630.58,836.29,850.12,1043.1,641.3
6694,610.29,776.97,775.54,969.96,597.56
6695,560.96,706.1,724.96,875.46,541.02
6696,540.53,668.87,684.35,823.26,512.03
6697,521.05,627.16,665.05,781.21,488.4
6698,504.02,611.41,645.19,751.31,481.98
6699,499.19,611.54,635.43,744.75,481.14
6700,514.46,614.12,640.61,755.39,488.14
6701,541.05,630.39,670.54,797.26,510.09
6702,594.88,686.2,732.93,867.44,553.93
6703,650.83,752.66,801.48,944.37,604.35
6704,664.52,782.51,835.62,974.17,625.24
6705,670.17,782.41,851.14,991.74,653.46
6706,678.41,785.09,840.32,993.51,656.12
6707,688.26,788.44,873.5,1011.07,677.54
6708,679.77,769.54,872.89,1001.84,679.38
6709,669.91,759.29,866.06,979.24,677.17
6710,668.32,759.34,874.48,998.79,671.25
6711,673.06,763.77,887.37,1008.29,663.91
6712,697.64,782.79,882.73,1043.79,674.6
6713,730.38,834.92,917.4,1074.55,691.43
6714,757.12,850.54,951.91,1110.36,715.93
6715,737.37,839.1,937.4,1112.09,708.07
6716,696.32,816.23,913.34,1071.4,668.52
6717,654.79,767.0,863.94,990.81,629.38
6718,592.52,696.17,784.82,937.47,590.18
6719,545.03,642.49,722.46,853.83,543.42
6720,549.39,630.66,747.02,856.93,544.64
6721,518.06,598.02,710.28,819.29,525.67
6722,509.69,588.98,678.4,796.3,503.78
6723,499.44,572.87,674.83,793.48,501.68
6724,501.55,587.9,680.81,817.55,492.9
6725,524.59,621.32,702.16,869.03,509.61
6726,578.84,685.16,767.26,953.58,569.3
6727,654.5,774.49,836.76,1052.51,629.76
6728,664.63,815.42,872.76,1084.3,649.85
6729,678.89,833.5,900.68,1102.87,661.88
6730,684.59,824.59,915.91,1115.57,672.82
6731,700.5,817.55,912.14,1113.16,673.17
6732,698.02,815.15,913.77,1131.41,672.84
6733,671.2,809.84,915.42,1148.05,666.44
6734,684.2,818.11,909.74,1147.62,686.34
6735,682.67,817.41,914.66,1133.4,692.18
6736,703.43,837.94,940.01,1155.27,720.51
6737,725.33,884.92,979.57,1213.22,764.25
6738,743.03,900.82,1000.79,1244.87,797.85
6739,734.55,894.54,999.59,1260.49,791.94
6740,712.96,868.55,962.14,1207.7,757.02
6741,676.66,811.09,909.41,1113.21,721.75
6742,620.81,751.61,838.12,1018.22,668.24
6743,573.53,690.63,762.42,936.8,615.76
6744,540.07,654.58,725.89,895.29,581.84
6745,515.55,626.96,693.86,841.84,556.0
6746,504.28,610.35,675.1,825.6,535.41
6747,502.34,600.07,677.29,799.95,525.32
6748,505.83,606.54,694.56,799.7,527.58
6749,532.42,644.04,717.74,827.5,552.58
6750,588.17,701.41,788.24,915.52,600.95
6751,643.22,779.2,857.16,1019.77,640.76
6752,664.28,786.73,909.58,1059.47,675.33
6753,693.15,809.99,916.33,1078.74,690.6
6754,696.39,836.89,922.14,1096.64,693.57
6755,710.16,846.83,932.83,1104.14,700.5
6756,712.08,854.02,957.01,1088.7,697.2
6757,715.68,849.87,930.28,1093.28,695.96
6758,696.71,878.38,916.33,1113.31,689.07
6759,721.54,895.45,912.91,1113.45,698.96
6760,740.06,935.54,920.72,1158.93,722.53
6761,762.97,970.45,948.55,1201.61,780.96
6762,791.73,1003.84,976.56,1244.76,805.51
6763,806.48,987.84,961.3,1232.06,786.19
6764,775.16,939.43,921.81,1173.0,735.88
6765,714.42,871.63,859.5,1104.97,685.01
6766,654.94,804.29,779.57,1000.21,631.76
6767,609.2,727.92,722.66,918.29,580.4
6768,565.1,691.03,691.71,870.37,545.19
6769,536.29,657.67,651.25,828.18,512.07
6770,520.67,645.3,649.36,813.04,503.55
6771,527.3,630.87,635.4,821.16,508.96
6772,531.89,642.0,649.0,827.63,530.35
6773,568.04,694.95,675.31,855.98,561.82
6774,618.9,770.88,739.19,942.54,623.88
6775,668.02,844.75,814.37,1037.26,684.92
6776,703.69,886.3,852.91,1061.31,711.32
6777,722.14,914.31,885.22,1077.39,728.02
6778,713.45,934.1,900.73,1076.14,731.54
6779,725.56,934.0,905.79,1073.0,732.36
6780,730.52,926.6,925.85,1096.3,730.14
6781,717.47,917.79,909.6,1062.93,734.11
6782,718.84,930.43,901.27,1072.76,746.33
6783,727.55,945.44,917.58,1093.35,750.59
6784,743.56,964.11,943.37,1130.19,775.05
6785,772.44,1012.22,982.29,1169.6,809.44
6786,793.44,1050.79,1020.15,1185.3,837.93
6787,784.18,1033.2,996.67,1138.34,827.63
6788,738.28,978.12,965.62,1072.54,793.35
6789,691.74,894.4,901.94,1007.82,741.18
6790,627.01,809.57,829.58,915.35,677.3
6791,575.9,732.15,766.45,841.26,615.58
6792,544.18,702.07,709.65,784.31,581.87
6793,511.9,668.3,682.6,744.69,538.32
6794,505.32,658.15,668.05,733.89,532.83
6795,511.52,650.14,664.29,724.2,521.05
6796,526.87,656.21,683.77,744.86,512.65
6797,545.35,702.04,718.01,774.17,540.86
6798,609.4,769.24,792.93,851.5,590.52
6799,666.3,845.0,882.03,913.09,654.9
6800,693.3,880.61,923.98,950.69,679.35
6801,701.86,889.16,936.95,954.11,690.99
6802,708.65,890.82,932.31,977.35,695.68
6803,727.43,904.05,939.32,968.51,707.25
6804,731.48,898.2,951.44,969.64,713.38
6805,720.11,900.85,944.97,964.81,707.66
6806,713.82,895.03,953.18,991.65,703.49
6807,716.89,908.53,971.88,1011.74,722.25
6808,742.65,933.11,995.71,1039.98,745.64
6809,794.24,973.33,1016.38,1076.9,793.01
6810,811.22,1011.32,1037.11,1129.94,821.8
6811,803.52,996.76,1046.05,1153.82,808.91
6812,764.47,944.36,989.76,1116.08,758.59
6813,709.03,876.46,936.95,1060.87,710.45
6814,657.03,809.39,871.53,973.75,648.21
6815,605.48,741.93,792.64,880.7,589.47
6816,561.71,706.54,736.55,833.54,556.45
6817,527.77,673.44,712.81,804.86,532.32
6818,522.2,661.19,693.92,783.12,509.93
6819,517.35,657.78,695.42,774.22,496.2
6820,527.48,663.61,702.47,790.28,505.53
6821,551.71,705.37,729.39,841.48,541.18
6822,604.07,768.8,801.23,918.96,592.53
6823,662.72,819.09,875.47,1005.89,642.12
6824,686.14,822.35,912.23,1040.0,661.39
6825,690.64,837.15,944.24,1067.75,663.32
6826,698.0,856.89,957.22,1094.65,664.18
6827,713.12,860.47,959.64,1118.39,678.16
6828,704.42,813.99,949.63,1119.44,684.61
6829,707.22,822.52,929.32,1105.66,686.2
6830,713.28,837.81,944.41,1114.32,682.56
6831,712.6,838.25,953.4,1144.53,687.06
6832,733.4,867.82,995.04,1167.78,709.06
6833,767.46,924.44,1048.04,1233.54,738.76
6834,801.13,949.44,1096.03,1280.12,751.32
6835,800.43,933.7,1096.44,1290.1,737.12
6836,753.39,897.1,1037.26,1232.49,695.85
6837,694.18,848.98,957.42,1150.02,657.96
6838,649.03,782.59,874.64,1046.64,612.65
6839,595.42,720.32,792.3,964.18,553.53
6840,525.61,632.68,694.53,846.03,483.06
6841,501.99,604.85,654.89,821.6,458.14
6842,497.99,591.94,636.0,809.62,436.67
6843,483.97,577.46,642.53,800.23,431.01
6844,496.64,571.72,647.83,825.28,449.28
6845,517.27,598.81,687.49,863.22,481.8
6846,573.69,653.05,745.18,945.86,518.79
6847,635.24,695.23,801.95,1024.01,565.68
6848,650.07,738.81,861.73,1077.94,582.75
6849,665.79,748.22,891.8,1096.88,593.81
6850,669.55,765.84,903.52,1101.8,604.77
6851,673.28,766.82,906.07,1129.45,618.29
6852,673.32,770.9,894.5,1126.98,616.1
6853,658.22,767.63,880.35,1111.41,613.44
6854,650.73,771.81,903.2,1121.79,624.35
6855,662.8,778.34,902.6,1139.41,625.75
6856,689.09,799.03,917.11,1170.54,644.9
6857,716.27,836.74,954.99,1223.07,674.19
6858,729.0,897.07,987.88,1252.14,711.01
6859,743.92,903.2,978.85,1237.46,700.58
6860,720.56,855.11,932.78,1164.54,671.47
6861,676.85,798.44,865.73,1053.27,617.98
6862,616.03,725.5,795.14,982.01,583.43
6863,559.96,677.83,752.41,888.82,527.17
6864,530.13,643.14,717.15,825.96,487.52
6865,498.37,609.56,668.66,795.12,460.05
6866,495.09,585.37,663.81,786.53,450.79
6867,489.03,570.53,665.34,764.94,445.47
6868,497.49,575.33,679.05,779.54,458.47
6869,516.87,602.45,716.75,831.02,490.34
6870,562.27,660.33,805.8,907.81,539.76
6871,607.75,719.06,861.61,994.53,576.72
6872,635.67,738.67,894.8,1017.59,607.15
6873,646.66,756.54,902.32,1037.97,626.81
6874,651.16,764.38,925.17,1043.27,639.79
6875,660.54,778.95,922.16,1065.87,649.68
6876,662.73,766.79,929.83,1070.34,645.67
6877,668.35,767.74,904.16,1044.2,644.5
6878,666.48,778.52,918.58,1038.21,642.57
6879,664.64,789.73,922.31,1039.73,646.03
6880,683.9,804.54,936.49,1065.43,654.77
6881,728.62,834.12,967.77,1121.99,694.69
6882,749.26,863.73,994.72,1149.77,726.71
6883,743.04,860.57,983.21,1093.56,711.81
6884,707.53,828.79,941.95,1036.22,682.91
6885,665.67,776.99,869.54,989.61,638.14
6886,615.67,702.48,818.25,908.44,580.29
6887,558.18,641.85,753.61,827.75,528.07
6888,565.19,649.86,758.69,845.87,546.43
6889,543.79,614.93,729.05,815.32,519.31
6890,536.52,603.16,720.65,792.55,510.31
6891,534.65,604.19,714.11,790.91,500.27
6892,546.4,603.8,710.44,789.26,514.35
6893,571.9,640.35,747.59,848.42,547.31
6894,625.46,697.82,818.64,935.19,615.06
6895,688.78,753.54,877.23,995.58,672.63
6896,706.56,783.64,915.45,1057.99,698.83
6897,719.48,819.68,923.56,1072.08,715.03
6898,710.11,834.21,925.72,1069.63,732.85
6899,713.91,840.33,941.61,1068.85,746.46
6900,708.17,852.6,920.07,1086.03,756.09
6901,691.72,845.05,920.81,1060.67,754.06
6902,697.71,849.38,910.16,1061.8,741.25
6903,698.96,846.42,936.6,1066.48,747.05
6904,716.97,860.18,959.0,1108.79,765.87
6905,749.35,884.55,988.75,1162.93,796.42
6906,770.43,927.92,1059.84,1212.33,816.43
6907,778.88,904.76,1085.76,1205.9,792.46
6908,741.37,882.06,1010.04,1165.42,753.86
6909,696.81,812.44,953.18,1093.76,691.13
6910,633.23,750.27,852.07,1013.89,624.68
6911,577.64,689.82,785.13,933.46,569.35
6912,544.37,640.13,738.3,878.08,546.35
6913,517.0,594.55,703.35,837.92,526.68
6914,501.26,577.06,685.13,820.46,516.94
6915,496.82,583.13,672.67,800.58,507.61
6916,514.4,602.73,672.06,804.03,515.61
6917,541.27,624.79,710.99,852.84,539.7
6918,595.14,688.84,790.47,946.88,590.69
6919,646.99,750.57,859.5,1047.11,639.63
6920,695.83,794.47,912.53,1069.47,667.78
6921,723.2,814.84,922.76,1094.36,691.13
6922,734.22,814.36,942.36,1114.45,696.76
6923,746.39,846.52,966.63,1126.96,713.82
6924,739.06,854.53,951.92,1111.68,711.28
6925,729.79,837.57,949.86,1111.31,704.61
6926,730.81,849.7,942.38,1112.95,709.82
6927,738.11,865.94,946.25,1115.72,708.96
6928,751.0,903.0,1006.73,1156.63,737.83
6929,778.45,930.69,1061.55,1221.41,757.09
6930,811.11,964.97,1098.89,1260.68,792.01
6931,806.76,947.94,1072.76,1240.43,785.36
6932,752.17,904.35,1030.43,1173.77,757.06
6933,705.61,844.29,959.94,1097.69,709.45
6934,661.16,782.32,884.0,1027.66,650.48
6935,600.77,707.42,807.96,934.75,593.24
6936,568.98,673.75,785.79,867.82,546.53
6937,531.92,637.22,753.02,845.91,519.58
6938,523.99,623.77,735.05,810.42,504.21
6939,510.42,614.52,728.86,815.1,497.03
6940,509.93,624.7,728.4,830.71,500.97
6941,535.65,663.2,772.35,872.15,534.75
6942,607.53,725.68,849.0,966.93,577.21
6943,658.15,799.45,914.3,1027.85,628.67
6944,675.65,827.59,961.51,1054.76,670.08
6945,694.04,847.4,951.99,1056.04,676.62
6946,703.54,853.68,959.04,1083.71,691.83
6947,725.21,854.1,961.54,1096.35,702.96
6948,714.23,830.55,947.88,1082.81,701.99
6949,694.26,814.92,933.44,1083.85,708.97
6950,692.68,809.2,932.84,1085.34,710.25
6951,703.82,813.37,952.19,1101.45,730.74
6952,728.26,851.84,992.73,1120.89,751.22
6953,773.12,881.59,1047.31,1154.31,775.12
6954,786.74,921.38,1102.9,1201.8,806.38
6955,773.11,944.31,1063.94,1181.53,825.56
6956,739.57,892.85,998.82,1130.92,782.25
6957,700.81,840.47,939.44,1046.21,731.86
6958,650.8,781.96,855.44,957.47,661.35
6959,593.42,716.03,784.14,891.63,605.85
6960,553.91,674.48,747.96,840.16,585.45
6961,533.38,646.39,726.75,788.97,550.71
6962,526.14,647.41,714.57,756.63,545.63
6963,536.17,632.32,709.87,757.79,532.43
6964,541.5,643.45,722.42,753.51,543.61
6965,580.08,677.5,752.76,809.38,568.42
6966,628.05,762.11,823.34,882.54,629.39
6967,680.01,843.47,884.49,974.54,681.37
6968,702.16,894.65,921.93,1030.53,728.81
6969,712.01,914.23,943.82,1063.07,740.45
6970,711.47,923.08,941.59,1103.26,743.78
6971,714.01,928.37,960.0,1113.74,729.29
6972,714.06,920.7,951.26,1127.4,738.63
6973,703.88,900.43,962.21,1094.4,729.52
6974,710.17,901.11,962.78,1074.33,727.82
6975,716.71,914.71,963.34,1087.42,743.1
6976,737.76,941.08,1001.26,1117.71,760.67
6977,786.25,964.46,1066.89,1179.61,807.17
6978,817.02,1002.33,1107.15,1199.74,854.7
6979,811.0,1022.05,1096.47,1204.11,855.41
6980,775.09,972.85,1035.31,1167.01,829.26
6981,725.88,896.73,957.49,1098.82,765.8
6982,673.6,836.64,868.12,994.55,705.3
6983,610.58,754.85,793.49,917.16,638.56
6984,584.02,708.95,767.91,875.23,596.6
6985,565.09,674.65,728.33,824.97,561.91
6986,556.83,651.46,696.55,815.74,546.01
6987,545.15,634.51,690.72,793.1,544.15
6988,541.31,643.92,700.71,818.07,538.92
6989,566.33,667.53,747.92,862.76,573.95
6990,623.64,736.7,828.7,959.06,618.6
6991,686.37,807.15,885.34,1031.75,680.87
6992,712.61,828.48,925.31,1082.17,707.07
6993,723.54,851.56,946.18,1094.16,724.01
6994,742.98,846.13,945.69,1098.91,731.13
6995,743.22,856.35,971.13,1103.54,738.12
6996,751.5,848.42,972.14,1107.32,740.57
6997,750.69,827.99,956.63,1084.48,729.24
6998,737.78,823.4,955.21,1085.91,729.86
6999,746.37,833.73,973.67,1116.23,743.92
7000,761.91,865.91,1016.87,1130.91,755.46
7001,787.94,913.33,1070.33,1185.16,796.03
7002,798.02,936.07,1108.2,1235.18,836.72
7003,776.82,927.17,1105.11,1217.25,833.58
7004,748.04,858.97,1043.55,1167.6,802.07
7005,698.05,814.16,974.96,1083.49,750.59
7006,646.93,751.94,893.73,997.67,684.97
7007,585.54,688.23,813.99,921.34,627.26
7008,513.06,600.77,733.51,802.21,558.21
7009,487.35,558.84,703.25,771.99,532.04
7010,466.78,548.06,684.38,752.62,523.29
7011,452.39,543.08,659.26,750.27,513.6
7012,462.78,550.88,675.77,751.7,521.69
7013,489.69,588.5,711.84,792.46,543.19
7014,534.01,647.0,776.97,872.55,602.06
7015,583.88,702.13,841.55,939.39,656.19
7016,615.4,742.81,879.73,1005.37,688.55
7017,643.85,756.07,875.71,1039.25,701.3
7018,644.1,756.14,872.75,1028.7,713.3
7019,656.57,743.85,888.89,1021.78,716.34
7020,674.5,741.56,883.62,1042.7,705.94
7021,668.62,732.58,869.17,1044.39,697.56
7022,680.3,724.53,860.63,1054.13,692.7
7023,665.66,738.44,887.4,1061.56,692.44
7024,697.33,746.05,906.24,1085.83,727.03
7025,729.73,783.02,952.12,1136.9,767.44
7026,738.95,814.57,996.85,1188.76,786.5
7027,740.23,820.86,983.27,1184.78,785.6
7028,717.29,787.18,932.58,1136.65,757.3
7029,681.12,736.39,898.73,1082.49,706.98
7030,636.46,689.76,835.39,994.14,645.54
7031,581.8,643.79,773.03,901.15,599.84
7032,543.8,607.91,725.04,850.5,569.68
7033,514.03,572.6,712.65,816.7,543.27
7034,500.35,561.98,698.75,803.67,521.32
7035,495.84,547.23,680.12,789.52,520.37
7036,499.25,564.22,675.22,789.67,530.02
7037,525.6,596.15,720.42,840.97,564.19
7038,583.86,648.82,781.21,911.05,619.37
7039,638.75,724.63,865.24,985.31,683.89
7040,682.36,741.88,881.51,1043.1,702.62
7041,711.39,766.82,893.2,1054.65,708.9
7042,706.86,771.16,918.73,1074.57,715.76
7043,707.34,774.06,922.54,1062.89,725.82
7044,695.33,760.07,929.78,1066.99,721.88
7045,678.48,735.91,919.45,1046.3,697.77
7046,682.44,739.98,931.22,1044.05,696.49
7047,680.5,739.61,940.11,1018.54,699.6
7048,691.31,773.18,965.94,1047.48,723.8
7049,721.57,810.51,1022.8,1098.71,757.85
7050,754.91,844.67,1054.43,1157.16,773.55
7051,745.27,858.59,1049.29,1134.6,774.52
7052,710.0,804.89,1032.32,1058.12,737.74
7053,672.42,755.84,962.8,1000.14,687.73
7054,623.58,694.27,897.94,939.71,627.86
7055,573.9,642.02,814.76,844.37,570.94
7056,588.72,648.57,817.67,853.01,575.6
7057,552.78,613.5,774.52,810.67,552.44
7058,539.69,592.56,762.04,799.22,540.72
7059,528.31,584.13,760.41,774.5,534.44
7060,541.73,582.33,773.48,774.53,532.77
7061,575.22,619.49,808.14,835.43,558.89
7062,624.31,658.96,892.19,912.86,616.24
7063,691.37,726.39,969.89,1004.53,666.6
7064,709.51,763.94,1028.84,1028.14,700.65
7065,733.22,782.0,1053.78,1059.25,721.26
7066,741.27,788.39,1062.82,1058.19,740.42
7067,739.96,807.51,1069.27,1073.11,741.27
7068,729.75,816.62,1060.49,1070.78,728.02
7069,720.1,817.78,1047.91,1076.9,708.46
7070,720.01,814.17,1067.28,1075.43,705.39
7071,720.96,827.28,1057.28,1086.55,709.42
7072,747.21,850.61,1090.78,1131.12,730.95
7073,769.22,885.53,1146.02,1176.4,771.45
7074,797.47,930.07,1166.48,1226.67,791.32
7075,791.4,907.21,1164.55,1202.71,782.39
7076,740.55,865.8,1119.83,1137.1,748.17
7077,697.53,798.73,1027.45,1071.8,697.54
7078,634.49,721.03,957.11,995.07,643.66
7079,564.4,672.74,871.41,928.32,599.83
7080,530.82,639.43,816.66,862.47,564.35
7081,505.58,611.34,767.46,801.8,541.01
7082,500.43,587.73,747.3,788.59,532.19
7083,492.44,580.96,746.8,793.01,514.47
7084,510.11,595.01,749.66,793.34,523.22
7085,547.83,611.96,800.76,845.24,565.67
7086,611.43,680.67,900.65,935.5,627.93
7087,678.0,747.67,992.5,1010.9,681.06
7088,708.99,797.52,1020.71,1064.6,723.28
7089,718.08,804.52,1043.61,1072.33,737.8
7090,730.62,831.51,1044.9,1079.95,754.9
7091,745.77,840.23,1034.7,1093.28,764.81
7092,747.09,843.73,1035.73,1079.12,766.59
7093,736.97,843.78,999.46,1068.2,766.68
7094,722.79,865.93,999.23,1056.13,764.54
7095,735.72,882.6,994.4,1079.0,769.77
7096,759.83,924.96,1003.33,1116.13,783.4
7097,782.7,965.61,1046.14,1186.99,818.87
7098,811.83,1004.76,1075.75,1241.28,844.08
7099,811.93,1002.5,1084.47,1237.86,840.3
7100,775.43,941.16,1053.18,1209.98,808.62
7101,732.7,881.1,1011.45,1136.39,756.19
7102,681.37,812.31,933.95,1062.46,696.13
7103,612.59,746.7,850.57,999.42,619.56
7104,576.22,713.07,802.87,912.88,586.56
7105,551.31,680.89,772.83,860.77,567.32
7106,542.9,663.03,751.41,835.76,553.97
7107,544.22,652.59,751.49,814.51,542.0
7108,538.41,659.4,757.21,822.38,548.29
7109,566.11,681.08,790.72,871.72,574.53
7110,627.83,745.37,881.95,957.73,628.6
7111,694.29,802.94,968.45,1035.41,679.75
7112,736.39,821.74,1013.49,1083.59,710.26
7113,741.45,847.28,1030.38,1104.01,711.24
7114,744.29,844.99,1034.73,1099.98,716.29
7115,741.33,842.04,1045.08,1097.96,739.26
7116,747.99,825.17,1030.94,1115.02,748.23
7117,728.54,829.24,1016.09,1079.89,736.74
7118,738.58,843.26,1003.14,1089.13,732.32
7119,753.23,854.64,1016.01,1099.94,745.01
7120,778.23,875.08,1031.63,1122.36,779.72
7121,792.84,920.8,1058.15,1196.85,821.86
7122,814.31,958.49,1090.1,1231.59,838.07
7123,814.61,949.98,1069.16,1235.69,833.77
7124,765.84,910.3,1016.38,1151.82,807.01
7125,715.4,834.55,937.08,1058.51,740.99
7126,659.43,770.76,895.4,984.17,690.78
7127,610.81,701.94,819.77,892.42,624.53
7128,578.69,658.46,791.36,836.34,589.3
7129,552.22,625.5,756.71,805.13,563.18
7130,535.12,599.31,736.15,780.92,539.11
7131,528.13,593.77,715.94,760.89,540.99
7132,534.34,606.67,733.86,760.19,552.87
7133,567.42,622.05,776.32,807.89,588.35
7134,622.63,672.35,855.34,906.77,640.97
7135,687.45,748.58,932.95,981.44,705.04
7136,701.23,766.44,959.75,1023.55,744.11
7137,725.73,790.59,966.1,1055.74,757.84
7138,731.02,808.34,977.68,1059.19,754.29
7139,747.72,835.65,994.04,1048.5,759.76
7140,747.71,832.44,1014.95,1055.67,768.45
7141,747.18,816.93,980.82,1040.92,747.49
7142,759.06,810.22,986.76,1055.26,739.57
7143,759.9,811.37,995.54,1060.83,742.97
7144,781.14,818.76,1014.3,1101.41,770.85
7145,814.61,846.88,1058.81,1165.74,795.34
7146,844.41,873.61,1106.37,1214.78,819.41
7147,820.11,863.59,1091.85,1221.91,795.59
7148,782.39,836.49,1042.82,1171.0,756.32
7149,730.09,792.45,973.16,1098.16,720.67
7150,666.89,732.71,896.86,1010.55,663.5
7151,609.42,657.09,849.22,906.04,619.27
7152,564.86,624.28,823.84,845.58,595.47
7153,547.15,593.02,792.66,800.25,565.28
7154,536.14,565.47,755.06,791.73,556.4
7155,541.01,556.06,760.59,801.38,540.36
7156,542.02,559.74,766.14,819.66,551.02
7157,562.37,591.5,807.73,875.34,591.52
7158,620.81,655.94,881.29,978.84,644.43
7159,663.75,732.88,965.19,1061.75,691.85
7160,694.02,758.47,990.79,1097.4,733.19
7161,702.44,776.92,1022.43,1136.48,749.24
7162,707.28,775.8,1037.39,1164.41,746.46
7163,717.35,779.75,1038.98,1161.66,757.86
7164,718.57,768.74,1035.62,1176.76,740.83
7165,728.57,763.46,1013.05,1153.11,735.57
7166,733.95,771.53,1012.07,1150.71,732.94
7167,729.37,778.06,1018.84,1162.59,736.98
7168,759.47,817.27,1040.99,1197.03,745.99
7169,782.05,856.44,1077.52,1253.49,785.03
7170,811.23,898.37,1115.22,1294.0,815.5
7171,792.49,888.5,1101.15,1285.74,799.36
7172,751.23,850.73,1052.5,1227.49,760.43
7173,715.98,814.55,977.44,1150.96,718.33
7174,656.38,742.96,918.53,1057.93,667.19
7175,597.0,686.59,835.97,944.91,609.32
7176,521.27,588.84,745.68,824.29,530.97
7177,494.75,559.22,709.73,799.03,516.69
7178,491.52,551.79,697.74,765.55,504.57
7179,478.48,559.6,670.96,761.37,497.33
7180,478.19,572.5,695.5,757.67,491.84
7181,508.09,603.54,715.95,817.6,516.92
7182,548.82,661.12,783.33,876.62,555.63
7183,597.53,717.76,847.43,938.62,605.85
7184,633.01,747.9,894.49,964.29,621.24
7185,646.87,763.2,921.61,1000.0,638.62
7186,650.47,781.84,919.03,1016.26,650.32
7187,652.27,780.59,935.7,1032.16,652.67
7188,646.29,771.79,945.59,1025.33,649.93
7189,637.08,774.19,929.49,1021.68,641.62
7190,640.11,779.56,926.05,1022.56,650.81
7191,658.28,782.34,932.81,1045.43,650.07
7192,686.61,802.4,959.33,1064.08,683.63
7193,714.51,844.8,1011.4,1100.69,709.22
7194,734.39,871.42,1056.14,1135.28,739.14
7195,735.63,856.11,1038.91,1131.71,723.64
7196,688.83,820.02,993.99,1055.81,709.24
7197,642.95,774.16,933.51,984.32,674.65
7198,592.06,705.61,860.73,904.05,611.22
7199,536.01,642.72,773.35,835.73,554.78
7200,501.22,608.74,720.42,780.83,525.98
7201,480.65,566.67,679.81,749.62,509.45
7202,459.95,550.73,659.76,728.08,505.32
7203,450.4,549.97,657.75,714.05,494.44
7204,454.62,551.6,659.63,730.98,509.17
7205,481.35,585.55,715.95,759.63,536.45
7206,522.35,662.89,776.16,827.51,583.4
7207,581.0,728.2,847.5,896.53,639.62
7208,605.27,749.16,883.16,950.33,657.31
7209,617.82,784.33,888.99,976.66,660.12
7210,623.47,797.75,909.3,992.91,665.37
7211,626.58,813.37,922.57,995.13,673.92
7212,621.26,814.6,916.94,966.2,675.99
7213,627.51,797.55,904.99,959.27,670.44
7214,631.47,794.77,892.72,942.34,679.39
7215,638.84,798.9,914.28,957.04,678.17
7216,667.75,837.57,942.57,980.29,704.83
7217,694.36,886.65,978.17,1018.8,732.59
7218,726.85,912.35,1025.17,1055.85,779.18
7219,722.34,904.54,993.08,1040.32,769.67
7220,684.63,868.42,956.52,983.28,726.89
7221,648.8,822.4,903.19,914.59,686.24
7222,588.36,763.44,833.75,870.57,639.38
7223,544.73,687.68,768.34,805.0,575.97
7224,548.04,702.66,790.47,796.36,592.57
7225,525.36,657.24,761.34,765.53,569.33
7226,521.88,635.24,735.23,745.38,556.85
7227,519.22,614.56,733.56,728.33,550.28
7228,522.67,619.14,738.95,716.56,556.56
7229,550.58,656.55,772.75,760.53,588.33
7230,603.53,721.51,854.5,845.29,649.57
7231,649.68,795.66,926.19,921.59,709.06
7232,668.67,836.73,973.29,969.42,738.01
7233,684.12,849.31,999.8,989.68,764.89
7234,697.11,850.46,1017.39,1003.19,773.51
7235,689.68,870.11,1015.36,1010.57,779.0
7236,691.04,874.94,1017.99,1014.65,780.2
7237,690.71,874.23,1018.23,1010.31,777.79
7238,693.25,883.66,1029.51,1007.73,762.91
7239,692.63,886.15,1061.0,1016.67,759.76
7240,723.84,901.79,1102.92,1058.11,786.68
7241,747.53,943.48,1134.07,1099.85,829.05
7242,782.51,968.9,1170.68,1138.73,855.32
7243,792.8,951.04,1160.31,1133.84,854.03
7244,740.0,898.64,1091.06,1098.36,815.17
7245,696.57,839.13,1014.18,1014.3,757.93
7246,646.12,770.16,920.97,945.22,704.16
7247,594.24,708.23,838.84,866.56,646.54
7248,556.39,669.97,807.02,824.45,597.97
7249,528.07,645.6,767.39,782.2,570.87
7250,506.47,630.03,737.97,775.4,549.03
7251,501.94,622.05,714.75,755.59,548.89
7252,513.27,632.52,719.7,776.37,551.72
7253,536.81,665.55,779.24,821.82,579.29
7254,584.91,733.57,851.97,897.14,638.92
7255,635.97,793.22,925.84,984.01,690.43
7256,664.29,825.93,997.78,1027.3,714.67
7257,679.94,828.27,1022.18,1044.48,746.56
7258,687.43,846.01,1024.8,1037.56,753.25
7259,696.41,854.75,1032.41,1054.5,752.55
7260,686.49,858.03,1017.49,1053.04,762.94
7261,658.22,834.66,1018.92,1053.75,743.79
7262,666.72,824.4,1017.54,1056.43,746.73
7263,688.39,825.98,1010.5,1074.83,761.99
7264,697.49,829.21,1023.22,1106.16,784.65
7265,726.48,879.71,1061.96,1160.54,827.03
7266,758.32,918.27,1086.09,1182.95,837.58
7267,763.66,910.64,1082.04,1154.25,819.88
7268,738.42,882.19,1009.52,1115.33,799.78
7269,703.98,807.84,963.71,1037.36,754.85
7270,649.63,736.1,901.6,954.64,694.94
7271,598.64,683.65,804.48,887.25,639.98
7272,568.47,648.97,750.36,824.08,615.41
7273,538.18,616.4,716.76,763.05,569.56
7274,532.48,603.72,706.1,748.63,558.41
7275,529.41,596.44,707.05,737.53,543.06
7276,542.54,600.89,717.39,761.99,541.62
7277,567.92,628.48,757.49,809.0,561.26
7278,631.94,683.41,823.12,884.76,609.62
7279,680.0,745.74,905.27,972.92,653.56
7280,711.25,775.41,934.64,996.76,693.03
7281,702.43,800.07,951.39,1007.55,712.3
7282,701.14,792.31,954.25,1000.47,717.74
7283,715.42,800.55,968.12,1014.17,722.33
7284,712.1,797.13,989.42,1010.7,725.4
7285,707.55,783.46,987.8,1008.83,715.22
7286,694.15,781.68,975.87,1014.49,710.27
7287,715.81,805.55,1000.87,1016.7,727.7
7288,742.46,847.43,1043.6,1051.25,751.02
7289,777.25,864.06,1075.67,1105.45,783.59
7290,809.42,906.71,1106.62,1142.4,808.15
7291,805.74,881.52,1111.61,1123.52,816.65
7292,783.78,832.54,1056.12,1079.56,777.58
7293,735.11,771.76,985.76,1013.38,736.11
7294,665.58,701.56,922.99,931.65,662.89
7295,607.63,653.78,854.52,863.38,616.17
7296,582.58,628.82,819.67,819.81,592.19
7297,557.54,585.72,771.08,789.2,565.98
7298,540.02,576.28,767.24,760.58,559.56
7299,536.41,572.49,735.62,767.16,544.36
7300,543.77,577.51,748.53,779.36,545.51
7301,575.92,605.76,790.41,821.51,574.6
7302,620.91,665.49,861.02,901.05,633.11
7303,669.87,724.06,922.71,980.95,686.32
7304,703.56,746.36,960.84,1023.57,714.61
7305,715.58,761.32,989.0,1055.26,749.66
7306,725.62,771.72,988.67,1077.91,745.05
7307,749.66,782.2,1003.83,1074.56,749.07
7308,745.89,772.7,1008.51,1074.55,744.69
7309,739.98,774.05,994.39,1058.45,746.95
7310,734.25,762.38,986.21,1038.67,753.68
7311,735.28,765.06,1013.23,1045.67,757.66
7312,755.49,777.39,1030.65,1078.36,762.11
7313,776.8,796.65,1092.58,1130.41,794.1
7314,784.41,830.52,1120.43,1153.99,819.33
7315,792.3,818.04,1108.72,1143.5,811.85
7316,757.55,799.27,1061.74,1085.65,769.58
7317,719.73,748.31,1010.73,1034.32,718.5
7318,664.91,700.44,926.87,962.2,670.59
7319,610.06,636.03,857.35,887.75,617.25
7320,580.56,595.35,803.87,826.91,575.83
7321,556.73,571.87,777.68,795.29,545.73
7322,534.3,555.32,749.2,782.74,530.04
7323,534.88,543.21,748.9,776.48,533.06
7324,535.37,552.67,768.49,797.12,541.32
7325,564.83,592.42,796.77,831.14,564.32
7326,640.12,656.66,888.19,919.05,616.25
7327,697.75,722.53,958.15,1004.84,666.19
7328,739.65,776.54,988.7,1051.25,693.77
7329,749.54,799.49,995.33,1074.31,698.79
7330,760.55,802.31,994.89,1056.39,719.98
7331,766.5,811.87,1002.3,1074.07,728.19
7332,768.36,800.13,1012.43,1071.49,738.34
7333,751.66,789.87,1027.95,1042.39,731.58
7334,742.27,804.86,1029.28,1034.35,728.35
7335,751.46,817.51,1022.62,1044.0,733.58
7336,757.95,829.14,1061.99,1083.71,766.83
7337,785.06,860.69,1090.54,1139.62,777.02
7338,819.45,875.9,1136.91,1188.74,821.92
7339,806.19,894.42,1116.94,1178.88,801.86
7340,762.97,850.99,1059.68,1108.67,766.01
7341,705.24,785.37,976.29,1038.69,712.45
7342,652.48,739.12,912.21,949.09,677.9
7343,595.54,677.71,838.3,878.96,621.68
7344,524.51,585.7,736.09,784.15,535.57
7345,498.34,551.3,685.11,750.02,509.24
7346,497.19,530.24,663.01,721.28,494.25
7347,488.08,522.93,649.24,706.65,491.02
7348,483.04,529.69,668.99,714.26,497.66
7349,509.94,561.54,718.31,766.3,531.15
7350,561.69,611.76,799.79,831.71,580.97
7351,614.69,663.99,888.86,878.64,633.11
7352,628.41,696.71,938.43,927.62,661.94
7353,651.35,723.27,951.39,953.15,681.1
7354,658.3,749.22,961.31,974.17,701.3
7355,665.12,767.04,950.35,981.9,692.93
7356,652.98,755.16,957.52,973.76,695.45
7357,651.89,744.76,955.23,975.86,699.09
7358,652.46,750.81,939.75,973.08,687.77
7359,670.89,749.61,958.81,980.04,690.65
7360,687.25,759.24,982.98,1024.46,707.09
7361,709.19,779.59,1004.35,1038.59,739.33
7362,736.91,808.45,1039.21,1082.77,760.46
7363,723.42,795.83,1041.01,1089.41,762.05
7364,696.94,759.02,989.17,1031.58,752.04
7365,644.92,701.13,927.32,964.01,699.06
7366,595.21,651.64,860.29,863.4,648.6
7367,544.75,592.24,783.5,798.97,594.37
7368,515.19,549.9,735.23,759.54,563.68
7369,487.97,517.35,686.12,723.06,528.7
7370,471.76,497.56,672.25,690.22,514.33
7371,466.5,496.87,665.14,682.84,508.12
7372,470.54,510.55,689.34,695.52,526.44
7373,497.71,534.34,730.3,736.98,561.66
7374,547.06,584.0,801.78,808.77,626.31
7375,581.52,657.11,860.27,884.13,679.89
7376,607.75,693.41,874.46,911.39,717.51
7377,633.42,721.58,888.1,918.12,715.32
7378,643.85,734.25,893.43,929.63,721.71
7379,656.54,742.93,910.0,930.92,726.75
7380,661.5,745.44,911.91,926.97,721.19
7381,652.35,752.69,905.01,937.55,708.54
7382,642.75,772.07,919.9,934.13,699.24
7383,657.2,781.9,933.55,945.79,691.2
7384,686.22,804.35,966.19,971.44,719.08
7385,724.03,850.22,1014.45,1024.97,761.55
7386,754.25,886.61,1056.64,1053.74,795.87
7387,751.59,875.79,1046.06,1050.7,802.2
7388,718.77,830.02,1020.04,1007.93,767.46
7389,675.33,769.76,955.78,963.78,720.24
7390,622.96,722.27,887.35,902.23,657.69
7391,572.69,657.23,824.36,822.14,604.72
7392,574.7,661.26,833.05,829.08,625.23
7393,542.74,625.56,785.44,802.09,591.89
7394,532.83,600.18,770.01,775.48,566.33
7395,523.86,595.67,770.54,769.14,567.71
7396,515.72,602.93,795.13,783.87,562.69
7397,544.79,637.64,834.65,815.11,585.55
7398,583.51,712.56,933.38,890.16,646.78
7399,653.99,774.42,1012.54,967.55,702.8
7400,688.5,806.57,1050.18,1000.95,728.25
7401,708.9,814.98,1075.76,1044.14,742.62
7402,710.7,831.0,1081.3,1060.07,764.22
7403,708.63,842.28,1077.04,1066.57,777.01
7404,708.07,851.53,1069.07,1080.58,763.31
7405,702.75,857.17,1091.21,1089.16,757.24
7406,697.35,842.07,1094.18,1075.89,754.46
7407,707.02,864.09,1109.05,1068.1,766.85
7408,734.97,874.01,1123.27,1116.84,791.76
7409,776.02,902.14,1167.27,1146.78,821.48
7410,794.46,911.71,1203.36,1175.16,864.84
7411,768.1,920.58,1191.96,1172.45,835.68
7412,736.86,874.42,1146.0,1091.49,792.1
7413,686.2,823.97,1053.13,1006.44,738.21
7414,638.37,753.51,972.45,940.21,684.77
7415,598.03,703.47,900.15,853.43,626.39
7416,576.57,651.1,859.68,799.48,589.75
7417,550.5,618.67,788.99,764.18,563.66
7418,543.5,594.33,777.72,729.61,546.27
7419,546.37,584.59,762.02,724.46,531.5
7420,553.18,602.44,764.33,735.81,554.73
7421,583.32,635.9,817.38,785.66,577.11
7422,646.99,701.53,914.31,873.63,632.61
7423,704.24,771.57,989.95,958.41,701.68
7424,728.18,797.84,1028.61,1000.02,721.62
7425,735.38,801.02,1038.52,1006.44,734.27
7426,742.02,797.87,1040.8,1034.62,714.68
7427,743.25,801.14,1044.42,1050.26,730.85
7428,749.86,813.38,1020.59,1044.19,733.09
7429,739.18,805.56,1007.78,1015.65,722.22
7430,751.28,800.82,1025.96,1016.1,706.03
7431,768.0,809.56,1025.23,1032.48,698.4
7432,777.57,825.82,1048.29,1073.38,711.25
7433,823.0,874.04,1094.44,1120.98,759.67
7434,847.05,913.82,1130.1,1164.28,795.89
7435,851.66,897.07,1118.33,1158.04,804.93
7436,817.63,875.7,1075.14,1129.96,762.36
7437,763.49,807.33,1013.46,1044.2,708.43
7438,708.01,748.47,937.43,971.36,662.89
7439,642.84,682.62,863.2,894.21,607.87
7440,607.91,648.38,822.16,845.01,570.55
7441,579.59,622.67,793.08,809.66,537.29
7442,562.6,606.56,768.63,776.09,517.68
7443,556.54,599.89,746.7,757.43,504.3
7444,556.51,597.12,766.73,758.88,513.66
7445,588.69,617.1,796.35,802.19,541.58
7446,637.67,679.23,866.43,880.4,602.65
7447,700.01,744.06,950.37,972.39,663.89
7448,732.25,770.34,978.21,1000.59,699.86
7449,751.88,792.19,991.44,1028.72,709.1
7450,753.23,810.65,1009.78,1063.71,706.27
7451,785.75,801.23,1022.51,1074.84,707.37
7452,781.58,805.31,1037.93,1059.78,693.87
7453,773.39,816.33,1032.87,1045.95,699.14
7454,765.01,814.94,1016.0,1027.36,702.82
7455,783.24,822.03,1041.42,1043.8,729.93
7456,799.55,845.45,1080.41,1090.2,748.3
7457,844.26,889.65,1106.47,1148.46,785.14
7458,863.02,893.67,1137.1,1184.76,798.63
7459,856.82,891.47,1124.75,1170.08,782.95
7460,814.49,849.1,1099.47,1120.44,750.45
7461,769.26,801.58,1028.2,1046.65,698.95
7462,705.69,734.05,948.85,954.75,651.22
7463,638.83,671.89,878.22,874.63,599.45
7464,605.31,634.97,831.01,811.87,573.63
7465,567.22,611.43,786.36,780.24,553.95
7466,546.23,594.48,768.21,744.1,542.8
7467,543.72,589.18,759.66,736.67,537.35
7468,538.88,589.61,774.78,751.12,548.05
7469,572.57,620.27,810.95,801.97,575.85
7470,626.96,685.57,892.66,875.09,635.37
7471,676.9,765.09,980.6,966.4,711.29
7472,707.72,788.16,1006.79,978.79,733.56
7473,727.68,804.79,1009.86,998.43,731.97
7474,730.04,807.21,1039.45,1005.5,723.77
7475,736.06,820.57,1014.88,1030.82,744.64
7476,743.45,812.2,1025.06,1025.19,742.38
7477,742.86,812.36,1001.06,1017.97,728.36
7478,742.25,801.68,1008.14,1003.87,715.87
7479,742.71,825.88,1025.59,1011.97,721.16
7480,755.99,849.71,1042.64,1011.0,733.93
7481,786.47,886.18,1088.78,1071.58,776.26
7482,822.0,918.3,1123.66,1125.29,819.46
7483,820.97,912.65,1112.26,1118.77,802.94
7484,788.3,876.02,1069.27,1064.32,772.04
7485,750.07,829.6,1007.5,1005.51,721.59
7486,689.03,764.47,933.78,940.64,666.68
7487,628.01,694.0,854.91,881.59,624.17
7488,590.12,641.53,812.7,828.72,576.83
7489,573.67,606.44,785.8,793.83,546.79
7490,545.5,584.02,758.68,773.98,537.43
7491,540.24,583.33,766.05,767.32,534.12
7492,550.26,583.19,782.93,780.05,539.5
7493,579.52,610.72,822.9,816.47,573.6
7494,654.27,674.59,908.76,910.67,614.35
7495,721.96,749.77,990.99,998.65,676.81
7496,756.88,766.41,1001.67,1042.35,713.65
7497,762.68,781.21,1011.62,1053.66,724.22
7498,773.05,798.69,1006.6,1027.47,743.23
7499,775.89,791.12,1026.78,1040.28,747.38
7500,775.03,799.08,1036.77,1061.04,763.0
7501,768.1,771.14,1050.0,1047.03,751.83
7502,762.81,771.79,1064.83,1058.37,740.27
7503,774.7,771.56,1084.7,1062.79,766.22
7504,810.22,791.44,1127.14,1093.62,792.11
7505,855.7,834.3,1175.11,1124.77,837.02
7506,885.95,882.59,1217.14,1186.04,851.17
7507,857.7,867.21,1218.19,1164.35,836.78
7508,829.01,847.45,1183.67,1092.65,820.95
7509,783.83,810.08,1105.97,1007.34,768.88
7510,719.66,733.9,1012.86,916.92,684.35
7511,654.17,672.89,931.78,855.5,626.57
7512,577.35,593.1,824.63,750.08,545.69
7513,543.2,574.37,776.74,711.87,514.28
7514,533.07,563.94,741.15,692.62,508.19
7515,518.85,553.26,725.07,677.02,499.96
7516,519.76,557.03,737.08,688.62,521.53
7517,546.85,591.07,779.3,725.18,555.6
7518,591.35,643.75,857.69,817.93,608.67
7519,645.27,704.18,952.19,881.32,666.19
7520,676.37,733.5,968.31,919.42,694.65
7521,679.58,740.49,976.11,948.56,713.63
7522,694.0,768.26,989.67,982.93,715.68
7523,696.35,776.08,1013.07,994.32,728.67
7524,701.01,794.3,990.2,983.08,707.28
7525,696.03,794.36,1004.98,966.7,691.64
7526,692.43,801.37,1000.33,980.41,693.47
7527,695.17,800.75,1000.34,1003.68,712.5
7528,701.66,816.36,1017.3,1019.16,735.82
7529,729.61,853.15,1074.33,1078.17,746.52
7530,750.25,880.24,1145.67,1103.95,766.17
7531,759.88,858.67,1129.44,1082.82,751.28
7532,736.22,841.45,1098.43,1043.42,716.13
7533,678.94,806.94,1020.57,981.6,666.31
7534,632.82,746.43,946.53,891.65,604.97
7535,581.43,682.26,872.53,817.56,567.08
7536,546.78,637.48,821.08,773.96,531.13
7537,523.27,597.29,768.25,741.72,507.55
7538,514.68,583.1,744.42,725.31,499.1
7539,504.65,573.55,718.55,732.71,489.04
7540,509.95,583.48,723.38,732.06,499.85
7541,538.06,619.08,776.27,757.76,529.4
7542,585.46,695.13,855.91,822.05,581.29
7543,640.62,754.85,925.74,878.83,640.93
7544,667.2,785.14,952.4,914.49,669.9
7545,675.78,795.45,963.12,941.04,689.36
7546,676.57,803.33,947.84,945.69,702.93
7547,686.64,799.08,957.21,947.35,725.5
7548,694.49,811.27,950.44,966.56,730.19
7549,690.92,805.25,941.41,955.57,737.43
7550,684.56,790.7,945.21,955.91,745.71
7551,697.82,796.16,943.96,964.47,761.07
7552,719.7,827.89,990.12,993.0,777.83
7553,758.68,870.13,1033.3,1032.05,812.54
7554,796.09,892.02,1044.71,1070.25,832.95
7555,780.83,888.04,1049.58,1041.64,816.1
7556,745.64,849.92,1001.64,1012.28,758.92
7557,693.5,787.91,921.22,959.92,711.33
7558,633.53,727.5,857.76,884.66,667.86
7559,593.95,655.66,785.38,819.12,619.22
7560,608.95,658.91,801.91,819.28,618.6
7561,567.45,616.6,749.02,788.47,589.22
7562,555.66,606.91,725.22,762.92,569.36
7563,544.89,605.24,714.27,761.96,566.83
7564,559.45,608.99,717.07,764.9,579.17
7565,589.2,641.32,757.44,805.89,611.67
7566,646.59,716.27,840.06,884.11,662.12
7567,706.27,765.64,924.64,984.75,720.2
7568,738.57,795.86,975.79,1028.56,747.85
7569,753.17,815.92,996.02,1052.06,735.13
7570,758.28,828.18,999.99,1071.05,729.49
7571,764.15,830.21,1002.96,1070.7,739.99
7572,768.28,809.96,995.02,1080.03,736.16
7573,750.93,795.18,983.2,1053.65,730.96
7574,750.98,805.05,999.72,1054.18,735.8
7575,757.31,806.6,1002.79,1055.79,753.19
7576,775.01,831.72,1054.56,1087.86,784.01
7577,818.32,868.5,1098.01,1144.12,841.34
7578,835.27,909.15,1127.91,1169.23,878.62
7579,825.21,893.64,1114.66,1176.05,878.5
7580,782.36,857.96,1053.7,1120.86,856.56
7581,738.16,805.26,969.74,1041.56,809.55
7582,677.84,733.04,883.4,981.13,744.39
7583,621.84,673.98,822.0,889.33,681.95
7584,590.2,641.35,789.05,850.56,636.53
7585,551.65,612.4,731.85,806.55,605.59
7586,541.24,591.35,723.24,793.38,586.52
7587,530.24,578.99,714.27,767.24,577.4
7588,536.66,577.33,725.17,772.54,579.75
7589,565.18,599.75,772.87,819.75,603.96
7590,628.64,643.73,861.0,905.9,660.4
7591,692.42,707.12,951.3,981.84,719.97
7592,736.27,738.41,993.57,1013.99,756.54
7593,752.23,754.41,998.16,1021.13,772.06
7594,755.28,787.19,1021.02,1024.44,780.17
7595,758.23,795.63,1008.72,1048.32,793.59
7596,763.94,803.22,1016.69,1041.11,779.78
7597,769.98,782.93,997.74,1044.96,762.91
7598,772.03,780.0,978.8,1050.34,748.1
7599,773.68,782.03,995.27,1061.97,771.4
7600,797.75,807.06,1023.53,1071.11,797.9
7601,836.59,834.3,1058.69,1136.59,847.92
7602,865.89,858.04,1104.0,1195.14,889.76
7603,850.57,844.89,1087.72,1172.32,872.15
7604,790.26,812.52,1047.99,1099.13,828.47
7605,736.11,750.17,968.9,1019.0,776.54
7606,687.95,695.24,900.42,945.4,706.9
7607,631.86,642.21,831.87,867.51,644.7
7608,581.76,606.21,775.53,831.17,609.08
7609,554.32,586.18,752.14,792.38,572.63
7610,529.42,572.3,720.47,773.18,550.26
7611,536.06,566.67,717.22,759.6,544.13
7612,545.08,576.3,721.04,770.34,540.72
7613,566.48,613.66,754.82,816.12,575.69
7614,629.98,678.81,820.66,892.99,634.89
7615,681.89,740.74,896.32,971.73,681.72
7616,716.04,777.89,933.66,1018.31,731.58
7617,731.39,785.61,945.51,1052.17,726.37
7618,729.39,800.99,963.17,1069.36,721.39
7619,743.42,796.87,982.2,1076.54,711.45
7620,732.92,809.72,981.9,1083.1,721.5
7621,738.65,795.69,980.57,1057.29,729.02
7622,739.96,793.28,966.13,1062.46,733.34
7623,739.1,798.56,981.53,1077.52,745.54
7624,745.68,826.69,1014.07,1109.44,770.65
7625,797.39,845.4,1100.11,1155.87,800.55
7626,840.9,871.48,1127.47,1178.95,824.09
7627,822.22,871.81,1124.65,1176.1,810.82
7628,802.32,838.07,1069.83,1115.77,780.76
7629,752.85,773.98,1015.93,1042.25,731.57
7630,692.74,725.54,942.45,956.49,665.8
7631,633.93,679.7,871.16,883.07,609.28
7632,596.72,632.35,826.81,836.52,588.61
7633,577.03,598.28,770.41,789.95,562.9
7634,562.94,574.4,745.65,766.33,528.21
7635,543.91,562.89,734.78,762.64,524.23
7636,564.57,569.53,739.58,780.31,542.54
7637,599.72,615.73,773.79,815.55,568.34
7638,651.12,666.45,879.38,896.23,616.13
7639,707.2,743.9,950.38,978.25,680.83
7640,729.09,774.2,1001.41,1012.85,702.72
7641,744.3,785.8,1022.16,1037.13,717.18
7642,755.14,788.71,1030.76,1047.35,717.71
7643,764.54,802.25,1059.91,1032.73,728.22
7644,759.36,798.37,1059.21,1014.56,737.96
7645,745.46,788.61,1033.01,1004.29,725.12
7646,753.15,786.95,1034.96,1016.73,734.77
7647,759.74,795.11,1036.06,1028.77,743.66
7648,801.63,820.77,1087.54,1023.24,768.1
7649,830.79,856.08,1145.07,1078.69,787.76
7650,867.52,878.27,1183.68,1109.02,823.79
7651,859.7,877.98,1178.57,1099.33,803.11
7652,814.68,841.29,1139.17,1049.2,757.39
7653,774.03,788.15,1054.14,991.9,716.77
7654,714.03,709.89,970.86,905.07,649.39
7655,646.73,650.29,884.21,811.26,596.92
7656,607.89,606.7,837.27,765.85,566.6
7657,584.52,570.54,794.28,730.55,541.51
7658,561.31,553.75,785.74,717.41,528.35
7659,562.3,541.31,766.18,698.81,526.33
7660,573.52,536.4,784.93,723.21,531.76
7661,601.08,557.87,821.21,779.04,546.32
7662,670.29,623.72,892.16,840.24,615.18
7663,743.77,681.13,972.76,912.23,687.66
7664,777.7,704.18,1017.25,942.37,723.14
7665,792.5,720.75,1031.31,985.73,746.13
7666,813.78,711.76,1026.51,974.29,750.52
7667,831.63,736.01,1028.81,974.0,759.75
7668,820.31,749.18,1044.44,984.18,751.81
7669,807.89,742.77,1040.61,966.2,726.17
7670,803.51,748.0,1003.25,976.58,721.15
7671,805.43,750.7,1003.78,998.08,713.77
7672,813.32,769.69,1034.45,1006.5,731.42
7673,858.25,805.17,1081.55,1027.01,786.83
7674,887.88,830.59,1132.71,1072.92,812.08
7675,879.4,831.47,1126.6,1066.1,816.31
7676,852.32,785.7,1069.48,1019.23,792.74
7677,791.21,743.11,1000.26,963.17,738.82
7678,727.73,678.79,914.74,897.8,678.46
7679,667.06,624.69,853.4,818.07,616.06
7680,581.59,556.88,752.24,704.59,547.09
7681,551.58,542.36,710.75,682.98,520.31
7682,541.06,519.41,685.13,659.47,511.46
7683,532.85,517.51,674.45,651.11,504.36
7684,546.76,534.43,687.57,658.48,502.38
7685,569.51,562.86,728.7,698.71,520.38
7686,626.61,629.61,802.38,753.69,568.13
7687,671.69,679.87,894.07,818.82,622.96
7688,698.0,708.29,927.3,856.86,661.53
7689,705.74,742.06,961.92,867.89,672.86
7690,723.09,754.93,993.35,882.98,681.2
7691,735.16,769.31,1006.66,887.36,688.63
7692,738.07,766.29,992.44,906.95,685.29
7693,744.33,755.73,990.06,915.86,673.31
7694,753.83,762.41,975.96,908.65,684.1
7695,764.45,768.91,983.53,916.83,676.93
7696,778.09,804.67,1004.13,958.39,690.6
7697,799.54,832.65,1049.74,993.99,719.22
7698,826.12,851.69,1103.28,1019.6,760.27
7699,814.24,847.27,1088.34,1011.08,763.54
7700,772.04,795.26,1066.24,965.97,745.96
7701,719.7,749.34,996.71,890.07,693.48
7702,650.97,701.82,906.88,821.33,642.62
7703,606.14,654.94,832.31,755.73,579.67
7704,564.35,605.99,775.95,728.66,550.25
7705,532.65,572.74,738.21,696.62,527.78
7706,522.44,562.43,736.84,686.65,521.96
7707,506.03,551.11,740.94,672.94,513.93
7708,518.6,560.43,738.94,675.96,514.37
7709,551.83,577.63,767.76,704.64,557.54
7710,604.69,634.08,832.16,770.18,605.94
7711,651.55,696.15,905.91,832.65,671.45
7712,675.35,718.84,939.67,877.12,692.06
7713,674.73,736.81,962.0,885.24,690.0
7714,693.66,744.17,954.51,896.36,698.56
7715,701.45,748.06,962.53,918.96,698.67
7716,696.07,739.12,952.12,901.35,703.73
7717,682.95,730.24,930.21,883.66,691.9
7718,688.68,733.22,942.37,909.49,691.26
7719,708.37,738.12,945.26,932.14,692.39
7720,718.45,765.39,996.01,957.13,712.97
7721,747.79,805.46,1027.43,1016.66,754.56
7722,759.68,822.4,1070.17,1043.7,778.56
7723,760.92,815.81,1066.02,1027.23,772.49
7724,730.47,790.16,1039.96,994.53,729.79
7725,703.17,744.75,1001.89,923.53,686.27
7726,647.77,683.89,948.18,851.07,631.18
7727,590.43,616.02,876.8,781.34,577.3
7728,594.63,624.2,897.36,791.98,593.55
7729,571.69,595.31,860.34,749.79,563.5
7730,546.86,587.96,843.68,733.6,553.36
7731,545.07,579.27,820.11,731.81,543.66
7732,554.33,586.79,810.58,729.57,541.88
7733,580.46,619.85,841.95,783.08,577.89
7734,632.39,692.24,912.03,862.05,642.85
7735,699.29,762.5,1000.93,927.59,702.77
7736,744.51,810.22,1050.91,961.71,720.32
7737,755.25,819.46,1066.68,974.34,735.27
7738,767.1,835.16,1066.86,973.69,739.33
7739,789.39,843.1,1085.49,962.39,750.85
7740,782.88,854.99,1097.32,970.4,746.06
7741,772.41,839.38,1089.37,953.98,727.84
7742,761.25,843.72,1098.61,939.52,729.45
7743,767.29,855.54,1094.79,933.79,726.64
7744,788.7,868.61,1114.13,957.35,733.14
7745,821.66,906.69,1182.91,984.38,765.17
7746,844.06,934.28,1213.84,1027.94,790.59
7747,822.08,918.97,1221.78,1019.09,782.76
7748,775.17,870.2,1199.52,963.58,733.29
7749,719.1,800.41,1121.68,917.78,692.56
7750,670.25,741.06,1043.56,840.07,648.32
7751,611.5,678.59,956.06,781.16,601.27
7752,572.7,638.85,902.06,725.29,561.84
7753,550.65,606.23,853.02,693.83,524.65
7754,541.39,592.37,837.92,673.26,513.21
7755,530.49,579.48,826.59,672.33,507.29
7756,534.75,580.43,836.83,693.09,503.5
7757,568.76,613.77,859.65,720.23,524.53
7758,629.58,677.68,940.15,786.11,577.89
7759,681.18,743.45,1020.19,871.78,646.6
7760,713.06,777.49,1054.93,881.15,661.81
7761,728.38,781.12,1059.97,909.35,679.21
7762,746.48,777.85,1065.37,935.61,692.19
7763,746.85,779.06,1094.23,948.61,701.69
7764,755.68,796.97,1092.63,960.23,702.09
7765,752.81,794.63,1061.33,949.63,705.37
7766,744.45,783.89,1042.08,943.77,706.09
7767,761.77,800.84,1054.64,945.05,714.91
7768,792.31,830.76,1093.21,992.55,722.11
7769,816.77,864.17,1148.35,1034.44,761.79
7770,865.93,901.68,1197.58,1071.45,793.05
7771,846.88,894.88,1182.39,1070.59,771.52
7772,801.65,855.22,1140.69,1034.68,754.0
7773,748.35,802.72,1072.41,970.65,697.88
7774,697.01,749.73,968.08,897.23,651.13
7775,642.83,690.75,901.07,815.43,603.68
7776,606.04,635.87,856.73,782.25,584.21
7777,585.55,600.08,801.66,745.26,551.91
7778,572.73,593.76,781.91,741.24,540.72
7779,573.56,600.04,773.07,741.54,538.28
7780,598.44,599.15,774.64,752.63,555.46
7781,629.35,637.94,811.08,784.06,583.08
7782,670.98,688.55,903.57,866.03,643.02
7783,727.2,760.98,979.81,940.22,696.15
7784,747.48,789.05,1021.18,961.84,732.73
7785,762.84,814.08,1038.59,987.93,740.56
7786,770.77,825.88,1041.68,983.79,750.29
7787,766.95,824.53,1049.59,997.52,761.43
7788,756.87,813.92,1056.99,1000.15,767.59
7789,747.9,793.62,1049.08,981.35,768.58
7790,746.89,776.42,1039.21,988.28,774.99
7791,731.81,754.12,1061.46,1003.31,776.73
7792,763.74,767.62,1088.43,1044.88,808.82
7793,801.19,806.86,1121.46,1114.24,856.16
7794,831.13,834.32,1169.02,1150.5,881.03
7795,828.23,834.9,1177.04,1130.15,864.19
7796,783.67,796.03,1126.06,1108.13,810.74
7797,734.77,753.33,1068.55,1042.67,761.41
7798,687.4,700.04,995.48,963.91,703.6
7799,638.25,638.91,909.62,894.53,634.29
7800,605.87,593.35,866.4,817.28,599.37
7801,574.53,552.4,818.23,773.45,570.0
7802,554.6,544.78,799.77,757.4,561.9
7803,556.23,539.0,777.71,747.99,550.1
7804,567.04,535.13,787.78,769.15,563.43
7805,593.77,559.79,831.02,808.53,596.66
7806,636.64,615.46,925.29,877.06,653.41
7807,688.16,687.94,1006.79,964.7,710.34
7808,701.41,728.25,1046.19,988.98,742.58
7809,728.42,742.56,1096.92,1020.12,752.25
7810,738.61,757.86,1103.99,1028.27,759.7
7811,740.33,752.38,1116.94,1020.19,757.56
7812,739.35,749.98,1116.4,1016.55,772.11
7813,756.92,740.97,1082.39,1020.31,762.16
7814,768.06,730.45,1077.88,1008.9,763.34
7815,763.17,751.72,1097.98,1011.27,762.86
7816,784.35,771.74,1145.53,1041.55,778.36
7817,809.49,823.13,1196.16,1086.22,801.69
7818,822.11,837.22,1249.73,1114.84,831.73
7819,818.61,841.94,1219.63,1097.51,851.27
7820,807.68,814.89,1161.07,1039.42,809.96
7821,770.6,754.22,1092.43,979.65,769.88
7822,710.76,699.65,1001.34,920.72,709.23
7823,647.74,643.84,912.89,844.62,650.86
7824,612.61,611.59,853.07,805.09,609.33
7825,589.55,579.32,824.14,743.91,583.57
7826,564.22,558.91,803.09,736.42,568.58
7827,544.55,545.53,793.28,728.5,558.04
7828,564.89,555.2,810.35,740.45,566.34
7829,596.52,581.18,843.96,787.67,595.09
7830,668.35,640.6,936.82,874.21,646.81
7831,730.26,679.48,1003.39,947.56,695.78
7832,772.66,707.89,1038.67,989.36,728.61
7833,781.09,708.34,1069.83,1016.44,750.36
7834,792.01,720.01,1053.71,1029.38,761.08
7835,812.42,742.61,1043.75,1037.74,772.83
7836,819.68,748.03,1041.79,1025.99,771.88
7837,805.26,740.22,1044.21,1018.55,759.14
7838,811.28,750.69,1053.56,1005.96,753.4
7839,810.71,740.27,1072.46,994.37,761.44
7840,818.69,759.04,1092.73,1023.79,773.46
7841,860.79,807.95,1139.95,1072.53,811.1
7842,904.25,833.65,1179.99,1106.97,831.9
7843,902.87,809.27,1180.21,1109.28,824.68
7844,849.07,766.97,1131.07,1060.18,788.09
7845,801.37,725.98,1053.36,1005.9,744.68
7846,743.09,676.79,962.16,920.32,687.26
7847,675.24,623.17,886.1,843.47,614.83
7848,574.62,553.45,779.38,734.65,547.78
7849,552.7,528.46,734.37,683.58,532.55
7850,543.38,517.55,718.07,662.41,515.75
7851,538.39,518.07,705.93,647.29,504.33
7852,533.74,513.97,730.23,666.27,505.86
7853,551.58,560.75,759.21,696.18,526.41
7854,614.12,620.02,829.29,765.72,575.43
7855,675.94,694.78,904.95,837.67,630.67
7856,707.51,724.59,928.13,876.08,646.63
7857,718.74,749.53,935.73,893.02,665.14
7858,728.41,760.36,930.86,901.52,666.6
7859,729.99,770.16,932.88,913.35,662.0
7860,726.74,769.63,930.85,920.5,657.6
7861,712.0,759.16,949.55,897.38,652.24
7862,714.16,770.74,967.12,889.47,641.7
7863,717.38,783.87,960.47,870.0,650.43
7864,746.52,819.37,978.47,878.75,658.99
7865,787.67,840.95,1040.95,932.14,687.32
7866,807.31,850.58,1072.8,984.18,726.81
7867,817.47,846.96,1070.19,997.67,725.64
7868,770.64,824.07,1025.95,964.72,691.41
7869,724.93,759.85,979.19,906.8,649.37
7870,676.49,691.14,921.09,832.35,600.94
7871,627.8,625.65,853.43,757.52,551.19
7872,576.25,587.39,805.83,715.18,529.39
7873,554.17,565.43,767.71,692.18,506.25
7874,546.91,549.76,749.25,672.61,495.13
7875,547.59,543.85,738.86,664.31,489.19
7876,539.45,540.25,733.15,676.69,502.02
7877,562.64,555.85,765.72,710.29,525.7
7878,617.67,614.16,827.12,769.36,573.14
7879,669.79,673.1,903.58,830.88,625.72
7880,708.5,695.65,948.22,869.31,665.34
7881,716.08,712.2,974.48,875.91,679.06
7882,733.05,720.91,972.16,871.94,699.86
7883,743.96,733.93,992.74,875.28,701.98
7884,730.21,728.98,977.12,865.6,703.16
7885,714.18,722.36,972.26,874.64,691.44
7886,710.09,737.93,971.36,883.03,680.33
7887,717.94,737.37,979.59,891.6,679.37
7888,747.54,754.92,1018.4,910.34,691.46
7889,780.38,785.08,1078.94,972.2,720.82
7890,816.71,820.94,1107.3,1002.94,751.32
7891,793.94,805.05,1096.69,978.96,752.85
7892,731.66,758.05,1048.8,938.31,714.92
7893,683.59,704.14,988.78,879.88,645.68
7894,635.44,639.0,893.01,828.48,595.23
7895,580.32,588.62,804.82,760.37,548.84
7896,582.56,610.66,841.56,766.74,554.99
7897,558.43,586.01,807.67,737.67,526.97
7898,558.33,575.05,787.24,726.13,511.6
7899,550.67,570.64,776.0,716.86,516.2
7900,553.48,575.86,785.63,710.61,522.77
7901,577.22,594.89,816.32,756.06,553.51
7902,651.43,646.78,894.61,841.9,603.33
7903,710.51,714.49,975.14,920.27,667.42
7904,745.82,732.02,1009.49,958.91,706.58
7905,771.8,763.79,1022.38,955.39,706.25
7906,788.67,761.21,1026.01,972.25,708.47
7907,786.66,765.63,1074.6,977.19,732.09
7908,794.94,758.51,1084.72,976.39,730.25
7909,794.05,741.4,1058.95,962.15,724.1
7910,797.21,738.97,1053.25,947.73,724.82
7911,812.81,746.19,1066.55,947.63,749.2
7912,828.92,767.19,1089.56,987.5,766.68
7913,865.23,809.44,1148.8,1019.28,812.81
7914,889.08,841.76,1218.63,1048.73,853.87
7915,887.95,849.9,1174.44,1021.25,842.18
7916,841.42,809.84,1138.29,984.29,821.96
7917,790.45,750.91,1065.91,929.11,774.17
7918,718.69,688.04,967.12,876.34,719.65
7919,656.71,630.59,878.26,798.53,654.22
7920,616.66,603.21,804.72,749.2,616.4
7921,585.53,575.75,754.92,708.27,593.25
7922,571.23,558.99,753.15,691.38,573.95
7923,562.26,553.62,734.27,678.67,565.89
7924,568.11,553.43,726.16,683.13,584.05
7925,583.11,580.64,770.65,720.01,619.03
7926,650.87,634.64,865.11,792.34,675.48
7927,704.97,684.98,963.69,867.72,742.67
7928,732.72,720.95,986.88,890.67,765.16
7929,740.48,729.31,999.07,913.59,781.07
7930,757.96,732.53,1008.5,919.91,789.45
7931,757.41,731.29,1027.36,929.81,795.18
7932,763.01,736.74,1017.0,935.5,798.08
7933,767.15,721.95,1017.96,923.79,784.03
7934,782.36,743.96,1034.15,936.82,793.97
7935,800.28,743.29,1043.16,962.07,802.52
7936,828.02,775.19,1080.99,986.52,839.76
7937,853.14,818.53,1153.1,1020.25,875.87
7938,896.07,858.35,1190.36,1033.87,907.04
7939,899.03,853.54,1195.89,1031.52,878.66
7940,866.22,807.16,1137.18,980.89,848.2
7941,816.35,777.09,1065.2,920.16,790.02
7942,751.39,718.61,981.79,858.66,734.16
7943,682.17,649.55,895.88,786.85,670.34
7944,650.12,621.1,850.02,750.4,631.42
7945,625.52,590.35,811.19,695.47,595.15
7946,600.35,570.39,790.2,676.84,569.09
7947,596.99,567.46,781.28,678.27,566.22
7948,604.79,575.52,796.89,696.95,577.48
7949,641.04,610.17,827.23,716.58,602.07
7950,704.96,670.67,899.16,781.72,658.1
7951,776.03,740.28,980.51,857.9,733.4
7952,814.52,774.29,1029.62,901.46,765.26
7953,835.52,785.54,1038.9,899.37,768.11
7954,827.39,792.73,1056.92,906.76,773.19
7955,840.22,809.73,1061.45,913.74,768.33
7956,837.6,808.49,1058.54,930.03,771.71
7957,816.28,793.21,1055.93,919.48,760.24
7958,820.54,793.88,1056.26,919.85,777.85
7959,813.33,806.14,1060.88,943.66,797.15
7960,843.57,833.03,1098.89,981.13,829.98
7961,897.72,857.44,1152.24,1011.34,872.36
7962,921.55,875.95,1182.6,1051.13,893.41
7963,920.45,865.59,1137.77,1044.1,897.24
7964,882.06,836.3,1108.36,1017.74,847.65
7965,829.21,784.82,1030.9,967.97,800.33
7966,750.74,736.71,952.51,883.88,749.02
7967,690.48,686.09,876.61,826.78,676.52
7968,650.76,650.16,812.41,772.48,632.82
7969,622.5,618.28,781.15,748.61,592.51
7970,604.81,599.98,770.87,734.66,574.99
7971,602.5,585.06,755.93,718.03,564.33
7972,610.42,593.31,766.9,719.84,567.03
7973,645.31,615.57,829.15,757.0,606.89
7974,718.14,683.42,899.24,841.08,679.41
7975,781.9,730.18,967.99,902.7,745.39
7976,820.19,770.97,1007.46,932.85,764.46
7977,835.17,783.83,1025.66,971.17,796.1
7978,844.7,784.14,1024.19,990.34,795.55
7979,844.5,792.7,1036.24,1009.1,807.82
7980,848.56,793.58,1030.43,1015.53,802.89
7981,848.34,786.05,1037.17,1011.12,799.41
7982,843.93,773.84,1053.04,1005.19,787.63
7983,855.97,755.47,1085.11,1017.45,807.01
7984,880.96,787.94,1141.3,1028.86,827.56
7985,907.2,826.07,1189.82,1073.72,881.31
7986,939.91,864.04,1224.74,1117.84,899.28
7987,941.95,832.5,1234.48,1108.75,897.86
7988,892.62,794.27,1192.71,1065.46,865.16
7989,816.55,736.42,1126.01,992.87,802.42
7990,752.96,682.13,1022.8,926.84,722.22
7991,682.89,633.9,947.04,843.39,664.09
7992,656.88,589.03,899.19,812.16,621.82
7993,622.72,564.98,845.99,770.77,589.92
7994,605.04,555.05,828.09,754.68,578.03
7995,591.34,534.66,811.59,754.29,560.3
7996,599.6,542.6,823.09,764.58,566.68
7997,625.78,572.66,868.17,789.21,595.27
7998,680.11,629.2,946.98,865.99,651.94
7999,740.53,692.4,1032.36,939.17,691.46
8000,763.37,733.82,1066.62,964.44,736.25
8001,790.07,756.14,1093.29,980.63,743.47
8002,786.16,774.98,1102.62,979.77,747.48
8003,792.67,790.86,1141.48,988.47,765.68
8004,785.95,789.45,1132.23,974.69,753.55
8005,765.78,775.84,1115.62,972.06,744.57
8006,781.46,764.73,1094.23,966.82,744.82
8007,769.55,754.93,1086.1,990.4,745.5
8008,806.26,772.33,1110.96,999.36,763.86
8009,830.05,813.16,1168.57,1042.39,785.12
8010,861.4,842.19,1184.17,1072.71,827.98
8011,877.61,835.68,1159.44,1056.17,820.08
8012,818.35,808.88,1127.72,996.45,792.22
8013,754.36,766.69,1076.98,907.65,752.3
8014,707.81,705.49,990.91,851.63,712.76
8015,649.95,645.56,915.73,803.54,645.02
8016,566.99,555.21,792.74,701.97,547.24
8017,539.56,536.01,770.8,668.29,523.47
8018,520.13,521.52,751.22,660.43,513.46
8019,514.72,498.71,750.7,647.05,510.66
8020,531.52,506.62,759.95,658.51,526.74
8021,557.11,533.18,796.15,706.44,560.3
8022,614.1,593.16,857.29,775.65,612.89
8023,679.63,648.24,930.54,845.08,682.53
8024,723.98,680.31,1003.09,895.28,703.91
8025,732.45,690.07,1029.48,925.03,715.66
8026,741.37,705.13,1047.84,917.0,721.38
8027,742.88,702.94,1057.17,911.12,738.38
8028,736.79,702.77,1057.85,922.37,748.09
8029,726.02,698.82,1059.08,907.83,752.13
8030,720.57,697.01,1048.31,883.01,751.25
8031,712.98,712.38,1048.52,900.51,760.04
8032,717.01,737.02,1083.45,929.05,769.99
8033,745.63,774.22,1138.39,970.27,813.64
8034,775.66,804.09,1173.76,994.99,850.24
8035,782.37,801.93,1167.96,977.71,846.11
8036,744.8,772.43,1122.44,935.33,814.51
8037,697.31,715.0,1047.61,898.4,760.69
8038,649.51,659.41,966.04,829.33,699.77
8039,600.91,602.1,885.99,779.95,638.49
8040,566.74,564.63,833.55,734.83,607.9
8041,539.23,537.88,791.03,705.47,577.57
8042,537.54,524.42,772.63,685.94,558.75
8043,528.27,509.74,747.78,681.44,555.9
8044,532.22,515.6,754.58,679.99,567.29
8045,549.69,550.03,795.13,720.58,595.98
8046,608.51,610.1,877.27,779.68,652.98
8047,662.32,650.89,962.68,842.69,710.16
8048,706.25,674.04,994.84,872.41,734.15
8049,717.43,691.74,1023.92,874.81,751.51
8050,731.33,688.19,1043.17,876.2,771.26
8051,746.04,697.66,1051.13,878.66,792.81
8052,759.36,712.05,1037.36,883.4,786.8
8053,739.62,709.54,1021.66,881.81,782.89
8054,752.08,702.03,1017.72,887.62,786.82
8055,758.11,712.57,1039.37,875.39,794.6
8056,777.69,718.06,1063.28,901.93,816.78
8057,809.88,751.97,1117.88,950.34,852.35
8058,833.91,761.06,1146.58,970.4,867.33
8059,822.59,751.55,1154.53,961.61,851.45
8060,765.15,703.78,1095.48,917.65,794.4
8061,721.16,655.64,1020.52,886.38,738.88
8062,665.79,604.11,948.63,815.05,686.78
8063,603.06,563.06,869.68,743.28,628.92
8064,611.86,574.59,860.01,738.88,638.54
8065,598.24,560.82,816.82,686.48,605.75
8066,585.08,556.13,808.17,673.8,591.05
8067,574.34,549.84,775.83,660.07,590.68
8068,593.13,562.1,789.07,672.21,605.1
8069,617.81,585.01,813.47,707.4,637.26
8070,677.73,644.31,885.02,770.82,699.09
8071,734.04,699.42,942.58,829.96,758.49
8072,762.17,720.62,994.94,886.65,802.48
8073,783.72,745.3,1028.27,912.1,814.59
8074,796.09,747.46,1048.71,915.87,822.87
8075,796.3,758.99,1098.39,919.32,821.55
8076,794.67,756.94,1091.63,899.68,816.25
8077,787.44,759.09,1078.93,880.34,812.76
8078,783.35,763.62,1089.45,866.11,812.93
8079,790.44,756.91,1080.26,857.41,814.62
8080,806.29,782.98,1111.91,881.84,832.21
8081,836.91,846.85,1144.55,926.84,868.87
8082,867.81,883.98,1199.13,991.03,899.72
8083,850.4,886.86,1201.9,993.13,873.8
8084,818.42,852.61,1152.52,965.01,827.8
8085,765.24,811.38,1066.65,912.29,768.7
8086,698.77,741.81,959.99,829.43,706.55
8087,636.16,672.92,871.03,748.95,646.64
8088,597.85,629.13,831.5,705.94,609.94
8089,568.7,588.18,780.33,680.46,576.57
8090,555.95,566.22,761.06,676.72,563.95
8091,548.23,566.45,747.27,672.1,555.21
8092,550.75,569.21,771.47,690.25,569.71
8093,591.1,594.09,802.19,729.44,594.81
8094,658.02,663.63,896.25,809.39,664.08
8095,719.23,728.28,965.79,878.28,721.36
8096,757.95,753.67,1002.32,925.7,752.89
8097,776.0,762.34,1033.62,936.21,781.21
8098,781.09,767.84,1041.63,938.88,797.15
8099,789.39,776.17,1034.15,967.84,805.52
8100,813.6,785.95,1029.27,960.96,791.86
8101,813.45,781.43,1021.33,947.82,791.38
8102,821.18,772.69,1020.46,950.58,804.53
8103,823.47,778.43,1041.0,952.81,806.69
8104,851.0,788.02,1077.46,960.97,819.82
8105,910.79,819.97,1129.3,1002.63,851.96
8106,944.4,867.18,1179.13,1048.01,869.05
8107,943.79,846.23,1154.6,1039.12,870.21
8108,911.37,805.3,1099.42,991.68,832.4
8109,855.5,762.43,1006.28,935.64,774.33
8110,798.67,705.37,919.03,865.68,709.56
8111,729.53,644.03,837.83,801.15,645.57
8112,688.56,601.01,776.25,729.74,605.03
8113,647.49,566.48,741.86,705.05,569.74
8114,645.71,557.47,747.19,693.24,554.75
8115,635.77,549.85,754.86,681.48,546.3
8116,641.57,559.86,766.43,685.92,557.58
8117,681.61,594.36,815.82,726.03,576.26
8118,741.87,642.65,888.59,793.9,637.97
8119,805.17,687.16,977.79,854.74,685.86
8120,827.83,721.03,1014.47,904.31,715.98
8121,841.0,745.3,1041.69,921.74,724.81
8122,842.3,753.38,1043.92,935.93,741.32
8123,852.29,768.72,1067.74,952.11,760.97
8124,847.92,755.05,1081.79,946.3,768.28
8125,831.4,745.84,1088.62,909.58,778.3
8126,826.19,742.18,1082.88,910.94,782.23
8127,830.81,745.78,1083.71,929.29,795.89
8128,847.77,773.37,1128.78,954.37,810.53
8129,894.62,784.58,1185.12,1000.53,848.46
8130,931.0,809.97,1238.35,1017.79,890.79
8131,921.84,815.98,1248.79,1006.75,876.81
8132,867.9,778.91,1179.86,975.98,847.36
8133,815.7,720.96,1108.43,916.5,792.32
8134,740.1,669.6,1018.42,831.73,728.5
8135,678.24,604.62,929.44,772.75,674.72
8136,639.36,577.12,880.9,735.62,634.12
8137,603.32,545.28,843.67,696.86,602.53
8138,581.75,541.99,835.46,681.53,589.5
8139,569.27,538.15,833.33,675.89,587.06
8140,590.47,538.06,860.6,690.03,598.19
8141,618.94,566.67,906.71,723.76,608.98
8142,678.56,623.75,972.81,808.23,682.57
8143,747.67,686.84,1060.82,885.67,750.18
8144,781.45,704.36,1087.61,925.94,782.85
8145,805.31,728.07,1108.11,948.53,804.83
8146,800.56,727.92,1120.39,977.03,808.88
8147,797.45,719.91,1128.81,990.71,828.44
8148,827.24,720.39,1151.39,987.76,819.51
8149,816.99,708.82,1127.66,966.17,811.68
8150,812.58,711.95,1115.65,971.29,810.87
8151,820.33,735.52,1131.12,978.33,821.81
8152,851.61,757.2,1168.43,989.78,856.16
8153,877.66,810.89,1233.36,1042.34,880.84
8154,910.39,861.58,1275.17,1114.52,915.49
8155,900.72,874.26,1265.82,1120.99,915.49
8156,866.64,837.41,1219.05,1068.8,868.16
8157,811.51,795.31,1142.58,985.99,827.76
8158,742.67,743.25,1056.15,904.16,753.51
8159,672.53,688.81,958.73,814.81,711.18
8160,616.48,646.28,880.29,752.23,668.08
8161,593.35,622.03,833.85,708.45,631.07
8162,568.32,610.71,817.87,684.72,622.37
8163,558.62,602.35,796.36,695.11,622.37
8164,577.62,602.11,800.25,693.53,618.38
8165,605.06,636.33,855.45,749.0,643.52
8166,670.37,701.16,948.55,829.8,715.62
8167,729.4,750.49,1038.9,892.09,756.1
8168,765.83,769.75,1078.49,928.2,792.8
8169,781.05,794.78,1092.07,958.16,815.73
8170,783.78,798.6,1103.7,973.54,828.68
8171,803.52,811.96,1090.92,992.21,823.05
8172,800.39,807.19,1084.07,997.91,824.59
8173,780.13,785.94,1096.76,983.99,817.28
8174,777.25,778.66,1105.75,984.39,815.27
8175,789.9,764.4,1101.91,984.49,804.22
8176,802.27,791.75,1139.27,998.57,828.9
8177,847.93,814.73,1202.46,1037.95,860.29
8178,886.04,866.46,1236.68,1063.45,901.23
8179,899.36,850.3,1231.64,1059.38,899.15
8180,852.83,815.24,1158.34,1013.82,856.58
8181,803.64,753.97,1078.06,941.25,781.72
8182,726.4,683.3,987.23,864.23,698.85
8183,661.8,626.25,919.57,790.1,649.52
8184,581.31,544.17,804.69,688.19,582.04
8185,555.42,533.56,760.18,662.32,558.72
8186,540.63,518.38,734.97,652.24,549.8
8187,532.77,497.07,725.39,645.28,536.46
8188,535.95,504.71,750.7,651.59,531.05
8189,561.32,526.36,795.58,675.01,563.8
8190,619.83,576.7,873.08,747.72,613.15
8191,680.62,624.35,951.38,821.79,665.78
8192,714.02,644.26,1004.51,863.41,696.31
8193,736.12,645.29,1000.75,876.63,711.48
8194,752.45,656.33,974.0,890.96,729.1
8195,743.33,665.36,980.17,903.21,711.7
8196,738.5,667.22,971.45,906.75,722.42
8197,729.86,660.16,961.04,893.25,705.34
8198,724.38,676.13,966.95,907.26,719.93
8199,740.37,678.19,957.5,915.82,713.94
8200,767.9,695.22,999.34,946.26,724.96
8201,802.18,744.93,1046.66,999.57,756.93
8202,831.38,775.8,1067.01,1036.28,786.45
8203,835.37,764.94,1063.16,1033.39,792.72
8204,794.85,725.45,1014.09,992.83,739.0
8205,740.81,676.59,960.43,938.0,689.96
8206,689.62,623.16,867.59,862.93,643.78
8207,633.99,571.34,783.44,791.39,588.34
8208,606.64,549.1,763.92,742.61,557.58
8209,578.1,514.12,721.21,709.45,533.72
8210,566.58,502.73,707.31,674.97,515.37
8211,554.37,501.19,710.33,653.13,501.64
8212,554.77,512.89,735.93,663.21,504.3
8213,582.99,538.75,785.4,701.24,541.04
8214,621.46,587.76,856.19,763.53,592.86
8215,681.16,645.0,939.59,843.4,642.18
8216,717.26,678.11,985.6,873.19,684.12
8217,731.72,691.15,1020.71,885.99,708.13
8218,736.52,695.03,1040.84,888.14,723.04
8219,752.39,713.95,1040.44,890.2,728.07
8220,751.18,711.91,1026.76,879.49,732.6
8221,751.33,704.35,1034.36,863.3,738.0
8222,768.42,716.24,1017.92,885.06,740.68
8223,779.93,722.89,1034.43,889.86,757.59
8224,808.24,743.46,1072.12,923.83,784.79
8225,847.77,775.66,1104.52,975.54,825.86
8226,877.51,817.93,1139.17,1003.22,861.51
8227,869.66,809.49,1116.15,1006.66,843.24
8228,829.75,786.32,1086.91,971.59,809.75
8229,783.53,741.68,1005.42,906.97,754.71
8230,707.75,683.09,933.4,834.33,696.13
8231,644.63,631.29,852.05,751.81,655.36
8232,657.13,633.16,877.2,780.32,667.71
8233,617.78,614.47,839.14,739.93,632.69
8234,600.07,591.84,823.91,730.18,619.02
8235,586.59,584.93,813.53,730.04,604.22
8236,596.52,597.59,837.68,734.44,606.21
8237,632.96,629.53,874.05,777.4,626.23
8238,706.03,700.05,970.54,846.78,682.78
8239,772.42,773.45,1061.42,911.83,746.14
8240,796.2,792.47,1105.39,942.45,775.47
8241,812.56,802.86,1125.87,963.01,775.52
8242,823.78,813.24,1108.68,982.45,781.58
8243,842.5,820.2,1130.77,991.9,790.35
8244,820.6,815.81,1136.33,982.38,776.15
8245,814.58,809.63,1145.52,954.49,759.09
8246,796.72,799.93,1147.92,955.87,747.69
8247,810.26,800.84,1146.23,1006.43,761.28
8248,836.8,833.64,1188.26,1044.74,773.87
8249,879.58,873.5,1225.19,1089.45,825.57
8250,918.49,917.03,1255.24,1124.98,847.04
8251,912.65,884.1,1247.69,1126.03,835.52
8252,865.01,832.96,1173.98,1066.78,798.78
8253,811.8,767.35,1116.13,980.96,765.02
8254,757.35,709.73,1033.22,910.16,710.78
8255,691.13,661.98,940.58,836.67,652.64
8256,650.85,612.02,874.97,805.33,613.42
8257,609.65,581.11,844.26,762.56,594.68
8258,600.92,575.0,821.8,748.23,582.76
8259,588.64,559.63,831.5,737.5,579.06
8260,590.72,581.74,834.24,745.17,581.82
8261,618.08,602.97,874.74,782.76,605.5
8262,672.84,655.86,953.76,855.81,682.91
8263,731.78,699.91,1026.11,927.77,746.78
8264,773.31,734.03,1067.98,978.81,770.66
8265,795.21,733.55,1087.3,999.71,788.84
8266,814.82,742.2,1126.94,1001.02,780.1
8267,834.62,750.52,1132.09,1002.41,779.37
8268,824.42,745.7,1138.1,1005.17,775.27
8269,819.2,735.36,1127.02,988.34,767.33
8270,830.86,732.76,1110.0,985.66,775.06
8271,857.31,744.54,1113.68,996.55,780.96
8272,865.56,760.02,1170.41,1016.78,784.29
8273,889.53,788.65,1234.43,1051.21,816.03
8274,924.13,806.72,1289.69,1080.23,851.31
8275,910.8,812.55,1261.8,1086.45,846.85
8276,860.05,792.22,1225.8,1029.88,812.34
8277,807.68,747.4,1144.67,973.7,775.61
8278,737.39,676.52,1042.08,903.91,704.84
8279,657.54,620.87,945.22,830.75,645.67
8280,620.39,589.07,890.0,794.33,609.46
8281,591.19,567.6,848.44,767.86,572.29
8282,580.39,553.09,828.85,741.34,560.56
8283,578.82,540.62,829.6,741.61,555.55
8284,587.37,562.44,845.91,745.1,556.99
8285,616.21,591.98,874.91,780.78,594.05
8286,672.38,644.97,968.9,869.51,659.22
8287,719.68,707.3,1024.52,945.23,710.34
8288,746.48,746.9,1071.11,959.14,733.95
8289,771.02,758.13,1091.3,971.02,763.29
8290,784.71,770.11,1090.79,962.52,773.35
8291,810.85,779.1,1117.33,965.83,782.11
8292,808.55,776.55,1117.43,960.36,779.9
8293,784.01,765.69,1108.21,959.58,779.13
8294,791.44,768.08,1096.68,955.27,770.91
8295,808.14,747.89,1115.05,958.95,788.05
8296,819.78,769.18,1137.31,974.22,803.53
8297,842.15,793.81,1172.72,1026.76,832.08
8298,874.32,812.43,1210.57,1061.3,867.29
8299,874.34,811.0,1212.83,1042.07,835.99
8300,825.7,773.76,1153.42,998.89,798.58
8301,770.68,723.39,1105.32,952.01,770.01
8302,705.05,667.93,1015.64,863.41,715.6
8303,637.59,598.08,941.24,789.72,655.38
8304,593.27,553.07,893.95,750.65,614.08
8305,566.78,538.26,862.08,706.56,569.94
8306,551.13,519.19,833.87,684.69,566.55
8307,540.88,511.46,829.46,668.68,553.29
8308,532.42,523.6,850.92,682.1,554.68
8309,575.03,550.74,883.29,722.9,589.98
8310,627.21,606.83,962.15,802.9,653.49
8311,685.44,647.4,1026.8,887.66,724.76
8312,706.49,666.58,1064.59,913.93,768.79
8313,726.79,685.23,1073.46,946.54,765.18
8314,722.93,696.55,1098.93,933.69,762.83
8315,733.89,715.86,1087.26,951.34,776.06
8316,735.09,724.4,1073.57,943.34,784.85
8317,739.04,714.69,1040.96,920.49,775.88
8318,731.49,717.49,1024.17,932.4,782.14
8319,735.38,720.18,1046.66,948.82,775.36
8320,757.29,748.95,1067.37,963.04,813.21
8321,816.05,778.47,1113.44,1000.0,851.04
8322,832.22,813.06,1176.1,1037.95,900.17
8323,830.46,811.99,1180.42,1041.58,884.2
8324,790.22,791.55,1136.04,1021.75,825.38
8325,744.91,733.46,1070.46,947.88,769.97
8326,694.23,677.34,989.29,869.46,719.25
8327,638.13,610.42,931.88,790.54,660.5
8328,604.97,582.89,889.01,756.76,618.48
8329,578.27,553.75,850.87,717.7,589.47
8330,560.31,536.01,838.09,697.36,565.7
8331,552.43,522.75,838.09,681.1,553.84
8332,549.78,525.79,851.13,673.21,568.55
8333,577.75,552.78,894.86,708.66,591.06
8334,631.35,607.28,974.04,776.79,645.56
8335,688.71,676.29,1067.85,853.99,700.23
8336,725.98,703.55,1102.86,865.87,719.41
8337,745.67,719.07,1145.56,879.57,733.8
8338,758.72,709.16,1151.78,885.01,754.34
8339,777.32,712.61,1161.17,896.99,766.71
8340,756.46,733.09,1158.27,904.22,753.49
8341,754.75,743.03,1123.38,892.56,737.58
8342,755.96,723.26,1103.24,893.39,744.82
8343,763.8,746.49,1126.8,872.36,737.33
8344,775.07,766.59,1164.54,915.59,751.71
8345,818.66,790.27,1226.55,964.81,790.51
8346,861.19,826.08,1246.23,998.13,824.94
8347,865.07,827.88,1239.77,979.59,832.84
8348,827.08,799.63,1176.62,943.8,797.0
8349,780.6,753.12,1113.11,885.71,754.65
8350,727.7,707.61,1023.45,827.67,700.05
8351,679.95,646.78,932.52,753.78,645.35
8352,603.84,569.81,814.75,651.35,572.11
8353,574.15,557.78,779.62,634.3,534.62
8354,558.93,542.98,766.2,627.96,518.41
8355,551.54,525.2,741.15,617.9,520.71
8356,559.23,540.68,746.73,628.79,530.39
8357,584.31,568.91,776.06,657.88,568.13
8358,647.22,616.19,844.12,722.42,603.66
8359,699.34,684.87,928.45,772.98,661.4
8360,720.93,720.9,963.7,824.57,691.07
8361,737.59,732.32,951.53,837.61,694.27
8362,739.22,739.96,964.93,832.35,700.63
8363,743.8,730.0,983.44,846.67,713.01
8364,725.91,730.2,1018.5,849.43,700.59
8365,726.03,703.57,1007.56,840.25,687.91
8366,726.1,692.95,1008.33,855.44,685.34
8367,732.19,713.4,1053.42,845.7,693.22
8368,757.48,735.52,1092.54,874.92,720.01
8369,794.74,752.77,1137.54,915.14,757.82
8370,816.41,773.7,1189.55,947.08,803.35
8371,828.21,775.38,1175.89,949.18,794.98
8372,787.47,739.76,1118.62,902.07,777.54
8373,745.02,693.71,1031.83,844.5,735.15
8374,700.45,638.47,973.88,782.73,670.43
8375,635.78,576.24,896.94,726.81,605.36
8376,599.38,551.9,842.5,690.11,557.47
8377,564.06,513.89,787.92,652.45,533.64
8378,555.47,499.38,761.28,646.53,527.31
8379,545.25,484.89,721.9,635.44,525.05
8380,545.01,491.02,748.77,663.63,535.51
8381,581.84,517.79,778.33,695.86,571.87
8382,645.69,569.26,858.86,770.08,635.24
8383,696.23,623.85,943.28,840.24,686.2
8384,733.93,656.97,992.51,866.0,711.53
8385,748.87,654.49,1011.14,874.58,747.54
8386,777.48,662.91,1013.65,893.12,734.36
8387,797.01,681.47,1038.88,895.07,731.33
8388,789.27,696.18,1059.52,895.3,738.69
8389,776.79,697.5,1036.36,901.49,719.78
8390,767.06,685.98,1041.78,900.23,734.67
8391,773.69,686.94,1057.82,904.33,735.4
8392,794.46,715.08,1080.27,913.76,749.01
8393,836.3,759.62,1136.59,964.15,775.84
8394,864.69,782.44,1182.01,1022.08,819.16
8395,841.35,772.95,1159.02,1012.07,801.34
8396,796.21,746.08,1107.56,954.55,766.72
8397,756.48,707.68,1034.09,907.95,711.18
8398,705.32,648.59,949.74,840.25,653.84
8399,643.25,586.32,875.17,764.53,614.55
8400,650.05,581.33,894.95,780.18,622.5
8401,615.95,548.78,867.31,758.74,591.35
8402,599.22,524.81,823.25,729.2,572.21
8403,579.34,513.97,802.57,698.38,552.95
8404,592.56,529.88,809.54,693.32,547.53
8405,618.41,561.72,854.68,733.72,574.56
8406,680.85,614.88,951.35,810.48,639.9
8407,720.99,680.38,1012.99,854.47,695.27
8408,753.56,696.75,1056.98,876.48,727.32
8409,780.91,716.42,1052.07,891.28,740.77
8410,768.26,719.36,1082.32,876.34,750.53
8411,790.27,731.49,1095.59,896.81,760.98
8412,794.61,743.28,1089.59,900.25,758.99
8413,780.22,726.22,1067.81,885.43,735.9
8414,766.17,732.8,1061.26,870.42,736.43
8415,785.03,739.33,1072.75,875.95,738.71
8416,810.44,758.79,1104.54,898.06,755.91
8417,854.29,778.86,1145.02,946.94,784.5
8418,881.95,807.24,1182.93,973.63,825.12
8419,866.39,800.61,1192.48,977.94,838.01
8420,837.48,767.85,1157.43,941.84,781.64
8421,775.59,718.37,1077.68,866.3,734.28
8422,723.19,654.41,982.81,799.48,694.17
8423,649.6,611.91,893.17,736.76,629.04
8424,606.7,575.39,861.33,702.24,600.91
8425,568.06,556.02,834.87,672.8,574.97
8426,563.45,539.96,804.04,642.05,550.91
8427,545.32,527.76,792.82,626.87,536.7
8428,546.34,543.71,813.08,642.59,532.73
8429,581.41,580.61,855.13,663.84,574.23
8430,642.84,635.28,939.31,739.94,631.17
8431,721.14,694.28,1004.24,813.47,709.2
8432,767.78,727.14,1049.43,842.9,748.48
8433,788.31,728.9,1084.72,867.83,785.95
8434,801.66,731.73,1091.62,880.02,791.31
8435,791.99,720.7,1087.73,898.88,804.95
8436,783.98,730.74,1095.38,903.7,790.85
8437,773.88,707.14,1095.84,902.64,777.66
8438,772.8,707.0,1087.43,892.84,783.03
8439,768.39,703.4,1077.33,895.1,792.5
8440,783.06,725.01,1112.78,930.78,818.31
8441,813.02,758.73,1149.77,972.84,844.08
8442,854.88,782.98,1205.33,997.09,887.81
8443,853.2,783.63,1203.63,994.06,889.03
8444,813.98,748.26,1148.23,944.0,870.31
8445,760.81,710.27,1078.32,900.98,822.68
8446,705.21,658.74,980.5,826.95,753.06
8447,641.35,595.86,894.4,763.27,669.74
8448,604.05,560.04,827.57,717.04,613.83
8449,563.83,534.33,800.44,690.69,575.49
8450,555.31,527.15,770.4,670.2,558.54
8451,555.48,529.1,753.71,666.4,558.65
8452,566.11,535.21,752.72,678.43,563.17
8453,599.93,566.03,794.88,714.04,593.5
8454,663.26,622.87,891.97,782.93,650.41
8455,741.09,682.53,979.75,841.14,705.14
8456,773.25,702.44,1020.79,870.51,734.52
8457,776.34,711.6,1046.52,880.06,731.09
8458,774.54,726.76,1081.57,884.61,736.16
8459,789.06,745.88,1082.66,900.42,745.02
8460,798.93,748.44,1078.71,928.09,744.23
8461,797.87,738.75,1065.88,932.54,745.66
8462,804.78,743.09,1075.01,931.13,764.04
8463,813.28,744.2,1080.5,952.17,770.46
8464,821.72,781.74,1111.24,994.97,801.15
8465,852.82,804.3,1167.77,1038.25,844.57
8466,864.92,835.64,1223.45,1071.39,872.58
8467,854.49,840.22,1231.04,1052.16,867.88
8468,805.23,799.59,1166.69,1007.6,819.95
8469,756.39,740.09,1084.1,945.46,769.27
8470,697.52,678.29,993.63,872.19,713.9
8471,625.12,623.04,914.9,791.52,661.82
8472,596.65,594.71,862.34,735.23,614.21
8473,574.09,565.31,825.59,695.67,578.96
8474,551.09,553.7,811.95,674.73,577.65
8475,546.16,550.96,788.05,666.02,579.04
8476,559.51,559.8,804.01,674.71,581.91
8477,587.94,592.88,842.12,700.88,623.5
8478,654.52,655.3,931.07,761.25,686.13
8479,716.47,719.33,1014.81,825.96,754.32
8480,756.51,740.98,1052.87,880.83,779.7
8481,773.56,749.57,1081.2,887.41,783.17
8482,779.81,749.97,1105.79,898.09,788.8
8483,792.27,774.12,1109.41,906.19,792.87
8484,799.4,771.38,1114.5,903.93,798.08
8485,793.59,759.26,1118.72,874.37,774.56
8486,789.05,768.95,1110.3,861.37,785.85
8487,789.23,779.78,1130.51,850.35,783.6
8488,808.59,797.5,1170.8,877.64,793.59
8489,841.02,844.33,1205.07,955.46,833.39
8490,873.72,863.77,1230.38,988.31,875.21
8491,868.34,844.36,1211.38,972.63,855.19
8492,830.07,799.16,1151.21,953.13,798.52
8493,777.53,760.05,1096.5,886.56,752.19
8494,718.84,700.28,997.91,821.36,696.74
8495,670.46,649.55,928.73,741.1,635.39
8496,640.64,602.7,865.69,685.2,602.53
8497,604.63,560.75,809.37,653.16,570.44
8498,591.4,548.27,784.24,639.34,557.57
8499,580.8,539.1,765.8,648.78,540.93
8500,587.37,533.89,775.12,670.05,548.17
8501,616.07,564.34,819.63,707.07,574.36
8502,672.41,636.99,889.24,772.84,640.3
8503,721.85,696.84,967.36,854.92,700.96
8504,730.64,713.88,1022.96,886.22,726.31
8505,748.57,722.43,1035.95,889.83,724.69
8506,768.02,723.25,1074.04,913.55,738.92
8507,767.93,713.61,1083.05,896.82,742.66
8508,773.7,706.29,1071.09,918.94,752.16
8509,763.59,691.84,1085.45,917.8,741.46
8510,767.1,690.23,1072.3,920.52,727.05
8511,767.94,695.04,1093.07,936.22,721.69
8512,789.06,719.07,1140.26,958.56,755.2
8513,826.1,760.04,1211.16,1011.6,792.86
8514,832.55,793.87,1250.08,1062.92,837.45
8515,829.98,789.24,1217.03,1047.36,824.62
8516,794.65,748.32,1175.79,1007.35,792.53
8517,723.44,703.83,1100.48,953.53,759.19
8518,675.42,652.69,996.88,886.45,704.96
8519,620.4,624.78,916.3,808.99,653.29
8520,547.33,545.0,795.24,710.12,573.04
8521,524.48,520.66,759.61,659.75,538.73
8522,509.73,511.69,738.62,644.86,530.2
8523,497.74,509.45,736.73,636.94,527.81
8524,503.22,503.56,749.92,634.44,538.16
8525,528.67,529.01,780.76,660.99,557.92
8526,599.63,571.83,869.26,712.53,618.75
8527,669.91,631.59,958.32,780.34,658.58
8528,694.24,646.28,1025.22,827.78,691.82
8529,705.26,644.53,1050.92,854.9,702.67
8530,715.68,645.02,1061.1,845.7,727.02
8531,728.06,669.02,1075.99,854.6,742.08
8532,722.44,678.46,1071.61,855.96,757.75
8533,707.59,681.3,1067.24,836.05,766.52
8534,724.99,676.68,1063.04,845.55,763.25
8535,741.19,686.8,1087.64,842.7,779.33
8536,748.5,698.93,1113.66,848.4,798.0
8537,767.53,730.67,1148.35,891.85,844.35
8538,788.22,768.21,1179.44,905.64,869.2
8539,785.03,772.03,1194.97,877.61,861.68
8540,757.14,737.42,1155.79,860.4,819.81
8541,706.95,683.26,1065.6,807.06,757.32
8542,640.29,626.73,980.84,744.29,702.68
8543,589.32,563.0,895.0,687.2,640.65
8544,561.04,519.92,865.3,652.95,617.59
8545,534.52,493.31,823.11,634.15,588.3
8546,518.48,484.64,800.71,615.01,570.63
8547,516.11,486.59,790.98,595.65,565.03
8548,523.31,504.16,784.5,594.63,570.82
8549,544.12,530.5,822.89,628.13,593.0
8550,600.34,588.79,899.93,697.43,658.39
8551,645.76,627.74,976.59,765.24,703.22
8552,682.29,659.25,998.7,808.7,724.25
8553,701.08,693.19,1025.71,807.29,744.04
8554,700.4,705.31,1042.85,821.66,746.89
8555,710.36,724.36,1048.8,834.61,755.79
8556,722.31,730.13,1054.75,834.07,755.94
8557,697.63,728.9,1054.24,835.55,747.25
8558,697.89,736.81,1061.74,837.98,749.37
8559,720.32,732.04,1068.7,857.25,744.31
8560,728.02,747.71,1072.61,871.18,748.06
8561,761.89,793.97,1095.89,918.15,785.05
8562,776.85,813.95,1135.32,927.18,806.22
8563,771.56,817.11,1112.66,910.8,791.55
8564,717.98,773.12,1071.8,875.0,761.91
8565,661.13,720.23,989.67,821.76,713.18
8566,608.55,657.21,914.64,781.24,644.31
8567,561.13,607.96,850.73,735.53,594.85
8568,574.49,616.95,863.04,749.48,624.52
8569,551.71,571.2,803.9,722.2,587.18
8570,547.34,548.5,775.72,699.45,574.15
8571,546.28,534.0,774.95,691.54,575.91
8572,559.75,544.99,785.06,709.7,580.8
8573,583.1,576.45,806.29,763.91,605.71
8574,641.5,620.08,894.04,833.81,668.86
8575,728.66,681.75,965.95,903.12,746.35
8576,779.35,721.03,1023.79,934.99,764.98
8577,801.48,736.77,1056.77,963.62,794.27
8578,814.8,749.41,1085.38,968.46,793.23
8579,830.27,790.43,1097.62,973.57,811.05
8580,824.46,788.28,1096.03,954.55,808.29
8581,832.92,775.4,1069.52,939.74,795.0
8582,826.89,778.67,1055.0,939.05,791.96
8583,831.88,783.81,1073.13,952.28,801.33
8584,874.63,794.23,1101.58,980.59,840.97
8585,891.28,827.16,1154.59,1001.47,877.8
8586,924.76,844.1,1204.03,1039.28,919.26
8587,896.78,853.6,1165.38,1031.87,904.45
8588,850.18,804.19,1112.66,999.78,863.97
8589,794.52,768.72,1056.98,930.83,819.2
8590,729.21,702.41,991.73,840.07,746.32
8591,668.8,631.98,918.78,747.16,677.74
8592,624.67,592.93,895.0,707.76,641.35
8593,593.38,575.19,847.28,666.9,611.24
8594,569.98,560.88,822.8,645.19,599.58
8595,560.22,563.52,808.0,638.36,602.81
8596,558.65,575.64,816.87,642.11,608.85
8597,593.77,606.96,856.13,671.46,640.92
8598,643.62,661.29,931.43,740.75,707.47
8599,709.5,727.31,1005.95,815.07,766.53
8600,736.35,757.17,1048.49,851.09,791.39
8601,749.46,766.08,1060.32,868.34,806.18
8602,769.07,771.4,1070.89,887.94,817.4
8603,778.23,783.95,1086.12,903.82,840.6
8604,760.99,785.36,1085.95,894.24,827.78
8605,759.76,787.59,1076.89,886.51,801.76
8606,733.85,805.85,1089.43,892.67,804.47
8607,745.93,816.71,1080.02,889.93,797.31
8608,765.83,844.75,1108.15,935.95,824.35
8609,789.87,887.88,1154.43,975.13,872.9
8610,822.06,921.38,1223.62,1009.07,891.16
8611,814.69,908.39,1222.42,1013.53,880.45
8612,802.08,859.48,1179.26,965.35,854.33
8613,748.51,797.86,1105.79,914.44,792.43
8614,708.67,725.96,1016.52,840.98,721.3
8615,660.5,668.63,935.59,775.3,657.48
8616,618.36,618.64,862.52,721.45,609.37
8617,582.64,586.64,832.45,677.29,574.75
8618,577.31,564.94,795.3,659.4,557.33
8619,568.8,551.58,779.28,647.3,549.89
8620,577.55,563.22,800.27,653.35,553.88
8621,606.1,593.51,833.13,681.96,566.09
8622,657.13,659.44,922.34,746.26,619.64
8623,714.25,710.82,1012.34,823.51,687.52
8624,736.08,735.03,1041.56,853.3,715.15
8625,737.81,750.3,1077.1,873.67,745.91
8626,744.17,763.31,1063.82,903.33,746.76
8627,770.25,774.98,1076.9,910.42,765.9
8628,786.57,786.13,1067.72,924.15,784.59
8629,778.61,765.72,1055.71,914.11,762.1
8630,780.1,763.3,1060.98,904.18,764.47
8631,792.67,763.89,1066.85,900.29,794.49
8632,828.68,801.15,1131.07,920.99,799.66
8633,869.84,822.37,1202.45,982.48,837.98
8634,894.89,842.02,1273.4,1031.49,876.75
8635,882.41,845.12,1274.57,1026.84,874.56
8636,855.02,798.92,1216.75,969.97,834.94
8637,824.19,731.84,1134.91,913.37,783.02
8638,752.84,687.43,1055.56,858.35,707.4
8639,671.74,635.57,948.62,781.34,655.31
8640,639.05,594.14,882.62,735.9,624.34
8641,606.6,558.48,825.81,692.93,587.9
8642,591.35,543.03,812.12,661.75,581.2
8643,591.39,531.15,792.6,634.03,574.67
8644,598.68,534.27,807.02,648.01,592.79
8645,619.4,568.37,849.08,686.43,626.32
8646,664.94,619.54,927.56,750.55,694.09
8647,725.2,674.71,1010.33,811.58,751.71
8648,745.08,697.57,1056.72,844.68,797.91
8649,763.48,719.49,1088.26,876.35,833.2
8650,759.58,726.08,1107.19,922.14,836.65
8651,764.8,744.16,1095.02,934.35,838.33
8652,752.11,733.1,1092.25,932.67,832.51
8653,743.38,721.14,1102.44,936.67,829.32
8654,741.17,719.82,1129.15,952.13,826.05
8655,756.16,728.74,1147.74,943.99,832.12
8656,792.93,746.66,1194.34,960.22,852.51
8657,829.19,802.96,1260.26,1019.74,895.39
8658,850.82,826.02,1283.27,1036.23,929.79
8659,865.65,815.68,1255.78,1031.12,904.22
8660,832.11,767.92,1198.05,977.36,849.59
8661,785.15,716.51,1114.47,900.7,781.01
8662,729.39,680.17,1031.69,842.77,724.64
8663,679.26,625.27,938.07,773.21,659.57
8664,647.32,582.56,863.94,727.83,628.97
8665,619.49,561.22,812.02,700.83,592.69
8666,607.7,544.57,779.9,674.42,575.4
8667,592.36,541.17,795.06,671.54,567.59
8668,594.94,540.51,815.85,672.47,568.84
8669,624.61,565.12,857.14,695.74,584.18
8670,686.97,633.46,935.09,766.45,635.63
8671,748.67,691.62,1033.42,851.44,696.5
8672,781.77,722.31,1071.66,893.12,730.03
8673,796.62,740.67,1066.02,905.68,734.29
8674,799.39,756.08,1062.0,907.69,752.73
8675,790.9,757.28,1071.73,907.52,754.72
8676,798.93,747.23,1068.52,911.61,735.6
8677,796.46,738.82,1052.73,914.38,725.89
8678,787.55,747.33,1036.43,901.32,738.11
8679,799.78,750.92,1042.3,914.46,757.5
8680,826.33,782.39,1085.32,948.48,783.25
8681,865.09,802.39,1141.32,1007.05,823.26
8682,875.79,824.42,1196.85,1048.18,859.17
8683,855.89,807.35,1172.21,1040.87,844.83
8684,813.57,754.09,1119.74,1000.09,803.59
8685,778.18,726.9,1043.13,929.64,748.96
8686,710.54,670.3,967.19,853.58,682.51
8687,648.53,630.25,901.59,782.59,635.69
8688,561.59,555.39,786.93,661.12,550.62
8689,531.84,521.11,750.3,631.24,537.71
8690,521.45,516.03,717.2,612.43,517.29
8691,502.15,512.75,714.19,617.22,520.51
8692,491.92,531.62,724.36,617.54,540.78
8693,524.78,563.61,768.6,644.96,567.83
8694,579.84,617.07,848.9,701.92,621.07
8695,629.98,675.43,936.25,771.61,675.87
8696,667.12,700.18,983.35,820.1,704.62
8697,691.03,703.79,989.85,833.42,717.24
8698,680.96,706.5,1001.44,835.08,720.48
8699,688.55,721.49,1015.43,844.87,718.04
8700,700.82,711.77,1031.37,862.03,717.6
8701,689.98,712.62,1008.7,850.41,712.39
8702,689.21,722.33,1009.66,838.13,719.03
8703,706.42,729.06,1021.76,842.75,731.12
8704,725.92,745.34,1049.31,875.17,745.02
8705,750.07,786.05,1086.08,943.7,782.95
8706,772.31,807.39,1109.82,979.97,827.56
8707,755.08,806.51,1115.53,964.7,835.33
8708,730.32,775.18,1062.09,918.0,808.91
8709,670.96,723.46,980.15,856.58,772.73
8710,629.69,661.93,899.77,785.51,724.33
8711,566.42,598.37,809.2,725.95,670.23
8712,536.79,561.96,758.42,681.7,633.78
8713,502.94,526.79,719.65,647.5,589.23
8714,490.42,512.27,699.28,635.25,577.93
8715,492.91,506.5,683.34,616.45,560.92
8716,508.74,510.91,695.15,616.2,576.03
8717,546.02,540.79,729.34,644.86,602.88
8718,601.11,601.72,802.78,707.46,669.78
8719,657.87,645.38,874.01,781.56,726.82
8720,688.45,671.75,906.79,811.13,758.69
8721,708.63,677.78,933.01,824.18,762.82
8722,712.78,678.88,950.88,813.08,757.04
8723,730.37,683.81,963.49,819.38,763.23
8724,733.6,693.22,952.0,828.98,774.66
8725,736.81,696.5,955.24,821.88,770.55
8726,740.68,690.95,935.06,836.04,766.24
8727,753.37,697.08,965.43,834.58,767.6
8728,767.58,715.13,1000.85,874.9,790.36
8729,798.99,746.37,1065.98,920.6,825.86
8730,814.44,788.62,1124.3,968.26,853.31
8731,804.89,789.81,1081.87,963.73,839.06
8732,768.73,737.99,1028.6,938.57,786.03
8733,727.69,694.31,976.42,886.84,724.0
8734,661.05,645.38,915.99,823.56,671.57
8735,630.03,582.36,824.04,748.08,620.01
8736,637.2,600.55,829.81,752.18,621.32
8737,614.58,576.57,801.27,718.98,594.89
8738,605.13,571.99,777.35,682.17,575.56
8739,578.5,554.67,769.91,676.69,564.03
8740,584.04,559.22,781.49,689.88,569.17
8741,625.39,582.65,833.52,734.61,591.18
8742,667.44,634.98,924.87,803.19,644.57
8743,735.11,686.78,1017.3,865.78,695.25
8744,757.14,703.74,1063.81,895.72,722.23
8745,768.17,719.16,1082.41,926.67,727.94
8746,778.31,712.97,1114.44,944.43,725.86
8747,768.35,730.32,1115.37,967.04,729.06
8748,771.45,737.71,1094.66,968.31,730.96
8749,758.96,710.32,1067.05,960.1,719.31
8750,753.17,704.29,1085.11,947.49,726.18
8751,768.82,715.26,1078.46,955.86,723.28
8752,826.79,761.55,1122.36,970.79,745.7
8753,868.39,793.95,1153.69,1009.77,773.77
8754,904.55,837.13,1199.99,1028.7,797.75
8755,895.21,851.16,1192.11,1012.06,789.96
8756,848.07,814.04,1132.81,987.01,748.34
8757,796.11,750.45,1063.14,921.95,694.47
8758,747.05,681.35,1004.39,841.41,639.92
8759,684.6,610.51,930.57,771.9,590.37
